solid OpenSCAD_Model
  facet normal 0 0 -1
    outer loop
      vertex 87.665 25.9805 0
      vertex 87.7151 25.9805 0
      vertex 87.6881 25.4318 0
    endloop
  endfacet
  facet normal 0 0 -1
    outer loop
      vertex 87.7151 25.9805 0
      vertex 87.665 25.9805 0
      vertex 87.6881 26.5293 0
    endloop
  endfacet
  facet normal 0 0 -1
    outer loop
      vertex 87.6881 25.4318 0
      vertex 87.6383 25.4368 0
      vertex 87.665 25.9805 0
    endloop
  endfacet
  facet normal 0 0 -1
    outer loop
      vertex 87.6075 24.8882 0
      vertex 87.6383 25.4368 0
      vertex 87.6881 25.4318 0
    endloop
  endfacet
  facet normal 0 0 -1
    outer loop
      vertex 87.6075 24.8882 0
      vertex 87.5584 24.898 0
      vertex 87.6383 25.4368 0
    endloop
  endfacet
  facet normal 0 0 -1
    outer loop
      vertex 87.474 24.3553 0
      vertex 87.5584 24.898 0
      vertex 87.6075 24.8882 0
    endloop
  endfacet
  facet normal 0 0 -1
    outer loop
      vertex 87.474 24.3553 0
      vertex 87.4261 24.37 0
      vertex 87.5584 24.898 0
    endloop
  endfacet
  facet normal 0 0 -1
    outer loop
      vertex 87.2889 23.838 0
      vertex 87.4261 24.37 0
      vertex 87.474 24.3553 0
    endloop
  endfacet
  facet normal 0 0 -1
    outer loop
      vertex 87.2889 23.838 0
      vertex 87.2426 23.8572 0
      vertex 87.4261 24.37 0
    endloop
  endfacet
  facet normal 0 0 -1
    outer loop
      vertex 87.054 23.3414 0
      vertex 87.2426 23.8572 0
      vertex 87.2889 23.838 0
    endloop
  endfacet
  facet normal 0 0 -1
    outer loop
      vertex 87.054 23.3414 0
      vertex 87.0098 23.3649 0
      vertex 87.2426 23.8572 0
    endloop
  endfacet
  facet normal 0 0 -1
    outer loop
      vertex 86.7715 22.8701 0
      vertex 87.0098 23.3649 0
      vertex 87.054 23.3414 0
    endloop
  endfacet
  facet normal 0 0 -1
    outer loop
      vertex 86.7715 22.8701 0
      vertex 86.7299 22.8979 0
      vertex 87.0098 23.3649 0
    endloop
  endfacet
  facet normal 0 0 -1
    outer loop
      vertex 86.4442 22.4288 0
      vertex 86.7299 22.8979 0
      vertex 86.7715 22.8701 0
    endloop
  endfacet
  facet normal 0 0 -1
    outer loop
      vertex 86.4442 22.4288 0
      vertex 86.4056 22.4606 0
      vertex 86.7299 22.8979 0
    endloop
  endfacet
  facet normal 0 0 -1
    outer loop
      vertex 86.0753 22.0217 0
      vertex 86.4056 22.4606 0
      vertex 86.4442 22.4288 0
    endloop
  endfacet
  facet normal 0 0 -1
    outer loop
      vertex 86.0753 22.0217 0
      vertex 86.0399 22.0571 0
      vertex 86.4056 22.4606 0
    endloop
  endfacet
  facet normal 0 0 -1
    outer loop
      vertex 85.6682 21.6528 0
      vertex 86.0399 22.0571 0
      vertex 86.0753 22.0217 0
    endloop
  endfacet
  facet normal 0 0 -1
    outer loop
      vertex 85.6682 21.6528 0
      vertex 85.6364 21.6914 0
      vertex 86.0399 22.0571 0
    endloop
  endfacet
  facet normal 0 0 -1
    outer loop
      vertex 85.2269 21.3255 0
      vertex 85.6364 21.6914 0
      vertex 85.6682 21.6528 0
    endloop
  endfacet
  facet normal 0 0 -1
    outer loop
      vertex 85.2269 21.3255 0
      vertex 85.1991 21.3671 0
      vertex 85.6364 21.6914 0
    endloop
  endfacet
  facet normal 0 0 -1
    outer loop
      vertex 84.7556 21.043 0
      vertex 85.1991 21.3671 0
      vertex 85.2269 21.3255 0
    endloop
  endfacet
  facet normal 0 0 -1
    outer loop
      vertex 84.7556 21.043 0
      vertex 84.7321 21.0872 0
      vertex 85.1991 21.3671 0
    endloop
  endfacet
  facet normal 0 0 -1
    outer loop
      vertex 84.259 20.8081 0
      vertex 84.7321 21.0872 0
      vertex 84.7556 21.043 0
    endloop
  endfacet
  facet normal 0 0 -1
    outer loop
      vertex 84.259 20.8081 0
      vertex 84.2398 20.8543 0
      vertex 84.7321 21.0872 0
    endloop
  endfacet
  facet normal 0 0 -1
    outer loop
      vertex 83.7417 20.623 0
      vertex 84.2398 20.8543 0
      vertex 84.259 20.8081 0
    endloop
  endfacet
  facet normal 0 0 -1
    outer loop
      vertex 83.7417 20.623 0
      vertex 83.727 20.6708 0
      vertex 84.2398 20.8543 0
    endloop
  endfacet
  facet normal 0 0 -1
    outer loop
      vertex 83.2087 20.4895 0
      vertex 83.727 20.6708 0
      vertex 83.7417 20.623 0
    endloop
  endfacet
  facet normal 0 0 -1
    outer loop
      vertex 83.2087 20.4895 0
      vertex 83.199 20.5386 0
      vertex 83.727 20.6708 0
    endloop
  endfacet
  facet normal 0 0 -1
    outer loop
      vertex 82.6652 20.4089 0
      vertex 83.199 20.5386 0
      vertex 83.2087 20.4895 0
    endloop
  endfacet
  facet normal 0 0 -1
    outer loop
      vertex 82.6652 20.4089 0
      vertex 82.6602 20.4587 0
      vertex 83.199 20.5386 0
    endloop
  endfacet
  facet normal 0 0 -1
    outer loop
      vertex 82.1165 20.3819 0
      vertex 82.6602 20.4587 0
      vertex 82.6652 20.4089 0
    endloop
  endfacet
  facet normal 0 0 -1
    outer loop
      vertex 82.1165 20.3819 0
      vertex 82.1165 20.432 0
      vertex 82.6602 20.4587 0
    endloop
  endfacet
  facet normal 0 0 -1
    outer loop
      vertex 82.1165 20.3819 0
      vertex 81.5727 20.4587 0
      vertex 82.1165 20.432 0
    endloop
  endfacet
  facet normal 0 0 -1
    outer loop
      vertex 81.5677 20.4089 0
      vertex 81.5727 20.4587 0
      vertex 82.1165 20.3819 0
    endloop
  endfacet
  facet normal 0 0 -1
    outer loop
      vertex 81.5677 20.4089 0
      vertex 81.0339 20.5386 0
      vertex 81.5727 20.4587 0
    endloop
  endfacet
  facet normal 0 0 -1
    outer loop
      vertex 81.0242 20.4895 0
      vertex 81.0339 20.5386 0
      vertex 81.5677 20.4089 0
    endloop
  endfacet
  facet normal 0 0 -1
    outer loop
      vertex 81.0242 20.4895 0
      vertex 80.5058 20.6709 0
      vertex 81.0339 20.5386 0
    endloop
  endfacet
  facet normal 0 0 -1
    outer loop
      vertex 80.4913 20.623 0
      vertex 80.5058 20.6709 0
      vertex 81.0242 20.4895 0
    endloop
  endfacet
  facet normal 0 0 -1
    outer loop
      vertex 80.4913 20.623 0
      vertex 79.9932 20.8543 0
      vertex 80.5058 20.6709 0
    endloop
  endfacet
  facet normal 0 0 -1
    outer loop
      vertex 79.9739 20.8081 0
      vertex 79.9932 20.8543 0
      vertex 80.4913 20.623 0
    endloop
  endfacet
  facet normal 0 0 -1
    outer loop
      vertex 79.9739 20.8081 0
      vertex 79.5009 21.0872 0
      vertex 79.9932 20.8543 0
    endloop
  endfacet
  facet normal 0 0 -1
    outer loop
      vertex 79.4774 21.043 0
      vertex 79.5009 21.0872 0
      vertex 79.9739 20.8081 0
    endloop
  endfacet
  facet normal 0 0 -1
    outer loop
      vertex 79.4774 21.043 0
      vertex 79.0338 21.3671 0
      vertex 79.5009 21.0872 0
    endloop
  endfacet
  facet normal 0 0 -1
    outer loop
      vertex 79.006 21.3255 0
      vertex 79.0338 21.3671 0
      vertex 79.4774 21.043 0
    endloop
  endfacet
  facet normal 0 0 -1
    outer loop
      vertex 79.006 21.3255 0
      vertex 78.5965 21.6914 0
      vertex 79.0338 21.3671 0
    endloop
  endfacet
  facet normal 0 0 -1
    outer loop
      vertex 78.5647 21.6528 0
      vertex 78.5965 21.6914 0
      vertex 79.006 21.3255 0
    endloop
  endfacet
  facet normal 0 0 -1
    outer loop
      vertex 78.5647 21.6528 0
      vertex 78.1931 22.0571 0
      vertex 78.5965 21.6914 0
    endloop
  endfacet
  facet normal 0 0 -1
    outer loop
      vertex 78.1577 22.0217 0
      vertex 78.1931 22.0571 0
      vertex 78.5647 21.6528 0
    endloop
  endfacet
  facet normal 0 0 -1
    outer loop
      vertex 78.1577 22.0217 0
      vertex 77.8273 22.4606 0
      vertex 78.1931 22.0571 0
    endloop
  endfacet
  facet normal 0 0 -1
    outer loop
      vertex 77.7888 22.4287 0
      vertex 77.8273 22.4606 0
      vertex 78.1577 22.0217 0
    endloop
  endfacet
  facet normal 0 0 -1
    outer loop
      vertex 77.7888 22.4287 0
      vertex 77.503 22.8979 0
      vertex 77.8273 22.4606 0
    endloop
  endfacet
  facet normal 0 0 -1
    outer loop
      vertex 77.4614 22.8701 0
      vertex 77.503 22.8979 0
      vertex 77.7888 22.4287 0
    endloop
  endfacet
  facet normal 0 0 -1
    outer loop
      vertex 77.4614 22.8701 0
      vertex 77.2231 23.3649 0
      vertex 77.503 22.8979 0
    endloop
  endfacet
  facet normal 0 0 -1
    outer loop
      vertex 77.1789 23.3414 0
      vertex 77.2231 23.3649 0
      vertex 77.4614 22.8701 0
    endloop
  endfacet
  facet normal 0 0 -1
    outer loop
      vertex 77.1789 23.3414 0
      vertex 76.9903 23.8572 0
      vertex 77.2231 23.3649 0
    endloop
  endfacet
  facet normal 0 0 -1
    outer loop
      vertex 76.9441 23.8379 0
      vertex 76.9903 23.8572 0
      vertex 77.1789 23.3414 0
    endloop
  endfacet
  facet normal 0 0 -1
    outer loop
      vertex 76.9441 23.8379 0
      vertex 76.8068 24.3699 0
      vertex 76.9903 23.8572 0
    endloop
  endfacet
  facet normal 0 0 -1
    outer loop
      vertex 76.7589 24.3553 0
      vertex 76.8068 24.3699 0
      vertex 76.9441 23.8379 0
    endloop
  endfacet
  facet normal 0 0 -1
    outer loop
      vertex 76.6117 24.9431 0
      vertex 76.8068 24.3699 0
      vertex 76.7589 24.3553 0
    endloop
  endfacet
  facet normal 0 0 -1
    outer loop
      vertex 76.8068 24.3699 0
      vertex 76.6598 24.9551 0
      vertex 76.6602 24.9552 0
    endloop
  endfacet
  facet normal 0 0 -1
    outer loop
      vertex 76.8068 24.3699 0
      vertex 76.6117 24.9431 0
      vertex 76.6598 24.9551 0
    endloop
  endfacet
  facet normal 0 0 -1
    outer loop
      vertex 76.5917 25.0308 0
      vertex 76.6598 24.9551 0
      vertex 76.6117 24.9431 0
    endloop
  endfacet
  facet normal 0 0 -1
    outer loop
      vertex 76.5917 25.0308 0
      vertex 76.6117 24.9431 0
      vertex 76.6114 24.943 0
    endloop
  endfacet
  facet normal 0 0 -1
    outer loop
      vertex 76.6598 24.9551 0
      vertex 76.5917 25.0308 0
      vertex 76.6396 25.0453 0
    endloop
  endfacet
  facet normal -0 0 -1
    outer loop
      vertex 76.6396 25.0453 0
      vertex 76.5917 25.0308 0
      vertex 76.5999 25.1562 0
    endloop
  endfacet
  facet normal 0 0 -1
    outer loop
      vertex 76.5537 25.1371 0
      vertex 76.5999 25.1562 0
      vertex 76.5917 25.0308 0
    endloop
  endfacet
  facet normal 0 0 -1
    outer loop
      vertex 76.5537 25.1371 0
      vertex 76.5495 25.2627 0
      vertex 76.5999 25.1562 0
    endloop
  endfacet
  facet normal 0 0 -1
    outer loop
      vertex 76.5054 25.2391 0
      vertex 76.5495 25.2627 0
      vertex 76.5537 25.1371 0
    endloop
  endfacet
  facet normal 0 0 -1
    outer loop
      vertex 76.5054 25.2391 0
      vertex 76.489 25.3637 0
      vertex 76.5495 25.2627 0
    endloop
  endfacet
  facet normal 0 0 -1
    outer loop
      vertex 76.4474 25.3359 0
      vertex 76.489 25.3637 0
      vertex 76.5054 25.2391 0
    endloop
  endfacet
  facet normal 0 0 -1
    outer loop
      vertex 76.4474 25.3359 0
      vertex 76.4188 25.4583 0
      vertex 76.489 25.3637 0
    endloop
  endfacet
  facet normal 0 0 -1
    outer loop
      vertex 76.3802 25.4265 0
      vertex 76.4188 25.4583 0
      vertex 76.4474 25.3359 0
    endloop
  endfacet
  facet normal 0 0 -1
    outer loop
      vertex 76.3802 25.4265 0
      vertex 76.3398 25.5455 0
      vertex 76.4188 25.4583 0
    endloop
  endfacet
  facet normal 0 0 -1
    outer loop
      vertex 76.3044 25.5102 0
      vertex 76.3398 25.5455 0
      vertex 76.3802 25.4265 0
    endloop
  endfacet
  facet normal 0 0 -1
    outer loop
      vertex 76.3044 25.5102 0
      vertex 76.2525 25.6246 0
      vertex 76.3398 25.5455 0
    endloop
  endfacet
  facet normal 0 0 -1
    outer loop
      vertex 76.2208 25.586 0
      vertex 76.2525 25.6246 0
      vertex 76.3044 25.5102 0
    endloop
  endfacet
  facet normal 0 0 -1
    outer loop
      vertex 76.2208 25.586 0
      vertex 76.1579 25.6947 0
      vertex 76.2525 25.6246 0
    endloop
  endfacet
  facet normal 0 0 -1
    outer loop
      vertex 76.1301 25.6532 0
      vertex 76.1579 25.6947 0
      vertex 76.2208 25.586 0
    endloop
  endfacet
  facet normal 0 0 -1
    outer loop
      vertex 76.1301 25.6532 0
      vertex 76.0569 25.7553 0
      vertex 76.1579 25.6947 0
    endloop
  endfacet
  facet normal 0 0 -1
    outer loop
      vertex 76.0333 25.7112 0
      vertex 76.0569 25.7553 0
      vertex 76.1301 25.6532 0
    endloop
  endfacet
  facet normal 0 0 -1
    outer loop
      vertex 76.0333 25.7112 0
      vertex 75.9504 25.8056 0
      vertex 76.0569 25.7553 0
    endloop
  endfacet
  facet normal 0 0 -1
    outer loop
      vertex 75.9313 25.7594 0
      vertex 75.9504 25.8056 0
      vertex 76.0333 25.7112 0
    endloop
  endfacet
  facet normal 0 0 -1
    outer loop
      vertex 75.9313 25.7594 0
      vertex 75.8396 25.8453 0
      vertex 75.9504 25.8056 0
    endloop
  endfacet
  facet normal 0 0 -1
    outer loop
      vertex 75.8251 25.7975 0
      vertex 75.8396 25.8453 0
      vertex 75.9313 25.7594 0
    endloop
  endfacet
  facet normal 0 0 -1
    outer loop
      vertex 75.8251 25.7975 0
      vertex 75.7253 25.8739 0
      vertex 75.8396 25.8453 0
    endloop
  endfacet
  facet normal 0 0 -1
    outer loop
      vertex 75.7156 25.8249 0
      vertex 75.7253 25.8739 0
      vertex 75.8251 25.7975 0
    endloop
  endfacet
  facet normal 0 0 -1
    outer loop
      vertex 75.7156 25.8249 0
      vertex 75.6088 25.8912 0
      vertex 75.7253 25.8739 0
    endloop
  endfacet
  facet normal 0 0 -1
    outer loop
      vertex 75.6039 25.8414 0
      vertex 75.6088 25.8912 0
      vertex 75.7156 25.8249 0
    endloop
  endfacet
  facet normal 0 0 -1
    outer loop
      vertex 75.4912 25.847 0
      vertex 75.6088 25.8912 0
      vertex 75.6039 25.8414 0
    endloop
  endfacet
  facet normal 0 0 -1
    outer loop
      vertex 75.4912 25.847 0
      vertex 75.4912 25.897 0
      vertex 75.6088 25.8912 0
    endloop
  endfacet
  facet normal 0 0 -1
    outer loop
      vertex 31.6058 25.847 0
      vertex 75.4912 25.897 0
      vertex 75.4912 25.847 0
    endloop
  endfacet
  facet normal 0 0 -1
    outer loop
      vertex 31.6058 25.847 0
      vertex 31.6058 25.897 0
      vertex 75.4912 25.897 0
    endloop
  endfacet
  facet normal 0 0 -1
    outer loop
      vertex 31.437 25.8345 0
      vertex 31.6058 25.897 0
      vertex 31.6058 25.847 0
    endloop
  endfacet
  facet normal 0 0 -1
    outer loop
      vertex 31.437 25.8345 0
      vertex 31.4297 25.884 0
      vertex 31.6058 25.897 0
    endloop
  endfacet
  facet normal 0 0 -1
    outer loop
      vertex 31.3264 25.8125 0
      vertex 31.4297 25.884 0
      vertex 31.437 25.8345 0
    endloop
  endfacet
  facet normal 0 0 -1
    outer loop
      vertex 31.3264 25.8125 0
      vertex 31.3142 25.861 0
      vertex 31.4297 25.884 0
    endloop
  endfacet
  facet normal 0 0 -1
    outer loop
      vertex 31.2184 25.7798 0
      vertex 31.3142 25.861 0
      vertex 31.3264 25.8125 0
    endloop
  endfacet
  facet normal 0 0 -1
    outer loop
      vertex 31.2184 25.7798 0
      vertex 31.2015 25.8268 0
      vertex 31.3142 25.861 0
    endloop
  endfacet
  facet normal 0 0 -1
    outer loop
      vertex 31.1141 25.7366 0
      vertex 31.2015 25.8268 0
      vertex 31.2184 25.7798 0
    endloop
  endfacet
  facet normal 0 0 -1
    outer loop
      vertex 31.1141 25.7366 0
      vertex 31.0927 25.7818 0
      vertex 31.2015 25.8268 0
    endloop
  endfacet
  facet normal 0 0 -1
    outer loop
      vertex 31.0146 25.6834 0
      vertex 31.0927 25.7818 0
      vertex 31.1141 25.7366 0
    endloop
  endfacet
  facet normal 0 0 -1
    outer loop
      vertex 31.0146 25.6834 0
      vertex 30.9888 25.7263 0
      vertex 31.0927 25.7818 0
    endloop
  endfacet
  facet normal 0 0 -1
    outer loop
      vertex 30.9207 25.6207 0
      vertex 30.9888 25.7263 0
      vertex 31.0146 25.6834 0
    endloop
  endfacet
  facet normal 0 0 -1
    outer loop
      vertex 30.9207 25.6207 0
      vertex 30.8909 25.6609 0
      vertex 30.9888 25.7263 0
    endloop
  endfacet
  facet normal 0 0 -1
    outer loop
      vertex 30.8335 25.5491 0
      vertex 30.8909 25.6609 0
      vertex 30.9207 25.6207 0
    endloop
  endfacet
  facet normal 0 0 -1
    outer loop
      vertex 30.8335 25.5491 0
      vertex 30.7999 25.5862 0
      vertex 30.8909 25.6609 0
    endloop
  endfacet
  facet normal 0 0 -1
    outer loop
      vertex 30.7537 25.4693 0
      vertex 30.7999 25.5862 0
      vertex 30.8335 25.5491 0
    endloop
  endfacet
  facet normal 0 0 -1
    outer loop
      vertex 30.7537 25.4693 0
      vertex 30.7166 25.5029 0
      vertex 30.7999 25.5862 0
    endloop
  endfacet
  facet normal 0 0 -1
    outer loop
      vertex 30.6821 25.3821 0
      vertex 30.7166 25.5029 0
      vertex 30.7537 25.4693 0
    endloop
  endfacet
  facet normal 0 0 -1
    outer loop
      vertex 30.6821 25.3821 0
      vertex 30.6419 25.4118 0
      vertex 30.7166 25.5029 0
    endloop
  endfacet
  facet normal 0 0 -1
    outer loop
      vertex 30.6194 25.2882 0
      vertex 30.6419 25.4118 0
      vertex 30.6821 25.3821 0
    endloop
  endfacet
  facet normal 0 0 -1
    outer loop
      vertex 30.6194 25.2882 0
      vertex 30.5765 25.3139 0
      vertex 30.6419 25.4118 0
    endloop
  endfacet
  facet normal 0 0 -1
    outer loop
      vertex 30.5662 25.1887 0
      vertex 30.5765 25.3139 0
      vertex 30.6194 25.2882 0
    endloop
  endfacet
  facet normal 0 0 -1
    outer loop
      vertex 30.521 25.2101 0
      vertex 30.5662 25.1887 0
      vertex 30.523 25.0844 0
    endloop
  endfacet
  facet normal 0 0 -1
    outer loop
      vertex 30.5662 25.1887 0
      vertex 30.521 25.2101 0
      vertex 30.5765 25.3139 0
    endloop
  endfacet
  facet normal 0 0 -1
    outer loop
      vertex 30.4759 25.1013 0
      vertex 30.523 25.0844 0
      vertex 30.4902 24.9764 0
    endloop
  endfacet
  facet normal 0 0 -1
    outer loop
      vertex 30.4286 24.9224 0
      vertex 30.4902 24.9764 0
      vertex 30.4771 24.9104 0
    endloop
  endfacet
  facet normal 0 0 -1
    outer loop
      vertex 30.523 25.0844 0
      vertex 30.4759 25.1013 0
      vertex 30.521 25.2101 0
    endloop
  endfacet
  facet normal 0 0 -1
    outer loop
      vertex 30.4902 24.9764 0
      vertex 30.4417 24.9886 0
      vertex 30.4759 25.1013 0
    endloop
  endfacet
  facet normal -0 0 -1
    outer loop
      vertex 30.4902 24.9764 0
      vertex 30.4286 24.9224 0
      vertex 30.4417 24.9886 0
    endloop
  endfacet
  facet normal 0 0 -1
    outer loop
      vertex 30.2902 24.3699 0
      vertex 30.4771 24.9104 0
      vertex 30.3381 24.3553 0
    endloop
  endfacet
  facet normal -0 0 -1
    outer loop
      vertex 30.4771 24.9104 0
      vertex 30.2902 24.3699 0
      vertex 30.4286 24.9224 0
    endloop
  endfacet
  facet normal 0 0 -1
    outer loop
      vertex 30.1529 23.8379 0
      vertex 30.2902 24.3699 0
      vertex 30.3381 24.3553 0
    endloop
  endfacet
  facet normal 0 0 -1
    outer loop
      vertex 30.1529 23.8379 0
      vertex 30.1067 23.8572 0
      vertex 30.2902 24.3699 0
    endloop
  endfacet
  facet normal 0 0 -1
    outer loop
      vertex 29.9181 23.3414 0
      vertex 30.1067 23.8572 0
      vertex 30.1529 23.8379 0
    endloop
  endfacet
  facet normal 0 0 -1
    outer loop
      vertex 29.9181 23.3414 0
      vertex 29.8739 23.3649 0
      vertex 30.1067 23.8572 0
    endloop
  endfacet
  facet normal 0 0 -1
    outer loop
      vertex 29.6356 22.8701 0
      vertex 29.8739 23.3649 0
      vertex 29.9181 23.3414 0
    endloop
  endfacet
  facet normal 0 0 -1
    outer loop
      vertex 29.6356 22.8701 0
      vertex 29.594 22.8979 0
      vertex 29.8739 23.3649 0
    endloop
  endfacet
  facet normal 0 0 -1
    outer loop
      vertex 29.3082 22.4287 0
      vertex 29.594 22.8979 0
      vertex 29.6356 22.8701 0
    endloop
  endfacet
  facet normal 0 0 -1
    outer loop
      vertex 29.3082 22.4287 0
      vertex 29.2696 22.4606 0
      vertex 29.594 22.8979 0
    endloop
  endfacet
  facet normal 0 0 -1
    outer loop
      vertex 28.9393 22.0217 0
      vertex 29.2696 22.4606 0
      vertex 29.3082 22.4287 0
    endloop
  endfacet
  facet normal 0 0 -1
    outer loop
      vertex 28.9393 22.0217 0
      vertex 28.9039 22.0571 0
      vertex 29.2696 22.4606 0
    endloop
  endfacet
  facet normal 0 0 -1
    outer loop
      vertex 28.5323 21.6528 0
      vertex 28.9039 22.0571 0
      vertex 28.9393 22.0217 0
    endloop
  endfacet
  facet normal 0 0 -1
    outer loop
      vertex 28.5323 21.6528 0
      vertex 28.5005 21.6914 0
      vertex 28.9039 22.0571 0
    endloop
  endfacet
  facet normal 0 0 -1
    outer loop
      vertex 28.091 21.3255 0
      vertex 28.5005 21.6914 0
      vertex 28.5323 21.6528 0
    endloop
  endfacet
  facet normal 0 0 -1
    outer loop
      vertex 28.091 21.3255 0
      vertex 28.0632 21.3671 0
      vertex 28.5005 21.6914 0
    endloop
  endfacet
  facet normal 0 0 -1
    outer loop
      vertex 27.6196 21.043 0
      vertex 28.0632 21.3671 0
      vertex 28.091 21.3255 0
    endloop
  endfacet
  facet normal 0 0 -1
    outer loop
      vertex 27.6196 21.043 0
      vertex 27.5961 21.0872 0
      vertex 28.0632 21.3671 0
    endloop
  endfacet
  facet normal 0 0 -1
    outer loop
      vertex 27.1231 20.8081 0
      vertex 27.5961 21.0872 0
      vertex 27.6196 21.043 0
    endloop
  endfacet
  facet normal 0 0 -1
    outer loop
      vertex 27.1231 20.8081 0
      vertex 27.1038 20.8543 0
      vertex 27.5961 21.0872 0
    endloop
  endfacet
  facet normal 0 0 -1
    outer loop
      vertex 26.6057 20.623 0
      vertex 27.1038 20.8543 0
      vertex 27.1231 20.8081 0
    endloop
  endfacet
  facet normal 0 0 -1
    outer loop
      vertex 26.6057 20.623 0
      vertex 26.5911 20.6709 0
      vertex 27.1038 20.8543 0
    endloop
  endfacet
  facet normal 0 0 -1
    outer loop
      vertex 26.0728 20.4895 0
      vertex 26.5911 20.6709 0
      vertex 26.6057 20.623 0
    endloop
  endfacet
  facet normal 0 0 -1
    outer loop
      vertex 26.0728 20.4895 0
      vertex 26.0631 20.5386 0
      vertex 26.5911 20.6709 0
    endloop
  endfacet
  facet normal 0 0 -1
    outer loop
      vertex 25.5293 20.4089 0
      vertex 26.0631 20.5386 0
      vertex 26.0728 20.4895 0
    endloop
  endfacet
  facet normal 0 0 -1
    outer loop
      vertex 25.5293 20.4089 0
      vertex 25.5243 20.4587 0
      vertex 26.0631 20.5386 0
    endloop
  endfacet
  facet normal 0 0 -1
    outer loop
      vertex 24.9805 20.3819 0
      vertex 25.5243 20.4587 0
      vertex 25.5293 20.4089 0
    endloop
  endfacet
  facet normal 0 0 -1
    outer loop
      vertex 24.9805 20.3819 0
      vertex 24.9805 20.432 0
      vertex 25.5243 20.4587 0
    endloop
  endfacet
  facet normal 0 0 -1
    outer loop
      vertex 24.9805 20.3819 0
      vertex 24.4368 20.4587 0
      vertex 24.9805 20.432 0
    endloop
  endfacet
  facet normal 0 0 -1
    outer loop
      vertex 24.4318 20.4089 0
      vertex 24.4368 20.4587 0
      vertex 24.9805 20.3819 0
    endloop
  endfacet
  facet normal 0 0 -1
    outer loop
      vertex 24.4318 20.4089 0
      vertex 23.898 20.5386 0
      vertex 24.4368 20.4587 0
    endloop
  endfacet
  facet normal 0 0 -1
    outer loop
      vertex 23.8882 20.4895 0
      vertex 23.898 20.5386 0
      vertex 24.4318 20.4089 0
    endloop
  endfacet
  facet normal 0 0 -1
    outer loop
      vertex 23.8882 20.4895 0
      vertex 23.37 20.6708 0
      vertex 23.898 20.5386 0
    endloop
  endfacet
  facet normal 0 0 -1
    outer loop
      vertex 23.3553 20.623 0
      vertex 23.37 20.6708 0
      vertex 23.8882 20.4895 0
    endloop
  endfacet
  facet normal 0 0 -1
    outer loop
      vertex 23.3553 20.623 0
      vertex 22.8572 20.8543 0
      vertex 23.37 20.6708 0
    endloop
  endfacet
  facet normal 0 0 -1
    outer loop
      vertex 22.838 20.8081 0
      vertex 22.8572 20.8543 0
      vertex 23.3553 20.623 0
    endloop
  endfacet
  facet normal 0 0 -1
    outer loop
      vertex 22.838 20.8081 0
      vertex 22.3649 21.0872 0
      vertex 22.8572 20.8543 0
    endloop
  endfacet
  facet normal 0 0 -1
    outer loop
      vertex 22.3414 21.043 0
      vertex 22.3649 21.0872 0
      vertex 22.838 20.8081 0
    endloop
  endfacet
  facet normal 0 0 -1
    outer loop
      vertex 22.3414 21.043 0
      vertex 21.8979 21.3671 0
      vertex 22.3649 21.0872 0
    endloop
  endfacet
  facet normal 0 0 -1
    outer loop
      vertex 21.8701 21.3255 0
      vertex 21.8979 21.3671 0
      vertex 22.3414 21.043 0
    endloop
  endfacet
  facet normal 0 0 -1
    outer loop
      vertex 21.8701 21.3255 0
      vertex 21.4606 21.6914 0
      vertex 21.8979 21.3671 0
    endloop
  endfacet
  facet normal 0 0 -1
    outer loop
      vertex 21.4288 21.6528 0
      vertex 21.4606 21.6914 0
      vertex 21.8701 21.3255 0
    endloop
  endfacet
  facet normal 0 0 -1
    outer loop
      vertex 21.4288 21.6528 0
      vertex 21.0571 22.0571 0
      vertex 21.4606 21.6914 0
    endloop
  endfacet
  facet normal 0 0 -1
    outer loop
      vertex 21.0217 22.0217 0
      vertex 21.0571 22.0571 0
      vertex 21.4288 21.6528 0
    endloop
  endfacet
  facet normal 0 0 -1
    outer loop
      vertex 21.0217 22.0217 0
      vertex 20.6914 22.4606 0
      vertex 21.0571 22.0571 0
    endloop
  endfacet
  facet normal 0 0 -1
    outer loop
      vertex 20.6528 22.4288 0
      vertex 20.6914 22.4606 0
      vertex 21.0217 22.0217 0
    endloop
  endfacet
  facet normal 0 0 -1
    outer loop
      vertex 20.6528 22.4288 0
      vertex 20.3671 22.8979 0
      vertex 20.6914 22.4606 0
    endloop
  endfacet
  facet normal 0 0 -1
    outer loop
      vertex 20.3255 22.8701 0
      vertex 20.3671 22.8979 0
      vertex 20.6528 22.4288 0
    endloop
  endfacet
  facet normal 0 0 -1
    outer loop
      vertex 20.3255 22.8701 0
      vertex 20.0872 23.3649 0
      vertex 20.3671 22.8979 0
    endloop
  endfacet
  facet normal 0 0 -1
    outer loop
      vertex 20.043 23.3414 0
      vertex 20.0872 23.3649 0
      vertex 20.3255 22.8701 0
    endloop
  endfacet
  facet normal 0 0 -1
    outer loop
      vertex 20.043 23.3414 0
      vertex 19.8543 23.8572 0
      vertex 20.0872 23.3649 0
    endloop
  endfacet
  facet normal 0 0 -1
    outer loop
      vertex 19.8081 23.838 0
      vertex 19.8543 23.8572 0
      vertex 20.043 23.3414 0
    endloop
  endfacet
  facet normal 0 0 -1
    outer loop
      vertex 19.8081 23.838 0
      vertex 19.6708 24.37 0
      vertex 19.8543 23.8572 0
    endloop
  endfacet
  facet normal 0 0 -1
    outer loop
      vertex 19.623 24.3553 0
      vertex 19.6708 24.37 0
      vertex 19.8081 23.838 0
    endloop
  endfacet
  facet normal 0 0 -1
    outer loop
      vertex 19.623 24.3553 0
      vertex 19.5386 24.898 0
      vertex 19.6708 24.37 0
    endloop
  endfacet
  facet normal 0 0 -1
    outer loop
      vertex 19.4895 24.8882 0
      vertex 19.5386 24.898 0
      vertex 19.623 24.3553 0
    endloop
  endfacet
  facet normal 0 0 -1
    outer loop
      vertex 19.4895 24.8882 0
      vertex 19.4587 25.4368 0
      vertex 19.5386 24.898 0
    endloop
  endfacet
  facet normal -0 0 -1
    outer loop
      vertex 19.4587 25.4368 0
      vertex 19.4089 25.4318 0
      vertex 19.432 25.9805 0
    endloop
  endfacet
  facet normal 0 0 -1
    outer loop
      vertex 19.4089 25.4318 0
      vertex 19.4587 25.4368 0
      vertex 19.4895 24.8882 0
    endloop
  endfacet
  facet normal 0 0 -1
    outer loop
      vertex 87.6383 26.5243 0
      vertex 87.6881 26.5293 0
      vertex 87.665 25.9805 0
    endloop
  endfacet
  facet normal 0 0 -1
    outer loop
      vertex 87.6383 26.5243 0
      vertex 87.6075 27.0728 0
      vertex 87.6881 26.5293 0
    endloop
  endfacet
  facet normal 0 0 -1
    outer loop
      vertex 87.5584 27.0631 0
      vertex 87.6075 27.0728 0
      vertex 87.6383 26.5243 0
    endloop
  endfacet
  facet normal 0 0 -1
    outer loop
      vertex 87.5584 27.0631 0
      vertex 87.474 27.6057 0
      vertex 87.6075 27.0728 0
    endloop
  endfacet
  facet normal 0 0 -1
    outer loop
      vertex 87.4261 27.5911 0
      vertex 87.474 27.6057 0
      vertex 87.5584 27.0631 0
    endloop
  endfacet
  facet normal 0 0 -1
    outer loop
      vertex 87.4261 27.5911 0
      vertex 87.2889 28.1231 0
      vertex 87.474 27.6057 0
    endloop
  endfacet
  facet normal 0 0 -1
    outer loop
      vertex 87.2427 28.1038 0
      vertex 87.2889 28.1231 0
      vertex 87.4261 27.5911 0
    endloop
  endfacet
  facet normal 0 0 -1
    outer loop
      vertex 87.2427 28.1038 0
      vertex 87.054 28.6196 0
      vertex 87.2889 28.1231 0
    endloop
  endfacet
  facet normal 0 0 -1
    outer loop
      vertex 87.0098 28.5961 0
      vertex 87.054 28.6196 0
      vertex 87.2427 28.1038 0
    endloop
  endfacet
  facet normal 0 0 -1
    outer loop
      vertex 87.0098 28.5961 0
      vertex 86.7715 29.091 0
      vertex 87.054 28.6196 0
    endloop
  endfacet
  facet normal 0 0 -1
    outer loop
      vertex 86.7299 29.0632 0
      vertex 86.7715 29.091 0
      vertex 87.0098 28.5961 0
    endloop
  endfacet
  facet normal 0 0 -1
    outer loop
      vertex 86.7299 29.0632 0
      vertex 86.4442 29.5323 0
      vertex 86.7715 29.091 0
    endloop
  endfacet
  facet normal 0 0 -1
    outer loop
      vertex 86.4056 29.5005 0
      vertex 86.4442 29.5323 0
      vertex 86.7299 29.0632 0
    endloop
  endfacet
  facet normal 0 0 -1
    outer loop
      vertex 86.4056 29.5005 0
      vertex 86.0753 29.9393 0
      vertex 86.4442 29.5323 0
    endloop
  endfacet
  facet normal 0 0 -1
    outer loop
      vertex 86.0399 29.9039 0
      vertex 86.0753 29.9393 0
      vertex 86.4056 29.5005 0
    endloop
  endfacet
  facet normal 0 0 -1
    outer loop
      vertex 86.0399 29.9039 0
      vertex 85.6683 30.3082 0
      vertex 86.0753 29.9393 0
    endloop
  endfacet
  facet normal 0 0 -1
    outer loop
      vertex 85.6364 30.2696 0
      vertex 85.6683 30.3082 0
      vertex 86.0399 29.9039 0
    endloop
  endfacet
  facet normal 0 0 -1
    outer loop
      vertex 85.6364 30.2696 0
      vertex 85.2269 30.6356 0
      vertex 85.6683 30.3082 0
    endloop
  endfacet
  facet normal 0 0 -1
    outer loop
      vertex 85.1991 30.594 0
      vertex 85.2269 30.6356 0
      vertex 85.6364 30.2696 0
    endloop
  endfacet
  facet normal 0 0 -1
    outer loop
      vertex 85.1991 30.594 0
      vertex 84.7556 30.9181 0
      vertex 85.2269 30.6356 0
    endloop
  endfacet
  facet normal 0 0 -1
    outer loop
      vertex 84.7321 30.8739 0
      vertex 84.7556 30.9181 0
      vertex 85.1991 30.594 0
    endloop
  endfacet
  facet normal 0 0 -1
    outer loop
      vertex 84.7321 30.8739 0
      vertex 84.2591 31.1529 0
      vertex 84.7556 30.9181 0
    endloop
  endfacet
  facet normal 0 0 -1
    outer loop
      vertex 84.2398 31.1067 0
      vertex 84.2591 31.1529 0
      vertex 84.7321 30.8739 0
    endloop
  endfacet
  facet normal 0 0 -1
    outer loop
      vertex 84.2398 31.1067 0
      vertex 83.7417 31.3381 0
      vertex 84.2591 31.1529 0
    endloop
  endfacet
  facet normal 0 0 -1
    outer loop
      vertex 83.7271 31.2902 0
      vertex 83.7417 31.3381 0
      vertex 84.2398 31.1067 0
    endloop
  endfacet
  facet normal 0 0 -1
    outer loop
      vertex 83.7271 31.2902 0
      vertex 83.1866 31.4771 0
      vertex 83.7417 31.3381 0
    endloop
  endfacet
  facet normal 0 0 -1
    outer loop
      vertex 83.1746 31.4286 0
      vertex 83.1866 31.4771 0
      vertex 83.7271 31.2902 0
    endloop
  endfacet
  facet normal 0 0 -1
    outer loop
      vertex 83.1746 31.4286 0
      vertex 83.1205 31.4902 0
      vertex 83.1866 31.4771 0
    endloop
  endfacet
  facet normal 0 0 -1
    outer loop
      vertex 83.1084 31.4417 0
      vertex 83.1205 31.4902 0
      vertex 83.1746 31.4286 0
    endloop
  endfacet
  facet normal 0 0 -1
    outer loop
      vertex 83.1084 31.4417 0
      vertex 83.0126 31.523 0
      vertex 83.1205 31.4902 0
    endloop
  endfacet
  facet normal 0 0 -1
    outer loop
      vertex 82.9957 31.4759 0
      vertex 83.0126 31.523 0
      vertex 83.1084 31.4417 0
    endloop
  endfacet
  facet normal 0 0 -1
    outer loop
      vertex 82.9957 31.4759 0
      vertex 82.9083 31.5662 0
      vertex 83.0126 31.523 0
    endloop
  endfacet
  facet normal 0 0 -1
    outer loop
      vertex 82.8869 31.521 0
      vertex 82.9083 31.5662 0
      vertex 82.9957 31.4759 0
    endloop
  endfacet
  facet normal 0 0 -1
    outer loop
      vertex 82.8869 31.521 0
      vertex 82.8088 31.6194 0
      vertex 82.9083 31.5662 0
    endloop
  endfacet
  facet normal 0 0 -1
    outer loop
      vertex 82.7831 31.5765 0
      vertex 82.8088 31.6194 0
      vertex 82.8869 31.521 0
    endloop
  endfacet
  facet normal 0 0 -1
    outer loop
      vertex 82.7831 31.5765 0
      vertex 82.7149 31.6821 0
      vertex 82.8088 31.6194 0
    endloop
  endfacet
  facet normal 0 0 -1
    outer loop
      vertex 82.6851 31.6419 0
      vertex 82.7149 31.6821 0
      vertex 82.7831 31.5765 0
    endloop
  endfacet
  facet normal 0 0 -1
    outer loop
      vertex 82.6851 31.6419 0
      vertex 82.6277 31.7537 0
      vertex 82.7149 31.6821 0
    endloop
  endfacet
  facet normal 0 0 -1
    outer loop
      vertex 82.5941 31.7166 0
      vertex 82.6277 31.7537 0
      vertex 82.6851 31.6419 0
    endloop
  endfacet
  facet normal 0 0 -1
    outer loop
      vertex 82.5941 31.7166 0
      vertex 82.5479 31.8335 0
      vertex 82.6277 31.7537 0
    endloop
  endfacet
  facet normal 0 0 -1
    outer loop
      vertex 82.5108 31.7999 0
      vertex 82.5479 31.8335 0
      vertex 82.5941 31.7166 0
    endloop
  endfacet
  facet normal 0 0 -1
    outer loop
      vertex 82.5108 31.7999 0
      vertex 82.4763 31.9207 0
      vertex 82.5479 31.8335 0
    endloop
  endfacet
  facet normal 0 0 -1
    outer loop
      vertex 82.4361 31.8909 0
      vertex 82.4763 31.9207 0
      vertex 82.5108 31.7999 0
    endloop
  endfacet
  facet normal 0 0 -1
    outer loop
      vertex 82.4361 31.8909 0
      vertex 82.4136 32.0146 0
      vertex 82.4763 31.9207 0
    endloop
  endfacet
  facet normal 0 0 -1
    outer loop
      vertex 82.3707 31.9888 0
      vertex 82.4136 32.0146 0
      vertex 82.4361 31.8909 0
    endloop
  endfacet
  facet normal 0 0 -1
    outer loop
      vertex 82.3707 31.9888 0
      vertex 82.3604 32.1141 0
      vertex 82.4136 32.0146 0
    endloop
  endfacet
  facet normal 0 0 -1
    outer loop
      vertex 82.3152 32.0927 0
      vertex 82.3604 32.1141 0
      vertex 82.3707 31.9888 0
    endloop
  endfacet
  facet normal -0 0 -1
    outer loop
      vertex 82.3604 32.1141 0
      vertex 82.3152 32.0927 0
      vertex 82.3172 32.2184 0
    endloop
  endfacet
  facet normal 0 0 -1
    outer loop
      vertex 82.2701 32.2015 0
      vertex 82.3172 32.2184 0
      vertex 82.3152 32.0927 0
    endloop
  endfacet
  facet normal -0 0 -1
    outer loop
      vertex 82.3172 32.2184 0
      vertex 82.2701 32.2015 0
      vertex 82.2845 32.3264 0
    endloop
  endfacet
  facet normal 0 0 -1
    outer loop
      vertex 82.2359 32.3142 0
      vertex 82.2845 32.3264 0
      vertex 82.2701 32.2015 0
    endloop
  endfacet
  facet normal -0 0 -1
    outer loop
      vertex 82.2845 32.3264 0
      vertex 82.2359 32.3142 0
      vertex 82.2624 32.437 0
    endloop
  endfacet
  facet normal -0 0 -1
    outer loop
      vertex 82.2624 32.437 0
      vertex 82.213 32.4297 0
      vertex 82.25 32.6058 0
    endloop
  endfacet
  facet normal 0 0 -1
    outer loop
      vertex 82.213 32.4297 0
      vertex 82.2624 32.437 0
      vertex 82.2359 32.3142 0
    endloop
  endfacet
  facet normal 0 0 -1
    outer loop
      vertex 87.665 83.0195 0
      vertex 87.7151 83.0195 0
      vertex 87.6881 82.4707 0
    endloop
  endfacet
  facet normal 0 0 -1
    outer loop
      vertex 87.7151 83.0195 0
      vertex 87.665 83.0195 0
      vertex 87.6881 83.5682 0
    endloop
  endfacet
  facet normal 0 0 -1
    outer loop
      vertex 87.6881 82.4707 0
      vertex 87.6383 82.4757 0
      vertex 87.665 83.0195 0
    endloop
  endfacet
  facet normal 0 0 -1
    outer loop
      vertex 87.6075 81.9272 0
      vertex 87.6383 82.4757 0
      vertex 87.6881 82.4707 0
    endloop
  endfacet
  facet normal 0 0 -1
    outer loop
      vertex 87.6075 81.9272 0
      vertex 87.5584 81.9369 0
      vertex 87.6383 82.4757 0
    endloop
  endfacet
  facet normal 0 0 -1
    outer loop
      vertex 87.474 81.3943 0
      vertex 87.5584 81.9369 0
      vertex 87.6075 81.9272 0
    endloop
  endfacet
  facet normal 0 0 -1
    outer loop
      vertex 87.474 81.3943 0
      vertex 87.4261 81.4088 0
      vertex 87.5584 81.9369 0
    endloop
  endfacet
  facet normal 0 0 -1
    outer loop
      vertex 87.2889 80.8769 0
      vertex 87.4261 81.4088 0
      vertex 87.474 81.3943 0
    endloop
  endfacet
  facet normal 0 0 -1
    outer loop
      vertex 87.2889 80.8769 0
      vertex 87.2427 80.8962 0
      vertex 87.4261 81.4088 0
    endloop
  endfacet
  facet normal 0 0 -1
    outer loop
      vertex 87.054 80.3804 0
      vertex 87.2427 80.8962 0
      vertex 87.2889 80.8769 0
    endloop
  endfacet
  facet normal 0 0 -1
    outer loop
      vertex 87.054 80.3804 0
      vertex 87.0098 80.4039 0
      vertex 87.2427 80.8962 0
    endloop
  endfacet
  facet normal 0 0 -1
    outer loop
      vertex 86.7715 79.909 0
      vertex 87.0098 80.4039 0
      vertex 87.054 80.3804 0
    endloop
  endfacet
  facet normal 0 0 -1
    outer loop
      vertex 86.7715 79.909 0
      vertex 86.7299 79.9368 0
      vertex 87.0098 80.4039 0
    endloop
  endfacet
  facet normal 0 0 -1
    outer loop
      vertex 86.4442 79.4677 0
      vertex 86.7299 79.9368 0
      vertex 86.7715 79.909 0
    endloop
  endfacet
  facet normal 0 0 -1
    outer loop
      vertex 86.4442 79.4677 0
      vertex 86.4056 79.4995 0
      vertex 86.7299 79.9368 0
    endloop
  endfacet
  facet normal 0 0 -1
    outer loop
      vertex 86.0753 79.0607 0
      vertex 86.4056 79.4995 0
      vertex 86.4442 79.4677 0
    endloop
  endfacet
  facet normal 0 0 -1
    outer loop
      vertex 86.0753 79.0607 0
      vertex 86.0399 79.0961 0
      vertex 86.4056 79.4995 0
    endloop
  endfacet
  facet normal 0 0 -1
    outer loop
      vertex 85.6683 78.6918 0
      vertex 86.0399 79.0961 0
      vertex 86.0753 79.0607 0
    endloop
  endfacet
  facet normal 0 0 -1
    outer loop
      vertex 85.6683 78.6918 0
      vertex 85.6364 78.7303 0
      vertex 86.0399 79.0961 0
    endloop
  endfacet
  facet normal 0 0 -1
    outer loop
      vertex 85.2269 78.3644 0
      vertex 85.6364 78.7303 0
      vertex 85.6683 78.6918 0
    endloop
  endfacet
  facet normal 0 0 -1
    outer loop
      vertex 85.2269 78.3644 0
      vertex 85.1991 78.406 0
      vertex 85.6364 78.7303 0
    endloop
  endfacet
  facet normal 0 0 -1
    outer loop
      vertex 84.7556 78.0819 0
      vertex 85.1991 78.406 0
      vertex 85.2269 78.3644 0
    endloop
  endfacet
  facet normal 0 0 -1
    outer loop
      vertex 84.7556 78.0819 0
      vertex 84.7321 78.1261 0
      vertex 85.1991 78.406 0
    endloop
  endfacet
  facet normal 0 0 -1
    outer loop
      vertex 84.2591 77.8471 0
      vertex 84.7321 78.1261 0
      vertex 84.7556 78.0819 0
    endloop
  endfacet
  facet normal 0 0 -1
    outer loop
      vertex 84.2591 77.8471 0
      vertex 84.2398 77.8933 0
      vertex 84.7321 78.1261 0
    endloop
  endfacet
  facet normal 0 0 -1
    outer loop
      vertex 83.7417 77.6619 0
      vertex 84.2398 77.8933 0
      vertex 84.2591 77.8471 0
    endloop
  endfacet
  facet normal 0 0 -1
    outer loop
      vertex 83.7417 77.6619 0
      vertex 83.7271 77.7098 0
      vertex 84.2398 77.8933 0
    endloop
  endfacet
  facet normal 0 0 -1
    outer loop
      vertex 83.1539 77.5147 0
      vertex 83.7271 77.7098 0
      vertex 83.7417 77.6619 0
    endloop
  endfacet
  facet normal 0 0 -1
    outer loop
      vertex 83.1418 77.5628 0
      vertex 83.7271 77.7098 0
      vertex 83.1539 77.5147 0
    endloop
  endfacet
  facet normal 0 0 -1
    outer loop
      vertex 83.7271 77.7098 0
      vertex 83.1418 77.5628 0
      vertex 83.1418 77.5632 0
    endloop
  endfacet
  facet normal 0 0 -1
    outer loop
      vertex 87.6383 83.5632 0
      vertex 87.6881 83.5682 0
      vertex 87.665 83.0195 0
    endloop
  endfacet
  facet normal 0 0 -1
    outer loop
      vertex 87.6383 83.5632 0
      vertex 87.6075 84.1117 0
      vertex 87.6881 83.5682 0
    endloop
  endfacet
  facet normal 0 0 -1
    outer loop
      vertex 87.5584 84.102 0
      vertex 87.6075 84.1117 0
      vertex 87.6383 83.5632 0
    endloop
  endfacet
  facet normal 0 0 -1
    outer loop
      vertex 87.5584 84.102 0
      vertex 87.474 84.6447 0
      vertex 87.6075 84.1117 0
    endloop
  endfacet
  facet normal 0 0 -1
    outer loop
      vertex 87.4261 84.63 0
      vertex 87.474 84.6447 0
      vertex 87.5584 84.102 0
    endloop
  endfacet
  facet normal 0 0 -1
    outer loop
      vertex 87.4261 84.63 0
      vertex 87.2889 85.162 0
      vertex 87.474 84.6447 0
    endloop
  endfacet
  facet normal 0 0 -1
    outer loop
      vertex 87.2426 85.1428 0
      vertex 87.2889 85.162 0
      vertex 87.4261 84.63 0
    endloop
  endfacet
  facet normal 0 0 -1
    outer loop
      vertex 87.2426 85.1428 0
      vertex 87.054 85.6586 0
      vertex 87.2889 85.162 0
    endloop
  endfacet
  facet normal 0 0 -1
    outer loop
      vertex 87.0098 85.6351 0
      vertex 87.054 85.6586 0
      vertex 87.2426 85.1428 0
    endloop
  endfacet
  facet normal 0 0 -1
    outer loop
      vertex 87.0098 85.6351 0
      vertex 86.7715 86.1299 0
      vertex 87.054 85.6586 0
    endloop
  endfacet
  facet normal 0 0 -1
    outer loop
      vertex 86.7299 86.1021 0
      vertex 86.7715 86.1299 0
      vertex 87.0098 85.6351 0
    endloop
  endfacet
  facet normal 0 0 -1
    outer loop
      vertex 86.7299 86.1021 0
      vertex 86.4442 86.5712 0
      vertex 86.7715 86.1299 0
    endloop
  endfacet
  facet normal 0 0 -1
    outer loop
      vertex 86.4056 86.5394 0
      vertex 86.4442 86.5712 0
      vertex 86.7299 86.1021 0
    endloop
  endfacet
  facet normal 0 0 -1
    outer loop
      vertex 86.4056 86.5394 0
      vertex 86.0753 86.9783 0
      vertex 86.4442 86.5712 0
    endloop
  endfacet
  facet normal 0 0 -1
    outer loop
      vertex 86.0399 86.9429 0
      vertex 86.0753 86.9783 0
      vertex 86.4056 86.5394 0
    endloop
  endfacet
  facet normal 0 0 -1
    outer loop
      vertex 86.0399 86.9429 0
      vertex 85.6682 87.3472 0
      vertex 86.0753 86.9783 0
    endloop
  endfacet
  facet normal 0 0 -1
    outer loop
      vertex 85.6364 87.3086 0
      vertex 85.6682 87.3472 0
      vertex 86.0399 86.9429 0
    endloop
  endfacet
  facet normal 0 0 -1
    outer loop
      vertex 85.6364 87.3086 0
      vertex 85.2269 87.6745 0
      vertex 85.6682 87.3472 0
    endloop
  endfacet
  facet normal 0 0 -1
    outer loop
      vertex 85.1991 87.6329 0
      vertex 85.2269 87.6745 0
      vertex 85.6364 87.3086 0
    endloop
  endfacet
  facet normal 0 0 -1
    outer loop
      vertex 85.1991 87.6329 0
      vertex 84.7556 87.957 0
      vertex 85.2269 87.6745 0
    endloop
  endfacet
  facet normal 0 0 -1
    outer loop
      vertex 84.7321 87.9128 0
      vertex 84.7556 87.957 0
      vertex 85.1991 87.6329 0
    endloop
  endfacet
  facet normal 0 0 -1
    outer loop
      vertex 84.7321 87.9128 0
      vertex 84.259 88.1919 0
      vertex 84.7556 87.957 0
    endloop
  endfacet
  facet normal 0 0 -1
    outer loop
      vertex 84.2398 88.1456 0
      vertex 84.259 88.1919 0
      vertex 84.7321 87.9128 0
    endloop
  endfacet
  facet normal 0 0 -1
    outer loop
      vertex 84.2398 88.1456 0
      vertex 83.7417 88.377 0
      vertex 84.259 88.1919 0
    endloop
  endfacet
  facet normal 0 0 -1
    outer loop
      vertex 83.727 88.3291 0
      vertex 83.7417 88.377 0
      vertex 84.2398 88.1456 0
    endloop
  endfacet
  facet normal 0 0 -1
    outer loop
      vertex 83.727 88.3291 0
      vertex 83.2087 88.5105 0
      vertex 83.7417 88.377 0
    endloop
  endfacet
  facet normal 0 0 -1
    outer loop
      vertex 83.199 88.4614 0
      vertex 83.2087 88.5105 0
      vertex 83.727 88.3291 0
    endloop
  endfacet
  facet normal 0 0 -1
    outer loop
      vertex 83.199 88.4614 0
      vertex 82.6652 88.5911 0
      vertex 83.2087 88.5105 0
    endloop
  endfacet
  facet normal 0 0 -1
    outer loop
      vertex 82.6602 88.5413 0
      vertex 82.6652 88.5911 0
      vertex 83.199 88.4614 0
    endloop
  endfacet
  facet normal 0 0 -1
    outer loop
      vertex 82.1165 88.568 0
      vertex 82.6652 88.5911 0
      vertex 82.6602 88.5413 0
    endloop
  endfacet
  facet normal 0 0 -1
    outer loop
      vertex 82.1165 88.568 0
      vertex 82.1165 88.6181 0
      vertex 82.6652 88.5911 0
    endloop
  endfacet
  facet normal 0 0 -1
    outer loop
      vertex 81.5727 88.5413 0
      vertex 82.1165 88.6181 0
      vertex 82.1165 88.568 0
    endloop
  endfacet
  facet normal 0 0 -1
    outer loop
      vertex 81.5727 88.5413 0
      vertex 81.5677 88.5911 0
      vertex 82.1165 88.6181 0
    endloop
  endfacet
  facet normal 0 0 -1
    outer loop
      vertex 81.0339 88.4614 0
      vertex 81.5677 88.5911 0
      vertex 81.5727 88.5413 0
    endloop
  endfacet
  facet normal 0 0 -1
    outer loop
      vertex 81.0339 88.4614 0
      vertex 81.0242 88.5105 0
      vertex 81.5677 88.5911 0
    endloop
  endfacet
  facet normal 0 0 -1
    outer loop
      vertex 80.5058 88.3291 0
      vertex 81.0242 88.5105 0
      vertex 81.0339 88.4614 0
    endloop
  endfacet
  facet normal 0 0 -1
    outer loop
      vertex 80.5058 88.3291 0
      vertex 80.4913 88.377 0
      vertex 81.0242 88.5105 0
    endloop
  endfacet
  facet normal 0 0 -1
    outer loop
      vertex 79.9932 88.1457 0
      vertex 80.4913 88.377 0
      vertex 80.5058 88.3291 0
    endloop
  endfacet
  facet normal 0 0 -1
    outer loop
      vertex 79.9932 88.1457 0
      vertex 79.9739 88.1919 0
      vertex 80.4913 88.377 0
    endloop
  endfacet
  facet normal 0 0 -1
    outer loop
      vertex 79.5009 87.9128 0
      vertex 79.9739 88.1919 0
      vertex 79.9932 88.1457 0
    endloop
  endfacet
  facet normal 0 0 -1
    outer loop
      vertex 79.5009 87.9128 0
      vertex 79.4774 87.957 0
      vertex 79.9739 88.1919 0
    endloop
  endfacet
  facet normal 0 0 -1
    outer loop
      vertex 79.0338 87.6329 0
      vertex 79.4774 87.957 0
      vertex 79.5009 87.9128 0
    endloop
  endfacet
  facet normal 0 0 -1
    outer loop
      vertex 79.0338 87.6329 0
      vertex 79.006 87.6745 0
      vertex 79.4774 87.957 0
    endloop
  endfacet
  facet normal 0 0 -1
    outer loop
      vertex 78.5965 87.3086 0
      vertex 79.006 87.6745 0
      vertex 79.0338 87.6329 0
    endloop
  endfacet
  facet normal 0 0 -1
    outer loop
      vertex 78.5965 87.3086 0
      vertex 78.5647 87.3472 0
      vertex 79.006 87.6745 0
    endloop
  endfacet
  facet normal 0 0 -1
    outer loop
      vertex 78.1931 86.9429 0
      vertex 78.5647 87.3472 0
      vertex 78.5965 87.3086 0
    endloop
  endfacet
  facet normal 0 0 -1
    outer loop
      vertex 78.1931 86.9429 0
      vertex 78.1577 86.9783 0
      vertex 78.5647 87.3472 0
    endloop
  endfacet
  facet normal 0 0 -1
    outer loop
      vertex 77.8273 86.5394 0
      vertex 78.1577 86.9783 0
      vertex 78.1931 86.9429 0
    endloop
  endfacet
  facet normal 0 0 -1
    outer loop
      vertex 77.8273 86.5394 0
      vertex 77.7888 86.5713 0
      vertex 78.1577 86.9783 0
    endloop
  endfacet
  facet normal 0 0 -1
    outer loop
      vertex 77.503 86.1021 0
      vertex 77.7888 86.5713 0
      vertex 77.8273 86.5394 0
    endloop
  endfacet
  facet normal 0 0 -1
    outer loop
      vertex 77.503 86.1021 0
      vertex 77.4614 86.1299 0
      vertex 77.7888 86.5713 0
    endloop
  endfacet
  facet normal 0 0 -1
    outer loop
      vertex 77.2231 85.6351 0
      vertex 77.4614 86.1299 0
      vertex 77.503 86.1021 0
    endloop
  endfacet
  facet normal 0 0 -1
    outer loop
      vertex 77.2231 85.6351 0
      vertex 77.1789 85.6586 0
      vertex 77.4614 86.1299 0
    endloop
  endfacet
  facet normal 0 0 -1
    outer loop
      vertex 76.9903 85.1428 0
      vertex 77.1789 85.6586 0
      vertex 77.2231 85.6351 0
    endloop
  endfacet
  facet normal 0 0 -1
    outer loop
      vertex 76.9903 85.1428 0
      vertex 76.9441 85.1621 0
      vertex 77.1789 85.6586 0
    endloop
  endfacet
  facet normal 0 0 -1
    outer loop
      vertex 76.8068 84.6301 0
      vertex 76.9441 85.1621 0
      vertex 76.9903 85.1428 0
    endloop
  endfacet
  facet normal 0 0 -1
    outer loop
      vertex 76.8068 84.6301 0
      vertex 76.7589 84.6447 0
      vertex 76.9441 85.1621 0
    endloop
  endfacet
  facet normal 0 0 -1
    outer loop
      vertex 76.6199 84.0896 0
      vertex 76.8068 84.6301 0
      vertex 76.6684 84.0776 0
    endloop
  endfacet
  facet normal 0 0 -1
    outer loop
      vertex 76.6068 84.0235 0
      vertex 76.6684 84.0776 0
      vertex 76.6553 84.0114 0
    endloop
  endfacet
  facet normal 0 0 -1
    outer loop
      vertex 76.6068 84.0235 0
      vertex 76.6553 84.0114 0
      vertex 76.6211 83.8987 0
    endloop
  endfacet
  facet normal -0 0 -1
    outer loop
      vertex 76.8068 84.6301 0
      vertex 76.6199 84.0896 0
      vertex 76.7589 84.6447 0
    endloop
  endfacet
  facet normal -0 0 -1
    outer loop
      vertex 76.6684 84.0776 0
      vertex 76.6068 84.0235 0
      vertex 76.6199 84.0896 0
    endloop
  endfacet
  facet normal 0 0 -1
    outer loop
      vertex 76.574 83.9156 0
      vertex 76.6211 83.8987 0
      vertex 76.576 83.7899 0
    endloop
  endfacet
  facet normal 0 0 -1
    outer loop
      vertex 76.6211 83.8987 0
      vertex 76.574 83.9156 0
      vertex 76.6068 84.0235 0
    endloop
  endfacet
  facet normal 0 0 -1
    outer loop
      vertex 76.576 83.7899 0
      vertex 76.5308 83.8113 0
      vertex 76.574 83.9156 0
    endloop
  endfacet
  facet normal 0 0 -1
    outer loop
      vertex 76.5205 83.6861 0
      vertex 76.5308 83.8113 0
      vertex 76.576 83.7899 0
    endloop
  endfacet
  facet normal 0 0 -1
    outer loop
      vertex 76.5205 83.6861 0
      vertex 76.4776 83.7118 0
      vertex 76.5308 83.8113 0
    endloop
  endfacet
  facet normal 0 0 -1
    outer loop
      vertex 76.4551 83.5881 0
      vertex 76.4776 83.7118 0
      vertex 76.5205 83.6861 0
    endloop
  endfacet
  facet normal 0 0 -1
    outer loop
      vertex 76.4551 83.5881 0
      vertex 76.4149 83.6179 0
      vertex 76.4776 83.7118 0
    endloop
  endfacet
  facet normal 0 0 -1
    outer loop
      vertex 76.3804 83.4971 0
      vertex 76.4149 83.6179 0
      vertex 76.4551 83.5881 0
    endloop
  endfacet
  facet normal 0 0 -1
    outer loop
      vertex 76.3804 83.4971 0
      vertex 76.3433 83.5307 0
      vertex 76.4149 83.6179 0
    endloop
  endfacet
  facet normal 0 0 -1
    outer loop
      vertex 76.2971 83.4138 0
      vertex 76.3433 83.5307 0
      vertex 76.3804 83.4971 0
    endloop
  endfacet
  facet normal 0 0 -1
    outer loop
      vertex 76.2971 83.4138 0
      vertex 76.2635 83.4509 0
      vertex 76.3433 83.5307 0
    endloop
  endfacet
  facet normal 0 0 -1
    outer loop
      vertex 76.2061 83.3391 0
      vertex 76.2635 83.4509 0
      vertex 76.2971 83.4138 0
    endloop
  endfacet
  facet normal 0 0 -1
    outer loop
      vertex 76.2061 83.3391 0
      vertex 76.1763 83.3793 0
      vertex 76.2635 83.4509 0
    endloop
  endfacet
  facet normal 0 0 -1
    outer loop
      vertex 76.1081 83.2737 0
      vertex 76.1763 83.3793 0
      vertex 76.2061 83.3391 0
    endloop
  endfacet
  facet normal 0 0 -1
    outer loop
      vertex 76.1081 83.2737 0
      vertex 76.0824 83.3166 0
      vertex 76.1763 83.3793 0
    endloop
  endfacet
  facet normal 0 0 -1
    outer loop
      vertex 76.0043 83.2182 0
      vertex 76.0824 83.3166 0
      vertex 76.1081 83.2737 0
    endloop
  endfacet
  facet normal 0 0 -1
    outer loop
      vertex 76.0043 83.2182 0
      vertex 75.9829 83.2634 0
      vertex 76.0824 83.3166 0
    endloop
  endfacet
  facet normal 0 0 -1
    outer loop
      vertex 75.8955 83.1731 0
      vertex 75.9829 83.2634 0
      vertex 76.0043 83.2182 0
    endloop
  endfacet
  facet normal 0 0 -1
    outer loop
      vertex 75.8955 83.1731 0
      vertex 75.8786 83.2202 0
      vertex 75.9829 83.2634 0
    endloop
  endfacet
  facet normal 0 0 -1
    outer loop
      vertex 75.7828 83.1389 0
      vertex 75.8786 83.2202 0
      vertex 75.8955 83.1731 0
    endloop
  endfacet
  facet normal 0 0 -1
    outer loop
      vertex 75.7828 83.1389 0
      vertex 75.7706 83.1875 0
      vertex 75.8786 83.2202 0
    endloop
  endfacet
  facet normal 0 0 -1
    outer loop
      vertex 75.6673 83.116 0
      vertex 75.7706 83.1875 0
      vertex 75.7828 83.1389 0
    endloop
  endfacet
  facet normal 0 0 -1
    outer loop
      vertex 75.6673 83.116 0
      vertex 75.6599 83.1654 0
      vertex 75.7706 83.1875 0
    endloop
  endfacet
  facet normal 0 0 -1
    outer loop
      vertex 75.4912 83.103 0
      vertex 75.6599 83.1654 0
      vertex 75.6673 83.116 0
    endloop
  endfacet
  facet normal 0 0 -1
    outer loop
      vertex 75.4912 83.103 0
      vertex 75.4912 83.153 0
      vertex 75.6599 83.1654 0
    endloop
  endfacet
  facet normal 0 0 -1
    outer loop
      vertex 31.6058 83.103 0
      vertex 75.4912 83.153 0
      vertex 75.4912 83.103 0
    endloop
  endfacet
  facet normal 0 0 -1
    outer loop
      vertex 31.6058 83.103 0
      vertex 31.6058 83.153 0
      vertex 75.4912 83.153 0
    endloop
  endfacet
  facet normal 0 0 -1
    outer loop
      vertex 31.6058 83.103 0
      vertex 31.493 83.1585 0
      vertex 31.6058 83.153 0
    endloop
  endfacet
  facet normal 0 0 -1
    outer loop
      vertex 31.4881 83.1088 0
      vertex 31.493 83.1585 0
      vertex 31.6058 83.103 0
    endloop
  endfacet
  facet normal 0 0 -1
    outer loop
      vertex 31.4881 83.1088 0
      vertex 31.3814 83.1751 0
      vertex 31.493 83.1585 0
    endloop
  endfacet
  facet normal 0 0 -1
    outer loop
      vertex 31.3716 83.1261 0
      vertex 31.3814 83.1751 0
      vertex 31.4881 83.1088 0
    endloop
  endfacet
  facet normal 0 0 -1
    outer loop
      vertex 31.3716 83.1261 0
      vertex 31.2719 83.2025 0
      vertex 31.3814 83.1751 0
    endloop
  endfacet
  facet normal 0 0 -1
    outer loop
      vertex 31.2574 83.1547 0
      vertex 31.2719 83.2025 0
      vertex 31.3716 83.1261 0
    endloop
  endfacet
  facet normal 0 0 -1
    outer loop
      vertex 31.2574 83.1547 0
      vertex 31.1657 83.2405 0
      vertex 31.2719 83.2025 0
    endloop
  endfacet
  facet normal 0 0 -1
    outer loop
      vertex 31.1465 83.1943 0
      vertex 31.1657 83.2405 0
      vertex 31.2574 83.1547 0
    endloop
  endfacet
  facet normal 0 0 -1
    outer loop
      vertex 31.1465 83.1943 0
      vertex 31.0637 83.2888 0
      vertex 31.1657 83.2405 0
    endloop
  endfacet
  facet normal 0 0 -1
    outer loop
      vertex 31.0401 83.2447 0
      vertex 31.0637 83.2888 0
      vertex 31.1465 83.1943 0
    endloop
  endfacet
  facet normal 0 0 -1
    outer loop
      vertex 31.0401 83.2447 0
      vertex 30.9669 83.3468 0
      vertex 31.0637 83.2888 0
    endloop
  endfacet
  facet normal 0 0 -1
    outer loop
      vertex 30.9391 83.3052 0
      vertex 30.9669 83.3468 0
      vertex 31.0401 83.2447 0
    endloop
  endfacet
  facet normal 0 0 -1
    outer loop
      vertex 30.9391 83.3052 0
      vertex 30.8762 83.414 0
      vertex 30.9669 83.3468 0
    endloop
  endfacet
  facet normal 0 0 -1
    outer loop
      vertex 30.8445 83.3754 0
      vertex 30.8762 83.414 0
      vertex 30.9391 83.3052 0
    endloop
  endfacet
  facet normal 0 0 -1
    outer loop
      vertex 30.8445 83.3754 0
      vertex 30.7926 83.4898 0
      vertex 30.8762 83.414 0
    endloop
  endfacet
  facet normal 0 0 -1
    outer loop
      vertex 30.7572 83.4545 0
      vertex 30.7926 83.4898 0
      vertex 30.8445 83.3754 0
    endloop
  endfacet
  facet normal 0 0 -1
    outer loop
      vertex 30.7572 83.4545 0
      vertex 30.7168 83.5734 0
      vertex 30.7926 83.4898 0
    endloop
  endfacet
  facet normal 0 0 -1
    outer loop
      vertex 30.6781 83.5417 0
      vertex 30.7168 83.5734 0
      vertex 30.7572 83.4545 0
    endloop
  endfacet
  facet normal 0 0 -1
    outer loop
      vertex 30.6781 83.5417 0
      vertex 30.6496 83.6641 0
      vertex 30.7168 83.5734 0
    endloop
  endfacet
  facet normal 0 0 -1
    outer loop
      vertex 30.608 83.6363 0
      vertex 30.6496 83.6641 0
      vertex 30.6781 83.5417 0
    endloop
  endfacet
  facet normal 0 0 -1
    outer loop
      vertex 30.608 83.6363 0
      vertex 30.5916 83.7609 0
      vertex 30.6496 83.6641 0
    endloop
  endfacet
  facet normal 0 0 -1
    outer loop
      vertex 30.5475 83.7373 0
      vertex 30.5916 83.7609 0
      vertex 30.608 83.6363 0
    endloop
  endfacet
  facet normal 0 0 -1
    outer loop
      vertex 30.5475 83.7373 0
      vertex 30.5433 83.8629 0
      vertex 30.5916 83.7609 0
    endloop
  endfacet
  facet normal 0 0 -1
    outer loop
      vertex 30.4971 83.8438 0
      vertex 30.5433 83.8629 0
      vertex 30.5475 83.7373 0
    endloop
  endfacet
  facet normal -0 0 -1
    outer loop
      vertex 30.5433 83.8629 0
      vertex 30.4971 83.8438 0
      vertex 30.5053 83.9692 0
    endloop
  endfacet
  facet normal 0 0 -1
    outer loop
      vertex 30.4574 83.9547 0
      vertex 30.5053 83.9692 0
      vertex 30.4971 83.8438 0
    endloop
  endfacet
  facet normal 0 0 -1
    outer loop
      vertex 30.4372 84.0448 0
      vertex 30.5053 83.9692 0
      vertex 30.4574 83.9547 0
    endloop
  endfacet
  facet normal 0 0 -1
    outer loop
      vertex 30.5053 83.9692 0
      vertex 30.4853 84.0569 0
      vertex 30.4855 84.057 0
    endloop
  endfacet
  facet normal 0 0 -1
    outer loop
      vertex 30.5053 83.9692 0
      vertex 30.4372 84.0448 0
      vertex 30.4853 84.0569 0
    endloop
  endfacet
  facet normal 0 0 -1
    outer loop
      vertex 30.2902 84.6301 0
      vertex 30.4372 84.0448 0
      vertex 30.4368 84.0448 0
    endloop
  endfacet
  facet normal 0 0 -1
    outer loop
      vertex 30.4372 84.0448 0
      vertex 30.2902 84.6301 0
      vertex 30.4853 84.0569 0
    endloop
  endfacet
  facet normal 0 0 -1
    outer loop
      vertex 30.4853 84.0569 0
      vertex 30.2902 84.6301 0
      vertex 30.3381 84.6447 0
    endloop
  endfacet
  facet normal 0 0 -1
    outer loop
      vertex 30.2902 84.6301 0
      vertex 30.1529 85.1621 0
      vertex 30.3381 84.6447 0
    endloop
  endfacet
  facet normal 0 0 -1
    outer loop
      vertex 30.1067 85.1428 0
      vertex 30.1529 85.1621 0
      vertex 30.2902 84.6301 0
    endloop
  endfacet
  facet normal 0 0 -1
    outer loop
      vertex 30.1067 85.1428 0
      vertex 29.9181 85.6586 0
      vertex 30.1529 85.1621 0
    endloop
  endfacet
  facet normal 0 0 -1
    outer loop
      vertex 29.8739 85.6351 0
      vertex 29.9181 85.6586 0
      vertex 30.1067 85.1428 0
    endloop
  endfacet
  facet normal 0 0 -1
    outer loop
      vertex 29.8739 85.6351 0
      vertex 29.6356 86.1299 0
      vertex 29.9181 85.6586 0
    endloop
  endfacet
  facet normal 0 0 -1
    outer loop
      vertex 29.594 86.1021 0
      vertex 29.6356 86.1299 0
      vertex 29.8739 85.6351 0
    endloop
  endfacet
  facet normal 0 0 -1
    outer loop
      vertex 29.594 86.1021 0
      vertex 29.3082 86.5713 0
      vertex 29.6356 86.1299 0
    endloop
  endfacet
  facet normal 0 0 -1
    outer loop
      vertex 29.2696 86.5394 0
      vertex 29.3082 86.5713 0
      vertex 29.594 86.1021 0
    endloop
  endfacet
  facet normal 0 0 -1
    outer loop
      vertex 29.2696 86.5394 0
      vertex 28.9393 86.9783 0
      vertex 29.3082 86.5713 0
    endloop
  endfacet
  facet normal 0 0 -1
    outer loop
      vertex 28.9039 86.9429 0
      vertex 28.9393 86.9783 0
      vertex 29.2696 86.5394 0
    endloop
  endfacet
  facet normal 0 0 -1
    outer loop
      vertex 28.9039 86.9429 0
      vertex 28.5323 87.3472 0
      vertex 28.9393 86.9783 0
    endloop
  endfacet
  facet normal 0 0 -1
    outer loop
      vertex 28.5005 87.3086 0
      vertex 28.5323 87.3472 0
      vertex 28.9039 86.9429 0
    endloop
  endfacet
  facet normal 0 0 -1
    outer loop
      vertex 28.5005 87.3086 0
      vertex 28.091 87.6745 0
      vertex 28.5323 87.3472 0
    endloop
  endfacet
  facet normal 0 0 -1
    outer loop
      vertex 28.0632 87.6329 0
      vertex 28.091 87.6745 0
      vertex 28.5005 87.3086 0
    endloop
  endfacet
  facet normal 0 0 -1
    outer loop
      vertex 28.0632 87.6329 0
      vertex 27.6196 87.957 0
      vertex 28.091 87.6745 0
    endloop
  endfacet
  facet normal 0 0 -1
    outer loop
      vertex 27.5961 87.9128 0
      vertex 27.6196 87.957 0
      vertex 28.0632 87.6329 0
    endloop
  endfacet
  facet normal 0 0 -1
    outer loop
      vertex 27.5961 87.9128 0
      vertex 27.1231 88.1919 0
      vertex 27.6196 87.957 0
    endloop
  endfacet
  facet normal 0 0 -1
    outer loop
      vertex 27.1038 88.1457 0
      vertex 27.1231 88.1919 0
      vertex 27.5961 87.9128 0
    endloop
  endfacet
  facet normal 0 0 -1
    outer loop
      vertex 27.1038 88.1457 0
      vertex 26.6057 88.377 0
      vertex 27.1231 88.1919 0
    endloop
  endfacet
  facet normal 0 0 -1
    outer loop
      vertex 26.5911 88.3291 0
      vertex 26.6057 88.377 0
      vertex 27.1038 88.1457 0
    endloop
  endfacet
  facet normal 0 0 -1
    outer loop
      vertex 26.5911 88.3291 0
      vertex 26.0728 88.5105 0
      vertex 26.6057 88.377 0
    endloop
  endfacet
  facet normal 0 0 -1
    outer loop
      vertex 26.0631 88.4614 0
      vertex 26.0728 88.5105 0
      vertex 26.5911 88.3291 0
    endloop
  endfacet
  facet normal 0 0 -1
    outer loop
      vertex 26.0631 88.4614 0
      vertex 25.5293 88.5911 0
      vertex 26.0728 88.5105 0
    endloop
  endfacet
  facet normal 0 0 -1
    outer loop
      vertex 25.5243 88.5413 0
      vertex 25.5293 88.5911 0
      vertex 26.0631 88.4614 0
    endloop
  endfacet
  facet normal 0 0 -1
    outer loop
      vertex 24.9805 88.568 0
      vertex 25.5293 88.5911 0
      vertex 25.5243 88.5413 0
    endloop
  endfacet
  facet normal 0 0 -1
    outer loop
      vertex 24.9805 88.568 0
      vertex 24.9805 88.6181 0
      vertex 25.5293 88.5911 0
    endloop
  endfacet
  facet normal 0 0 -1
    outer loop
      vertex 24.4368 88.5413 0
      vertex 24.9805 88.6181 0
      vertex 24.9805 88.568 0
    endloop
  endfacet
  facet normal 0 0 -1
    outer loop
      vertex 24.4368 88.5413 0
      vertex 24.4318 88.5911 0
      vertex 24.9805 88.6181 0
    endloop
  endfacet
  facet normal 0 0 -1
    outer loop
      vertex 23.898 88.4614 0
      vertex 24.4318 88.5911 0
      vertex 24.4368 88.5413 0
    endloop
  endfacet
  facet normal 0 0 -1
    outer loop
      vertex 23.898 88.4614 0
      vertex 23.8882 88.5105 0
      vertex 24.4318 88.5911 0
    endloop
  endfacet
  facet normal 0 0 -1
    outer loop
      vertex 23.37 88.3291 0
      vertex 23.8882 88.5105 0
      vertex 23.898 88.4614 0
    endloop
  endfacet
  facet normal 0 0 -1
    outer loop
      vertex 23.37 88.3291 0
      vertex 23.3553 88.377 0
      vertex 23.8882 88.5105 0
    endloop
  endfacet
  facet normal 0 0 -1
    outer loop
      vertex 22.8572 88.1456 0
      vertex 23.3553 88.377 0
      vertex 23.37 88.3291 0
    endloop
  endfacet
  facet normal 0 0 -1
    outer loop
      vertex 22.8572 88.1456 0
      vertex 22.838 88.1919 0
      vertex 23.3553 88.377 0
    endloop
  endfacet
  facet normal 0 0 -1
    outer loop
      vertex 22.3649 87.9128 0
      vertex 22.838 88.1919 0
      vertex 22.8572 88.1456 0
    endloop
  endfacet
  facet normal 0 0 -1
    outer loop
      vertex 22.3649 87.9128 0
      vertex 22.3414 87.957 0
      vertex 22.838 88.1919 0
    endloop
  endfacet
  facet normal 0 0 -1
    outer loop
      vertex 21.8979 87.6329 0
      vertex 22.3414 87.957 0
      vertex 22.3649 87.9128 0
    endloop
  endfacet
  facet normal 0 0 -1
    outer loop
      vertex 21.8979 87.6329 0
      vertex 21.8701 87.6745 0
      vertex 22.3414 87.957 0
    endloop
  endfacet
  facet normal 0 0 -1
    outer loop
      vertex 21.4606 87.3086 0
      vertex 21.8701 87.6745 0
      vertex 21.8979 87.6329 0
    endloop
  endfacet
  facet normal 0 0 -1
    outer loop
      vertex 21.4606 87.3086 0
      vertex 21.4288 87.3472 0
      vertex 21.8701 87.6745 0
    endloop
  endfacet
  facet normal 0 0 -1
    outer loop
      vertex 21.0571 86.9429 0
      vertex 21.4288 87.3472 0
      vertex 21.4606 87.3086 0
    endloop
  endfacet
  facet normal 0 0 -1
    outer loop
      vertex 21.0571 86.9429 0
      vertex 21.0217 86.9783 0
      vertex 21.4288 87.3472 0
    endloop
  endfacet
  facet normal 0 0 -1
    outer loop
      vertex 20.6914 86.5394 0
      vertex 21.0217 86.9783 0
      vertex 21.0571 86.9429 0
    endloop
  endfacet
  facet normal 0 0 -1
    outer loop
      vertex 20.6914 86.5394 0
      vertex 20.6528 86.5712 0
      vertex 21.0217 86.9783 0
    endloop
  endfacet
  facet normal 0 0 -1
    outer loop
      vertex 20.3671 86.1021 0
      vertex 20.6528 86.5712 0
      vertex 20.6914 86.5394 0
    endloop
  endfacet
  facet normal 0 0 -1
    outer loop
      vertex 20.3671 86.1021 0
      vertex 20.3255 86.1299 0
      vertex 20.6528 86.5712 0
    endloop
  endfacet
  facet normal 0 0 -1
    outer loop
      vertex 20.0872 85.6351 0
      vertex 20.3255 86.1299 0
      vertex 20.3671 86.1021 0
    endloop
  endfacet
  facet normal 0 0 -1
    outer loop
      vertex 20.0872 85.6351 0
      vertex 20.043 85.6586 0
      vertex 20.3255 86.1299 0
    endloop
  endfacet
  facet normal 0 0 -1
    outer loop
      vertex 19.8543 85.1428 0
      vertex 20.043 85.6586 0
      vertex 20.0872 85.6351 0
    endloop
  endfacet
  facet normal 0 0 -1
    outer loop
      vertex 19.8543 85.1428 0
      vertex 19.8081 85.162 0
      vertex 20.043 85.6586 0
    endloop
  endfacet
  facet normal 0 0 -1
    outer loop
      vertex 19.6708 84.63 0
      vertex 19.8081 85.162 0
      vertex 19.8543 85.1428 0
    endloop
  endfacet
  facet normal 0 0 -1
    outer loop
      vertex 19.6708 84.63 0
      vertex 19.623 84.6447 0
      vertex 19.8081 85.162 0
    endloop
  endfacet
  facet normal 0 0 -1
    outer loop
      vertex 19.5386 84.102 0
      vertex 19.623 84.6447 0
      vertex 19.6708 84.63 0
    endloop
  endfacet
  facet normal 0 0 -1
    outer loop
      vertex 19.5386 84.102 0
      vertex 19.4895 84.1117 0
      vertex 19.623 84.6447 0
    endloop
  endfacet
  facet normal 0 0 -1
    outer loop
      vertex 19.4587 83.5632 0
      vertex 19.4895 84.1117 0
      vertex 19.5386 84.102 0
    endloop
  endfacet
  facet normal 0 0 -1
    outer loop
      vertex 19.4587 83.5632 0
      vertex 19.4089 83.5682 0
      vertex 19.4895 84.1117 0
    endloop
  endfacet
  facet normal 0 0 -1
    outer loop
      vertex 19.432 83.0195 0
      vertex 19.4089 83.5682 0
      vertex 19.4587 83.5632 0
    endloop
  endfacet
  facet normal 0 0 -1
    outer loop
      vertex 19.3819 83.0195 0
      vertex 19.432 83.0195 0
      vertex 19.4089 82.4707 0
    endloop
  endfacet
  facet normal 0 0 -1
    outer loop
      vertex 19.432 83.0195 0
      vertex 19.3819 83.0195 0
      vertex 19.4089 83.5682 0
    endloop
  endfacet
  facet normal 0 0 -1
    outer loop
      vertex 83.0662 77.4947 0
      vertex 83.1539 77.5147 0
      vertex 83.154 77.5144 0
    endloop
  endfacet
  facet normal 0 0 -1
    outer loop
      vertex 83.0662 77.4947 0
      vertex 83.1418 77.5628 0
      vertex 83.1539 77.5147 0
    endloop
  endfacet
  facet normal 0 0 -1
    outer loop
      vertex 83.0662 77.4947 0
      vertex 83.0517 77.5426 0
      vertex 83.1418 77.5628 0
    endloop
  endfacet
  facet normal 0 0 -1
    outer loop
      vertex 82.9599 77.4567 0
      vertex 83.0517 77.5426 0
      vertex 83.0662 77.4947 0
    endloop
  endfacet
  facet normal 0 0 -1
    outer loop
      vertex 82.9599 77.4567 0
      vertex 82.9408 77.5029 0
      vertex 83.0517 77.5426 0
    endloop
  endfacet
  facet normal 0 0 -1
    outer loop
      vertex 82.8579 77.4084 0
      vertex 82.9408 77.5029 0
      vertex 82.9599 77.4567 0
    endloop
  endfacet
  facet normal 0 0 -1
    outer loop
      vertex 82.8579 77.4084 0
      vertex 82.8343 77.4525 0
      vertex 82.9408 77.5029 0
    endloop
  endfacet
  facet normal 0 0 -1
    outer loop
      vertex 82.7611 77.3504 0
      vertex 82.8343 77.4525 0
      vertex 82.8579 77.4084 0
    endloop
  endfacet
  facet normal 0 0 -1
    outer loop
      vertex 82.7611 77.3504 0
      vertex 82.7333 77.392 0
      vertex 82.8343 77.4525 0
    endloop
  endfacet
  facet normal 0 0 -1
    outer loop
      vertex 82.6704 77.2832 0
      vertex 82.7333 77.392 0
      vertex 82.7611 77.3504 0
    endloop
  endfacet
  facet normal 0 0 -1
    outer loop
      vertex 82.6704 77.2832 0
      vertex 82.6387 77.3218 0
      vertex 82.7333 77.392 0
    endloop
  endfacet
  facet normal 0 0 -1
    outer loop
      vertex 82.5868 77.2074 0
      vertex 82.6387 77.3218 0
      vertex 82.6704 77.2832 0
    endloop
  endfacet
  facet normal 0 0 -1
    outer loop
      vertex 82.5868 77.2074 0
      vertex 82.5515 77.2428 0
      vertex 82.6387 77.3218 0
    endloop
  endfacet
  facet normal 0 0 -1
    outer loop
      vertex 82.511 77.1238 0
      vertex 82.5515 77.2428 0
      vertex 82.5868 77.2074 0
    endloop
  endfacet
  facet normal 0 0 -1
    outer loop
      vertex 82.511 77.1238 0
      vertex 82.4724 77.1555 0
      vertex 82.5515 77.2428 0
    endloop
  endfacet
  facet normal 0 0 -1
    outer loop
      vertex 82.4438 77.0331 0
      vertex 82.4724 77.1555 0
      vertex 82.511 77.1238 0
    endloop
  endfacet
  facet normal 0 0 -1
    outer loop
      vertex 82.4438 77.0331 0
      vertex 82.4022 77.0609 0
      vertex 82.4724 77.1555 0
    endloop
  endfacet
  facet normal 0 0 -1
    outer loop
      vertex 82.3858 76.9363 0
      vertex 82.4022 77.0609 0
      vertex 82.4438 77.0331 0
    endloop
  endfacet
  facet normal 0 0 -1
    outer loop
      vertex 82.3858 76.9363 0
      vertex 82.3417 76.9599 0
      vertex 82.4022 77.0609 0
    endloop
  endfacet
  facet normal 0 0 -1
    outer loop
      vertex 82.3375 76.8343 0
      vertex 82.3417 76.9599 0
      vertex 82.3858 76.9363 0
    endloop
  endfacet
  facet normal 0 0 -1
    outer loop
      vertex 82.2913 76.8534 0
      vertex 82.3375 76.8343 0
      vertex 82.2995 76.7281 0
    endloop
  endfacet
  facet normal 0 0 -1
    outer loop
      vertex 82.3375 76.8343 0
      vertex 82.2913 76.8534 0
      vertex 82.3417 76.9599 0
    endloop
  endfacet
  facet normal 0 0 -1
    outer loop
      vertex 82.2517 76.7426 0
      vertex 82.2995 76.7281 0
      vertex 82.2721 76.6186 0
    endloop
  endfacet
  facet normal 0 0 -1
    outer loop
      vertex 82.2231 76.6283 0
      vertex 82.2721 76.6186 0
      vertex 82.2555 76.5069 0
    endloop
  endfacet
  facet normal 0 0 -1
    outer loop
      vertex 82.2995 76.7281 0
      vertex 82.2517 76.7426 0
      vertex 82.2913 76.8534 0
    endloop
  endfacet
  facet normal 0 0 -1
    outer loop
      vertex 82.2058 76.5118 0
      vertex 82.2555 76.5069 0
      vertex 82.25 76.3942 0
    endloop
  endfacet
  facet normal 0 0 -1
    outer loop
      vertex 82.2721 76.6186 0
      vertex 82.2231 76.6283 0
      vertex 82.2517 76.7426 0
    endloop
  endfacet
  facet normal 0 0 -1
    outer loop
      vertex 82.25 32.6058 0
      vertex 82.2 32.6058 0
      vertex 82.25 76.3942 0
    endloop
  endfacet
  facet normal -0 0 -1
    outer loop
      vertex 82.25 32.6058 0
      vertex 82.213 32.4297 0
      vertex 82.2 32.6058 0
    endloop
  endfacet
  facet normal -0 0 -1
    outer loop
      vertex 82.25 76.3942 0
      vertex 82.2 32.6058 0
      vertex 82.2 76.3942 0
    endloop
  endfacet
  facet normal 0 -0 -1
    outer loop
      vertex 82.2058 76.5118 0
      vertex 82.25 76.3942 0
      vertex 82.2 76.3942 0
    endloop
  endfacet
  facet normal 0 0 -1
    outer loop
      vertex 82.2555 76.5069 0
      vertex 82.2058 76.5118 0
      vertex 82.2231 76.6283 0
    endloop
  endfacet
  facet normal 0 0 -1
    outer loop
      vertex 23.3699 31.2902 0
      vertex 23.9551 31.4372 0
      vertex 23.9552 31.4368 0
    endloop
  endfacet
  facet normal -0 0 -1
    outer loop
      vertex 23.9551 31.4372 0
      vertex 23.3699 31.2902 0
      vertex 23.9431 31.4853 0
    endloop
  endfacet
  facet normal 0 0 -1
    outer loop
      vertex 23.3699 31.2902 0
      vertex 23.3553 31.3381 0
      vertex 23.9431 31.4853 0
    endloop
  endfacet
  facet normal 0 0 -1
    outer loop
      vertex 22.8572 31.1067 0
      vertex 23.3553 31.3381 0
      vertex 23.3699 31.2902 0
    endloop
  endfacet
  facet normal 0 0 -1
    outer loop
      vertex 22.8572 31.1067 0
      vertex 22.8379 31.1529 0
      vertex 23.3553 31.3381 0
    endloop
  endfacet
  facet normal 0 0 -1
    outer loop
      vertex 22.3649 30.8739 0
      vertex 22.8379 31.1529 0
      vertex 22.8572 31.1067 0
    endloop
  endfacet
  facet normal 0 0 -1
    outer loop
      vertex 22.3649 30.8739 0
      vertex 22.3414 30.9181 0
      vertex 22.8379 31.1529 0
    endloop
  endfacet
  facet normal 0 0 -1
    outer loop
      vertex 21.8979 30.594 0
      vertex 22.3414 30.9181 0
      vertex 22.3649 30.8739 0
    endloop
  endfacet
  facet normal 0 0 -1
    outer loop
      vertex 21.8979 30.594 0
      vertex 21.8701 30.6356 0
      vertex 22.3414 30.9181 0
    endloop
  endfacet
  facet normal 0 0 -1
    outer loop
      vertex 21.4606 30.2696 0
      vertex 21.8701 30.6356 0
      vertex 21.8979 30.594 0
    endloop
  endfacet
  facet normal 0 0 -1
    outer loop
      vertex 21.4606 30.2696 0
      vertex 21.4287 30.3082 0
      vertex 21.8701 30.6356 0
    endloop
  endfacet
  facet normal 0 0 -1
    outer loop
      vertex 21.0571 29.9039 0
      vertex 21.4287 30.3082 0
      vertex 21.4606 30.2696 0
    endloop
  endfacet
  facet normal 0 0 -1
    outer loop
      vertex 21.0571 29.9039 0
      vertex 21.0217 29.9393 0
      vertex 21.4287 30.3082 0
    endloop
  endfacet
  facet normal 0 0 -1
    outer loop
      vertex 20.6914 29.5005 0
      vertex 21.0217 29.9393 0
      vertex 21.0571 29.9039 0
    endloop
  endfacet
  facet normal 0 0 -1
    outer loop
      vertex 20.6914 29.5005 0
      vertex 20.6528 29.5323 0
      vertex 21.0217 29.9393 0
    endloop
  endfacet
  facet normal 0 0 -1
    outer loop
      vertex 20.3671 29.0632 0
      vertex 20.6528 29.5323 0
      vertex 20.6914 29.5005 0
    endloop
  endfacet
  facet normal 0 0 -1
    outer loop
      vertex 20.3671 29.0632 0
      vertex 20.3255 29.091 0
      vertex 20.6528 29.5323 0
    endloop
  endfacet
  facet normal 0 0 -1
    outer loop
      vertex 20.0872 28.5961 0
      vertex 20.3255 29.091 0
      vertex 20.3671 29.0632 0
    endloop
  endfacet
  facet normal 0 0 -1
    outer loop
      vertex 20.0872 28.5961 0
      vertex 20.043 28.6196 0
      vertex 20.3255 29.091 0
    endloop
  endfacet
  facet normal 0 0 -1
    outer loop
      vertex 19.8543 28.1038 0
      vertex 20.043 28.6196 0
      vertex 20.0872 28.5961 0
    endloop
  endfacet
  facet normal 0 0 -1
    outer loop
      vertex 19.8543 28.1038 0
      vertex 19.8081 28.1231 0
      vertex 20.043 28.6196 0
    endloop
  endfacet
  facet normal 0 0 -1
    outer loop
      vertex 19.6709 27.5911 0
      vertex 19.8081 28.1231 0
      vertex 19.8543 28.1038 0
    endloop
  endfacet
  facet normal 0 0 -1
    outer loop
      vertex 19.6709 27.5911 0
      vertex 19.623 27.6057 0
      vertex 19.8081 28.1231 0
    endloop
  endfacet
  facet normal 0 0 -1
    outer loop
      vertex 19.5386 27.0631 0
      vertex 19.623 27.6057 0
      vertex 19.6709 27.5911 0
    endloop
  endfacet
  facet normal 0 0 -1
    outer loop
      vertex 19.5386 27.0631 0
      vertex 19.4895 27.0728 0
      vertex 19.623 27.6057 0
    endloop
  endfacet
  facet normal 0 0 -1
    outer loop
      vertex 19.4587 26.5243 0
      vertex 19.4895 27.0728 0
      vertex 19.5386 27.0631 0
    endloop
  endfacet
  facet normal 0 0 -1
    outer loop
      vertex 19.4587 26.5243 0
      vertex 19.4089 26.5293 0
      vertex 19.4895 27.0728 0
    endloop
  endfacet
  facet normal 0 0 -1
    outer loop
      vertex 19.432 25.9805 0
      vertex 19.4089 26.5293 0
      vertex 19.4587 26.5243 0
    endloop
  endfacet
  facet normal 0 0 -1
    outer loop
      vertex 19.3819 25.9805 0
      vertex 19.432 25.9805 0
      vertex 19.4089 25.4318 0
    endloop
  endfacet
  facet normal 0 0 -1
    outer loop
      vertex 19.432 25.9805 0
      vertex 19.3819 25.9805 0
      vertex 19.4089 26.5293 0
    endloop
  endfacet
  facet normal 0 0 -1
    outer loop
      vertex 24.847 32.6058 0
      vertex 24.897 32.6058 0
      vertex 24.8912 32.4881 0
    endloop
  endfacet
  facet normal 0 0 -1
    outer loop
      vertex 24.897 32.6058 0
      vertex 24.847 32.6058 0
      vertex 24.897 76.3942 0
    endloop
  endfacet
  facet normal 0 0 -1
    outer loop
      vertex 24.8414 32.493 0
      vertex 24.8912 32.4881 0
      vertex 24.8739 32.3716 0
    endloop
  endfacet
  facet normal -0 0 -1
    outer loop
      vertex 24.897 76.3942 0
      vertex 24.847 32.6058 0
      vertex 24.847 76.3942 0
    endloop
  endfacet
  facet normal 0 0 -1
    outer loop
      vertex 24.897 76.3942 0
      vertex 24.847 76.3942 0
      vertex 24.884 76.5703 0
    endloop
  endfacet
  facet normal 0 0 -1
    outer loop
      vertex 24.8249 32.3814 0
      vertex 24.8739 32.3716 0
      vertex 24.8453 32.2574 0
    endloop
  endfacet
  facet normal 0 0 -1
    outer loop
      vertex 24.8912 32.4881 0
      vertex 24.8414 32.493 0
      vertex 24.847 32.6058 0
    endloop
  endfacet
  facet normal 0 0 -1
    outer loop
      vertex 24.8739 32.3716 0
      vertex 24.8249 32.3814 0
      vertex 24.8414 32.493 0
    endloop
  endfacet
  facet normal 0 0 -1
    outer loop
      vertex 24.7975 32.2719 0
      vertex 24.8453 32.2574 0
      vertex 24.8056 32.1465 0
    endloop
  endfacet
  facet normal 0 0 -1
    outer loop
      vertex 24.8453 32.2574 0
      vertex 24.7975 32.2719 0
      vertex 24.8249 32.3814 0
    endloop
  endfacet
  facet normal 0 0 -1
    outer loop
      vertex 24.8056 32.1465 0
      vertex 24.7594 32.1657 0
      vertex 24.7975 32.2719 0
    endloop
  endfacet
  facet normal 0 0 -1
    outer loop
      vertex 24.7553 32.0401 0
      vertex 24.7594 32.1657 0
      vertex 24.8056 32.1465 0
    endloop
  endfacet
  facet normal 0 0 -1
    outer loop
      vertex 24.7553 32.0401 0
      vertex 24.7112 32.0637 0
      vertex 24.7594 32.1657 0
    endloop
  endfacet
  facet normal 0 0 -1
    outer loop
      vertex 24.6947 31.9391 0
      vertex 24.7112 32.0637 0
      vertex 24.7553 32.0401 0
    endloop
  endfacet
  facet normal 0 0 -1
    outer loop
      vertex 24.6947 31.9391 0
      vertex 24.6532 31.9669 0
      vertex 24.7112 32.0637 0
    endloop
  endfacet
  facet normal 0 0 -1
    outer loop
      vertex 24.6246 31.8445 0
      vertex 24.6532 31.9669 0
      vertex 24.6947 31.9391 0
    endloop
  endfacet
  facet normal 0 0 -1
    outer loop
      vertex 24.6246 31.8445 0
      vertex 24.586 31.8762 0
      vertex 24.6532 31.9669 0
    endloop
  endfacet
  facet normal 0 0 -1
    outer loop
      vertex 24.5455 31.7572 0
      vertex 24.586 31.8762 0
      vertex 24.6246 31.8445 0
    endloop
  endfacet
  facet normal 0 0 -1
    outer loop
      vertex 24.5455 31.7572 0
      vertex 24.5102 31.7926 0
      vertex 24.586 31.8762 0
    endloop
  endfacet
  facet normal 0 0 -1
    outer loop
      vertex 24.4583 31.6781 0
      vertex 24.5102 31.7926 0
      vertex 24.5455 31.7572 0
    endloop
  endfacet
  facet normal 0 0 -1
    outer loop
      vertex 24.4583 31.6781 0
      vertex 24.4265 31.7168 0
      vertex 24.5102 31.7926 0
    endloop
  endfacet
  facet normal 0 0 -1
    outer loop
      vertex 24.3637 31.608 0
      vertex 24.4265 31.7168 0
      vertex 24.4583 31.6781 0
    endloop
  endfacet
  facet normal 0 0 -1
    outer loop
      vertex 24.3637 31.608 0
      vertex 24.3359 31.6496 0
      vertex 24.4265 31.7168 0
    endloop
  endfacet
  facet normal 0 0 -1
    outer loop
      vertex 24.2627 31.5475 0
      vertex 24.3359 31.6496 0
      vertex 24.3637 31.608 0
    endloop
  endfacet
  facet normal 0 0 -1
    outer loop
      vertex 24.2627 31.5475 0
      vertex 24.2391 31.5916 0
      vertex 24.3359 31.6496 0
    endloop
  endfacet
  facet normal 0 0 -1
    outer loop
      vertex 24.1562 31.4971 0
      vertex 24.2391 31.5916 0
      vertex 24.2627 31.5475 0
    endloop
  endfacet
  facet normal 0 0 -1
    outer loop
      vertex 24.1562 31.4971 0
      vertex 24.1371 31.5433 0
      vertex 24.2391 31.5916 0
    endloop
  endfacet
  facet normal 0 0 -1
    outer loop
      vertex 24.0453 31.4574 0
      vertex 24.1371 31.5433 0
      vertex 24.1562 31.4971 0
    endloop
  endfacet
  facet normal 0 0 -1
    outer loop
      vertex 24.0453 31.4574 0
      vertex 24.0308 31.5053 0
      vertex 24.1371 31.5433 0
    endloop
  endfacet
  facet normal 0 0 -1
    outer loop
      vertex 23.9551 31.4372 0
      vertex 24.0308 31.5053 0
      vertex 24.0453 31.4574 0
    endloop
  endfacet
  facet normal 0 0 -1
    outer loop
      vertex 23.9431 31.4853 0
      vertex 24.0308 31.5053 0
      vertex 23.9551 31.4372 0
    endloop
  endfacet
  facet normal 0 0 -1
    outer loop
      vertex 24.0308 31.5053 0
      vertex 23.9431 31.4853 0
      vertex 23.943 31.4855 0
    endloop
  endfacet
  facet normal 0 0 -1
    outer loop
      vertex 24.8345 76.5629 0
      vertex 24.884 76.5703 0
      vertex 24.847 76.3942 0
    endloop
  endfacet
  facet normal -0 0 -1
    outer loop
      vertex 24.884 76.5703 0
      vertex 24.8345 76.5629 0
      vertex 24.861 76.6858 0
    endloop
  endfacet
  facet normal 0 0 -1
    outer loop
      vertex 24.8125 76.6736 0
      vertex 24.861 76.6858 0
      vertex 24.8345 76.5629 0
    endloop
  endfacet
  facet normal -0 0 -1
    outer loop
      vertex 24.861 76.6858 0
      vertex 24.8125 76.6736 0
      vertex 24.8268 76.7985 0
    endloop
  endfacet
  facet normal 0 0 -1
    outer loop
      vertex 24.7798 76.7816 0
      vertex 24.8268 76.7985 0
      vertex 24.8125 76.6736 0
    endloop
  endfacet
  facet normal -0 0 -1
    outer loop
      vertex 24.8268 76.7985 0
      vertex 24.7798 76.7816 0
      vertex 24.7818 76.9073 0
    endloop
  endfacet
  facet normal 0 0 -1
    outer loop
      vertex 24.7366 76.8859 0
      vertex 24.7818 76.9073 0
      vertex 24.7798 76.7816 0
    endloop
  endfacet
  facet normal 0 0 -1
    outer loop
      vertex 24.7366 76.8859 0
      vertex 24.7263 77.0111 0
      vertex 24.7818 76.9073 0
    endloop
  endfacet
  facet normal 0 0 -1
    outer loop
      vertex 24.6834 76.9854 0
      vertex 24.7263 77.0111 0
      vertex 24.7366 76.8859 0
    endloop
  endfacet
  facet normal 0 0 -1
    outer loop
      vertex 24.6834 76.9854 0
      vertex 24.6609 77.1091 0
      vertex 24.7263 77.0111 0
    endloop
  endfacet
  facet normal 0 0 -1
    outer loop
      vertex 24.6207 77.0793 0
      vertex 24.6609 77.1091 0
      vertex 24.6834 76.9854 0
    endloop
  endfacet
  facet normal 0 0 -1
    outer loop
      vertex 24.6207 77.0793 0
      vertex 24.5862 77.2001 0
      vertex 24.6609 77.1091 0
    endloop
  endfacet
  facet normal 0 0 -1
    outer loop
      vertex 24.5491 77.1665 0
      vertex 24.5862 77.2001 0
      vertex 24.6207 77.0793 0
    endloop
  endfacet
  facet normal 0 0 -1
    outer loop
      vertex 24.5491 77.1665 0
      vertex 24.5029 77.2834 0
      vertex 24.5862 77.2001 0
    endloop
  endfacet
  facet normal 0 0 -1
    outer loop
      vertex 24.4693 77.2463 0
      vertex 24.5029 77.2834 0
      vertex 24.5491 77.1665 0
    endloop
  endfacet
  facet normal 0 0 -1
    outer loop
      vertex 24.4693 77.2463 0
      vertex 24.4118 77.3581 0
      vertex 24.5029 77.2834 0
    endloop
  endfacet
  facet normal 0 0 -1
    outer loop
      vertex 24.3821 77.3179 0
      vertex 24.4118 77.3581 0
      vertex 24.4693 77.2463 0
    endloop
  endfacet
  facet normal 0 0 -1
    outer loop
      vertex 24.3821 77.3179 0
      vertex 24.3139 77.4235 0
      vertex 24.4118 77.3581 0
    endloop
  endfacet
  facet normal 0 0 -1
    outer loop
      vertex 24.2882 77.3806 0
      vertex 24.3139 77.4235 0
      vertex 24.3821 77.3179 0
    endloop
  endfacet
  facet normal 0 0 -1
    outer loop
      vertex 24.2882 77.3806 0
      vertex 24.2101 77.479 0
      vertex 24.3139 77.4235 0
    endloop
  endfacet
  facet normal 0 0 -1
    outer loop
      vertex 24.1887 77.4338 0
      vertex 24.2101 77.479 0
      vertex 24.2882 77.3806 0
    endloop
  endfacet
  facet normal 0 0 -1
    outer loop
      vertex 24.1887 77.4338 0
      vertex 24.1013 77.5241 0
      vertex 24.2101 77.479 0
    endloop
  endfacet
  facet normal 0 0 -1
    outer loop
      vertex 24.0844 77.477 0
      vertex 24.1013 77.5241 0
      vertex 24.1887 77.4338 0
    endloop
  endfacet
  facet normal 0 0 -1
    outer loop
      vertex 24.0844 77.477 0
      vertex 23.9886 77.5583 0
      vertex 24.1013 77.5241 0
    endloop
  endfacet
  facet normal 0 0 -1
    outer loop
      vertex 23.9764 77.5098 0
      vertex 23.9886 77.5583 0
      vertex 24.0844 77.477 0
    endloop
  endfacet
  facet normal 0 0 -1
    outer loop
      vertex 23.9764 77.5098 0
      vertex 23.9224 77.5714 0
      vertex 23.9886 77.5583 0
    endloop
  endfacet
  facet normal 0 0 -1
    outer loop
      vertex 23.9104 77.5229 0
      vertex 23.9224 77.5714 0
      vertex 23.9764 77.5098 0
    endloop
  endfacet
  facet normal 0 0 -1
    outer loop
      vertex 23.9104 77.5229 0
      vertex 23.3699 77.7098 0
      vertex 23.9224 77.5714 0
    endloop
  endfacet
  facet normal 0 0 -1
    outer loop
      vertex 23.3553 77.6619 0
      vertex 23.3699 77.7098 0
      vertex 23.9104 77.5229 0
    endloop
  endfacet
  facet normal 0 0 -1
    outer loop
      vertex 23.3553 77.6619 0
      vertex 22.8572 77.8933 0
      vertex 23.3699 77.7098 0
    endloop
  endfacet
  facet normal 0 0 -1
    outer loop
      vertex 22.8379 77.8471 0
      vertex 22.8572 77.8933 0
      vertex 23.3553 77.6619 0
    endloop
  endfacet
  facet normal 0 0 -1
    outer loop
      vertex 22.8379 77.8471 0
      vertex 22.3649 78.1261 0
      vertex 22.8572 77.8933 0
    endloop
  endfacet
  facet normal 0 0 -1
    outer loop
      vertex 22.3414 78.0819 0
      vertex 22.3649 78.1261 0
      vertex 22.8379 77.8471 0
    endloop
  endfacet
  facet normal 0 0 -1
    outer loop
      vertex 22.3414 78.0819 0
      vertex 21.8979 78.406 0
      vertex 22.3649 78.1261 0
    endloop
  endfacet
  facet normal 0 0 -1
    outer loop
      vertex 21.8701 78.3644 0
      vertex 21.8979 78.406 0
      vertex 22.3414 78.0819 0
    endloop
  endfacet
  facet normal 0 0 -1
    outer loop
      vertex 21.8701 78.3644 0
      vertex 21.4606 78.7303 0
      vertex 21.8979 78.406 0
    endloop
  endfacet
  facet normal 0 0 -1
    outer loop
      vertex 21.4287 78.6918 0
      vertex 21.4606 78.7303 0
      vertex 21.8701 78.3644 0
    endloop
  endfacet
  facet normal 0 0 -1
    outer loop
      vertex 21.4287 78.6918 0
      vertex 21.0571 79.0961 0
      vertex 21.4606 78.7303 0
    endloop
  endfacet
  facet normal 0 0 -1
    outer loop
      vertex 21.0217 79.0607 0
      vertex 21.0571 79.0961 0
      vertex 21.4287 78.6918 0
    endloop
  endfacet
  facet normal 0 0 -1
    outer loop
      vertex 21.0217 79.0607 0
      vertex 20.6914 79.4995 0
      vertex 21.0571 79.0961 0
    endloop
  endfacet
  facet normal 0 0 -1
    outer loop
      vertex 20.6528 79.4677 0
      vertex 20.6914 79.4995 0
      vertex 21.0217 79.0607 0
    endloop
  endfacet
  facet normal 0 0 -1
    outer loop
      vertex 20.6528 79.4677 0
      vertex 20.3671 79.9368 0
      vertex 20.6914 79.4995 0
    endloop
  endfacet
  facet normal 0 0 -1
    outer loop
      vertex 20.3255 79.909 0
      vertex 20.3671 79.9368 0
      vertex 20.6528 79.4677 0
    endloop
  endfacet
  facet normal 0 0 -1
    outer loop
      vertex 20.3255 79.909 0
      vertex 20.0872 80.4039 0
      vertex 20.3671 79.9368 0
    endloop
  endfacet
  facet normal 0 0 -1
    outer loop
      vertex 20.043 80.3804 0
      vertex 20.0872 80.4039 0
      vertex 20.3255 79.909 0
    endloop
  endfacet
  facet normal 0 0 -1
    outer loop
      vertex 20.043 80.3804 0
      vertex 19.8543 80.8962 0
      vertex 20.0872 80.4039 0
    endloop
  endfacet
  facet normal 0 0 -1
    outer loop
      vertex 19.8081 80.8769 0
      vertex 19.8543 80.8962 0
      vertex 20.043 80.3804 0
    endloop
  endfacet
  facet normal 0 0 -1
    outer loop
      vertex 19.8081 80.8769 0
      vertex 19.6709 81.4088 0
      vertex 19.8543 80.8962 0
    endloop
  endfacet
  facet normal 0 0 -1
    outer loop
      vertex 19.623 81.3943 0
      vertex 19.6709 81.4088 0
      vertex 19.8081 80.8769 0
    endloop
  endfacet
  facet normal 0 0 -1
    outer loop
      vertex 19.623 81.3943 0
      vertex 19.5386 81.9369 0
      vertex 19.6709 81.4088 0
    endloop
  endfacet
  facet normal 0 0 -1
    outer loop
      vertex 19.4895 81.9272 0
      vertex 19.5386 81.9369 0
      vertex 19.623 81.3943 0
    endloop
  endfacet
  facet normal 0 0 -1
    outer loop
      vertex 19.4895 81.9272 0
      vertex 19.4587 82.4757 0
      vertex 19.5386 81.9369 0
    endloop
  endfacet
  facet normal -0 0 -1
    outer loop
      vertex 19.4587 82.4757 0
      vertex 19.4089 82.4707 0
      vertex 19.432 83.0195 0
    endloop
  endfacet
  facet normal 0 0 -1
    outer loop
      vertex 19.4089 82.4707 0
      vertex 19.4587 82.4757 0
      vertex 19.4895 81.9272 0
    endloop
  endfacet
  facet normal 0 0 1
    outer loop
      vertex 87.7151 83.0195 2
      vertex 83.977 83.032 2
      vertex 83.9776 83.0195 2
    endloop
  endfacet
  facet normal 0 0 1
    outer loop
      vertex 84.7556 87.957 2
      vertex 83.9686 83.2019 2
      vertex 83.977 83.032 2
    endloop
  endfacet
  facet normal 0 0 1
    outer loop
      vertex 84.7556 87.957 2
      vertex 83.9437 83.3702 2
      vertex 83.9686 83.2019 2
    endloop
  endfacet
  facet normal 0 0 1
    outer loop
      vertex 84.7556 87.957 2
      vertex 83.9418 83.3826 2
      vertex 83.9437 83.3702 2
    endloop
  endfacet
  facet normal 0 0 1
    outer loop
      vertex 84.7556 87.957 2
      vertex 83.9005 83.5476 2
      vertex 83.9418 83.3826 2
    endloop
  endfacet
  facet normal 0 0 1
    outer loop
      vertex 84.7556 87.957 2
      vertex 83.8974 83.5597 2
      vertex 83.9005 83.5476 2
    endloop
  endfacet
  facet normal 0 0 1
    outer loop
      vertex 84.7556 87.957 2
      vertex 83.8932 83.5715 2
      vertex 83.8974 83.5597 2
    endloop
  endfacet
  facet normal 0 0 1
    outer loop
      vertex 84.7556 87.957 2
      vertex 83.8359 83.7317 2
      vertex 83.8932 83.5715 2
    endloop
  endfacet
  facet normal 0 0 1
    outer loop
      vertex 84.7556 87.957 2
      vertex 83.7632 83.8855 2
      vertex 83.8359 83.7317 2
    endloop
  endfacet
  facet normal 0 0 1
    outer loop
      vertex 84.7556 87.957 2
      vertex 83.7578 83.8968 2
      vertex 83.7632 83.8855 2
    endloop
  endfacet
  facet normal 0 0 1
    outer loop
      vertex 82.8287 84.7389 2
      vertex 84.259 88.1919 2
      vertex 83.7417 88.377 2
    endloop
  endfacet
  facet normal 0 0 1
    outer loop
      vertex 84.7556 87.957 2
      vertex 83.6704 84.0427 2
      vertex 83.7578 83.8968 2
    endloop
  endfacet
  facet normal 0 0 1
    outer loop
      vertex 84.7556 87.957 2
      vertex 83.6639 84.0535 2
      vertex 83.6704 84.0427 2
    endloop
  endfacet
  facet normal 0 0 1
    outer loop
      vertex 84.7556 87.957 2
      vertex 83.5626 84.1901 2
      vertex 83.6639 84.0535 2
    endloop
  endfacet
  facet normal 0 0 1
    outer loop
      vertex 84.7556 87.957 2
      vertex 83.5551 84.2001 2
      vertex 83.5626 84.1901 2
    endloop
  endfacet
  facet normal 0 0 1
    outer loop
      vertex 84.7556 87.957 2
      vertex 83.4409 84.3262 2
      vertex 83.5551 84.2001 2
    endloop
  endfacet
  facet normal 0 0 1
    outer loop
      vertex 84.7556 87.957 2
      vertex 83.4325 84.3355 2
      vertex 83.4409 84.3262 2
    endloop
  endfacet
  facet normal 0 0 1
    outer loop
      vertex 84.7556 87.957 2
      vertex 83.3064 84.4497 2
      vertex 83.4325 84.3355 2
    endloop
  endfacet
  facet normal 0 0 1
    outer loop
      vertex 84.7556 87.957 2
      vertex 83.2971 84.4581 2
      vertex 83.3064 84.4497 2
    endloop
  endfacet
  facet normal 0 0 1
    outer loop
      vertex 84.7556 87.957 2
      vertex 83.2871 84.4656 2
      vertex 83.2971 84.4581 2
    endloop
  endfacet
  facet normal 0 0 1
    outer loop
      vertex 82.6567 84.8004 2
      vertex 83.7417 88.377 2
      vertex 83.2087 88.5105 2
    endloop
  endfacet
  facet normal 0 0 1
    outer loop
      vertex 84.7556 87.957 2
      vertex 83.1505 84.5669 2
      vertex 83.2871 84.4656 2
    endloop
  endfacet
  facet normal 0 0 1
    outer loop
      vertex 84.7556 87.957 2
      vertex 83.1397 84.5734 2
      vertex 83.1505 84.5669 2
    endloop
  endfacet
  facet normal 0 0 1
    outer loop
      vertex 84.7556 87.957 2
      vertex 82.9938 84.6608 2
      vertex 83.1397 84.5734 2
    endloop
  endfacet
  facet normal 0 0 1
    outer loop
      vertex 84.7556 87.957 2
      vertex 82.9825 84.6662 2
      vertex 82.9938 84.6608 2
    endloop
  endfacet
  facet normal 0 0 1
    outer loop
      vertex 84.259 88.1919 2
      vertex 82.8287 84.7389 2
      vertex 82.9825 84.6662 2
    endloop
  endfacet
  facet normal 0 0 1
    outer loop
      vertex 83.7417 88.377 2
      vertex 82.6685 84.7962 2
      vertex 82.8287 84.7389 2
    endloop
  endfacet
  facet normal 0 0 1
    outer loop
      vertex 82.4672 84.8467 2
      vertex 83.2087 88.5105 2
      vertex 82.6652 88.5911 2
    endloop
  endfacet
  facet normal 0 0 1
    outer loop
      vertex 83.7417 88.377 2
      vertex 82.6567 84.8004 2
      vertex 82.6685 84.7962 2
    endloop
  endfacet
  facet normal 0 0 1
    outer loop
      vertex 83.2087 88.5105 2
      vertex 82.4917 84.8418 2
      vertex 82.6567 84.8004 2
    endloop
  endfacet
  facet normal 0 0 1
    outer loop
      vertex 83.2087 88.5105 2
      vertex 82.4796 84.8448 2
      vertex 82.4917 84.8418 2
    endloop
  endfacet
  facet normal 0 0 1
    outer loop
      vertex 83.2087 88.5105 2
      vertex 82.4672 84.8467 2
      vertex 82.4796 84.8448 2
    endloop
  endfacet
  facet normal 0 0 1
    outer loop
      vertex 82.6652 88.5911 2
      vertex 82.2989 84.8716 2
      vertex 82.4672 84.8467 2
    endloop
  endfacet
  facet normal 0 0 1
    outer loop
      vertex 82.6652 88.5911 2
      vertex 82.2864 84.8722 2
      vertex 82.2989 84.8716 2
    endloop
  endfacet
  facet normal 0 0 1
    outer loop
      vertex 82.1165 88.6181 2
      vertex 82.2864 84.8722 2
      vertex 82.6652 88.5911 2
    endloop
  endfacet
  facet normal 0 0 1
    outer loop
      vertex 82.1165 88.6181 2
      vertex 82.1165 84.8806 2
      vertex 82.2864 84.8722 2
    endloop
  endfacet
  facet normal 0 0 1
    outer loop
      vertex 82.1165 88.6181 2
      vertex 81.9466 84.8722 2
      vertex 82.1165 84.8806 2
    endloop
  endfacet
  facet normal -0 0 1
    outer loop
      vertex 81.5677 88.5911 2
      vertex 81.9466 84.8722 2
      vertex 82.1165 88.6181 2
    endloop
  endfacet
  facet normal 0 0 1
    outer loop
      vertex 81.9466 84.8722 2
      vertex 81.5677 88.5911 2
      vertex 81.9341 84.8716 2
    endloop
  endfacet
  facet normal 0 0 1
    outer loop
      vertex 81.9341 84.8716 2
      vertex 81.5677 88.5911 2
      vertex 81.7658 84.8467 2
    endloop
  endfacet
  facet normal -0 0 1
    outer loop
      vertex 81.0242 88.5105 2
      vertex 81.7658 84.8467 2
      vertex 81.5677 88.5911 2
    endloop
  endfacet
  facet normal 0 0 1
    outer loop
      vertex 81.7658 84.8467 2
      vertex 81.0242 88.5105 2
      vertex 81.7534 84.8448 2
    endloop
  endfacet
  facet normal 0 0 1
    outer loop
      vertex 81.7534 84.8448 2
      vertex 81.0242 88.5105 2
      vertex 81.7412 84.8418 2
    endloop
  endfacet
  facet normal 0 0 1
    outer loop
      vertex 81.7412 84.8418 2
      vertex 81.0242 88.5105 2
      vertex 81.5762 84.8004 2
    endloop
  endfacet
  facet normal -0 0 1
    outer loop
      vertex 80.4913 88.377 2
      vertex 81.5762 84.8004 2
      vertex 81.0242 88.5105 2
    endloop
  endfacet
  facet normal 0 0 1
    outer loop
      vertex 81.5762 84.8004 2
      vertex 80.4913 88.377 2
      vertex 81.5644 84.7962 2
    endloop
  endfacet
  facet normal 0 0 1
    outer loop
      vertex 81.5644 84.7962 2
      vertex 80.4913 88.377 2
      vertex 81.4043 84.7389 2
    endloop
  endfacet
  facet normal -0 0 1
    outer loop
      vertex 79.9739 88.1919 2
      vertex 81.4043 84.7389 2
      vertex 80.4913 88.377 2
    endloop
  endfacet
  facet normal 0 0 1
    outer loop
      vertex 81.4043 84.7389 2
      vertex 79.9739 88.1919 2
      vertex 81.2505 84.6662 2
    endloop
  endfacet
  facet normal -0 0 1
    outer loop
      vertex 79.4774 87.957 2
      vertex 81.2505 84.6662 2
      vertex 79.9739 88.1919 2
    endloop
  endfacet
  facet normal 0 0 1
    outer loop
      vertex 81.2505 84.6662 2
      vertex 79.4774 87.957 2
      vertex 81.2392 84.6608 2
    endloop
  endfacet
  facet normal 0 0 1
    outer loop
      vertex 81.2392 84.6608 2
      vertex 79.4774 87.957 2
      vertex 81.0933 84.5734 2
    endloop
  endfacet
  facet normal -0 0 1
    outer loop
      vertex 79.006 87.6745 2
      vertex 81.0933 84.5734 2
      vertex 79.4774 87.957 2
    endloop
  endfacet
  facet normal 0 0 1
    outer loop
      vertex 81.0933 84.5734 2
      vertex 79.006 87.6745 2
      vertex 81.0825 84.5669 2
    endloop
  endfacet
  facet normal 0 0 1
    outer loop
      vertex 81.0825 84.5669 2
      vertex 79.006 87.6745 2
      vertex 80.9459 84.4656 2
    endloop
  endfacet
  facet normal -0 0 1
    outer loop
      vertex 78.5647 87.3472 2
      vertex 80.9459 84.4656 2
      vertex 79.006 87.6745 2
    endloop
  endfacet
  facet normal 0 0 1
    outer loop
      vertex 80.9459 84.4656 2
      vertex 78.5647 87.3472 2
      vertex 80.9358 84.4581 2
    endloop
  endfacet
  facet normal 0 0 1
    outer loop
      vertex 80.9358 84.4581 2
      vertex 78.5647 87.3472 2
      vertex 80.9265 84.4497 2
    endloop
  endfacet
  facet normal 0 0 1
    outer loop
      vertex 80.9265 84.4497 2
      vertex 78.5647 87.3472 2
      vertex 80.8005 84.3355 2
    endloop
  endfacet
  facet normal -0 0 1
    outer loop
      vertex 78.1577 86.9783 2
      vertex 80.8005 84.3355 2
      vertex 78.5647 87.3472 2
    endloop
  endfacet
  facet normal 0 0 1
    outer loop
      vertex 80.8005 84.3355 2
      vertex 78.1577 86.9783 2
      vertex 80.792 84.3262 2
    endloop
  endfacet
  facet normal 0 0 1
    outer loop
      vertex 80.792 84.3262 2
      vertex 78.1577 86.9783 2
      vertex 80.6778 84.2001 2
    endloop
  endfacet
  facet normal -0 0 1
    outer loop
      vertex 77.7888 86.5713 2
      vertex 80.6778 84.2001 2
      vertex 78.1577 86.9783 2
    endloop
  endfacet
  facet normal 0 0 1
    outer loop
      vertex 80.6778 84.2001 2
      vertex 77.7888 86.5713 2
      vertex 80.6703 84.1901 2
    endloop
  endfacet
  facet normal 0 0 1
    outer loop
      vertex 80.6703 84.1901 2
      vertex 77.7888 86.5713 2
      vertex 80.569 84.0535 2
    endloop
  endfacet
  facet normal -0 0 1
    outer loop
      vertex 77.4614 86.1299 2
      vertex 80.569 84.0535 2
      vertex 77.7888 86.5713 2
    endloop
  endfacet
  facet normal 0 0 1
    outer loop
      vertex 80.569 84.0535 2
      vertex 77.4614 86.1299 2
      vertex 80.5626 84.0427 2
    endloop
  endfacet
  facet normal 0 0 1
    outer loop
      vertex 80.5626 84.0427 2
      vertex 77.4614 86.1299 2
      vertex 80.4751 83.8968 2
    endloop
  endfacet
  facet normal -0 0 1
    outer loop
      vertex 77.1789 85.6586 2
      vertex 80.4751 83.8968 2
      vertex 77.4614 86.1299 2
    endloop
  endfacet
  facet normal 0 0 1
    outer loop
      vertex 80.4751 83.8968 2
      vertex 77.1789 85.6586 2
      vertex 80.4698 83.8855 2
    endloop
  endfacet
  facet normal 0 0 1
    outer loop
      vertex 80.4698 83.8855 2
      vertex 77.1789 85.6586 2
      vertex 80.397 83.7317 2
    endloop
  endfacet
  facet normal 0 0 1
    outer loop
      vertex 82.25 76.3942 2
      vertex 80.0071 70.4971 2
      vertex 80.166 70.29 2
    endloop
  endfacet
  facet normal -0 0 1
    outer loop
      vertex 76.9441 85.1621 2
      vertex 80.397 83.7317 2
      vertex 77.1789 85.6586 2
    endloop
  endfacet
  facet normal 0 0 1
    outer loop
      vertex 80.397 83.7317 2
      vertex 76.9441 85.1621 2
      vertex 80.3397 83.5715 2
    endloop
  endfacet
  facet normal 0 0 1
    outer loop
      vertex 80.256 83.007 2
      vertex 79.8 70.656 2
      vertex 80.0071 70.4971 2
    endloop
  endfacet
  facet normal 0 0 1
    outer loop
      vertex 80.256 83.007 2
      vertex 76.5308 83.8113 2
      vertex 76.4776 83.7118 2
    endloop
  endfacet
  facet normal -0 0 1
    outer loop
      vertex 76.7589 84.6447 2
      vertex 80.3397 83.5715 2
      vertex 76.9441 85.1621 2
    endloop
  endfacet
  facet normal 0 0 1
    outer loop
      vertex 80.256 83.007 2
      vertex 76.4776 83.7118 2
      vertex 76.4149 83.6179 2
    endloop
  endfacet
  facet normal 0 0 1
    outer loop
      vertex 80.3397 83.5715 2
      vertex 76.7589 84.6447 2
      vertex 80.3355 83.5597 2
    endloop
  endfacet
  facet normal 0 0 1
    outer loop
      vertex 80.3355 83.5597 2
      vertex 76.7589 84.6447 2
      vertex 80.3325 83.5476 2
    endloop
  endfacet
  facet normal 0 0 1
    outer loop
      vertex 80.3325 83.5476 2
      vertex 76.7589 84.6447 2
      vertex 80.2911 83.3826 2
    endloop
  endfacet
  facet normal -0 0 1
    outer loop
      vertex 76.6199 84.0896 2
      vertex 80.2911 83.3826 2
      vertex 76.7589 84.6447 2
    endloop
  endfacet
  facet normal -0 0 1
    outer loop
      vertex 76.6068 84.0235 2
      vertex 80.2911 83.3826 2
      vertex 76.6199 84.0896 2
    endloop
  endfacet
  facet normal 0 0 1
    outer loop
      vertex 80.2911 83.3826 2
      vertex 76.6068 84.0235 2
      vertex 80.2893 83.3702 2
    endloop
  endfacet
  facet normal 0 0 1
    outer loop
      vertex 80.2893 83.3702 2
      vertex 76.6068 84.0235 2
      vertex 80.2643 83.2019 2
    endloop
  endfacet
  facet normal -0 0 1
    outer loop
      vertex 76.574 83.9156 2
      vertex 80.2643 83.2019 2
      vertex 76.6068 84.0235 2
    endloop
  endfacet
  facet normal 0 0 1
    outer loop
      vertex 80.2643 83.2019 2
      vertex 76.574 83.9156 2
      vertex 80.256 83.032 2
    endloop
  endfacet
  facet normal 0 0 1
    outer loop
      vertex 80.256 83.032 2
      vertex 76.574 83.9156 2
      vertex 80.2554 83.0195 2
    endloop
  endfacet
  facet normal 0 0 1
    outer loop
      vertex 80.2554 83.0195 2
      vertex 76.574 83.9156 2
      vertex 76.5308 83.8113 2
    endloop
  endfacet
  facet normal 0 0 1
    outer loop
      vertex 80.256 83.007 2
      vertex 76.4149 83.6179 2
      vertex 76.3433 83.5307 2
    endloop
  endfacet
  facet normal 0 0 1
    outer loop
      vertex 80.256 83.007 2
      vertex 79.5588 70.7559 2
      vertex 79.8 70.656 2
    endloop
  endfacet
  facet normal 0 0 1
    outer loop
      vertex 80.256 83.007 2
      vertex 76.3433 83.5307 2
      vertex 76.2635 83.4509 2
    endloop
  endfacet
  facet normal 0 0 1
    outer loop
      vertex 80.256 83.007 2
      vertex 76.2635 83.4509 2
      vertex 76.1763 83.3793 2
    endloop
  endfacet
  facet normal 0 0 1
    outer loop
      vertex 80.256 83.007 2
      vertex 76.1763 83.3793 2
      vertex 76.0824 83.3166 2
    endloop
  endfacet
  facet normal 0 0 1
    outer loop
      vertex 80.256 83.007 2
      vertex 79.3 70.79 2
      vertex 79.5588 70.7559 2
    endloop
  endfacet
  facet normal 0 0 1
    outer loop
      vertex 80.256 83.007 2
      vertex 76.0824 83.3166 2
      vertex 75.9829 83.2634 2
    endloop
  endfacet
  facet normal 0 0 1
    outer loop
      vertex 80.256 83.007 2
      vertex 75.9829 83.2634 2
      vertex 75.8786 83.2202 2
    endloop
  endfacet
  facet normal 0 0 1
    outer loop
      vertex 80.256 83.007 2
      vertex 75.8786 83.2202 2
      vertex 79.3 70.79 2
    endloop
  endfacet
  facet normal -0 0 1
    outer loop
      vertex 75.7706 83.1875 2
      vertex 79.3 70.79 2
      vertex 75.8786 83.2202 2
    endloop
  endfacet
  facet normal -0 0 1
    outer loop
      vertex 75.6599 83.1654 2
      vertex 79.3 70.79 2
      vertex 75.7706 83.1875 2
    endloop
  endfacet
  facet normal 0 0 1
    outer loop
      vertex 74.3 70.79 2
      vertex 75.6599 83.1654 2
      vertex 75.4912 83.153 2
    endloop
  endfacet
  facet normal 0 0 1
    outer loop
      vertex 75.6599 83.1654 2
      vertex 74.3 70.79 2
      vertex 79.3 70.79 2
    endloop
  endfacet
  facet normal 0 0 1
    outer loop
      vertex 75.4912 83.153 2
      vertex 74.0412 70.7559 2
      vertex 74.3 70.79 2
    endloop
  endfacet
  facet normal 0 0 1
    outer loop
      vertex 75.4912 83.153 2
      vertex 73.8 70.656 2
      vertex 74.0412 70.7559 2
    endloop
  endfacet
  facet normal 0 0 1
    outer loop
      vertex 75.4912 83.153 2
      vertex 73.5929 70.4971 2
      vertex 73.8 70.656 2
    endloop
  endfacet
  facet normal 0 0 1
    outer loop
      vertex 75.4912 83.153 2
      vertex 73.434 70.29 2
      vertex 73.5929 70.4971 2
    endloop
  endfacet
  facet normal 0 0 1
    outer loop
      vertex 39.6344 63.173 2
      vertex 73.434 70.29 2
      vertex 75.4912 83.153 2
    endloop
  endfacet
  facet normal -0 0 1
    outer loop
      vertex 39.9952 62.302 2
      vertex 73.3 52.79 2
      vertex 73.3 69.79 2
    endloop
  endfacet
  facet normal -0 0 1
    outer loop
      vertex 39.9569 62.1097 2
      vertex 73.3 52.79 2
      vertex 39.9808 62.2049 2
    endloop
  endfacet
  facet normal 0 -0 1
    outer loop
      vertex 52.8788 34.2759 2
      vertex 73.3 52.79 2
      vertex 39.9569 46.8903 2
    endloop
  endfacet
  facet normal 0 0 1
    outer loop
      vertex 39.8819 62.8714 2
      vertex 73.3 69.79 2
      vertex 73.3341 70.0488 2
    endloop
  endfacet
  facet normal 0 -0 1
    outer loop
      vertex 39.7071 63.1071 2
      vertex 73.434 70.29 2
      vertex 39.6344 63.173 2
    endloop
  endfacet
  facet normal 0 0 1
    outer loop
      vertex 73.3 39.01 2
      vertex 53.5859 33.5688 2
      vertex 53.62 33.31 2
    endloop
  endfacet
  facet normal 0 0 1
    outer loop
      vertex 73.3 39.01 2
      vertex 53.486 33.81 2
      vertex 53.5859 33.5688 2
    endloop
  endfacet
  facet normal 0 0 1
    outer loop
      vertex 73.3 39.01 2
      vertex 53.3271 34.0171 2
      vertex 53.486 33.81 2
    endloop
  endfacet
  facet normal 0 0 1
    outer loop
      vertex 73.3 48.01 2
      vertex 53.3271 34.0171 2
      vertex 73.3 39.01 2
    endloop
  endfacet
  facet normal -0 0 1
    outer loop
      vertex 39.9239 62.0173 2
      vertex 73.3 52.79 2
      vertex 39.9569 62.1097 2
    endloop
  endfacet
  facet normal 0 0 1
    outer loop
      vertex 39.9239 46.9827 2
      vertex 73.3 52.79 2
      vertex 39.9239 62.0173 2
    endloop
  endfacet
  facet normal 0 0 1
    outer loop
      vertex 73.3 69.79 2
      vertex 40 62.4 2
      vertex 39.9952 62.302 2
    endloop
  endfacet
  facet normal 0 0 1
    outer loop
      vertex 73.3 69.79 2
      vertex 39.9952 62.498 2
      vertex 40 62.4 2
    endloop
  endfacet
  facet normal 0 0 1
    outer loop
      vertex 73.3 69.79 2
      vertex 39.9808 62.5951 2
      vertex 39.9952 62.498 2
    endloop
  endfacet
  facet normal 0 0 1
    outer loop
      vertex 73.3 69.79 2
      vertex 39.9569 62.6903 2
      vertex 39.9808 62.5951 2
    endloop
  endfacet
  facet normal 0 0 1
    outer loop
      vertex 73.3 69.79 2
      vertex 39.9239 62.7827 2
      vertex 39.9569 62.6903 2
    endloop
  endfacet
  facet normal 0 0 1
    outer loop
      vertex 73.3 69.79 2
      vertex 39.8819 62.8714 2
      vertex 39.9239 62.7827 2
    endloop
  endfacet
  facet normal 0 0 1
    outer loop
      vertex 73.3341 70.0488 2
      vertex 39.8315 62.9556 2
      vertex 39.8819 62.8714 2
    endloop
  endfacet
  facet normal 0 0 1
    outer loop
      vertex 73.3341 70.0488 2
      vertex 39.773 63.0344 2
      vertex 39.8315 62.9556 2
    endloop
  endfacet
  facet normal 0 0 1
    outer loop
      vertex 73.3341 70.0488 2
      vertex 39.7071 63.1071 2
      vertex 39.773 63.0344 2
    endloop
  endfacet
  facet normal 0 0 1
    outer loop
      vertex 73.434 70.29 2
      vertex 39.7071 63.1071 2
      vertex 73.3341 70.0488 2
    endloop
  endfacet
  facet normal -0 0 1
    outer loop
      vertex 31.6058 83.153 2
      vertex 39.6344 63.173 2
      vertex 75.4912 83.153 2
    endloop
  endfacet
  facet normal 0 0 1
    outer loop
      vertex 39.6344 63.173 2
      vertex 31.6058 83.153 2
      vertex 39.5556 63.2315 2
    endloop
  endfacet
  facet normal 0 0 1
    outer loop
      vertex 39.5556 63.2315 2
      vertex 31.6058 83.153 2
      vertex 39.4714 63.2819 2
    endloop
  endfacet
  facet normal 0 0 1
    outer loop
      vertex 39.4714 63.2819 2
      vertex 31.6058 83.153 2
      vertex 39.3827 63.3239 2
    endloop
  endfacet
  facet normal 0 0 1
    outer loop
      vertex 39.3827 63.3239 2
      vertex 31.6058 83.153 2
      vertex 39.2903 63.3569 2
    endloop
  endfacet
  facet normal 0 0 1
    outer loop
      vertex 39.2903 63.3569 2
      vertex 31.6058 83.153 2
      vertex 39.1951 63.3808 2
    endloop
  endfacet
  facet normal 0 0 1
    outer loop
      vertex 39.1951 63.3808 2
      vertex 31.6058 83.153 2
      vertex 39.098 63.3952 2
    endloop
  endfacet
  facet normal 0 0 1
    outer loop
      vertex 39.098 63.3952 2
      vertex 31.6058 83.153 2
      vertex 39 63.4 2
    endloop
  endfacet
  facet normal 0 0 1
    outer loop
      vertex 39 63.4 2
      vertex 31.6058 83.153 2
      vertex 38.902 63.3952 2
    endloop
  endfacet
  facet normal 0 0 1
    outer loop
      vertex 38.902 63.3952 2
      vertex 31.6058 83.153 2
      vertex 38.8049 63.3808 2
    endloop
  endfacet
  facet normal 0 0 1
    outer loop
      vertex 38.8049 63.3808 2
      vertex 31.6058 83.153 2
      vertex 38.7097 63.3569 2
    endloop
  endfacet
  facet normal 0 0 1
    outer loop
      vertex 38.7097 63.3569 2
      vertex 31.6058 83.153 2
      vertex 38.6173 63.3239 2
    endloop
  endfacet
  facet normal 0 0 1
    outer loop
      vertex 38.0048 46.698 2
      vertex 24.847 32.6058 2
      vertex 38 46.6 2
    endloop
  endfacet
  facet normal 0 0 1
    outer loop
      vertex 38 46.6 2
      vertex 37.3612 34.2759 2
      vertex 37.62 34.31 2
    endloop
  endfacet
  facet normal 0 0 1
    outer loop
      vertex 38 46.6 2
      vertex 37.12 34.176 2
      vertex 37.3612 34.2759 2
    endloop
  endfacet
  facet normal 0 -0 1
    outer loop
      vertex 36.9129 34.0171 2
      vertex 38 46.6 2
      vertex 24.847 32.6058 2
    endloop
  endfacet
  facet normal 0 0 1
    outer loop
      vertex 38 46.6 2
      vertex 36.9129 34.0171 2
      vertex 37.12 34.176 2
    endloop
  endfacet
  facet normal 0 0 1
    outer loop
      vertex 36.9129 34.0171 2
      vertex 24.847 32.6058 2
      vertex 36.754 33.81 2
    endloop
  endfacet
  facet normal 0 0 1
    outer loop
      vertex 36.754 33.81 2
      vertex 24.847 32.6058 2
      vertex 36.6541 33.5688 2
    endloop
  endfacet
  facet normal 0 0 1
    outer loop
      vertex 24.847 32.6058 2
      vertex 38 62.4 2
      vertex 24.847 76.3942 2
    endloop
  endfacet
  facet normal 0 0 1
    outer loop
      vertex 38.0048 62.498 2
      vertex 24.847 76.3942 2
      vertex 38 62.4 2
    endloop
  endfacet
  facet normal 0 0 1
    outer loop
      vertex 38.0192 62.5951 2
      vertex 24.847 76.3942 2
      vertex 38.0048 62.498 2
    endloop
  endfacet
  facet normal 0 0 1
    outer loop
      vertex 38.0431 62.6903 2
      vertex 24.847 76.3942 2
      vertex 38.0192 62.5951 2
    endloop
  endfacet
  facet normal 0 0 1
    outer loop
      vertex 38.0761 62.7827 2
      vertex 24.847 76.3942 2
      vertex 38.0431 62.6903 2
    endloop
  endfacet
  facet normal 0 0 1
    outer loop
      vertex 38.1181 62.8714 2
      vertex 24.847 76.3942 2
      vertex 38.0761 62.7827 2
    endloop
  endfacet
  facet normal 0 0 1
    outer loop
      vertex 38.1685 62.9556 2
      vertex 24.847 76.3942 2
      vertex 38.1181 62.8714 2
    endloop
  endfacet
  facet normal 0 0 1
    outer loop
      vertex 38.227 63.0344 2
      vertex 24.847 76.3942 2
      vertex 38.1685 62.9556 2
    endloop
  endfacet
  facet normal 0 0 1
    outer loop
      vertex 38.2929 63.1071 2
      vertex 24.847 76.3942 2
      vertex 38.227 63.0344 2
    endloop
  endfacet
  facet normal 0 0 1
    outer loop
      vertex 38.3656 63.173 2
      vertex 24.847 76.3942 2
      vertex 38.2929 63.1071 2
    endloop
  endfacet
  facet normal 0 0 1
    outer loop
      vertex 38.4444 63.2315 2
      vertex 24.847 76.3942 2
      vertex 38.3656 63.173 2
    endloop
  endfacet
  facet normal 0 0 1
    outer loop
      vertex 38.5286 63.2819 2
      vertex 24.847 76.3942 2
      vertex 38.4444 63.2315 2
    endloop
  endfacet
  facet normal 0 0 1
    outer loop
      vertex 38.6173 63.3239 2
      vertex 24.847 76.3942 2
      vertex 38.5286 63.2819 2
    endloop
  endfacet
  facet normal -0 0 1
    outer loop
      vertex 24.847 76.3942 2
      vertex 38.6173 63.3239 2
      vertex 31.6058 83.153 2
    endloop
  endfacet
  facet normal -0 0 1
    outer loop
      vertex 83.977 83.032 2
      vertex 87.7151 83.0195 2
      vertex 87.6881 83.5682 2
    endloop
  endfacet
  facet normal 0 0 1
    outer loop
      vertex 83.977 83.032 2
      vertex 87.6881 83.5682 2
      vertex 87.6075 84.1117 2
    endloop
  endfacet
  facet normal 0 0 1
    outer loop
      vertex 83.977 83.007 2
      vertex 87.7151 83.0195 2
      vertex 83.9776 83.0195 2
    endloop
  endfacet
  facet normal 0 0 1
    outer loop
      vertex 87.7151 83.0195 2
      vertex 83.977 83.007 2
      vertex 87.6881 82.4707 2
    endloop
  endfacet
  facet normal 0 0 1
    outer loop
      vertex 83.977 83.032 2
      vertex 87.6075 84.1117 2
      vertex 87.474 84.6447 2
    endloop
  endfacet
  facet normal 0 0 1
    outer loop
      vertex 83.977 83.032 2
      vertex 87.474 84.6447 2
      vertex 87.2889 85.162 2
    endloop
  endfacet
  facet normal -0 0 1
    outer loop
      vertex 83.9686 82.8371 2
      vertex 87.6881 82.4707 2
      vertex 83.977 83.007 2
    endloop
  endfacet
  facet normal 0 0 1
    outer loop
      vertex 83.977 83.032 2
      vertex 87.2889 85.162 2
      vertex 87.054 85.6586 2
    endloop
  endfacet
  facet normal 0 0 1
    outer loop
      vertex 87.6881 82.4707 2
      vertex 83.9686 82.8371 2
      vertex 87.6075 81.9272 2
    endloop
  endfacet
  facet normal 0 0 1
    outer loop
      vertex 83.977 83.032 2
      vertex 87.054 85.6586 2
      vertex 86.7715 86.1299 2
    endloop
  endfacet
  facet normal -0 0 1
    outer loop
      vertex 83.9437 82.6688 2
      vertex 87.6075 81.9272 2
      vertex 83.9686 82.8371 2
    endloop
  endfacet
  facet normal 0 0 1
    outer loop
      vertex 83.977 83.032 2
      vertex 86.7715 86.1299 2
      vertex 86.4442 86.5712 2
    endloop
  endfacet
  facet normal -0 0 1
    outer loop
      vertex 83.9418 82.6564 2
      vertex 87.6075 81.9272 2
      vertex 83.9437 82.6688 2
    endloop
  endfacet
  facet normal 0 0 1
    outer loop
      vertex 87.6075 81.9272 2
      vertex 83.9418 82.6564 2
      vertex 87.474 81.3943 2
    endloop
  endfacet
  facet normal 0 0 1
    outer loop
      vertex 83.977 83.032 2
      vertex 86.4442 86.5712 2
      vertex 86.0753 86.9783 2
    endloop
  endfacet
  facet normal -0 0 1
    outer loop
      vertex 83.9005 82.4914 2
      vertex 87.474 81.3943 2
      vertex 83.9418 82.6564 2
    endloop
  endfacet
  facet normal 0 0 1
    outer loop
      vertex 83.977 83.032 2
      vertex 86.0753 86.9783 2
      vertex 85.6682 87.3472 2
    endloop
  endfacet
  facet normal 0 0 1
    outer loop
      vertex 83.977 83.032 2
      vertex 85.6682 87.3472 2
      vertex 85.2269 87.6745 2
    endloop
  endfacet
  facet normal -0 0 1
    outer loop
      vertex 83.8974 82.4792 2
      vertex 87.474 81.3943 2
      vertex 83.9005 82.4914 2
    endloop
  endfacet
  facet normal 0 0 1
    outer loop
      vertex 83.977 83.032 2
      vertex 85.2269 87.6745 2
      vertex 84.7556 87.957 2
    endloop
  endfacet
  facet normal -0 0 1
    outer loop
      vertex 83.8932 82.4674 2
      vertex 87.474 81.3943 2
      vertex 83.8974 82.4792 2
    endloop
  endfacet
  facet normal 0 0 1
    outer loop
      vertex 87.474 81.3943 2
      vertex 83.8932 82.4674 2
      vertex 87.2889 80.8769 2
    endloop
  endfacet
  facet normal 0 0 1
    outer loop
      vertex 82.9825 84.6662 2
      vertex 84.7556 87.957 2
      vertex 84.259 88.1919 2
    endloop
  endfacet
  facet normal -0 0 1
    outer loop
      vertex 83.8359 82.3073 2
      vertex 87.2889 80.8769 2
      vertex 83.8932 82.4674 2
    endloop
  endfacet
  facet normal 0 0 1
    outer loop
      vertex 87.2889 80.8769 2
      vertex 83.8359 82.3073 2
      vertex 87.054 80.3804 2
    endloop
  endfacet
  facet normal -0 0 1
    outer loop
      vertex 83.7632 82.1535 2
      vertex 87.054 80.3804 2
      vertex 83.8359 82.3073 2
    endloop
  endfacet
  facet normal -0 0 1
    outer loop
      vertex 83.7578 82.1422 2
      vertex 87.054 80.3804 2
      vertex 83.7632 82.1535 2
    endloop
  endfacet
  facet normal -0 0 1
    outer loop
      vertex 83.7514 82.1314 2
      vertex 87.054 80.3804 2
      vertex 83.7578 82.1422 2
    endloop
  endfacet
  facet normal 0 0 1
    outer loop
      vertex 87.054 80.3804 2
      vertex 83.7514 82.1314 2
      vertex 86.7715 79.909 2
    endloop
  endfacet
  facet normal -0 0 1
    outer loop
      vertex 83.6639 81.9855 2
      vertex 86.7715 79.909 2
      vertex 83.7514 82.1314 2
    endloop
  endfacet
  facet normal 0 0 1
    outer loop
      vertex 86.7715 79.909 2
      vertex 83.6639 81.9855 2
      vertex 86.4442 79.4677 2
    endloop
  endfacet
  facet normal -0 0 1
    outer loop
      vertex 83.5626 81.8489 2
      vertex 86.4442 79.4677 2
      vertex 83.6639 81.9855 2
    endloop
  endfacet
  facet normal -0 0 1
    outer loop
      vertex 83.5551 81.8388 2
      vertex 86.4442 79.4677 2
      vertex 83.5626 81.8489 2
    endloop
  endfacet
  facet normal 0 0 1
    outer loop
      vertex 86.4442 79.4677 2
      vertex 83.5551 81.8388 2
      vertex 86.0753 79.0607 2
    endloop
  endfacet
  facet normal -0 0 1
    outer loop
      vertex 83.4409 81.7128 2
      vertex 86.0753 79.0607 2
      vertex 83.5551 81.8388 2
    endloop
  endfacet
  facet normal -0 0 1
    outer loop
      vertex 83.4325 81.7035 2
      vertex 86.0753 79.0607 2
      vertex 83.4409 81.7128 2
    endloop
  endfacet
  facet normal -0 0 1
    outer loop
      vertex 83.4232 81.695 2
      vertex 86.0753 79.0607 2
      vertex 83.4325 81.7035 2
    endloop
  endfacet
  facet normal 0 0 1
    outer loop
      vertex 86.0753 79.0607 2
      vertex 83.4232 81.695 2
      vertex 85.6683 78.6918 2
    endloop
  endfacet
  facet normal -0 0 1
    outer loop
      vertex 83.2971 81.5808 2
      vertex 85.6683 78.6918 2
      vertex 83.4232 81.695 2
    endloop
  endfacet
  facet normal -0 0 1
    outer loop
      vertex 83.2871 81.5733 2
      vertex 85.6683 78.6918 2
      vertex 83.2971 81.5808 2
    endloop
  endfacet
  facet normal 0 0 1
    outer loop
      vertex 85.6683 78.6918 2
      vertex 83.2871 81.5733 2
      vertex 85.2269 78.3644 2
    endloop
  endfacet
  facet normal -0 0 1
    outer loop
      vertex 83.1505 81.472 2
      vertex 85.2269 78.3644 2
      vertex 83.2871 81.5733 2
    endloop
  endfacet
  facet normal -0 0 1
    outer loop
      vertex 83.1397 81.4656 2
      vertex 85.2269 78.3644 2
      vertex 83.1505 81.472 2
    endloop
  endfacet
  facet normal 0 0 1
    outer loop
      vertex 85.2269 78.3644 2
      vertex 83.1397 81.4656 2
      vertex 84.7556 78.0819 2
    endloop
  endfacet
  facet normal -0 0 1
    outer loop
      vertex 82.9938 81.3781 2
      vertex 84.7556 78.0819 2
      vertex 83.1397 81.4656 2
    endloop
  endfacet
  facet normal 0 0 1
    outer loop
      vertex 84.7556 78.0819 2
      vertex 82.9938 81.3781 2
      vertex 84.2591 77.8471 2
    endloop
  endfacet
  facet normal -0 0 1
    outer loop
      vertex 82.84 81.3054 2
      vertex 84.2591 77.8471 2
      vertex 82.9938 81.3781 2
    endloop
  endfacet
  facet normal 0 0 1
    outer loop
      vertex 83.1539 77.5147 2
      vertex 83.0662 77.4947 2
      vertex 83.154 77.5144 2
    endloop
  endfacet
  facet normal -0 0 1
    outer loop
      vertex 82.8287 81.3 2
      vertex 84.2591 77.8471 2
      vertex 82.84 81.3054 2
    endloop
  endfacet
  facet normal -0 0 1
    outer loop
      vertex 82.8169 81.2958 2
      vertex 84.2591 77.8471 2
      vertex 82.8287 81.3 2
    endloop
  endfacet
  facet normal 0 0 1
    outer loop
      vertex 84.2591 77.8471 2
      vertex 82.8169 81.2958 2
      vertex 83.7417 77.6619 2
    endloop
  endfacet
  facet normal -0 0 1
    outer loop
      vertex 82.6567 81.2385 2
      vertex 83.7417 77.6619 2
      vertex 82.8169 81.2958 2
    endloop
  endfacet
  facet normal -0 0 1
    outer loop
      vertex 82.6446 81.2355 2
      vertex 83.7417 77.6619 2
      vertex 82.6567 81.2385 2
    endloop
  endfacet
  facet normal -0 0 1
    outer loop
      vertex 82.4796 81.1941 2
      vertex 83.7417 77.6619 2
      vertex 82.6446 81.2355 2
    endloop
  endfacet
  facet normal 0 0 1
    outer loop
      vertex 83.7417 77.6619 2
      vertex 82.4796 81.1941 2
      vertex 83.1539 77.5147 2
    endloop
  endfacet
  facet normal -0 0 1
    outer loop
      vertex 82.4672 81.1923 2
      vertex 83.1539 77.5147 2
      vertex 82.4796 81.1941 2
    endloop
  endfacet
  facet normal 0 0 1
    outer loop
      vertex 83.1539 77.5147 2
      vertex 82.4672 81.1923 2
      vertex 83.0662 77.4947 2
    endloop
  endfacet
  facet normal -0 0 1
    outer loop
      vertex 82.2989 81.1673 2
      vertex 83.0662 77.4947 2
      vertex 82.4672 81.1923 2
    endloop
  endfacet
  facet normal 0 0 1
    outer loop
      vertex 83.0662 77.4947 2
      vertex 82.2989 81.1673 2
      vertex 82.9599 77.4567 2
    endloop
  endfacet
  facet normal -0 0 1
    outer loop
      vertex 82.129 81.159 2
      vertex 82.9599 77.4567 2
      vertex 82.2989 81.1673 2
    endloop
  endfacet
  facet normal -0 0 1
    outer loop
      vertex 82.1165 81.1584 2
      vertex 82.9599 77.4567 2
      vertex 82.129 81.159 2
    endloop
  endfacet
  facet normal 0 0 1
    outer loop
      vertex 82.9599 77.4567 2
      vertex 82.1165 81.1584 2
      vertex 82.8579 77.4084 2
    endloop
  endfacet
  facet normal 0 0 1
    outer loop
      vertex 82.104 81.159 2
      vertex 82.8579 77.4084 2
      vertex 82.1165 81.1584 2
    endloop
  endfacet
  facet normal 0 0 1
    outer loop
      vertex 81.9341 81.1673 2
      vertex 82.8579 77.4084 2
      vertex 82.104 81.159 2
    endloop
  endfacet
  facet normal 0 0 1
    outer loop
      vertex 82.8579 77.4084 2
      vertex 81.9341 81.1673 2
      vertex 82.7611 77.3504 2
    endloop
  endfacet
  facet normal 0 0 1
    outer loop
      vertex 81.7658 81.1923 2
      vertex 82.7611 77.3504 2
      vertex 81.9341 81.1673 2
    endloop
  endfacet
  facet normal 0 0 1
    outer loop
      vertex 82.7611 77.3504 2
      vertex 81.7658 81.1923 2
      vertex 82.6704 77.2832 2
    endloop
  endfacet
  facet normal 0 0 1
    outer loop
      vertex 81.7534 81.1941 2
      vertex 82.6704 77.2832 2
      vertex 81.7658 81.1923 2
    endloop
  endfacet
  facet normal 0 0 1
    outer loop
      vertex 81.5884 81.2355 2
      vertex 82.6704 77.2832 2
      vertex 81.7534 81.1941 2
    endloop
  endfacet
  facet normal 0 0 1
    outer loop
      vertex 82.6704 77.2832 2
      vertex 81.5884 81.2355 2
      vertex 82.5868 77.2074 2
    endloop
  endfacet
  facet normal 0 0 1
    outer loop
      vertex 81.5762 81.2385 2
      vertex 82.5868 77.2074 2
      vertex 81.5884 81.2355 2
    endloop
  endfacet
  facet normal 0 0 1
    outer loop
      vertex 81.4161 81.2958 2
      vertex 82.511 77.1238 2
      vertex 81.5762 81.2385 2
    endloop
  endfacet
  facet normal 0 0 1
    outer loop
      vertex 82.5868 77.2074 2
      vertex 81.5762 81.2385 2
      vertex 82.511 77.1238 2
    endloop
  endfacet
  facet normal -0 0 1
    outer loop
      vertex 83.977 25.993 2
      vertex 87.7151 25.9805 2
      vertex 87.6881 26.5293 2
    endloop
  endfacet
  facet normal 0 0 1
    outer loop
      vertex 83.9686 26.1629 2
      vertex 87.6881 26.5293 2
      vertex 87.6075 27.0728 2
    endloop
  endfacet
  facet normal 0 0 1
    outer loop
      vertex 87.7151 25.9805 2
      vertex 83.977 25.993 2
      vertex 83.9776 25.9805 2
    endloop
  endfacet
  facet normal 0 0 1
    outer loop
      vertex 83.9418 26.3436 2
      vertex 87.6075 27.0728 2
      vertex 87.474 27.6057 2
    endloop
  endfacet
  facet normal 0 0 1
    outer loop
      vertex 83.977 25.968 2
      vertex 87.7151 25.9805 2
      vertex 83.9776 25.9805 2
    endloop
  endfacet
  facet normal -0 0 1
    outer loop
      vertex 83.9686 25.7981 2
      vertex 87.6881 25.4318 2
      vertex 83.977 25.968 2
    endloop
  endfacet
  facet normal 0 0 1
    outer loop
      vertex 83.8932 26.5326 2
      vertex 87.474 27.6057 2
      vertex 87.2889 28.1231 2
    endloop
  endfacet
  facet normal 0 0 1
    outer loop
      vertex 83.8359 26.6927 2
      vertex 87.2889 28.1231 2
      vertex 87.054 28.6196 2
    endloop
  endfacet
  facet normal 0 0 1
    outer loop
      vertex 87.7151 25.9805 2
      vertex 83.977 25.968 2
      vertex 87.6881 25.4318 2
    endloop
  endfacet
  facet normal -0 0 1
    outer loop
      vertex 83.9437 25.6298 2
      vertex 87.6075 24.8882 2
      vertex 83.9686 25.7981 2
    endloop
  endfacet
  facet normal 0 0 1
    outer loop
      vertex 83.7514 26.8686 2
      vertex 87.054 28.6196 2
      vertex 86.7715 29.091 2
    endloop
  endfacet
  facet normal 0 0 1
    outer loop
      vertex 83.6639 27.0145 2
      vertex 86.7715 29.091 2
      vertex 86.4442 29.5323 2
    endloop
  endfacet
  facet normal 0 0 1
    outer loop
      vertex 87.6881 25.4318 2
      vertex 83.9686 25.7981 2
      vertex 87.6075 24.8882 2
    endloop
  endfacet
  facet normal 0 0 1
    outer loop
      vertex 83.5551 27.1612 2
      vertex 86.4442 29.5323 2
      vertex 86.0753 29.9393 2
    endloop
  endfacet
  facet normal -0 0 1
    outer loop
      vertex 83.9418 25.6174 2
      vertex 87.6075 24.8882 2
      vertex 83.9437 25.6298 2
    endloop
  endfacet
  facet normal 0 0 1
    outer loop
      vertex 83.4232 27.305 2
      vertex 86.0753 29.9393 2
      vertex 85.6683 30.3082 2
    endloop
  endfacet
  facet normal 0 0 1
    outer loop
      vertex 87.6075 24.8882 2
      vertex 83.9418 25.6174 2
      vertex 87.474 24.3553 2
    endloop
  endfacet
  facet normal -0 0 1
    outer loop
      vertex 83.8974 25.4403 2
      vertex 87.474 24.3553 2
      vertex 83.9005 25.4524 2
    endloop
  endfacet
  facet normal 0 0 1
    outer loop
      vertex 83.2871 27.4267 2
      vertex 85.6683 30.3082 2
      vertex 85.2269 30.6356 2
    endloop
  endfacet
  facet normal 0 0 1
    outer loop
      vertex 83.1397 27.5344 2
      vertex 85.2269 30.6356 2
      vertex 84.7556 30.9181 2
    endloop
  endfacet
  facet normal -0 0 1
    outer loop
      vertex 83.8932 25.4285 2
      vertex 87.474 24.3553 2
      vertex 83.8974 25.4403 2
    endloop
  endfacet
  facet normal 0 0 1
    outer loop
      vertex 82.9938 27.6219 2
      vertex 84.7556 30.9181 2
      vertex 84.2591 31.1529 2
    endloop
  endfacet
  facet normal 0 0 1
    outer loop
      vertex 87.474 24.3553 2
      vertex 83.8932 25.4285 2
      vertex 87.2889 23.838 2
    endloop
  endfacet
  facet normal -0 0 1
    outer loop
      vertex 83.8359 25.2683 2
      vertex 87.2889 23.838 2
      vertex 83.8932 25.4285 2
    endloop
  endfacet
  facet normal -0 0 1
    outer loop
      vertex 83.9005 25.4524 2
      vertex 87.474 24.3553 2
      vertex 83.9418 25.6174 2
    endloop
  endfacet
  facet normal 0 0 1
    outer loop
      vertex 87.6881 26.5293 2
      vertex 83.9686 26.1629 2
      vertex 83.977 25.993 2
    endloop
  endfacet
  facet normal 0 0 1
    outer loop
      vertex 87.6075 27.0728 2
      vertex 83.9437 26.3312 2
      vertex 83.9686 26.1629 2
    endloop
  endfacet
  facet normal 0 0 1
    outer loop
      vertex 87.6075 27.0728 2
      vertex 83.9418 26.3436 2
      vertex 83.9437 26.3312 2
    endloop
  endfacet
  facet normal 0 0 1
    outer loop
      vertex 87.474 27.6057 2
      vertex 83.9005 26.5086 2
      vertex 83.9418 26.3436 2
    endloop
  endfacet
  facet normal 0 0 1
    outer loop
      vertex 87.474 27.6057 2
      vertex 83.8974 26.5208 2
      vertex 83.9005 26.5086 2
    endloop
  endfacet
  facet normal 0 0 1
    outer loop
      vertex 87.474 27.6057 2
      vertex 83.8932 26.5326 2
      vertex 83.8974 26.5208 2
    endloop
  endfacet
  facet normal 0 0 1
    outer loop
      vertex 87.2889 28.1231 2
      vertex 83.8359 26.6927 2
      vertex 83.8932 26.5326 2
    endloop
  endfacet
  facet normal 0 0 1
    outer loop
      vertex 87.054 28.6196 2
      vertex 83.7632 26.8465 2
      vertex 83.8359 26.6927 2
    endloop
  endfacet
  facet normal 0 0 1
    outer loop
      vertex 87.054 28.6196 2
      vertex 83.7578 26.8578 2
      vertex 83.7632 26.8465 2
    endloop
  endfacet
  facet normal 0 0 1
    outer loop
      vertex 87.054 28.6196 2
      vertex 83.7514 26.8686 2
      vertex 83.7578 26.8578 2
    endloop
  endfacet
  facet normal 0 0 1
    outer loop
      vertex 82.8169 27.7042 2
      vertex 84.2591 31.1529 2
      vertex 83.7417 31.3381 2
    endloop
  endfacet
  facet normal 0 0 1
    outer loop
      vertex 86.7715 29.091 2
      vertex 83.6639 27.0145 2
      vertex 83.7514 26.8686 2
    endloop
  endfacet
  facet normal 0 0 1
    outer loop
      vertex 86.4442 29.5323 2
      vertex 83.5626 27.1511 2
      vertex 83.6639 27.0145 2
    endloop
  endfacet
  facet normal 0 0 1
    outer loop
      vertex 86.4442 29.5323 2
      vertex 83.5551 27.1612 2
      vertex 83.5626 27.1511 2
    endloop
  endfacet
  facet normal 0 0 1
    outer loop
      vertex 86.0753 29.9393 2
      vertex 83.4409 27.2872 2
      vertex 83.5551 27.1612 2
    endloop
  endfacet
  facet normal 0 0 1
    outer loop
      vertex 86.0753 29.9393 2
      vertex 83.4325 27.2965 2
      vertex 83.4409 27.2872 2
    endloop
  endfacet
  facet normal 0 0 1
    outer loop
      vertex 86.0753 29.9393 2
      vertex 83.4232 27.305 2
      vertex 83.4325 27.2965 2
    endloop
  endfacet
  facet normal 0 0 1
    outer loop
      vertex 85.6683 30.3082 2
      vertex 83.2971 27.4192 2
      vertex 83.4232 27.305 2
    endloop
  endfacet
  facet normal 0 0 1
    outer loop
      vertex 85.6683 30.3082 2
      vertex 83.2871 27.4267 2
      vertex 83.2971 27.4192 2
    endloop
  endfacet
  facet normal 0 0 1
    outer loop
      vertex 82.6446 27.7645 2
      vertex 83.7417 31.3381 2
      vertex 83.1866 31.4771 2
    endloop
  endfacet
  facet normal 0 0 1
    outer loop
      vertex 85.2269 30.6356 2
      vertex 83.1505 27.528 2
      vertex 83.2871 27.4267 2
    endloop
  endfacet
  facet normal 0 0 1
    outer loop
      vertex 85.2269 30.6356 2
      vertex 83.1397 27.5344 2
      vertex 83.1505 27.528 2
    endloop
  endfacet
  facet normal 0 0 1
    outer loop
      vertex 82.4796 27.8059 2
      vertex 83.1866 31.4771 2
      vertex 83.1205 31.4902 2
    endloop
  endfacet
  facet normal 0 0 1
    outer loop
      vertex 82.2989 27.8327 2
      vertex 83.1205 31.4902 2
      vertex 83.0126 31.523 2
    endloop
  endfacet
  facet normal 0 0 1
    outer loop
      vertex 84.7556 30.9181 2
      vertex 82.9938 27.6219 2
      vertex 83.1397 27.5344 2
    endloop
  endfacet
  facet normal 0 0 1
    outer loop
      vertex 82.129 27.841 2
      vertex 83.0126 31.523 2
      vertex 82.9083 31.5662 2
    endloop
  endfacet
  facet normal 0 0 1
    outer loop
      vertex 84.2591 31.1529 2
      vertex 82.84 27.6946 2
      vertex 82.9938 27.6219 2
    endloop
  endfacet
  facet normal 0 0 1
    outer loop
      vertex 84.2591 31.1529 2
      vertex 82.8287 27.7 2
      vertex 82.84 27.6946 2
    endloop
  endfacet
  facet normal 0 0 1
    outer loop
      vertex 84.2591 31.1529 2
      vertex 82.8169 27.7042 2
      vertex 82.8287 27.7 2
    endloop
  endfacet
  facet normal 0 0 1
    outer loop
      vertex 82.104 27.841 2
      vertex 82.9083 31.5662 2
      vertex 82.8088 31.6194 2
    endloop
  endfacet
  facet normal 0 0 1
    outer loop
      vertex 81.9341 27.8327 2
      vertex 82.8088 31.6194 2
      vertex 82.7149 31.6821 2
    endloop
  endfacet
  facet normal 0 0 1
    outer loop
      vertex 83.7417 31.3381 2
      vertex 82.6567 27.7615 2
      vertex 82.8169 27.7042 2
    endloop
  endfacet
  facet normal 0 0 1
    outer loop
      vertex 83.7417 31.3381 2
      vertex 82.6446 27.7645 2
      vertex 82.6567 27.7615 2
    endloop
  endfacet
  facet normal 0 0 1
    outer loop
      vertex 81.7534 27.8059 2
      vertex 82.7149 31.6821 2
      vertex 82.6277 31.7537 2
    endloop
  endfacet
  facet normal 0 0 1
    outer loop
      vertex 81.5762 27.7615 2
      vertex 82.6277 31.7537 2
      vertex 82.5479 31.8335 2
    endloop
  endfacet
  facet normal 0 0 1
    outer loop
      vertex 83.1866 31.4771 2
      vertex 82.4796 27.8059 2
      vertex 82.6446 27.7645 2
    endloop
  endfacet
  facet normal 0 0 1
    outer loop
      vertex 81.4043 27.7 2
      vertex 82.5479 31.8335 2
      vertex 82.4763 31.9207 2
    endloop
  endfacet
  facet normal 0 0 1
    outer loop
      vertex 83.1205 31.4902 2
      vertex 82.4672 27.8077 2
      vertex 82.4796 27.8059 2
    endloop
  endfacet
  facet normal 0 0 1
    outer loop
      vertex 81.2392 27.6219 2
      vertex 82.4763 31.9207 2
      vertex 82.4136 32.0146 2
    endloop
  endfacet
  facet normal 0 0 1
    outer loop
      vertex 81.2392 27.6219 2
      vertex 82.4136 32.0146 2
      vertex 82.3604 32.1141 2
    endloop
  endfacet
  facet normal 0 0 1
    outer loop
      vertex 81.0825 27.528 2
      vertex 82.3604 32.1141 2
      vertex 82.3172 32.2184 2
    endloop
  endfacet
  facet normal 0 0 1
    outer loop
      vertex 83.1205 31.4902 2
      vertex 82.2989 27.8327 2
      vertex 82.4672 27.8077 2
    endloop
  endfacet
  facet normal 0 0 1
    outer loop
      vertex 80.9358 27.4192 2
      vertex 82.3172 32.2184 2
      vertex 82.2845 32.3264 2
    endloop
  endfacet
  facet normal 0 0 1
    outer loop
      vertex 75.7156 25.8249 2
      vertex 82.2845 32.3264 2
      vertex 82.2624 32.437 2
    endloop
  endfacet
  facet normal 0 0 1
    outer loop
      vertex 75.6039 25.8414 2
      vertex 82.2624 32.437 2
      vertex 82.25 32.6058 2
    endloop
  endfacet
  facet normal 0 0 1
    outer loop
      vertex 83.0126 31.523 2
      vertex 82.129 27.841 2
      vertex 82.2989 27.8327 2
    endloop
  endfacet
  facet normal 0 0 1
    outer loop
      vertex 82.25 76.3942 2
      vertex 80.3 52.79 2
      vertex 82.25 32.6058 2
    endloop
  endfacet
  facet normal 0 0 1
    outer loop
      vertex 81.4043 81.3 2
      vertex 82.511 77.1238 2
      vertex 81.4161 81.2958 2
    endloop
  endfacet
  facet normal -0 0 1
    outer loop
      vertex 80.3 48.01 2
      vertex 82.25 32.6058 2
      vertex 80.3 52.79 2
    endloop
  endfacet
  facet normal 0 0 1
    outer loop
      vertex 82.511 77.1238 2
      vertex 81.4043 81.3 2
      vertex 82.4438 77.0331 2
    endloop
  endfacet
  facet normal -0 0 1
    outer loop
      vertex 80.3 39.01 2
      vertex 82.25 32.6058 2
      vertex 80.3 48.01 2
    endloop
  endfacet
  facet normal 0 0 1
    outer loop
      vertex 81.3929 81.3054 2
      vertex 82.4438 77.0331 2
      vertex 81.4043 81.3 2
    endloop
  endfacet
  facet normal -0 0 1
    outer loop
      vertex 80.2659 38.7512 2
      vertex 82.25 32.6058 2
      vertex 80.3 39.01 2
    endloop
  endfacet
  facet normal 0 0 1
    outer loop
      vertex 81.2392 81.3781 2
      vertex 82.4438 77.0331 2
      vertex 81.3929 81.3054 2
    endloop
  endfacet
  facet normal -0 0 1
    outer loop
      vertex 80.166 38.51 2
      vertex 82.25 32.6058 2
      vertex 80.2659 38.7512 2
    endloop
  endfacet
  facet normal 0 0 1
    outer loop
      vertex 82.4438 77.0331 2
      vertex 81.2392 81.3781 2
      vertex 82.3858 76.9363 2
    endloop
  endfacet
  facet normal -0 0 1
    outer loop
      vertex 80.0071 38.3029 2
      vertex 82.25 32.6058 2
      vertex 80.166 38.51 2
    endloop
  endfacet
  facet normal 0 0 1
    outer loop
      vertex 81.0933 81.4656 2
      vertex 82.3858 76.9363 2
      vertex 81.2392 81.3781 2
    endloop
  endfacet
  facet normal -0 0 1
    outer loop
      vertex 79.8 38.144 2
      vertex 82.25 32.6058 2
      vertex 80.0071 38.3029 2
    endloop
  endfacet
  facet normal 0 0 1
    outer loop
      vertex 81.0825 81.472 2
      vertex 82.3858 76.9363 2
      vertex 81.0933 81.4656 2
    endloop
  endfacet
  facet normal -0 0 1
    outer loop
      vertex 79.5588 38.0441 2
      vertex 82.25 32.6058 2
      vertex 79.8 38.144 2
    endloop
  endfacet
  facet normal 0 0 1
    outer loop
      vertex 82.3858 76.9363 2
      vertex 81.0825 81.472 2
      vertex 82.3375 76.8343 2
    endloop
  endfacet
  facet normal 0 0 1
    outer loop
      vertex 82.9083 31.5662 2
      vertex 82.1165 27.8416 2
      vertex 82.129 27.841 2
    endloop
  endfacet
  facet normal 0 0 1
    outer loop
      vertex 80.9459 81.5733 2
      vertex 82.3375 76.8343 2
      vertex 81.0825 81.472 2
    endloop
  endfacet
  facet normal 0 0 1
    outer loop
      vertex 82.9083 31.5662 2
      vertex 82.104 27.841 2
      vertex 82.1165 27.8416 2
    endloop
  endfacet
  facet normal 0 0 1
    outer loop
      vertex 80.9358 81.5808 2
      vertex 82.3375 76.8343 2
      vertex 80.9459 81.5733 2
    endloop
  endfacet
  facet normal 0 0 1
    outer loop
      vertex 82.8088 31.6194 2
      vertex 81.9341 27.8327 2
      vertex 82.104 27.841 2
    endloop
  endfacet
  facet normal 0 0 1
    outer loop
      vertex 82.3375 76.8343 2
      vertex 80.9358 81.5808 2
      vertex 82.2995 76.7281 2
    endloop
  endfacet
  facet normal -0 0 1
    outer loop
      vertex 79.3 38.01 2
      vertex 82.25 32.6058 2
      vertex 79.5588 38.0441 2
    endloop
  endfacet
  facet normal 0 0 1
    outer loop
      vertex 80.8098 81.695 2
      vertex 82.2995 76.7281 2
      vertex 80.9358 81.5808 2
    endloop
  endfacet
  facet normal 0 0 1
    outer loop
      vertex 82.7149 31.6821 2
      vertex 81.7658 27.8077 2
      vertex 81.9341 27.8327 2
    endloop
  endfacet
  facet normal 0 0 1
    outer loop
      vertex 80.8005 81.7035 2
      vertex 82.2995 76.7281 2
      vertex 80.8098 81.695 2
    endloop
  endfacet
  facet normal 0 0 1
    outer loop
      vertex 82.7149 31.6821 2
      vertex 81.7534 27.8059 2
      vertex 81.7658 27.8077 2
    endloop
  endfacet
  facet normal 0 0 1
    outer loop
      vertex 82.2995 76.7281 2
      vertex 80.8005 81.7035 2
      vertex 82.2721 76.6186 2
    endloop
  endfacet
  facet normal 0 0 1
    outer loop
      vertex 82.6277 31.7537 2
      vertex 81.5884 27.7645 2
      vertex 81.7534 27.8059 2
    endloop
  endfacet
  facet normal 0 0 1
    outer loop
      vertex 80.792 81.7128 2
      vertex 82.2721 76.6186 2
      vertex 80.8005 81.7035 2
    endloop
  endfacet
  facet normal 0 0 1
    outer loop
      vertex 82.6277 31.7537 2
      vertex 81.5762 27.7615 2
      vertex 81.5884 27.7645 2
    endloop
  endfacet
  facet normal 0 0 1
    outer loop
      vertex 80.6778 81.8388 2
      vertex 82.2721 76.6186 2
      vertex 80.792 81.7128 2
    endloop
  endfacet
  facet normal -0 0 1
    outer loop
      vertex 74.3 38.01 2
      vertex 82.25 32.6058 2
      vertex 79.3 38.01 2
    endloop
  endfacet
  facet normal 0 0 1
    outer loop
      vertex 82.2721 76.6186 2
      vertex 80.6778 81.8388 2
      vertex 82.2555 76.5069 2
    endloop
  endfacet
  facet normal 0 0 1
    outer loop
      vertex 82.5479 31.8335 2
      vertex 81.4161 27.7042 2
      vertex 81.5762 27.7615 2
    endloop
  endfacet
  facet normal 0 0 1
    outer loop
      vertex 80.6703 81.8489 2
      vertex 82.2555 76.5069 2
      vertex 80.6778 81.8388 2
    endloop
  endfacet
  facet normal 0 0 1
    outer loop
      vertex 82.5479 31.8335 2
      vertex 81.4043 27.7 2
      vertex 81.4161 27.7042 2
    endloop
  endfacet
  facet normal 0 0 1
    outer loop
      vertex 82.2555 76.5069 2
      vertex 80.6703 81.8489 2
      vertex 82.25 76.3942 2
    endloop
  endfacet
  facet normal 0 0 1
    outer loop
      vertex 82.4763 31.9207 2
      vertex 81.3929 27.6946 2
      vertex 81.4043 27.7 2
    endloop
  endfacet
  facet normal 0 0 1
    outer loop
      vertex 80.569 81.9855 2
      vertex 82.25 76.3942 2
      vertex 80.6703 81.8489 2
    endloop
  endfacet
  facet normal 0 0 1
    outer loop
      vertex 82.4763 31.9207 2
      vertex 81.2392 27.6219 2
      vertex 81.3929 27.6946 2
    endloop
  endfacet
  facet normal 0 0 1
    outer loop
      vertex 80.0071 70.4971 2
      vertex 82.25 76.3942 2
      vertex 80.569 81.9855 2
    endloop
  endfacet
  facet normal 0 0 1
    outer loop
      vertex 82.3604 32.1141 2
      vertex 81.0933 27.5344 2
      vertex 81.2392 27.6219 2
    endloop
  endfacet
  facet normal 0 0 1
    outer loop
      vertex 80.0071 70.4971 2
      vertex 80.569 81.9855 2
      vertex 80.4816 82.1314 2
    endloop
  endfacet
  facet normal 0 0 1
    outer loop
      vertex 82.25 76.3942 2
      vertex 80.3 69.79 2
      vertex 80.3 52.79 2
    endloop
  endfacet
  facet normal 0 0 1
    outer loop
      vertex 80.0071 70.4971 2
      vertex 80.4816 82.1314 2
      vertex 80.4751 82.1422 2
    endloop
  endfacet
  facet normal 0 0 1
    outer loop
      vertex 82.3604 32.1141 2
      vertex 81.0825 27.528 2
      vertex 81.0933 27.5344 2
    endloop
  endfacet
  facet normal 0 0 1
    outer loop
      vertex 80.0071 70.4971 2
      vertex 80.4751 82.1422 2
      vertex 80.4698 82.1535 2
    endloop
  endfacet
  facet normal 0 0 1
    outer loop
      vertex 82.3172 32.2184 2
      vertex 80.9459 27.4267 2
      vertex 81.0825 27.528 2
    endloop
  endfacet
  facet normal 0 0 1
    outer loop
      vertex 80.0071 70.4971 2
      vertex 80.4698 82.1535 2
      vertex 80.397 82.3073 2
    endloop
  endfacet
  facet normal 0 0 1
    outer loop
      vertex 82.3172 32.2184 2
      vertex 80.9358 27.4192 2
      vertex 80.9459 27.4267 2
    endloop
  endfacet
  facet normal 0 0 1
    outer loop
      vertex 80.0071 70.4971 2
      vertex 80.397 82.3073 2
      vertex 80.3397 82.4674 2
    endloop
  endfacet
  facet normal 0 -0 1
    outer loop
      vertex 75.6039 25.8414 2
      vertex 82.25 32.6058 2
      vertex 74.3 38.01 2
    endloop
  endfacet
  facet normal 0 0 1
    outer loop
      vertex 80.0071 70.4971 2
      vertex 80.3397 82.4674 2
      vertex 80.3355 82.4792 2
    endloop
  endfacet
  facet normal 0 0 1
    outer loop
      vertex 82.2845 32.3264 2
      vertex 80.8098 27.305 2
      vertex 80.9358 27.4192 2
    endloop
  endfacet
  facet normal 0 0 1
    outer loop
      vertex 80.0071 70.4971 2
      vertex 80.3355 82.4792 2
      vertex 80.3325 82.4914 2
    endloop
  endfacet
  facet normal 0 0 1
    outer loop
      vertex 82.2845 32.3264 2
      vertex 75.7156 25.8249 2
      vertex 80.8005 27.2965 2
    endloop
  endfacet
  facet normal 0 0 1
    outer loop
      vertex 82.2845 32.3264 2
      vertex 80.8005 27.2965 2
      vertex 80.8098 27.305 2
    endloop
  endfacet
  facet normal 0 0 1
    outer loop
      vertex 80.0071 70.4971 2
      vertex 80.3325 82.4914 2
      vertex 80.2911 82.6564 2
    endloop
  endfacet
  facet normal 0 0 1
    outer loop
      vertex 80.0071 70.4971 2
      vertex 80.2911 82.6564 2
      vertex 80.2893 82.6688 2
    endloop
  endfacet
  facet normal 0 0 1
    outer loop
      vertex 82.25 76.3942 2
      vertex 80.2659 70.0488 2
      vertex 80.3 69.79 2
    endloop
  endfacet
  facet normal 0 0 1
    outer loop
      vertex 80.0071 70.4971 2
      vertex 80.2893 82.6688 2
      vertex 80.2643 82.8371 2
    endloop
  endfacet
  facet normal 0 0 1
    outer loop
      vertex 80.0071 70.4971 2
      vertex 80.2643 82.8371 2
      vertex 80.256 83.007 2
    endloop
  endfacet
  facet normal 0 0 1
    outer loop
      vertex 76.5308 83.8113 2
      vertex 80.256 83.007 2
      vertex 80.2554 83.0195 2
    endloop
  endfacet
  facet normal 0 0 1
    outer loop
      vertex 82.25 76.3942 2
      vertex 80.166 70.29 2
      vertex 80.2659 70.0488 2
    endloop
  endfacet
  facet normal 0 0 1
    outer loop
      vertex 87.2889 23.838 2
      vertex 83.8359 25.2683 2
      vertex 87.054 23.3414 2
    endloop
  endfacet
  facet normal -0 0 1
    outer loop
      vertex 83.7632 25.1145 2
      vertex 87.054 23.3414 2
      vertex 83.8359 25.2683 2
    endloop
  endfacet
  facet normal -0 0 1
    outer loop
      vertex 83.7578 25.1032 2
      vertex 87.054 23.3414 2
      vertex 83.7632 25.1145 2
    endloop
  endfacet
  facet normal 0 0 1
    outer loop
      vertex 87.054 23.3414 2
      vertex 83.7578 25.1032 2
      vertex 86.7715 22.8701 2
    endloop
  endfacet
  facet normal -0 0 1
    outer loop
      vertex 83.6704 24.9573 2
      vertex 86.7715 22.8701 2
      vertex 83.7578 25.1032 2
    endloop
  endfacet
  facet normal -0 0 1
    outer loop
      vertex 83.6639 24.9465 2
      vertex 86.7715 22.8701 2
      vertex 83.6704 24.9573 2
    endloop
  endfacet
  facet normal 0 0 1
    outer loop
      vertex 86.7715 22.8701 2
      vertex 83.6639 24.9465 2
      vertex 86.4442 22.4288 2
    endloop
  endfacet
  facet normal -0 0 1
    outer loop
      vertex 83.5626 24.8099 2
      vertex 86.4442 22.4288 2
      vertex 83.6639 24.9465 2
    endloop
  endfacet
  facet normal -0 0 1
    outer loop
      vertex 83.5551 24.7998 2
      vertex 86.4442 22.4288 2
      vertex 83.5626 24.8099 2
    endloop
  endfacet
  facet normal 0 0 1
    outer loop
      vertex 86.4442 22.4288 2
      vertex 83.5551 24.7998 2
      vertex 86.0753 22.0217 2
    endloop
  endfacet
  facet normal -0 0 1
    outer loop
      vertex 83.4409 24.6738 2
      vertex 86.0753 22.0217 2
      vertex 83.5551 24.7998 2
    endloop
  endfacet
  facet normal -0 0 1
    outer loop
      vertex 83.4325 24.6645 2
      vertex 86.0753 22.0217 2
      vertex 83.4409 24.6738 2
    endloop
  endfacet
  facet normal 0 0 1
    outer loop
      vertex 86.0753 22.0217 2
      vertex 83.4325 24.6645 2
      vertex 85.6682 21.6528 2
    endloop
  endfacet
  facet normal -0 0 1
    outer loop
      vertex 83.3064 24.5503 2
      vertex 85.6682 21.6528 2
      vertex 83.4325 24.6645 2
    endloop
  endfacet
  facet normal -0 0 1
    outer loop
      vertex 83.2971 24.5419 2
      vertex 85.6682 21.6528 2
      vertex 83.3064 24.5503 2
    endloop
  endfacet
  facet normal -0 0 1
    outer loop
      vertex 83.2871 24.5344 2
      vertex 85.6682 21.6528 2
      vertex 83.2971 24.5419 2
    endloop
  endfacet
  facet normal 0 0 1
    outer loop
      vertex 85.6682 21.6528 2
      vertex 83.2871 24.5344 2
      vertex 85.2269 21.3255 2
    endloop
  endfacet
  facet normal -0 0 1
    outer loop
      vertex 83.1505 24.4331 2
      vertex 85.2269 21.3255 2
      vertex 83.2871 24.5344 2
    endloop
  endfacet
  facet normal -0 0 1
    outer loop
      vertex 83.1397 24.4266 2
      vertex 85.2269 21.3255 2
      vertex 83.1505 24.4331 2
    endloop
  endfacet
  facet normal 0 0 1
    outer loop
      vertex 85.2269 21.3255 2
      vertex 83.1397 24.4266 2
      vertex 84.7556 21.043 2
    endloop
  endfacet
  facet normal -0 0 1
    outer loop
      vertex 82.9938 24.3392 2
      vertex 84.7556 21.043 2
      vertex 83.1397 24.4266 2
    endloop
  endfacet
  facet normal -0 0 1
    outer loop
      vertex 82.9825 24.3338 2
      vertex 84.7556 21.043 2
      vertex 82.9938 24.3392 2
    endloop
  endfacet
  facet normal 0 0 1
    outer loop
      vertex 84.7556 21.043 2
      vertex 82.9825 24.3338 2
      vertex 84.259 20.8081 2
    endloop
  endfacet
  facet normal -0 0 1
    outer loop
      vertex 82.8287 24.2611 2
      vertex 84.259 20.8081 2
      vertex 82.9825 24.3338 2
    endloop
  endfacet
  facet normal 0 0 1
    outer loop
      vertex 84.259 20.8081 2
      vertex 82.8287 24.2611 2
      vertex 83.7417 20.623 2
    endloop
  endfacet
  facet normal -0 0 1
    outer loop
      vertex 82.6685 24.2038 2
      vertex 83.7417 20.623 2
      vertex 82.8287 24.2611 2
    endloop
  endfacet
  facet normal -0 0 1
    outer loop
      vertex 82.6567 24.1996 2
      vertex 83.7417 20.623 2
      vertex 82.6685 24.2038 2
    endloop
  endfacet
  facet normal 0 0 1
    outer loop
      vertex 83.7417 20.623 2
      vertex 82.6567 24.1996 2
      vertex 83.2087 20.4895 2
    endloop
  endfacet
  facet normal -0 0 1
    outer loop
      vertex 82.4917 24.1582 2
      vertex 83.2087 20.4895 2
      vertex 82.6567 24.1996 2
    endloop
  endfacet
  facet normal -0 0 1
    outer loop
      vertex 82.4796 24.1552 2
      vertex 83.2087 20.4895 2
      vertex 82.4917 24.1582 2
    endloop
  endfacet
  facet normal -0 0 1
    outer loop
      vertex 82.4672 24.1533 2
      vertex 83.2087 20.4895 2
      vertex 82.4796 24.1552 2
    endloop
  endfacet
  facet normal 0 0 1
    outer loop
      vertex 83.2087 20.4895 2
      vertex 82.4672 24.1533 2
      vertex 82.6652 20.4089 2
    endloop
  endfacet
  facet normal -0 0 1
    outer loop
      vertex 82.2989 24.1284 2
      vertex 82.6652 20.4089 2
      vertex 82.4672 24.1533 2
    endloop
  endfacet
  facet normal -0 0 1
    outer loop
      vertex 82.2864 24.1278 2
      vertex 82.6652 20.4089 2
      vertex 82.2989 24.1284 2
    endloop
  endfacet
  facet normal -0 0 1
    outer loop
      vertex 82.1165 24.1194 2
      vertex 82.6652 20.4089 2
      vertex 82.2864 24.1278 2
    endloop
  endfacet
  facet normal 0 0 1
    outer loop
      vertex 82.1165 24.1194 2
      vertex 82.1165 20.3819 2
      vertex 82.6652 20.4089 2
    endloop
  endfacet
  facet normal 0 0 1
    outer loop
      vertex 81.9466 24.1278 2
      vertex 82.1165 20.3819 2
      vertex 82.1165 24.1194 2
    endloop
  endfacet
  facet normal 0 0 1
    outer loop
      vertex 81.5677 20.4089 2
      vertex 81.9466 24.1278 2
      vertex 81.9341 24.1284 2
    endloop
  endfacet
  facet normal 0 0 1
    outer loop
      vertex 81.5677 20.4089 2
      vertex 81.9341 24.1284 2
      vertex 81.7658 24.1533 2
    endloop
  endfacet
  facet normal 0 0 1
    outer loop
      vertex 81.0242 20.4895 2
      vertex 81.7658 24.1533 2
      vertex 81.7534 24.1552 2
    endloop
  endfacet
  facet normal 0 0 1
    outer loop
      vertex 81.0242 20.4895 2
      vertex 81.7534 24.1552 2
      vertex 81.7412 24.1582 2
    endloop
  endfacet
  facet normal 0 0 1
    outer loop
      vertex 81.0242 20.4895 2
      vertex 81.7412 24.1582 2
      vertex 81.5762 24.1996 2
    endloop
  endfacet
  facet normal 0 0 1
    outer loop
      vertex 81.9466 24.1278 2
      vertex 81.5677 20.4089 2
      vertex 82.1165 20.3819 2
    endloop
  endfacet
  facet normal 0 0 1
    outer loop
      vertex 80.4913 20.623 2
      vertex 81.5762 24.1996 2
      vertex 81.5644 24.2038 2
    endloop
  endfacet
  facet normal 0 0 1
    outer loop
      vertex 80.4913 20.623 2
      vertex 81.5644 24.2038 2
      vertex 81.4043 24.2611 2
    endloop
  endfacet
  facet normal 0 0 1
    outer loop
      vertex 79.9739 20.8081 2
      vertex 81.4043 24.2611 2
      vertex 81.2505 24.3338 2
    endloop
  endfacet
  facet normal 0 0 1
    outer loop
      vertex 79.4774 21.043 2
      vertex 81.2505 24.3338 2
      vertex 81.2392 24.3392 2
    endloop
  endfacet
  facet normal 0 0 1
    outer loop
      vertex 79.4774 21.043 2
      vertex 81.2392 24.3392 2
      vertex 81.0933 24.4266 2
    endloop
  endfacet
  facet normal 0 0 1
    outer loop
      vertex 79.006 21.3255 2
      vertex 81.0933 24.4266 2
      vertex 81.0825 24.4331 2
    endloop
  endfacet
  facet normal 0 0 1
    outer loop
      vertex 81.7658 24.1533 2
      vertex 81.0242 20.4895 2
      vertex 81.5677 20.4089 2
    endloop
  endfacet
  facet normal 0 0 1
    outer loop
      vertex 79.006 21.3255 2
      vertex 81.0825 24.4331 2
      vertex 80.9459 24.5344 2
    endloop
  endfacet
  facet normal 0 0 1
    outer loop
      vertex 78.5647 21.6528 2
      vertex 80.9459 24.5344 2
      vertex 80.9358 24.5419 2
    endloop
  endfacet
  facet normal 0 0 1
    outer loop
      vertex 78.5647 21.6528 2
      vertex 80.9358 24.5419 2
      vertex 80.9265 24.5503 2
    endloop
  endfacet
  facet normal 0 0 1
    outer loop
      vertex 78.5647 21.6528 2
      vertex 80.9265 24.5503 2
      vertex 80.8005 24.6645 2
    endloop
  endfacet
  facet normal 0 0 1
    outer loop
      vertex 78.1577 22.0217 2
      vertex 80.8005 24.6645 2
      vertex 80.792 24.6738 2
    endloop
  endfacet
  facet normal 0 0 1
    outer loop
      vertex 78.1577 22.0217 2
      vertex 80.792 24.6738 2
      vertex 80.6778 24.7998 2
    endloop
  endfacet
  facet normal 0 0 1
    outer loop
      vertex 77.7888 22.4287 2
      vertex 80.6778 24.7998 2
      vertex 80.6703 24.8099 2
    endloop
  endfacet
  facet normal 0 0 1
    outer loop
      vertex 77.7888 22.4287 2
      vertex 80.6703 24.8099 2
      vertex 80.569 24.9465 2
    endloop
  endfacet
  facet normal 0 0 1
    outer loop
      vertex 77.4614 22.8701 2
      vertex 80.569 24.9465 2
      vertex 80.5626 24.9573 2
    endloop
  endfacet
  facet normal 0 0 1
    outer loop
      vertex 81.5762 24.1996 2
      vertex 80.4913 20.623 2
      vertex 81.0242 20.4895 2
    endloop
  endfacet
  facet normal 0 0 1
    outer loop
      vertex 77.4614 22.8701 2
      vertex 80.5626 24.9573 2
      vertex 80.4751 25.1032 2
    endloop
  endfacet
  facet normal 0 0 1
    outer loop
      vertex 77.1789 23.3414 2
      vertex 80.4751 25.1032 2
      vertex 80.4698 25.1145 2
    endloop
  endfacet
  facet normal 0 0 1
    outer loop
      vertex 77.1789 23.3414 2
      vertex 80.4698 25.1145 2
      vertex 80.397 25.2683 2
    endloop
  endfacet
  facet normal 0 0 1
    outer loop
      vertex 76.9441 23.8379 2
      vertex 80.397 25.2683 2
      vertex 80.3397 25.4285 2
    endloop
  endfacet
  facet normal 0 0 1
    outer loop
      vertex 76.7589 24.3553 2
      vertex 80.3397 25.4285 2
      vertex 80.3355 25.4403 2
    endloop
  endfacet
  facet normal 0 0 1
    outer loop
      vertex 76.7589 24.3553 2
      vertex 80.3355 25.4403 2
      vertex 80.3325 25.4524 2
    endloop
  endfacet
  facet normal 0 0 1
    outer loop
      vertex 76.7589 24.3553 2
      vertex 80.3325 25.4524 2
      vertex 80.2911 25.6174 2
    endloop
  endfacet
  facet normal 0 0 1
    outer loop
      vertex 76.6117 24.9431 2
      vertex 80.2911 25.6174 2
      vertex 80.2893 25.6298 2
    endloop
  endfacet
  facet normal 0 0 1
    outer loop
      vertex 76.5917 25.0308 2
      vertex 80.2893 25.6298 2
      vertex 80.2643 25.7981 2
    endloop
  endfacet
  facet normal 0 0 1
    outer loop
      vertex 76.5537 25.1371 2
      vertex 80.2643 25.7981 2
      vertex 80.256 25.968 2
    endloop
  endfacet
  facet normal 0 0 1
    outer loop
      vertex 76.5537 25.1371 2
      vertex 80.256 25.968 2
      vertex 80.2554 25.9805 2
    endloop
  endfacet
  facet normal 0 -0 1
    outer loop
      vertex 76.2208 25.586 2
      vertex 80.397 26.6927 2
      vertex 76.1301 25.6532 2
    endloop
  endfacet
  facet normal 0 0 1
    outer loop
      vertex 81.4043 24.2611 2
      vertex 79.9739 20.8081 2
      vertex 80.4913 20.623 2
    endloop
  endfacet
  facet normal 0 0 1
    outer loop
      vertex 80.397 26.6927 2
      vertex 76.2208 25.586 2
      vertex 80.3397 26.5326 2
    endloop
  endfacet
  facet normal 0 -0 1
    outer loop
      vertex 76.3044 25.5102 2
      vertex 80.3397 26.5326 2
      vertex 76.2208 25.586 2
    endloop
  endfacet
  facet normal 0 0 1
    outer loop
      vertex 80.3397 26.5326 2
      vertex 76.3044 25.5102 2
      vertex 80.3355 26.5208 2
    endloop
  endfacet
  facet normal 0 0 1
    outer loop
      vertex 80.2643 25.7981 2
      vertex 76.5537 25.1371 2
      vertex 76.5917 25.0308 2
    endloop
  endfacet
  facet normal 0 0 1
    outer loop
      vertex 80.3355 26.5208 2
      vertex 76.3044 25.5102 2
      vertex 80.3325 26.5086 2
    endloop
  endfacet
  facet normal 0 0 1
    outer loop
      vertex 80.2893 25.6298 2
      vertex 76.5917 25.0308 2
      vertex 76.6117 24.9431 2
    endloop
  endfacet
  facet normal 0 0 1
    outer loop
      vertex 80.2911 25.6174 2
      vertex 76.6117 24.9431 2
      vertex 76.7589 24.3553 2
    endloop
  endfacet
  facet normal 0 0 1
    outer loop
      vertex 81.2505 24.3338 2
      vertex 79.4774 21.043 2
      vertex 79.9739 20.8081 2
    endloop
  endfacet
  facet normal 0 0 1
    outer loop
      vertex 80.9459 24.5344 2
      vertex 78.5647 21.6528 2
      vertex 79.006 21.3255 2
    endloop
  endfacet
  facet normal 0 0 1
    outer loop
      vertex 80.8005 24.6645 2
      vertex 78.1577 22.0217 2
      vertex 78.5647 21.6528 2
    endloop
  endfacet
  facet normal 0 0 1
    outer loop
      vertex 80.6778 24.7998 2
      vertex 77.7888 22.4287 2
      vertex 78.1577 22.0217 2
    endloop
  endfacet
  facet normal 0 0 1
    outer loop
      vertex 80.569 24.9465 2
      vertex 77.4614 22.8701 2
      vertex 77.7888 22.4287 2
    endloop
  endfacet
  facet normal 0 0 1
    outer loop
      vertex 80.4751 25.1032 2
      vertex 77.1789 23.3414 2
      vertex 77.4614 22.8701 2
    endloop
  endfacet
  facet normal 0 0 1
    outer loop
      vertex 80.3397 25.4285 2
      vertex 76.7589 24.3553 2
      vertex 76.9441 23.8379 2
    endloop
  endfacet
  facet normal 0 0 1
    outer loop
      vertex 80.397 25.2683 2
      vertex 76.9441 23.8379 2
      vertex 77.1789 23.3414 2
    endloop
  endfacet
  facet normal 0 0 1
    outer loop
      vertex 76.6117 24.9431 2
      vertex 76.5917 25.0308 2
      vertex 76.6114 24.943 2
    endloop
  endfacet
  facet normal 0 0 1
    outer loop
      vertex 81.0933 24.4266 2
      vertex 79.006 21.3255 2
      vertex 79.4774 21.043 2
    endloop
  endfacet
  facet normal 0 0 1
    outer loop
      vertex 80.2554 25.9805 2
      vertex 76.5054 25.2391 2
      vertex 76.5537 25.1371 2
    endloop
  endfacet
  facet normal 0 0 1
    outer loop
      vertex 80.256 25.993 2
      vertex 76.5054 25.2391 2
      vertex 80.2554 25.9805 2
    endloop
  endfacet
  facet normal 0 0 1
    outer loop
      vertex 80.2643 26.1629 2
      vertex 76.5054 25.2391 2
      vertex 80.256 25.993 2
    endloop
  endfacet
  facet normal 0 -0 1
    outer loop
      vertex 76.5054 25.2391 2
      vertex 80.2643 26.1629 2
      vertex 76.4474 25.3359 2
    endloop
  endfacet
  facet normal 0 0 1
    outer loop
      vertex 80.2893 26.3312 2
      vertex 76.4474 25.3359 2
      vertex 80.2643 26.1629 2
    endloop
  endfacet
  facet normal 0 -0 1
    outer loop
      vertex 76.4474 25.3359 2
      vertex 80.2893 26.3312 2
      vertex 76.3802 25.4265 2
    endloop
  endfacet
  facet normal 0 0 1
    outer loop
      vertex 80.2911 26.3436 2
      vertex 76.3802 25.4265 2
      vertex 80.2893 26.3312 2
    endloop
  endfacet
  facet normal 0 0 1
    outer loop
      vertex 80.3325 26.5086 2
      vertex 76.3802 25.4265 2
      vertex 80.2911 26.3436 2
    endloop
  endfacet
  facet normal 0 -0 1
    outer loop
      vertex 76.3802 25.4265 2
      vertex 80.3325 26.5086 2
      vertex 76.3044 25.5102 2
    endloop
  endfacet
  facet normal 0 0 1
    outer loop
      vertex 80.4751 26.8578 2
      vertex 76.1301 25.6532 2
      vertex 80.4698 26.8465 2
    endloop
  endfacet
  facet normal 0 0 1
    outer loop
      vertex 80.792 27.2872 2
      vertex 75.8251 25.7975 2
      vertex 80.6778 27.1612 2
    endloop
  endfacet
  facet normal 0 0 1
    outer loop
      vertex 82.2624 32.437 2
      vertex 75.6039 25.8414 2
      vertex 75.7156 25.8249 2
    endloop
  endfacet
  facet normal 0 0 1
    outer loop
      vertex 75.6039 25.8414 2
      vertex 74.3 38.01 2
      vertex 75.4912 25.847 2
    endloop
  endfacet
  facet normal 0 0 1
    outer loop
      vertex 74.0412 38.0441 2
      vertex 75.4912 25.847 2
      vertex 74.3 38.01 2
    endloop
  endfacet
  facet normal 0 0 1
    outer loop
      vertex 73.8 38.144 2
      vertex 75.4912 25.847 2
      vertex 74.0412 38.0441 2
    endloop
  endfacet
  facet normal 0 0 1
    outer loop
      vertex 73.5929 38.3029 2
      vertex 75.4912 25.847 2
      vertex 73.8 38.144 2
    endloop
  endfacet
  facet normal 0 0 1
    outer loop
      vertex 53.62 33.31 2
      vertex 73.5929 38.3029 2
      vertex 73.434 38.51 2
    endloop
  endfacet
  facet normal 0 0 1
    outer loop
      vertex 53.62 33.31 2
      vertex 73.434 38.51 2
      vertex 73.3341 38.7512 2
    endloop
  endfacet
  facet normal 0 0 1
    outer loop
      vertex 53.62 33.31 2
      vertex 73.3341 38.7512 2
      vertex 73.3 39.01 2
    endloop
  endfacet
  facet normal 0 0 1
    outer loop
      vertex 73.5929 38.3029 2
      vertex 53.62 33.31 2
      vertex 53.62 28.31 2
    endloop
  endfacet
  facet normal 0 0 1
    outer loop
      vertex 73.5929 38.3029 2
      vertex 53.62 28.31 2
      vertex 75.4912 25.847 2
    endloop
  endfacet
  facet normal -0 0 1
    outer loop
      vertex 53.5859 28.0512 2
      vertex 75.4912 25.847 2
      vertex 53.62 28.31 2
    endloop
  endfacet
  facet normal -0 0 1
    outer loop
      vertex 53.486 27.81 2
      vertex 75.4912 25.847 2
      vertex 53.5859 28.0512 2
    endloop
  endfacet
  facet normal -0 0 1
    outer loop
      vertex 53.3271 27.6029 2
      vertex 75.4912 25.847 2
      vertex 53.486 27.81 2
    endloop
  endfacet
  facet normal -0 0 1
    outer loop
      vertex 53.12 27.444 2
      vertex 75.4912 25.847 2
      vertex 53.3271 27.6029 2
    endloop
  endfacet
  facet normal -0 0 1
    outer loop
      vertex 52.8788 27.3441 2
      vertex 75.4912 25.847 2
      vertex 53.12 27.444 2
    endloop
  endfacet
  facet normal -0 0 1
    outer loop
      vertex 52.62 27.31 2
      vertex 75.4912 25.847 2
      vertex 52.8788 27.3441 2
    endloop
  endfacet
  facet normal 0 0 1
    outer loop
      vertex 31.6058 25.847 2
      vertex 52.62 27.31 2
      vertex 37.62 27.31 2
    endloop
  endfacet
  facet normal 0 0 1
    outer loop
      vertex 52.62 27.31 2
      vertex 31.6058 25.847 2
      vertex 75.4912 25.847 2
    endloop
  endfacet
  facet normal 0 0 1
    outer loop
      vertex 37.3612 27.3441 2
      vertex 31.6058 25.847 2
      vertex 37.62 27.31 2
    endloop
  endfacet
  facet normal 0 0 1
    outer loop
      vertex 37.12 27.444 2
      vertex 31.6058 25.847 2
      vertex 37.3612 27.3441 2
    endloop
  endfacet
  facet normal 0 0 1
    outer loop
      vertex 36.9129 27.6029 2
      vertex 31.6058 25.847 2
      vertex 37.12 27.444 2
    endloop
  endfacet
  facet normal 0 0 1
    outer loop
      vertex 36.754 27.81 2
      vertex 31.6058 25.847 2
      vertex 36.9129 27.6029 2
    endloop
  endfacet
  facet normal 0 0 1
    outer loop
      vertex 36.6541 28.0512 2
      vertex 31.6058 25.847 2
      vertex 36.754 27.81 2
    endloop
  endfacet
  facet normal 0 0 1
    outer loop
      vertex 36.62 28.31 2
      vertex 31.6058 25.847 2
      vertex 36.6541 28.0512 2
    endloop
  endfacet
  facet normal 0 0 1
    outer loop
      vertex 36.6541 33.5688 2
      vertex 24.847 32.6058 2
      vertex 36.62 33.31 2
    endloop
  endfacet
  facet normal 0 0 1
    outer loop
      vertex 24.847 76.3942 2
      vertex 31.6058 83.153 2
      vertex 31.493 83.1585 2
    endloop
  endfacet
  facet normal 0 0 1
    outer loop
      vertex 24.8414 32.493 2
      vertex 36.62 33.31 2
      vertex 24.847 32.6058 2
    endloop
  endfacet
  facet normal 0 0 1
    outer loop
      vertex 24.8345 76.5629 2
      vertex 31.493 83.1585 2
      vertex 31.3814 83.1751 2
    endloop
  endfacet
  facet normal 0 0 1
    outer loop
      vertex 36.62 33.31 2
      vertex 31.6058 25.847 2
      vertex 36.62 28.31 2
    endloop
  endfacet
  facet normal 0 0 1
    outer loop
      vertex 26.2965 81.7035 2
      vertex 31.3814 83.1751 2
      vertex 31.2719 83.2025 2
    endloop
  endfacet
  facet normal 0 -0 1
    outer loop
      vertex 31.437 25.8345 2
      vertex 36.62 33.31 2
      vertex 24.8414 32.493 2
    endloop
  endfacet
  facet normal 0 0 1
    outer loop
      vertex 26.4192 81.8388 2
      vertex 31.2719 83.2025 2
      vertex 31.1657 83.2405 2
    endloop
  endfacet
  facet normal 0 0 1
    outer loop
      vertex 36.62 33.31 2
      vertex 31.437 25.8345 2
      vertex 31.6058 25.847 2
    endloop
  endfacet
  facet normal 0 0 1
    outer loop
      vertex 26.528 81.9855 2
      vertex 31.1657 83.2405 2
      vertex 31.0637 83.2888 2
    endloop
  endfacet
  facet normal -0 0 1
    outer loop
      vertex 24.8249 32.3814 2
      vertex 31.437 25.8345 2
      vertex 24.8414 32.493 2
    endloop
  endfacet
  facet normal 0 0 1
    outer loop
      vertex 26.6219 82.1422 2
      vertex 31.0637 83.2888 2
      vertex 30.9669 83.3468 2
    endloop
  endfacet
  facet normal 0 0 1
    outer loop
      vertex 31.437 25.8345 2
      vertex 24.8249 32.3814 2
      vertex 31.3264 25.8125 2
    endloop
  endfacet
  facet normal 0 0 1
    outer loop
      vertex 26.6946 82.2959 2
      vertex 30.9669 83.3468 2
      vertex 30.8762 83.414 2
    endloop
  endfacet
  facet normal -0 -0 1
    outer loop
      vertex 26.2965 27.2965 2
      vertex 31.3264 25.8125 2
      vertex 24.8249 32.3814 2
    endloop
  endfacet
  facet normal 0 0 1
    outer loop
      vertex 26.7615 82.4792 2
      vertex 30.8762 83.414 2
      vertex 30.7926 83.4898 2
    endloop
  endfacet
  facet normal -0 -0 1
    outer loop
      vertex 26.305 27.2872 2
      vertex 31.3264 25.8125 2
      vertex 26.2965 27.2965 2
    endloop
  endfacet
  facet normal 0 0 1
    outer loop
      vertex 26.7645 82.4914 2
      vertex 30.7926 83.4898 2
      vertex 30.7168 83.5734 2
    endloop
  endfacet
  facet normal -0 -0 1
    outer loop
      vertex 26.4192 27.1612 2
      vertex 31.3264 25.8125 2
      vertex 26.305 27.2872 2
    endloop
  endfacet
  facet normal 0 0 1
    outer loop
      vertex 26.8059 82.6564 2
      vertex 30.7168 83.5734 2
      vertex 30.6496 83.6641 2
    endloop
  endfacet
  facet normal 0 0 1
    outer loop
      vertex 31.3264 25.8125 2
      vertex 26.4192 27.1612 2
      vertex 31.2184 25.7798 2
    endloop
  endfacet
  facet normal 0 0 1
    outer loop
      vertex 26.8327 82.8371 2
      vertex 30.6496 83.6641 2
      vertex 30.5916 83.7609 2
    endloop
  endfacet
  facet normal -0 -0 1
    outer loop
      vertex 26.4267 27.1511 2
      vertex 31.2184 25.7798 2
      vertex 26.4192 27.1612 2
    endloop
  endfacet
  facet normal 0 0 1
    outer loop
      vertex 26.8416 83.0195 2
      vertex 30.5916 83.7609 2
      vertex 30.5433 83.8629 2
    endloop
  endfacet
  facet normal -0 -0 1
    outer loop
      vertex 26.528 27.0145 2
      vertex 31.2184 25.7798 2
      vertex 26.4267 27.1511 2
    endloop
  endfacet
  facet normal 0 0 1
    outer loop
      vertex 26.8327 83.2019 2
      vertex 30.5433 83.8629 2
      vertex 30.5053 83.9692 2
    endloop
  endfacet
  facet normal 0 0 1
    outer loop
      vertex 31.2184 25.7798 2
      vertex 26.528 27.0145 2
      vertex 31.1141 25.7366 2
    endloop
  endfacet
  facet normal -0 0 1
    outer loop
      vertex 30.4853 84.0569 2
      vertex 30.5053 83.9692 2
      vertex 30.4855 84.057 2
    endloop
  endfacet
  facet normal 0 0 1
    outer loop
      vertex 26.8077 83.3702 2
      vertex 30.5053 83.9692 2
      vertex 30.4853 84.0569 2
    endloop
  endfacet
  facet normal -0 -0 1
    outer loop
      vertex 26.6154 26.8686 2
      vertex 31.0146 25.6834 2
      vertex 26.528 27.0145 2
    endloop
  endfacet
  facet normal 0 0 1
    outer loop
      vertex 26.8059 83.3826 2
      vertex 30.4853 84.0569 2
      vertex 30.3381 84.6447 2
    endloop
  endfacet
  facet normal -0 -0 1
    outer loop
      vertex 26.6219 26.8578 2
      vertex 31.0146 25.6834 2
      vertex 26.6154 26.8686 2
    endloop
  endfacet
  facet normal 0 0 1
    outer loop
      vertex 26.7615 83.5597 2
      vertex 30.3381 84.6447 2
      vertex 30.1529 85.1621 2
    endloop
  endfacet
  facet normal -0 -0 1
    outer loop
      vertex 26.7 26.6927 2
      vertex 30.9207 25.6207 2
      vertex 26.6946 26.7041 2
    endloop
  endfacet
  facet normal 0 0 1
    outer loop
      vertex 26.6946 83.743 2
      vertex 30.1529 85.1621 2
      vertex 29.9181 85.6586 2
    endloop
  endfacet
  facet normal 0 0 1
    outer loop
      vertex 30.9207 25.6207 2
      vertex 26.7 26.6927 2
      vertex 30.8335 25.5491 2
    endloop
  endfacet
  facet normal 0 0 1
    outer loop
      vertex 26.6219 83.8968 2
      vertex 29.9181 85.6586 2
      vertex 29.6356 86.1299 2
    endloop
  endfacet
  facet normal -0 -0 1
    outer loop
      vertex 26.7042 26.6809 2
      vertex 30.8335 25.5491 2
      vertex 26.7 26.6927 2
    endloop
  endfacet
  facet normal 0 0 1
    outer loop
      vertex 26.528 84.0535 2
      vertex 29.6356 86.1299 2
      vertex 29.3082 86.5713 2
    endloop
  endfacet
  facet normal -0 -0 1
    outer loop
      vertex 26.8059 26.3436 2
      vertex 30.7537 25.4693 2
      vertex 26.7645 26.5086 2
    endloop
  endfacet
  facet normal 0 0 1
    outer loop
      vertex 26.4192 84.2001 2
      vertex 29.3082 86.5713 2
      vertex 28.9393 86.9783 2
    endloop
  endfacet
  facet normal -0 -0 1
    outer loop
      vertex 26.8077 26.3312 2
      vertex 30.6821 25.3821 2
      vertex 26.8059 26.3436 2
    endloop
  endfacet
  facet normal 0 0 1
    outer loop
      vertex 26.2965 84.3355 2
      vertex 28.9393 86.9783 2
      vertex 28.5323 87.3472 2
    endloop
  endfacet
  facet normal 0 0 1
    outer loop
      vertex 30.8762 83.414 2
      vertex 26.7615 82.4792 2
      vertex 26.7042 82.3191 2
    endloop
  endfacet
  facet normal 0 0 1
    outer loop
      vertex 26.1511 84.4656 2
      vertex 28.5323 87.3472 2
      vertex 28.091 87.6745 2
    endloop
  endfacet
  facet normal 0 0 1
    outer loop
      vertex 30.7168 83.5734 2
      vertex 26.8059 82.6564 2
      vertex 26.7645 82.4914 2
    endloop
  endfacet
  facet normal 0 0 1
    outer loop
      vertex 26.0145 84.5669 2
      vertex 28.091 87.6745 2
      vertex 27.6196 87.957 2
    endloop
  endfacet
  facet normal 0 0 1
    outer loop
      vertex 30.6496 83.6641 2
      vertex 26.8327 82.8371 2
      vertex 26.8077 82.6688 2
    endloop
  endfacet
  facet normal 0 0 1
    outer loop
      vertex 25.8465 84.6662 2
      vertex 27.6196 87.957 2
      vertex 27.1231 88.1919 2
    endloop
  endfacet
  facet normal 0 0 1
    outer loop
      vertex 30.5916 83.7609 2
      vertex 26.8416 83.0195 2
      vertex 26.841 83.007 2
    endloop
  endfacet
  facet normal 0 0 1
    outer loop
      vertex 30.5916 83.7609 2
      vertex 26.841 83.007 2
      vertex 26.8327 82.8371 2
    endloop
  endfacet
  facet normal 0 0 1
    outer loop
      vertex 30.5433 83.8629 2
      vertex 26.841 83.032 2
      vertex 26.8416 83.0195 2
    endloop
  endfacet
  facet normal 0 0 1
    outer loop
      vertex 30.5433 83.8629 2
      vertex 26.8327 83.2019 2
      vertex 26.841 83.032 2
    endloop
  endfacet
  facet normal 0 0 1
    outer loop
      vertex 30.5053 83.9692 2
      vertex 26.8077 83.3702 2
      vertex 26.8327 83.2019 2
    endloop
  endfacet
  facet normal 0 0 1
    outer loop
      vertex 30.4853 84.0569 2
      vertex 26.8059 83.3826 2
      vertex 26.8077 83.3702 2
    endloop
  endfacet
  facet normal 0 0 1
    outer loop
      vertex 30.3381 84.6447 2
      vertex 26.7645 83.5476 2
      vertex 26.8059 83.3826 2
    endloop
  endfacet
  facet normal 0 0 1
    outer loop
      vertex 30.3381 84.6447 2
      vertex 26.7615 83.5597 2
      vertex 26.7645 83.5476 2
    endloop
  endfacet
  facet normal 0 0 1
    outer loop
      vertex 30.1529 85.1621 2
      vertex 26.7042 83.7199 2
      vertex 26.7615 83.5597 2
    endloop
  endfacet
  facet normal 0 0 1
    outer loop
      vertex 30.1529 85.1621 2
      vertex 26.7 83.7317 2
      vertex 26.7042 83.7199 2
    endloop
  endfacet
  facet normal 0 0 1
    outer loop
      vertex 30.1529 85.1621 2
      vertex 26.6946 83.743 2
      vertex 26.7 83.7317 2
    endloop
  endfacet
  facet normal 0 0 1
    outer loop
      vertex 29.9181 85.6586 2
      vertex 26.6219 83.8968 2
      vertex 26.6946 83.743 2
    endloop
  endfacet
  facet normal 0 0 1
    outer loop
      vertex 25.6927 84.7389 2
      vertex 27.1231 88.1919 2
      vertex 26.6057 88.377 2
    endloop
  endfacet
  facet normal 0 0 1
    outer loop
      vertex 29.6356 86.1299 2
      vertex 26.5344 84.0427 2
      vertex 26.6219 83.8968 2
    endloop
  endfacet
  facet normal 0 0 1
    outer loop
      vertex 29.6356 86.1299 2
      vertex 26.528 84.0535 2
      vertex 26.5344 84.0427 2
    endloop
  endfacet
  facet normal 0 0 1
    outer loop
      vertex 29.3082 86.5713 2
      vertex 26.4267 84.1901 2
      vertex 26.528 84.0535 2
    endloop
  endfacet
  facet normal 0 0 1
    outer loop
      vertex 29.3082 86.5713 2
      vertex 26.4192 84.2001 2
      vertex 26.4267 84.1901 2
    endloop
  endfacet
  facet normal 0 0 1
    outer loop
      vertex 28.9393 86.9783 2
      vertex 26.305 84.3262 2
      vertex 26.4192 84.2001 2
    endloop
  endfacet
  facet normal 0 0 1
    outer loop
      vertex 28.9393 86.9783 2
      vertex 26.2965 84.3355 2
      vertex 26.305 84.3262 2
    endloop
  endfacet
  facet normal 0 0 1
    outer loop
      vertex 28.5323 87.3472 2
      vertex 26.1705 84.4497 2
      vertex 26.2965 84.3355 2
    endloop
  endfacet
  facet normal 0 0 1
    outer loop
      vertex 28.5323 87.3472 2
      vertex 26.1612 84.4581 2
      vertex 26.1705 84.4497 2
    endloop
  endfacet
  facet normal 0 0 1
    outer loop
      vertex 28.5323 87.3472 2
      vertex 26.1511 84.4656 2
      vertex 26.1612 84.4581 2
    endloop
  endfacet
  facet normal 0 0 1
    outer loop
      vertex 25.5208 84.8004 2
      vertex 26.6057 88.377 2
      vertex 26.0728 88.5105 2
    endloop
  endfacet
  facet normal 0 0 1
    outer loop
      vertex 28.091 87.6745 2
      vertex 26.0145 84.5669 2
      vertex 26.1511 84.4656 2
    endloop
  endfacet
  facet normal 0 0 1
    outer loop
      vertex 27.6196 87.957 2
      vertex 25.8686 84.6544 2
      vertex 26.0145 84.5669 2
    endloop
  endfacet
  facet normal 0 0 1
    outer loop
      vertex 27.6196 87.957 2
      vertex 25.8578 84.6608 2
      vertex 25.8686 84.6544 2
    endloop
  endfacet
  facet normal 0 0 1
    outer loop
      vertex 27.6196 87.957 2
      vertex 25.8465 84.6662 2
      vertex 25.8578 84.6608 2
    endloop
  endfacet
  facet normal 0 0 1
    outer loop
      vertex 27.1231 88.1919 2
      vertex 25.6927 84.7389 2
      vertex 25.8465 84.6662 2
    endloop
  endfacet
  facet normal 0 0 1
    outer loop
      vertex 26.6057 88.377 2
      vertex 25.5326 84.7962 2
      vertex 25.6927 84.7389 2
    endloop
  endfacet
  facet normal 0 0 1
    outer loop
      vertex 25.3312 84.8467 2
      vertex 26.0728 88.5105 2
      vertex 25.5293 88.5911 2
    endloop
  endfacet
  facet normal 0 0 1
    outer loop
      vertex 26.6057 88.377 2
      vertex 25.5208 84.8004 2
      vertex 25.5326 84.7962 2
    endloop
  endfacet
  facet normal 0 0 1
    outer loop
      vertex 26.0728 88.5105 2
      vertex 25.3558 84.8418 2
      vertex 25.5208 84.8004 2
    endloop
  endfacet
  facet normal 0 0 1
    outer loop
      vertex 26.0728 88.5105 2
      vertex 25.3436 84.8448 2
      vertex 25.3558 84.8418 2
    endloop
  endfacet
  facet normal 0 0 1
    outer loop
      vertex 26.0728 88.5105 2
      vertex 25.3312 84.8467 2
      vertex 25.3436 84.8448 2
    endloop
  endfacet
  facet normal 0 0 1
    outer loop
      vertex 25.5293 88.5911 2
      vertex 25.1629 84.8716 2
      vertex 25.3312 84.8467 2
    endloop
  endfacet
  facet normal 0 0 1
    outer loop
      vertex 25.5293 88.5911 2
      vertex 25.1504 84.8722 2
      vertex 25.1629 84.8716 2
    endloop
  endfacet
  facet normal 0 0 1
    outer loop
      vertex 25.5293 88.5911 2
      vertex 24.9805 84.8806 2
      vertex 25.1504 84.8722 2
    endloop
  endfacet
  facet normal 0 0 1
    outer loop
      vertex 24.9805 88.6181 2
      vertex 24.9805 84.8806 2
      vertex 25.5293 88.5911 2
    endloop
  endfacet
  facet normal 0 0 1
    outer loop
      vertex 24.9805 88.6181 2
      vertex 24.8106 84.8722 2
      vertex 24.9805 84.8806 2
    endloop
  endfacet
  facet normal -0 0 1
    outer loop
      vertex 24.4318 88.5911 2
      vertex 24.8106 84.8722 2
      vertex 24.9805 88.6181 2
    endloop
  endfacet
  facet normal 0 0 1
    outer loop
      vertex 24.8106 84.8722 2
      vertex 24.4318 88.5911 2
      vertex 24.7981 84.8716 2
    endloop
  endfacet
  facet normal 0 0 1
    outer loop
      vertex 24.7981 84.8716 2
      vertex 24.4318 88.5911 2
      vertex 24.6298 84.8467 2
    endloop
  endfacet
  facet normal -0 0 1
    outer loop
      vertex 23.8882 88.5105 2
      vertex 24.6298 84.8467 2
      vertex 24.4318 88.5911 2
    endloop
  endfacet
  facet normal 0 0 1
    outer loop
      vertex 24.6298 84.8467 2
      vertex 23.8882 88.5105 2
      vertex 24.6174 84.8448 2
    endloop
  endfacet
  facet normal 0 0 1
    outer loop
      vertex 24.6174 84.8448 2
      vertex 23.8882 88.5105 2
      vertex 24.6053 84.8418 2
    endloop
  endfacet
  facet normal 0 0 1
    outer loop
      vertex 24.6053 84.8418 2
      vertex 23.8882 88.5105 2
      vertex 24.4403 84.8004 2
    endloop
  endfacet
  facet normal -0 0 1
    outer loop
      vertex 23.3553 88.377 2
      vertex 24.4403 84.8004 2
      vertex 23.8882 88.5105 2
    endloop
  endfacet
  facet normal 0 0 1
    outer loop
      vertex 24.4403 84.8004 2
      vertex 23.3553 88.377 2
      vertex 24.4285 84.7962 2
    endloop
  endfacet
  facet normal 0 0 1
    outer loop
      vertex 24.4285 84.7962 2
      vertex 23.3553 88.377 2
      vertex 24.2683 84.7389 2
    endloop
  endfacet
  facet normal -0 0 1
    outer loop
      vertex 22.838 88.1919 2
      vertex 24.2683 84.7389 2
      vertex 23.3553 88.377 2
    endloop
  endfacet
  facet normal 0 0 1
    outer loop
      vertex 24.2683 84.7389 2
      vertex 22.838 88.1919 2
      vertex 24.1145 84.6662 2
    endloop
  endfacet
  facet normal -0 0 1
    outer loop
      vertex 22.3414 87.957 2
      vertex 24.1145 84.6662 2
      vertex 22.838 88.1919 2
    endloop
  endfacet
  facet normal 0 0 1
    outer loop
      vertex 24.1145 84.6662 2
      vertex 22.3414 87.957 2
      vertex 24.1032 84.6608 2
    endloop
  endfacet
  facet normal 0 0 1
    outer loop
      vertex 24.1032 84.6608 2
      vertex 22.3414 87.957 2
      vertex 23.9573 84.5734 2
    endloop
  endfacet
  facet normal -0 0 1
    outer loop
      vertex 21.8701 87.6745 2
      vertex 23.9573 84.5734 2
      vertex 22.3414 87.957 2
    endloop
  endfacet
  facet normal 0 0 1
    outer loop
      vertex 23.9573 84.5734 2
      vertex 21.8701 87.6745 2
      vertex 23.9465 84.5669 2
    endloop
  endfacet
  facet normal 0 0 1
    outer loop
      vertex 23.9465 84.5669 2
      vertex 21.8701 87.6745 2
      vertex 23.8099 84.4656 2
    endloop
  endfacet
  facet normal -0 0 1
    outer loop
      vertex 21.4288 87.3472 2
      vertex 23.8099 84.4656 2
      vertex 21.8701 87.6745 2
    endloop
  endfacet
  facet normal 0 0 1
    outer loop
      vertex 23.8099 84.4656 2
      vertex 21.4288 87.3472 2
      vertex 23.7998 84.4581 2
    endloop
  endfacet
  facet normal 0 0 1
    outer loop
      vertex 23.7998 84.4581 2
      vertex 21.4288 87.3472 2
      vertex 23.7906 84.4497 2
    endloop
  endfacet
  facet normal 0 0 1
    outer loop
      vertex 23.7906 84.4497 2
      vertex 21.4288 87.3472 2
      vertex 23.6645 84.3355 2
    endloop
  endfacet
  facet normal -0 0 1
    outer loop
      vertex 21.0217 86.9783 2
      vertex 23.6645 84.3355 2
      vertex 21.4288 87.3472 2
    endloop
  endfacet
  facet normal 0 0 1
    outer loop
      vertex 23.6645 84.3355 2
      vertex 21.0217 86.9783 2
      vertex 23.5503 84.2094 2
    endloop
  endfacet
  facet normal -0 0 1
    outer loop
      vertex 20.6528 86.5712 2
      vertex 23.5503 84.2094 2
      vertex 21.0217 86.9783 2
    endloop
  endfacet
  facet normal 0 0 1
    outer loop
      vertex 23.5503 84.2094 2
      vertex 20.6528 86.5712 2
      vertex 23.5419 84.2001 2
    endloop
  endfacet
  facet normal 0 0 1
    outer loop
      vertex 23.5419 84.2001 2
      vertex 20.6528 86.5712 2
      vertex 23.5344 84.1901 2
    endloop
  endfacet
  facet normal 0 0 1
    outer loop
      vertex 23.5344 84.1901 2
      vertex 20.6528 86.5712 2
      vertex 23.4331 84.0535 2
    endloop
  endfacet
  facet normal -0 0 1
    outer loop
      vertex 20.3255 86.1299 2
      vertex 23.4331 84.0535 2
      vertex 20.6528 86.5712 2
    endloop
  endfacet
  facet normal 0 0 1
    outer loop
      vertex 23.4331 84.0535 2
      vertex 20.3255 86.1299 2
      vertex 23.4266 84.0427 2
    endloop
  endfacet
  facet normal 0 0 1
    outer loop
      vertex 23.4266 84.0427 2
      vertex 20.3255 86.1299 2
      vertex 23.3392 83.8968 2
    endloop
  endfacet
  facet normal -0 0 1
    outer loop
      vertex 20.043 85.6586 2
      vertex 23.3392 83.8968 2
      vertex 20.3255 86.1299 2
    endloop
  endfacet
  facet normal 0 0 1
    outer loop
      vertex 23.3392 83.8968 2
      vertex 20.043 85.6586 2
      vertex 23.3338 83.8855 2
    endloop
  endfacet
  facet normal 0 0 1
    outer loop
      vertex 23.3338 83.8855 2
      vertex 20.043 85.6586 2
      vertex 23.2611 83.7317 2
    endloop
  endfacet
  facet normal -0 0 1
    outer loop
      vertex 19.8081 85.162 2
      vertex 23.2611 83.7317 2
      vertex 20.043 85.6586 2
    endloop
  endfacet
  facet normal 0 0 1
    outer loop
      vertex 30.6496 83.6641 2
      vertex 26.8077 82.6688 2
      vertex 26.8059 82.6564 2
    endloop
  endfacet
  facet normal -0 0 1
    outer loop
      vertex 26.7042 25.2801 2
      vertex 30.1529 23.8379 2
      vertex 26.7615 25.4403 2
    endloop
  endfacet
  facet normal -0 0 1
    outer loop
      vertex 26.7615 25.4403 2
      vertex 30.3381 24.3553 2
      vertex 26.7645 25.4524 2
    endloop
  endfacet
  facet normal 0 0 1
    outer loop
      vertex 30.3381 24.3553 2
      vertex 26.7615 25.4403 2
      vertex 30.1529 23.8379 2
    endloop
  endfacet
  facet normal 0 0 1
    outer loop
      vertex 30.7926 83.4898 2
      vertex 26.7645 82.4914 2
      vertex 26.7615 82.4792 2
    endloop
  endfacet
  facet normal -0 0 1
    outer loop
      vertex 26.7645 25.4524 2
      vertex 30.3381 24.3553 2
      vertex 26.8059 25.6174 2
    endloop
  endfacet
  facet normal 0 0 1
    outer loop
      vertex 30.4902 24.9764 2
      vertex 26.8059 25.6174 2
      vertex 30.4771 24.9104 2
    endloop
  endfacet
  facet normal 0 0 1
    outer loop
      vertex 30.4771 24.9104 2
      vertex 26.8059 25.6174 2
      vertex 30.3381 24.3553 2
    endloop
  endfacet
  facet normal 0 0 1
    outer loop
      vertex 30.8762 83.414 2
      vertex 26.7042 82.3191 2
      vertex 26.7 82.3073 2
    endloop
  endfacet
  facet normal -0 0 1
    outer loop
      vertex 26.8059 25.6174 2
      vertex 30.4902 24.9764 2
      vertex 26.8077 25.6298 2
    endloop
  endfacet
  facet normal 0 0 1
    outer loop
      vertex 30.523 25.0844 2
      vertex 26.8327 25.7981 2
      vertex 30.4902 24.9764 2
    endloop
  endfacet
  facet normal -0 0 1
    outer loop
      vertex 26.8077 25.6298 2
      vertex 30.4902 24.9764 2
      vertex 26.8327 25.7981 2
    endloop
  endfacet
  facet normal 0 0 1
    outer loop
      vertex 30.8762 83.414 2
      vertex 26.7 82.3073 2
      vertex 26.6946 82.2959 2
    endloop
  endfacet
  facet normal -0 0 1
    outer loop
      vertex 26.8327 25.7981 2
      vertex 30.523 25.0844 2
      vertex 26.841 25.968 2
    endloop
  endfacet
  facet normal 0 0 1
    outer loop
      vertex 30.6821 25.3821 2
      vertex 26.8327 26.1629 2
      vertex 30.6194 25.2882 2
    endloop
  endfacet
  facet normal -0 0 1
    outer loop
      vertex 26.841 25.968 2
      vertex 30.523 25.0844 2
      vertex 26.8416 25.9805 2
    endloop
  endfacet
  facet normal 0 0 1
    outer loop
      vertex 30.9669 83.3468 2
      vertex 26.6946 82.2959 2
      vertex 26.6219 82.1422 2
    endloop
  endfacet
  facet normal -0 -0 1
    outer loop
      vertex 26.8416 25.9805 2
      vertex 30.5662 25.1887 2
      vertex 26.841 25.993 2
    endloop
  endfacet
  facet normal 0 0 1
    outer loop
      vertex 31.0637 83.2888 2
      vertex 26.6219 82.1422 2
      vertex 26.6154 82.1314 2
    endloop
  endfacet
  facet normal 0 0 1
    outer loop
      vertex 30.5662 25.1887 2
      vertex 26.8416 25.9805 2
      vertex 30.523 25.0844 2
    endloop
  endfacet
  facet normal 0 0 1
    outer loop
      vertex 31.0637 83.2888 2
      vertex 26.6154 82.1314 2
      vertex 26.528 81.9855 2
    endloop
  endfacet
  facet normal -0 -0 1
    outer loop
      vertex 26.841 25.993 2
      vertex 30.5662 25.1887 2
      vertex 26.8327 26.1629 2
    endloop
  endfacet
  facet normal 0 0 1
    outer loop
      vertex 31.1657 83.2405 2
      vertex 26.528 81.9855 2
      vertex 26.4267 81.8489 2
    endloop
  endfacet
  facet normal 0 0 1
    outer loop
      vertex 30.6194 25.2882 2
      vertex 26.8327 26.1629 2
      vertex 30.5662 25.1887 2
    endloop
  endfacet
  facet normal 0 0 1
    outer loop
      vertex 31.1657 83.2405 2
      vertex 26.4267 81.8489 2
      vertex 26.4192 81.8388 2
    endloop
  endfacet
  facet normal -0 -0 1
    outer loop
      vertex 26.8327 26.1629 2
      vertex 30.6821 25.3821 2
      vertex 26.8077 26.3312 2
    endloop
  endfacet
  facet normal 0 0 1
    outer loop
      vertex 31.2719 83.2025 2
      vertex 26.4192 81.8388 2
      vertex 26.305 81.7128 2
    endloop
  endfacet
  facet normal 0 0 1
    outer loop
      vertex 30.7537 25.4693 2
      vertex 26.8059 26.3436 2
      vertex 30.6821 25.3821 2
    endloop
  endfacet
  facet normal 0 0 1
    outer loop
      vertex 31.2719 83.2025 2
      vertex 26.305 81.7128 2
      vertex 26.2965 81.7035 2
    endloop
  endfacet
  facet normal -0 -0 1
    outer loop
      vertex 26.7645 26.5086 2
      vertex 30.7537 25.4693 2
      vertex 26.7615 26.5208 2
    endloop
  endfacet
  facet normal 0 0 1
    outer loop
      vertex 31.3814 83.1751 2
      vertex 26.2965 81.7035 2
      vertex 24.8125 76.6736 2
    endloop
  endfacet
  facet normal 0 0 1
    outer loop
      vertex 30.8335 25.5491 2
      vertex 26.7615 26.5208 2
      vertex 30.7537 25.4693 2
    endloop
  endfacet
  facet normal 0 0 1
    outer loop
      vertex 24.8125 76.6736 2
      vertex 26.2965 81.7035 2
      vertex 26.2872 81.695 2
    endloop
  endfacet
  facet normal -0 -0 1
    outer loop
      vertex 26.7615 26.5208 2
      vertex 30.8335 25.5491 2
      vertex 26.7042 26.6809 2
    endloop
  endfacet
  facet normal 0 0 1
    outer loop
      vertex 24.8125 76.6736 2
      vertex 26.2872 81.695 2
      vertex 26.1612 81.5808 2
    endloop
  endfacet
  facet normal -0 -0 1
    outer loop
      vertex 26.6946 26.7041 2
      vertex 30.9207 25.6207 2
      vertex 26.6219 26.8578 2
    endloop
  endfacet
  facet normal 0 0 1
    outer loop
      vertex 24.7798 76.7816 2
      vertex 26.1612 81.5808 2
      vertex 26.1511 81.5733 2
    endloop
  endfacet
  facet normal 0 0 1
    outer loop
      vertex 31.0146 25.6834 2
      vertex 26.6219 26.8578 2
      vertex 30.9207 25.6207 2
    endloop
  endfacet
  facet normal 0 0 1
    outer loop
      vertex 24.7798 76.7816 2
      vertex 26.1511 81.5733 2
      vertex 26.0145 81.472 2
    endloop
  endfacet
  facet normal 0 0 1
    outer loop
      vertex 31.1141 25.7366 2
      vertex 26.528 27.0145 2
      vertex 31.0146 25.6834 2
    endloop
  endfacet
  facet normal 0 0 1
    outer loop
      vertex 24.7366 76.8859 2
      vertex 26.0145 81.472 2
      vertex 25.8686 81.3846 2
    endloop
  endfacet
  facet normal -0 0 1
    outer loop
      vertex 24.7975 32.2719 2
      vertex 26.2965 27.2965 2
      vertex 24.8249 32.3814 2
    endloop
  endfacet
  facet normal 0 0 1
    outer loop
      vertex 24.6834 76.9854 2
      vertex 25.8686 81.3846 2
      vertex 25.8578 81.3781 2
    endloop
  endfacet
  facet normal 0 0 1
    outer loop
      vertex 26.2965 27.2965 2
      vertex 24.7975 32.2719 2
      vertex 26.2872 27.305 2
    endloop
  endfacet
  facet normal 0 0 1
    outer loop
      vertex 24.6207 77.0793 2
      vertex 25.8578 81.3781 2
      vertex 25.7041 81.3054 2
    endloop
  endfacet
  facet normal 0 0 1
    outer loop
      vertex 26.2872 27.305 2
      vertex 24.7975 32.2719 2
      vertex 26.1612 27.4192 2
    endloop
  endfacet
  facet normal 0 0 1
    outer loop
      vertex 24.6207 77.0793 2
      vertex 25.7041 81.3054 2
      vertex 25.6927 81.3 2
    endloop
  endfacet
  facet normal -0 0 1
    outer loop
      vertex 24.7594 32.1657 2
      vertex 26.1612 27.4192 2
      vertex 24.7975 32.2719 2
    endloop
  endfacet
  facet normal 0 0 1
    outer loop
      vertex 24.5491 77.1665 2
      vertex 25.6927 81.3 2
      vertex 25.6809 81.2958 2
    endloop
  endfacet
  facet normal 0 0 1
    outer loop
      vertex 26.1612 27.4192 2
      vertex 24.7594 32.1657 2
      vertex 26.1511 27.4267 2
    endloop
  endfacet
  facet normal 0 0 1
    outer loop
      vertex 24.5491 77.1665 2
      vertex 25.6809 81.2958 2
      vertex 25.5208 81.2385 2
    endloop
  endfacet
  facet normal 0 0 1
    outer loop
      vertex 26.1511 27.4267 2
      vertex 24.7594 32.1657 2
      vertex 26.0145 27.528 2
    endloop
  endfacet
  facet normal 0 0 1
    outer loop
      vertex 24.4693 77.2463 2
      vertex 25.5208 81.2385 2
      vertex 25.5086 81.2355 2
    endloop
  endfacet
  facet normal -0 0 1
    outer loop
      vertex 24.7112 32.0637 2
      vertex 26.0145 27.528 2
      vertex 24.7594 32.1657 2
    endloop
  endfacet
  facet normal 0 0 1
    outer loop
      vertex 24.4693 77.2463 2
      vertex 25.5086 81.2355 2
      vertex 25.3436 81.1941 2
    endloop
  endfacet
  facet normal 0 0 1
    outer loop
      vertex 26.0145 27.528 2
      vertex 24.7112 32.0637 2
      vertex 25.8686 27.6154 2
    endloop
  endfacet
  facet normal 0 0 1
    outer loop
      vertex 24.3821 77.3179 2
      vertex 25.3436 81.1941 2
      vertex 25.3312 81.1923 2
    endloop
  endfacet
  facet normal 0 0 1
    outer loop
      vertex 25.8686 27.6154 2
      vertex 24.7112 32.0637 2
      vertex 25.8578 27.6219 2
    endloop
  endfacet
  facet normal 0 0 1
    outer loop
      vertex 24.3821 77.3179 2
      vertex 25.3312 81.1923 2
      vertex 25.1629 81.1673 2
    endloop
  endfacet
  facet normal -0 0 1
    outer loop
      vertex 24.6532 31.9669 2
      vertex 25.8578 27.6219 2
      vertex 24.7112 32.0637 2
    endloop
  endfacet
  facet normal 0 0 1
    outer loop
      vertex 24.2882 77.3806 2
      vertex 25.1629 81.1673 2
      vertex 24.993 81.159 2
    endloop
  endfacet
  facet normal 0 0 1
    outer loop
      vertex 25.8578 27.6219 2
      vertex 24.6532 31.9669 2
      vertex 25.7041 27.6946 2
    endloop
  endfacet
  facet normal 0 0 1
    outer loop
      vertex 24.1887 77.4338 2
      vertex 24.993 81.159 2
      vertex 24.9805 81.1584 2
    endloop
  endfacet
  facet normal 0 0 1
    outer loop
      vertex 25.7041 27.6946 2
      vertex 24.6532 31.9669 2
      vertex 25.6927 27.7 2
    endloop
  endfacet
  facet normal 0 0 1
    outer loop
      vertex 24.1887 77.4338 2
      vertex 24.9805 81.1584 2
      vertex 24.968 81.159 2
    endloop
  endfacet
  facet normal -0 0 1
    outer loop
      vertex 24.586 31.8762 2
      vertex 25.6927 27.7 2
      vertex 24.6532 31.9669 2
    endloop
  endfacet
  facet normal 0 0 1
    outer loop
      vertex 25.6927 27.7 2
      vertex 24.586 31.8762 2
      vertex 25.6809 27.7042 2
    endloop
  endfacet
  facet normal 0 0 1
    outer loop
      vertex 31.493 83.1585 2
      vertex 24.8345 76.5629 2
      vertex 24.847 76.3942 2
    endloop
  endfacet
  facet normal 0 0 1
    outer loop
      vertex 31.3814 83.1751 2
      vertex 24.8125 76.6736 2
      vertex 24.8345 76.5629 2
    endloop
  endfacet
  facet normal 0 0 1
    outer loop
      vertex 24.0844 77.477 2
      vertex 24.968 81.159 2
      vertex 24.7981 81.1673 2
    endloop
  endfacet
  facet normal 0 0 1
    outer loop
      vertex 26.1612 81.5808 2
      vertex 24.7798 76.7816 2
      vertex 24.8125 76.6736 2
    endloop
  endfacet
  facet normal 0 0 1
    outer loop
      vertex 26.0145 81.472 2
      vertex 24.7366 76.8859 2
      vertex 24.7798 76.7816 2
    endloop
  endfacet
  facet normal 0 0 1
    outer loop
      vertex 25.8686 81.3846 2
      vertex 24.6834 76.9854 2
      vertex 24.7366 76.8859 2
    endloop
  endfacet
  facet normal 0 0 1
    outer loop
      vertex 23.9764 77.5098 2
      vertex 24.7981 81.1673 2
      vertex 24.6298 81.1923 2
    endloop
  endfacet
  facet normal 0 0 1
    outer loop
      vertex 25.8578 81.3781 2
      vertex 24.6207 77.0793 2
      vertex 24.6834 76.9854 2
    endloop
  endfacet
  facet normal 0 0 1
    outer loop
      vertex 23.9764 77.5098 2
      vertex 24.6298 81.1923 2
      vertex 24.6174 81.1941 2
    endloop
  endfacet
  facet normal 0 0 1
    outer loop
      vertex 25.6927 81.3 2
      vertex 24.5491 77.1665 2
      vertex 24.6207 77.0793 2
    endloop
  endfacet
  facet normal 0 0 1
    outer loop
      vertex 25.5208 81.2385 2
      vertex 24.4693 77.2463 2
      vertex 24.5491 77.1665 2
    endloop
  endfacet
  facet normal 0 0 1
    outer loop
      vertex 23.9104 77.5229 2
      vertex 24.6174 81.1941 2
      vertex 24.4524 81.2355 2
    endloop
  endfacet
  facet normal 0 0 1
    outer loop
      vertex 23.3553 77.6619 2
      vertex 24.4524 81.2355 2
      vertex 24.4403 81.2385 2
    endloop
  endfacet
  facet normal 0 0 1
    outer loop
      vertex 25.3436 81.1941 2
      vertex 24.3821 77.3179 2
      vertex 24.4693 77.2463 2
    endloop
  endfacet
  facet normal 0 0 1
    outer loop
      vertex 25.1629 81.1673 2
      vertex 24.2882 77.3806 2
      vertex 24.3821 77.3179 2
    endloop
  endfacet
  facet normal 0 0 1
    outer loop
      vertex 23.3553 77.6619 2
      vertex 24.4403 81.2385 2
      vertex 24.2801 81.2958 2
    endloop
  endfacet
  facet normal 0 0 1
    outer loop
      vertex 22.8379 77.8471 2
      vertex 24.2801 81.2958 2
      vertex 24.2683 81.3 2
    endloop
  endfacet
  facet normal 0 0 1
    outer loop
      vertex 22.8379 77.8471 2
      vertex 24.2683 81.3 2
      vertex 24.257 81.3054 2
    endloop
  endfacet
  facet normal 0 0 1
    outer loop
      vertex 24.993 81.159 2
      vertex 24.1887 77.4338 2
      vertex 24.2882 77.3806 2
    endloop
  endfacet
  facet normal 0 0 1
    outer loop
      vertex 22.8379 77.8471 2
      vertex 24.257 81.3054 2
      vertex 24.1032 81.3781 2
    endloop
  endfacet
  facet normal 0 0 1
    outer loop
      vertex 24.968 81.159 2
      vertex 24.0844 77.477 2
      vertex 24.1887 77.4338 2
    endloop
  endfacet
  facet normal 0 0 1
    outer loop
      vertex 24.7981 81.1673 2
      vertex 23.9764 77.5098 2
      vertex 24.0844 77.477 2
    endloop
  endfacet
  facet normal 0 0 1
    outer loop
      vertex 22.3414 78.0819 2
      vertex 24.1032 81.3781 2
      vertex 23.9573 81.4656 2
    endloop
  endfacet
  facet normal 0 0 1
    outer loop
      vertex 21.8701 78.3644 2
      vertex 23.9573 81.4656 2
      vertex 23.9465 81.472 2
    endloop
  endfacet
  facet normal 0 0 1
    outer loop
      vertex 24.6174 81.1941 2
      vertex 23.9104 77.5229 2
      vertex 23.9764 77.5098 2
    endloop
  endfacet
  facet normal 0 0 1
    outer loop
      vertex 21.8701 78.3644 2
      vertex 23.9465 81.472 2
      vertex 23.8099 81.5733 2
    endloop
  endfacet
  facet normal 0 0 1
    outer loop
      vertex 21.4287 78.6918 2
      vertex 23.8099 81.5733 2
      vertex 23.7998 81.5808 2
    endloop
  endfacet
  facet normal 0 0 1
    outer loop
      vertex 21.4287 78.6918 2
      vertex 23.7998 81.5808 2
      vertex 23.6738 81.695 2
    endloop
  endfacet
  facet normal 0 0 1
    outer loop
      vertex 21.0217 79.0607 2
      vertex 23.6738 81.695 2
      vertex 23.6645 81.7035 2
    endloop
  endfacet
  facet normal 0 0 1
    outer loop
      vertex 21.0217 79.0607 2
      vertex 23.6645 81.7035 2
      vertex 23.5503 81.8295 2
    endloop
  endfacet
  facet normal 0 0 1
    outer loop
      vertex 20.6528 79.4677 2
      vertex 23.5503 81.8295 2
      vertex 23.5419 81.8388 2
    endloop
  endfacet
  facet normal 0 0 1
    outer loop
      vertex 20.6528 79.4677 2
      vertex 23.5419 81.8388 2
      vertex 23.5344 81.8489 2
    endloop
  endfacet
  facet normal 0 0 1
    outer loop
      vertex 20.6528 79.4677 2
      vertex 23.5344 81.8489 2
      vertex 23.4331 81.9855 2
    endloop
  endfacet
  facet normal 0 0 1
    outer loop
      vertex 24.4524 81.2355 2
      vertex 23.3553 77.6619 2
      vertex 23.9104 77.5229 2
    endloop
  endfacet
  facet normal 0 0 1
    outer loop
      vertex 20.3255 79.909 2
      vertex 23.4331 81.9855 2
      vertex 23.3456 82.1314 2
    endloop
  endfacet
  facet normal 0 0 1
    outer loop
      vertex 20.043 80.3804 2
      vertex 23.3456 82.1314 2
      vertex 23.3392 82.1422 2
    endloop
  endfacet
  facet normal 0 0 1
    outer loop
      vertex 20.043 80.3804 2
      vertex 23.3392 82.1422 2
      vertex 23.3338 82.1535 2
    endloop
  endfacet
  facet normal 0 0 1
    outer loop
      vertex 20.043 80.3804 2
      vertex 23.3338 82.1535 2
      vertex 23.2611 82.3073 2
    endloop
  endfacet
  facet normal 0 0 1
    outer loop
      vertex 19.8081 80.8769 2
      vertex 23.2611 82.3073 2
      vertex 23.2038 82.4674 2
    endloop
  endfacet
  facet normal 0 0 1
    outer loop
      vertex 19.623 81.3943 2
      vertex 23.2038 82.4674 2
      vertex 23.1996 82.4792 2
    endloop
  endfacet
  facet normal 0 0 1
    outer loop
      vertex 19.623 81.3943 2
      vertex 23.1996 82.4792 2
      vertex 23.1582 82.6442 2
    endloop
  endfacet
  facet normal 0 0 1
    outer loop
      vertex 19.4895 81.9272 2
      vertex 23.1582 82.6442 2
      vertex 23.1552 82.6564 2
    endloop
  endfacet
  facet normal 0 0 1
    outer loop
      vertex 19.4895 81.9272 2
      vertex 23.1552 82.6564 2
      vertex 23.1533 82.6688 2
    endloop
  endfacet
  facet normal 0 0 1
    outer loop
      vertex 19.4895 81.9272 2
      vertex 23.1533 82.6688 2
      vertex 23.1284 82.8371 2
    endloop
  endfacet
  facet normal 0 0 1
    outer loop
      vertex 19.4089 82.4707 2
      vertex 23.1284 82.8371 2
      vertex 23.1278 82.8496 2
    endloop
  endfacet
  facet normal 0 0 1
    outer loop
      vertex 19.4089 82.4707 2
      vertex 23.1278 82.8496 2
      vertex 23.1194 83.0195 2
    endloop
  endfacet
  facet normal 0 0 1
    outer loop
      vertex 23.2611 83.7317 2
      vertex 19.8081 85.162 2
      vertex 23.2038 83.5715 2
    endloop
  endfacet
  facet normal 0 0 1
    outer loop
      vertex 24.2801 81.2958 2
      vertex 22.8379 77.8471 2
      vertex 23.3553 77.6619 2
    endloop
  endfacet
  facet normal -0 0 1
    outer loop
      vertex 19.623 84.6447 2
      vertex 23.2038 83.5715 2
      vertex 19.8081 85.162 2
    endloop
  endfacet
  facet normal 0 0 1
    outer loop
      vertex 24.1032 81.3781 2
      vertex 22.3414 78.0819 2
      vertex 22.8379 77.8471 2
    endloop
  endfacet
  facet normal 0 0 1
    outer loop
      vertex 23.9573 81.4656 2
      vertex 21.8701 78.3644 2
      vertex 22.3414 78.0819 2
    endloop
  endfacet
  facet normal 0 0 1
    outer loop
      vertex 23.2038 83.5715 2
      vertex 19.623 84.6447 2
      vertex 23.1996 83.5597 2
    endloop
  endfacet
  facet normal 0 0 1
    outer loop
      vertex 23.1996 83.5597 2
      vertex 19.623 84.6447 2
      vertex 23.1582 83.3947 2
    endloop
  endfacet
  facet normal 0 0 1
    outer loop
      vertex 23.8099 81.5733 2
      vertex 21.4287 78.6918 2
      vertex 21.8701 78.3644 2
    endloop
  endfacet
  facet normal -0 0 1
    outer loop
      vertex 19.4895 84.1117 2
      vertex 23.1582 83.3947 2
      vertex 19.623 84.6447 2
    endloop
  endfacet
  facet normal 0 0 1
    outer loop
      vertex 23.6738 81.695 2
      vertex 21.0217 79.0607 2
      vertex 21.4287 78.6918 2
    endloop
  endfacet
  facet normal 0 0 1
    outer loop
      vertex 23.1582 83.3947 2
      vertex 19.4895 84.1117 2
      vertex 23.1552 83.3826 2
    endloop
  endfacet
  facet normal 0 0 1
    outer loop
      vertex 23.5503 81.8295 2
      vertex 20.6528 79.4677 2
      vertex 21.0217 79.0607 2
    endloop
  endfacet
  facet normal 0 0 1
    outer loop
      vertex 23.4331 81.9855 2
      vertex 20.3255 79.909 2
      vertex 20.6528 79.4677 2
    endloop
  endfacet
  facet normal 0 0 1
    outer loop
      vertex 23.1552 83.3826 2
      vertex 19.4895 84.1117 2
      vertex 23.1533 83.3702 2
    endloop
  endfacet
  facet normal 0 0 1
    outer loop
      vertex 23.1533 83.3702 2
      vertex 19.4895 84.1117 2
      vertex 23.1284 83.2019 2
    endloop
  endfacet
  facet normal 0 0 1
    outer loop
      vertex 23.3456 82.1314 2
      vertex 20.043 80.3804 2
      vertex 20.3255 79.909 2
    endloop
  endfacet
  facet normal 0 0 1
    outer loop
      vertex 23.2611 82.3073 2
      vertex 19.8081 80.8769 2
      vertex 20.043 80.3804 2
    endloop
  endfacet
  facet normal -0 0 1
    outer loop
      vertex 19.4089 83.5682 2
      vertex 23.1284 83.2019 2
      vertex 19.4895 84.1117 2
    endloop
  endfacet
  facet normal 0 0 1
    outer loop
      vertex 23.1284 83.2019 2
      vertex 19.4089 83.5682 2
      vertex 23.1278 83.1894 2
    endloop
  endfacet
  facet normal 0 0 1
    outer loop
      vertex 23.2038 82.4674 2
      vertex 19.623 81.3943 2
      vertex 19.8081 80.8769 2
    endloop
  endfacet
  facet normal 0 0 1
    outer loop
      vertex 23.1278 83.1894 2
      vertex 19.4089 83.5682 2
      vertex 23.1194 83.0195 2
    endloop
  endfacet
  facet normal 0 0 1
    outer loop
      vertex 23.1582 82.6442 2
      vertex 19.4895 81.9272 2
      vertex 19.623 81.3943 2
    endloop
  endfacet
  facet normal 0 0 1
    outer loop
      vertex 19.3819 83.0195 2
      vertex 23.1194 83.0195 2
      vertex 19.4089 83.5682 2
    endloop
  endfacet
  facet normal 0 0 1
    outer loop
      vertex 23.1284 82.8371 2
      vertex 19.4089 82.4707 2
      vertex 19.4895 81.9272 2
    endloop
  endfacet
  facet normal 0 0 1
    outer loop
      vertex 23.1194 83.0195 2
      vertex 19.3819 83.0195 2
      vertex 19.4089 82.4707 2
    endloop
  endfacet
  facet normal -0 0 1
    outer loop
      vertex 26.7 25.2683 2
      vertex 30.1529 23.8379 2
      vertex 26.7042 25.2801 2
    endloop
  endfacet
  facet normal -0 0 1
    outer loop
      vertex 26.6946 25.257 2
      vertex 30.1529 23.8379 2
      vertex 26.7 25.2683 2
    endloop
  endfacet
  facet normal 0 0 1
    outer loop
      vertex 30.1529 23.8379 2
      vertex 26.6946 25.257 2
      vertex 29.9181 23.3414 2
    endloop
  endfacet
  facet normal -0 0 1
    outer loop
      vertex 26.6219 25.1032 2
      vertex 29.9181 23.3414 2
      vertex 26.6946 25.257 2
    endloop
  endfacet
  facet normal 0 0 1
    outer loop
      vertex 29.9181 23.3414 2
      vertex 26.6219 25.1032 2
      vertex 29.6356 22.8701 2
    endloop
  endfacet
  facet normal -0 0 1
    outer loop
      vertex 26.5344 24.9573 2
      vertex 29.6356 22.8701 2
      vertex 26.6219 25.1032 2
    endloop
  endfacet
  facet normal -0 0 1
    outer loop
      vertex 26.528 24.9465 2
      vertex 29.6356 22.8701 2
      vertex 26.5344 24.9573 2
    endloop
  endfacet
  facet normal 0 0 1
    outer loop
      vertex 29.6356 22.8701 2
      vertex 26.528 24.9465 2
      vertex 29.3082 22.4287 2
    endloop
  endfacet
  facet normal -0 0 1
    outer loop
      vertex 26.4267 24.8099 2
      vertex 29.3082 22.4287 2
      vertex 26.528 24.9465 2
    endloop
  endfacet
  facet normal -0 0 1
    outer loop
      vertex 26.4192 24.7998 2
      vertex 29.3082 22.4287 2
      vertex 26.4267 24.8099 2
    endloop
  endfacet
  facet normal 0 0 1
    outer loop
      vertex 29.3082 22.4287 2
      vertex 26.4192 24.7998 2
      vertex 28.9393 22.0217 2
    endloop
  endfacet
  facet normal -0 0 1
    outer loop
      vertex 26.305 24.6738 2
      vertex 28.9393 22.0217 2
      vertex 26.4192 24.7998 2
    endloop
  endfacet
  facet normal -0 0 1
    outer loop
      vertex 26.2965 24.6645 2
      vertex 28.9393 22.0217 2
      vertex 26.305 24.6738 2
    endloop
  endfacet
  facet normal 0 0 1
    outer loop
      vertex 28.9393 22.0217 2
      vertex 26.2965 24.6645 2
      vertex 28.5323 21.6528 2
    endloop
  endfacet
  facet normal -0 0 1
    outer loop
      vertex 26.1705 24.5503 2
      vertex 28.5323 21.6528 2
      vertex 26.2965 24.6645 2
    endloop
  endfacet
  facet normal -0 0 1
    outer loop
      vertex 26.1612 24.5419 2
      vertex 28.5323 21.6528 2
      vertex 26.1705 24.5503 2
    endloop
  endfacet
  facet normal -0 0 1
    outer loop
      vertex 26.1511 24.5344 2
      vertex 28.5323 21.6528 2
      vertex 26.1612 24.5419 2
    endloop
  endfacet
  facet normal 0 0 1
    outer loop
      vertex 28.5323 21.6528 2
      vertex 26.1511 24.5344 2
      vertex 28.091 21.3255 2
    endloop
  endfacet
  facet normal -0 0 1
    outer loop
      vertex 26.0145 24.4331 2
      vertex 28.091 21.3255 2
      vertex 26.1511 24.5344 2
    endloop
  endfacet
  facet normal 0 0 1
    outer loop
      vertex 28.091 21.3255 2
      vertex 26.0145 24.4331 2
      vertex 27.6196 21.043 2
    endloop
  endfacet
  facet normal -0 0 1
    outer loop
      vertex 25.8686 24.3456 2
      vertex 27.6196 21.043 2
      vertex 26.0145 24.4331 2
    endloop
  endfacet
  facet normal -0 0 1
    outer loop
      vertex 25.8578 24.3392 2
      vertex 27.6196 21.043 2
      vertex 25.8686 24.3456 2
    endloop
  endfacet
  facet normal -0 0 1
    outer loop
      vertex 25.8465 24.3338 2
      vertex 27.6196 21.043 2
      vertex 25.8578 24.3392 2
    endloop
  endfacet
  facet normal 0 0 1
    outer loop
      vertex 27.6196 21.043 2
      vertex 25.8465 24.3338 2
      vertex 27.1231 20.8081 2
    endloop
  endfacet
  facet normal -0 0 1
    outer loop
      vertex 25.6927 24.2611 2
      vertex 27.1231 20.8081 2
      vertex 25.8465 24.3338 2
    endloop
  endfacet
  facet normal 0 0 1
    outer loop
      vertex 27.1231 20.8081 2
      vertex 25.6927 24.2611 2
      vertex 26.6057 20.623 2
    endloop
  endfacet
  facet normal -0 0 1
    outer loop
      vertex 25.5326 24.2038 2
      vertex 26.6057 20.623 2
      vertex 25.6927 24.2611 2
    endloop
  endfacet
  facet normal -0 0 1
    outer loop
      vertex 25.5208 24.1996 2
      vertex 26.6057 20.623 2
      vertex 25.5326 24.2038 2
    endloop
  endfacet
  facet normal 0 0 1
    outer loop
      vertex 26.6057 20.623 2
      vertex 25.5208 24.1996 2
      vertex 26.0728 20.4895 2
    endloop
  endfacet
  facet normal -0 0 1
    outer loop
      vertex 25.3558 24.1582 2
      vertex 26.0728 20.4895 2
      vertex 25.5208 24.1996 2
    endloop
  endfacet
  facet normal -0 0 1
    outer loop
      vertex 25.3436 24.1552 2
      vertex 26.0728 20.4895 2
      vertex 25.3558 24.1582 2
    endloop
  endfacet
  facet normal -0 0 1
    outer loop
      vertex 25.3312 24.1533 2
      vertex 26.0728 20.4895 2
      vertex 25.3436 24.1552 2
    endloop
  endfacet
  facet normal 0 0 1
    outer loop
      vertex 26.0728 20.4895 2
      vertex 25.3312 24.1533 2
      vertex 25.5293 20.4089 2
    endloop
  endfacet
  facet normal -0 0 1
    outer loop
      vertex 25.1629 24.1284 2
      vertex 25.5293 20.4089 2
      vertex 25.3312 24.1533 2
    endloop
  endfacet
  facet normal -0 0 1
    outer loop
      vertex 25.1504 24.1278 2
      vertex 25.5293 20.4089 2
      vertex 25.1629 24.1284 2
    endloop
  endfacet
  facet normal -0 0 1
    outer loop
      vertex 24.9805 24.1194 2
      vertex 25.5293 20.4089 2
      vertex 25.1504 24.1278 2
    endloop
  endfacet
  facet normal 0 0 1
    outer loop
      vertex 24.9805 24.1194 2
      vertex 24.9805 20.3819 2
      vertex 25.5293 20.4089 2
    endloop
  endfacet
  facet normal 0 0 1
    outer loop
      vertex 24.8106 24.1278 2
      vertex 24.9805 20.3819 2
      vertex 24.9805 24.1194 2
    endloop
  endfacet
  facet normal 0 0 1
    outer loop
      vertex 24.4318 20.4089 2
      vertex 24.8106 24.1278 2
      vertex 24.7981 24.1284 2
    endloop
  endfacet
  facet normal 0 0 1
    outer loop
      vertex 24.4318 20.4089 2
      vertex 24.7981 24.1284 2
      vertex 24.6298 24.1533 2
    endloop
  endfacet
  facet normal 0 0 1
    outer loop
      vertex 23.8882 20.4895 2
      vertex 24.6298 24.1533 2
      vertex 24.6174 24.1552 2
    endloop
  endfacet
  facet normal 0 0 1
    outer loop
      vertex 23.8882 20.4895 2
      vertex 24.6174 24.1552 2
      vertex 24.6053 24.1582 2
    endloop
  endfacet
  facet normal 0 0 1
    outer loop
      vertex 23.8882 20.4895 2
      vertex 24.6053 24.1582 2
      vertex 24.4403 24.1996 2
    endloop
  endfacet
  facet normal 0 0 1
    outer loop
      vertex 24.8106 24.1278 2
      vertex 24.4318 20.4089 2
      vertex 24.9805 20.3819 2
    endloop
  endfacet
  facet normal 0 0 1
    outer loop
      vertex 23.3553 20.623 2
      vertex 24.4403 24.1996 2
      vertex 24.4285 24.2038 2
    endloop
  endfacet
  facet normal 0 0 1
    outer loop
      vertex 23.3553 20.623 2
      vertex 24.4285 24.2038 2
      vertex 24.2683 24.2611 2
    endloop
  endfacet
  facet normal 0 0 1
    outer loop
      vertex 22.838 20.8081 2
      vertex 24.2683 24.2611 2
      vertex 24.1145 24.3338 2
    endloop
  endfacet
  facet normal 0 0 1
    outer loop
      vertex 22.3414 21.043 2
      vertex 24.1145 24.3338 2
      vertex 24.1032 24.3392 2
    endloop
  endfacet
  facet normal 0 0 1
    outer loop
      vertex 22.3414 21.043 2
      vertex 24.1032 24.3392 2
      vertex 23.9573 24.4266 2
    endloop
  endfacet
  facet normal 0 0 1
    outer loop
      vertex 21.8701 21.3255 2
      vertex 23.9573 24.4266 2
      vertex 23.9465 24.4331 2
    endloop
  endfacet
  facet normal 0 0 1
    outer loop
      vertex 24.6298 24.1533 2
      vertex 23.8882 20.4895 2
      vertex 24.4318 20.4089 2
    endloop
  endfacet
  facet normal 0 0 1
    outer loop
      vertex 21.8701 21.3255 2
      vertex 23.9465 24.4331 2
      vertex 23.8099 24.5344 2
    endloop
  endfacet
  facet normal 0 0 1
    outer loop
      vertex 21.4288 21.6528 2
      vertex 23.8099 24.5344 2
      vertex 23.7998 24.5419 2
    endloop
  endfacet
  facet normal 0 0 1
    outer loop
      vertex 21.4288 21.6528 2
      vertex 23.7998 24.5419 2
      vertex 23.7906 24.5503 2
    endloop
  endfacet
  facet normal 0 0 1
    outer loop
      vertex 21.4288 21.6528 2
      vertex 23.7906 24.5503 2
      vertex 23.6645 24.6645 2
    endloop
  endfacet
  facet normal 0 0 1
    outer loop
      vertex 21.0217 22.0217 2
      vertex 23.6645 24.6645 2
      vertex 23.5503 24.7906 2
    endloop
  endfacet
  facet normal 0 0 1
    outer loop
      vertex 20.6528 22.4288 2
      vertex 23.5503 24.7906 2
      vertex 23.5419 24.7998 2
    endloop
  endfacet
  facet normal 0 0 1
    outer loop
      vertex 20.6528 22.4288 2
      vertex 23.5419 24.7998 2
      vertex 23.5344 24.8099 2
    endloop
  endfacet
  facet normal 0 0 1
    outer loop
      vertex 20.6528 22.4288 2
      vertex 23.5344 24.8099 2
      vertex 23.4331 24.9465 2
    endloop
  endfacet
  facet normal 0 0 1
    outer loop
      vertex 20.3255 22.8701 2
      vertex 23.4331 24.9465 2
      vertex 23.4266 24.9573 2
    endloop
  endfacet
  facet normal 0 0 1
    outer loop
      vertex 24.4403 24.1996 2
      vertex 23.3553 20.623 2
      vertex 23.8882 20.4895 2
    endloop
  endfacet
  facet normal 0 0 1
    outer loop
      vertex 20.3255 22.8701 2
      vertex 23.4266 24.9573 2
      vertex 23.3392 25.1032 2
    endloop
  endfacet
  facet normal 0 0 1
    outer loop
      vertex 20.043 23.3414 2
      vertex 23.3392 25.1032 2
      vertex 23.3338 25.1145 2
    endloop
  endfacet
  facet normal 0 0 1
    outer loop
      vertex 20.043 23.3414 2
      vertex 23.3338 25.1145 2
      vertex 23.2611 25.2683 2
    endloop
  endfacet
  facet normal 0 0 1
    outer loop
      vertex 19.8081 23.838 2
      vertex 23.2611 25.2683 2
      vertex 23.2038 25.4285 2
    endloop
  endfacet
  facet normal 0 0 1
    outer loop
      vertex 19.623 24.3553 2
      vertex 23.2038 25.4285 2
      vertex 23.1996 25.4403 2
    endloop
  endfacet
  facet normal 0 0 1
    outer loop
      vertex 19.623 24.3553 2
      vertex 23.1996 25.4403 2
      vertex 23.1582 25.6053 2
    endloop
  endfacet
  facet normal 0 0 1
    outer loop
      vertex 19.4895 24.8882 2
      vertex 23.1582 25.6053 2
      vertex 23.1552 25.6174 2
    endloop
  endfacet
  facet normal 0 0 1
    outer loop
      vertex 19.4895 24.8882 2
      vertex 23.1552 25.6174 2
      vertex 23.1533 25.6298 2
    endloop
  endfacet
  facet normal 0 0 1
    outer loop
      vertex 19.4895 24.8882 2
      vertex 23.1533 25.6298 2
      vertex 23.1284 25.7981 2
    endloop
  endfacet
  facet normal 0 0 1
    outer loop
      vertex 19.4089 25.4318 2
      vertex 23.1284 25.7981 2
      vertex 23.1278 25.8106 2
    endloop
  endfacet
  facet normal 0 0 1
    outer loop
      vertex 19.4089 25.4318 2
      vertex 23.1278 25.8106 2
      vertex 23.1194 25.9805 2
    endloop
  endfacet
  facet normal 0 0 1
    outer loop
      vertex 24.2683 24.2611 2
      vertex 22.838 20.8081 2
      vertex 23.3553 20.623 2
    endloop
  endfacet
  facet normal 0 0 1
    outer loop
      vertex 25.6809 27.7042 2
      vertex 24.586 31.8762 2
      vertex 25.5208 27.7615 2
    endloop
  endfacet
  facet normal -0 0 1
    outer loop
      vertex 24.5102 31.7926 2
      vertex 25.5208 27.7615 2
      vertex 24.586 31.8762 2
    endloop
  endfacet
  facet normal 0 0 1
    outer loop
      vertex 25.5208 27.7615 2
      vertex 24.5102 31.7926 2
      vertex 25.5086 27.7645 2
    endloop
  endfacet
  facet normal -0 0 1
    outer loop
      vertex 24.4265 31.7168 2
      vertex 25.5086 27.7645 2
      vertex 24.5102 31.7926 2
    endloop
  endfacet
  facet normal 0 0 1
    outer loop
      vertex 25.5086 27.7645 2
      vertex 24.4265 31.7168 2
      vertex 25.3436 27.8059 2
    endloop
  endfacet
  facet normal 0 0 1
    outer loop
      vertex 25.3436 27.8059 2
      vertex 24.4265 31.7168 2
      vertex 25.3312 27.8077 2
    endloop
  endfacet
  facet normal -0 0 1
    outer loop
      vertex 24.3359 31.6496 2
      vertex 25.3312 27.8077 2
      vertex 24.4265 31.7168 2
    endloop
  endfacet
  facet normal 0 0 1
    outer loop
      vertex 25.3312 27.8077 2
      vertex 24.3359 31.6496 2
      vertex 25.1629 27.8327 2
    endloop
  endfacet
  facet normal -0 0 1
    outer loop
      vertex 24.2391 31.5916 2
      vertex 25.1629 27.8327 2
      vertex 24.3359 31.6496 2
    endloop
  endfacet
  facet normal 0 0 1
    outer loop
      vertex 25.1629 27.8327 2
      vertex 24.2391 31.5916 2
      vertex 24.993 27.841 2
    endloop
  endfacet
  facet normal 0 0 1
    outer loop
      vertex 24.993 27.841 2
      vertex 24.2391 31.5916 2
      vertex 24.9805 27.8416 2
    endloop
  endfacet
  facet normal -0 0 1
    outer loop
      vertex 24.1371 31.5433 2
      vertex 24.9805 27.8416 2
      vertex 24.2391 31.5916 2
    endloop
  endfacet
  facet normal 0 0 1
    outer loop
      vertex 24.9805 27.8416 2
      vertex 24.1371 31.5433 2
      vertex 24.968 27.841 2
    endloop
  endfacet
  facet normal 0 0 1
    outer loop
      vertex 24.968 27.841 2
      vertex 24.1371 31.5433 2
      vertex 24.7981 27.8327 2
    endloop
  endfacet
  facet normal -0 0 1
    outer loop
      vertex 24.0308 31.5053 2
      vertex 24.7981 27.8327 2
      vertex 24.1371 31.5433 2
    endloop
  endfacet
  facet normal 0 0 1
    outer loop
      vertex 24.7981 27.8327 2
      vertex 24.0308 31.5053 2
      vertex 24.6298 27.8077 2
    endloop
  endfacet
  facet normal -0 0 1
    outer loop
      vertex 23.9431 31.4853 2
      vertex 24.6298 27.8077 2
      vertex 24.0308 31.5053 2
    endloop
  endfacet
  facet normal 0 0 1
    outer loop
      vertex 24.6298 27.8077 2
      vertex 23.9431 31.4853 2
      vertex 24.6174 27.8059 2
    endloop
  endfacet
  facet normal -0 0 1
    outer loop
      vertex 23.3553 31.3381 2
      vertex 24.6174 27.8059 2
      vertex 23.9431 31.4853 2
    endloop
  endfacet
  facet normal 0 0 1
    outer loop
      vertex 24.6174 27.8059 2
      vertex 23.3553 31.3381 2
      vertex 24.4524 27.7645 2
    endloop
  endfacet
  facet normal 0 0 1
    outer loop
      vertex 24.4524 27.7645 2
      vertex 23.3553 31.3381 2
      vertex 24.4403 27.7615 2
    endloop
  endfacet
  facet normal 0 0 1
    outer loop
      vertex 24.4403 27.7615 2
      vertex 23.3553 31.3381 2
      vertex 24.2801 27.7042 2
    endloop
  endfacet
  facet normal -0 0 1
    outer loop
      vertex 22.8379 31.1529 2
      vertex 24.2801 27.7042 2
      vertex 23.3553 31.3381 2
    endloop
  endfacet
  facet normal 0 0 1
    outer loop
      vertex 24.2801 27.7042 2
      vertex 22.8379 31.1529 2
      vertex 24.2683 27.7 2
    endloop
  endfacet
  facet normal 0 0 1
    outer loop
      vertex 24.2683 27.7 2
      vertex 22.8379 31.1529 2
      vertex 24.257 27.6946 2
    endloop
  endfacet
  facet normal 0 0 1
    outer loop
      vertex 24.257 27.6946 2
      vertex 22.8379 31.1529 2
      vertex 24.1032 27.6219 2
    endloop
  endfacet
  facet normal 0 -0 1
    outer loop
      vertex 23.9431 31.4853 2
      vertex 24.0308 31.5053 2
      vertex 23.943 31.4855 2
    endloop
  endfacet
  facet normal -0 0 1
    outer loop
      vertex 22.3414 30.9181 2
      vertex 24.1032 27.6219 2
      vertex 22.8379 31.1529 2
    endloop
  endfacet
  facet normal 0 0 1
    outer loop
      vertex 24.1032 27.6219 2
      vertex 22.3414 30.9181 2
      vertex 23.9573 27.5344 2
    endloop
  endfacet
  facet normal -0 0 1
    outer loop
      vertex 21.8701 30.6356 2
      vertex 23.9573 27.5344 2
      vertex 22.3414 30.9181 2
    endloop
  endfacet
  facet normal 0 0 1
    outer loop
      vertex 23.9573 27.5344 2
      vertex 21.8701 30.6356 2
      vertex 23.9465 27.528 2
    endloop
  endfacet
  facet normal 0 0 1
    outer loop
      vertex 23.9465 27.528 2
      vertex 21.8701 30.6356 2
      vertex 23.8099 27.4267 2
    endloop
  endfacet
  facet normal -0 0 1
    outer loop
      vertex 21.4287 30.3082 2
      vertex 23.8099 27.4267 2
      vertex 21.8701 30.6356 2
    endloop
  endfacet
  facet normal 0 0 1
    outer loop
      vertex 23.8099 27.4267 2
      vertex 21.4287 30.3082 2
      vertex 23.7998 27.4192 2
    endloop
  endfacet
  facet normal 0 0 1
    outer loop
      vertex 23.7998 27.4192 2
      vertex 21.4287 30.3082 2
      vertex 23.6738 27.305 2
    endloop
  endfacet
  facet normal -0 0 1
    outer loop
      vertex 21.0217 29.9393 2
      vertex 23.6738 27.305 2
      vertex 21.4287 30.3082 2
    endloop
  endfacet
  facet normal 0 0 1
    outer loop
      vertex 23.6738 27.305 2
      vertex 21.0217 29.9393 2
      vertex 23.6645 27.2965 2
    endloop
  endfacet
  facet normal 0 0 1
    outer loop
      vertex 23.6645 27.2965 2
      vertex 21.0217 29.9393 2
      vertex 23.5503 27.1705 2
    endloop
  endfacet
  facet normal -0 0 1
    outer loop
      vertex 20.6528 29.5323 2
      vertex 23.5503 27.1705 2
      vertex 21.0217 29.9393 2
    endloop
  endfacet
  facet normal 0 0 1
    outer loop
      vertex 23.5503 27.1705 2
      vertex 20.6528 29.5323 2
      vertex 23.5419 27.1612 2
    endloop
  endfacet
  facet normal 0 0 1
    outer loop
      vertex 23.5419 27.1612 2
      vertex 20.6528 29.5323 2
      vertex 23.5344 27.1511 2
    endloop
  endfacet
  facet normal 0 0 1
    outer loop
      vertex 23.5344 27.1511 2
      vertex 20.6528 29.5323 2
      vertex 23.4331 27.0145 2
    endloop
  endfacet
  facet normal -0 0 1
    outer loop
      vertex 20.3255 29.091 2
      vertex 23.4331 27.0145 2
      vertex 20.6528 29.5323 2
    endloop
  endfacet
  facet normal 0 0 1
    outer loop
      vertex 23.4331 27.0145 2
      vertex 20.3255 29.091 2
      vertex 23.3456 26.8686 2
    endloop
  endfacet
  facet normal -0 0 1
    outer loop
      vertex 20.043 28.6196 2
      vertex 23.3456 26.8686 2
      vertex 20.3255 29.091 2
    endloop
  endfacet
  facet normal 0 0 1
    outer loop
      vertex 23.3456 26.8686 2
      vertex 20.043 28.6196 2
      vertex 23.3392 26.8578 2
    endloop
  endfacet
  facet normal 0 0 1
    outer loop
      vertex 23.3392 26.8578 2
      vertex 20.043 28.6196 2
      vertex 23.3338 26.8465 2
    endloop
  endfacet
  facet normal 0 0 1
    outer loop
      vertex 23.3338 26.8465 2
      vertex 20.043 28.6196 2
      vertex 23.2611 26.6927 2
    endloop
  endfacet
  facet normal -0 0 1
    outer loop
      vertex 19.8081 28.1231 2
      vertex 23.2611 26.6927 2
      vertex 20.043 28.6196 2
    endloop
  endfacet
  facet normal 0 0 1
    outer loop
      vertex 23.2611 26.6927 2
      vertex 19.8081 28.1231 2
      vertex 23.2038 26.5326 2
    endloop
  endfacet
  facet normal -0 0 1
    outer loop
      vertex 19.623 27.6057 2
      vertex 23.2038 26.5326 2
      vertex 19.8081 28.1231 2
    endloop
  endfacet
  facet normal 0 0 1
    outer loop
      vertex 24.1145 24.3338 2
      vertex 22.3414 21.043 2
      vertex 22.838 20.8081 2
    endloop
  endfacet
  facet normal 0 0 1
    outer loop
      vertex 23.2038 26.5326 2
      vertex 19.623 27.6057 2
      vertex 23.1996 26.5208 2
    endloop
  endfacet
  facet normal 0 0 1
    outer loop
      vertex 23.9573 24.4266 2
      vertex 21.8701 21.3255 2
      vertex 22.3414 21.043 2
    endloop
  endfacet
  facet normal 0 0 1
    outer loop
      vertex 23.8099 24.5344 2
      vertex 21.4288 21.6528 2
      vertex 21.8701 21.3255 2
    endloop
  endfacet
  facet normal 0 0 1
    outer loop
      vertex 23.1996 26.5208 2
      vertex 19.623 27.6057 2
      vertex 23.1582 26.3558 2
    endloop
  endfacet
  facet normal 0 0 1
    outer loop
      vertex 23.6645 24.6645 2
      vertex 21.0217 22.0217 2
      vertex 21.4288 21.6528 2
    endloop
  endfacet
  facet normal -0 0 1
    outer loop
      vertex 19.4895 27.0728 2
      vertex 23.1582 26.3558 2
      vertex 19.623 27.6057 2
    endloop
  endfacet
  facet normal 0 0 1
    outer loop
      vertex 23.1582 26.3558 2
      vertex 19.4895 27.0728 2
      vertex 23.1552 26.3436 2
    endloop
  endfacet
  facet normal 0 0 1
    outer loop
      vertex 23.5503 24.7906 2
      vertex 20.6528 22.4288 2
      vertex 21.0217 22.0217 2
    endloop
  endfacet
  facet normal 0 0 1
    outer loop
      vertex 23.1552 26.3436 2
      vertex 19.4895 27.0728 2
      vertex 23.1533 26.3312 2
    endloop
  endfacet
  facet normal 0 0 1
    outer loop
      vertex 23.4331 24.9465 2
      vertex 20.3255 22.8701 2
      vertex 20.6528 22.4288 2
    endloop
  endfacet
  facet normal 0 0 1
    outer loop
      vertex 23.1533 26.3312 2
      vertex 19.4895 27.0728 2
      vertex 23.1284 26.1629 2
    endloop
  endfacet
  facet normal 0 0 1
    outer loop
      vertex 23.3392 25.1032 2
      vertex 20.043 23.3414 2
      vertex 20.3255 22.8701 2
    endloop
  endfacet
  facet normal -0 0 1
    outer loop
      vertex 19.4089 26.5293 2
      vertex 23.1284 26.1629 2
      vertex 19.4895 27.0728 2
    endloop
  endfacet
  facet normal 0 0 1
    outer loop
      vertex 23.2611 25.2683 2
      vertex 19.8081 23.838 2
      vertex 20.043 23.3414 2
    endloop
  endfacet
  facet normal 0 0 1
    outer loop
      vertex 23.2038 25.4285 2
      vertex 19.623 24.3553 2
      vertex 19.8081 23.838 2
    endloop
  endfacet
  facet normal 0 0 1
    outer loop
      vertex 23.1284 26.1629 2
      vertex 19.4089 26.5293 2
      vertex 23.1278 26.1504 2
    endloop
  endfacet
  facet normal 0 0 1
    outer loop
      vertex 23.1278 26.1504 2
      vertex 19.4089 26.5293 2
      vertex 23.1194 25.9805 2
    endloop
  endfacet
  facet normal 0 0 1
    outer loop
      vertex 23.1582 25.6053 2
      vertex 19.4895 24.8882 2
      vertex 19.623 24.3553 2
    endloop
  endfacet
  facet normal 0 0 1
    outer loop
      vertex 19.3819 25.9805 2
      vertex 23.1194 25.9805 2
      vertex 19.4089 26.5293 2
    endloop
  endfacet
  facet normal 0 0 1
    outer loop
      vertex 23.1284 25.7981 2
      vertex 19.4089 25.4318 2
      vertex 19.4895 24.8882 2
    endloop
  endfacet
  facet normal 0 0 1
    outer loop
      vertex 23.1194 25.9805 2
      vertex 19.3819 25.9805 2
      vertex 19.4089 25.4318 2
    endloop
  endfacet
  facet normal 0 -0 1
    outer loop
      vertex 53.3271 34.0171 2
      vertex 73.3 48.01 2
      vertex 53.12 34.176 2
    endloop
  endfacet
  facet normal 0 0 1
    outer loop
      vertex 52.62 34.31 2
      vertex 39.9952 46.698 2
      vertex 40 46.6 2
    endloop
  endfacet
  facet normal 0 -0 1
    outer loop
      vertex 39.9569 46.8903 2
      vertex 73.3 52.79 2
      vertex 39.9239 46.9827 2
    endloop
  endfacet
  facet normal 0 0 1
    outer loop
      vertex 52.62 34.31 2
      vertex 39.9808 46.7951 2
      vertex 39.9952 46.698 2
    endloop
  endfacet
  facet normal 0 -0 1
    outer loop
      vertex 53.12 34.176 2
      vertex 73.3 48.01 2
      vertex 52.8788 34.2759 2
    endloop
  endfacet
  facet normal 0 0 1
    outer loop
      vertex 52.8788 34.2759 2
      vertex 39.9808 46.7951 2
      vertex 52.62 34.31 2
    endloop
  endfacet
  facet normal 0 0 1
    outer loop
      vertex 73.3 52.79 2
      vertex 52.8788 34.2759 2
      vertex 73.3 48.01 2
    endloop
  endfacet
  facet normal -0 -0 1
    outer loop
      vertex 39.9808 46.7951 2
      vertex 52.8788 34.2759 2
      vertex 39.9569 46.8903 2
    endloop
  endfacet
  facet normal -0 0 1
    outer loop
      vertex 39.8819 61.9286 2
      vertex 39.9239 46.9827 2
      vertex 39.9239 62.0173 2
    endloop
  endfacet
  facet normal 0 0 1
    outer loop
      vertex 39.8819 61.9286 2
      vertex 39.8819 47.0714 2
      vertex 39.9239 46.9827 2
    endloop
  endfacet
  facet normal -0 0 1
    outer loop
      vertex 39.8315 61.8444 2
      vertex 39.8819 47.0714 2
      vertex 39.8819 61.9286 2
    endloop
  endfacet
  facet normal 0 0 1
    outer loop
      vertex 39.8315 61.8444 2
      vertex 39.8315 47.1556 2
      vertex 39.8819 47.0714 2
    endloop
  endfacet
  facet normal -0 0 1
    outer loop
      vertex 39.773 61.7656 2
      vertex 39.8315 47.1556 2
      vertex 39.8315 61.8444 2
    endloop
  endfacet
  facet normal 0 0 1
    outer loop
      vertex 39.773 61.7656 2
      vertex 39.773 47.2344 2
      vertex 39.8315 47.1556 2
    endloop
  endfacet
  facet normal -0 0 1
    outer loop
      vertex 39.7071 61.6929 2
      vertex 39.773 47.2344 2
      vertex 39.773 61.7656 2
    endloop
  endfacet
  facet normal 0 0 1
    outer loop
      vertex 39.7071 61.6929 2
      vertex 39.7071 47.3071 2
      vertex 39.773 47.2344 2
    endloop
  endfacet
  facet normal -0 0 1
    outer loop
      vertex 39.6344 61.627 2
      vertex 39.7071 47.3071 2
      vertex 39.7071 61.6929 2
    endloop
  endfacet
  facet normal 0 0 1
    outer loop
      vertex 39.6344 61.627 2
      vertex 39.6344 47.373 2
      vertex 39.7071 47.3071 2
    endloop
  endfacet
  facet normal -0 0 1
    outer loop
      vertex 39.5556 61.5685 2
      vertex 39.6344 47.373 2
      vertex 39.6344 61.627 2
    endloop
  endfacet
  facet normal 0 0 1
    outer loop
      vertex 39.5556 61.5685 2
      vertex 39.5556 47.4315 2
      vertex 39.6344 47.373 2
    endloop
  endfacet
  facet normal -0 0 1
    outer loop
      vertex 39.4714 61.5181 2
      vertex 39.5556 47.4315 2
      vertex 39.5556 61.5685 2
    endloop
  endfacet
  facet normal 0 0 1
    outer loop
      vertex 39.4714 61.5181 2
      vertex 39.4714 47.4819 2
      vertex 39.5556 47.4315 2
    endloop
  endfacet
  facet normal -0 0 1
    outer loop
      vertex 39.3827 61.4761 2
      vertex 39.4714 47.4819 2
      vertex 39.4714 61.5181 2
    endloop
  endfacet
  facet normal 0 0 1
    outer loop
      vertex 39.3827 61.4761 2
      vertex 39.3827 47.5239 2
      vertex 39.4714 47.4819 2
    endloop
  endfacet
  facet normal -0 0 1
    outer loop
      vertex 39.2903 61.4431 2
      vertex 39.3827 47.5239 2
      vertex 39.3827 61.4761 2
    endloop
  endfacet
  facet normal 0 0 1
    outer loop
      vertex 39.2903 61.4431 2
      vertex 39.2903 47.5569 2
      vertex 39.3827 47.5239 2
    endloop
  endfacet
  facet normal -0 0 1
    outer loop
      vertex 39.1951 61.4192 2
      vertex 39.2903 47.5569 2
      vertex 39.2903 61.4431 2
    endloop
  endfacet
  facet normal 0 0 1
    outer loop
      vertex 39.1951 61.4192 2
      vertex 39.1951 47.5808 2
      vertex 39.2903 47.5569 2
    endloop
  endfacet
  facet normal -0 0 1
    outer loop
      vertex 39.098 61.4048 2
      vertex 39.1951 47.5808 2
      vertex 39.1951 61.4192 2
    endloop
  endfacet
  facet normal 0 0 1
    outer loop
      vertex 39.098 61.4048 2
      vertex 39.098 47.5952 2
      vertex 39.1951 47.5808 2
    endloop
  endfacet
  facet normal -0 0 1
    outer loop
      vertex 39 61.4 2
      vertex 39.098 47.5952 2
      vertex 39.098 61.4048 2
    endloop
  endfacet
  facet normal 0 0 1
    outer loop
      vertex 39 61.4 2
      vertex 39 47.6 2
      vertex 39.098 47.5952 2
    endloop
  endfacet
  facet normal 0 0 1
    outer loop
      vertex 38.902 61.4048 2
      vertex 39 47.6 2
      vertex 39 61.4 2
    endloop
  endfacet
  facet normal 0 0 1
    outer loop
      vertex 38.902 61.4048 2
      vertex 38.902 47.5952 2
      vertex 39 47.6 2
    endloop
  endfacet
  facet normal 0 0 1
    outer loop
      vertex 38.8049 61.4192 2
      vertex 38.902 47.5952 2
      vertex 38.902 61.4048 2
    endloop
  endfacet
  facet normal 0 0 1
    outer loop
      vertex 38.8049 61.4192 2
      vertex 38.8049 47.5808 2
      vertex 38.902 47.5952 2
    endloop
  endfacet
  facet normal 0 0 1
    outer loop
      vertex 38.7097 61.4431 2
      vertex 38.8049 47.5808 2
      vertex 38.8049 61.4192 2
    endloop
  endfacet
  facet normal 0 0 1
    outer loop
      vertex 38.7097 61.4431 2
      vertex 38.7097 47.5569 2
      vertex 38.8049 47.5808 2
    endloop
  endfacet
  facet normal 0 0 1
    outer loop
      vertex 38.6173 61.4761 2
      vertex 38.7097 47.5569 2
      vertex 38.7097 61.4431 2
    endloop
  endfacet
  facet normal 0 0 1
    outer loop
      vertex 38.6173 61.4761 2
      vertex 38.6173 47.5239 2
      vertex 38.7097 47.5569 2
    endloop
  endfacet
  facet normal 0 0 1
    outer loop
      vertex 38.5286 61.5181 2
      vertex 38.6173 47.5239 2
      vertex 38.6173 61.4761 2
    endloop
  endfacet
  facet normal 0 0 1
    outer loop
      vertex 38.5286 61.5181 2
      vertex 38.5286 47.4819 2
      vertex 38.6173 47.5239 2
    endloop
  endfacet
  facet normal 0 0 1
    outer loop
      vertex 38.4444 61.5685 2
      vertex 38.5286 47.4819 2
      vertex 38.5286 61.5181 2
    endloop
  endfacet
  facet normal 0 0 1
    outer loop
      vertex 38.4444 61.5685 2
      vertex 38.4444 47.4315 2
      vertex 38.5286 47.4819 2
    endloop
  endfacet
  facet normal 0 0 1
    outer loop
      vertex 38.3656 61.627 2
      vertex 38.4444 47.4315 2
      vertex 38.4444 61.5685 2
    endloop
  endfacet
  facet normal 0 0 1
    outer loop
      vertex 38.3656 61.627 2
      vertex 38.3656 47.373 2
      vertex 38.4444 47.4315 2
    endloop
  endfacet
  facet normal 0 0 1
    outer loop
      vertex 38.2929 61.6929 2
      vertex 38.3656 47.373 2
      vertex 38.3656 61.627 2
    endloop
  endfacet
  facet normal 0 0 1
    outer loop
      vertex 38.2929 61.6929 2
      vertex 38.2929 47.3071 2
      vertex 38.3656 47.373 2
    endloop
  endfacet
  facet normal 0 0 1
    outer loop
      vertex 38.227 61.7656 2
      vertex 38.2929 47.3071 2
      vertex 38.2929 61.6929 2
    endloop
  endfacet
  facet normal 0 0 1
    outer loop
      vertex 38.227 61.7656 2
      vertex 38.227 47.2344 2
      vertex 38.2929 47.3071 2
    endloop
  endfacet
  facet normal 0 0 1
    outer loop
      vertex 38.1685 61.8444 2
      vertex 38.227 47.2344 2
      vertex 38.227 61.7656 2
    endloop
  endfacet
  facet normal 0 0 1
    outer loop
      vertex 38.1685 61.8444 2
      vertex 38.1685 47.1556 2
      vertex 38.227 47.2344 2
    endloop
  endfacet
  facet normal 0 0 1
    outer loop
      vertex 38.1181 61.9286 2
      vertex 38.1685 47.1556 2
      vertex 38.1685 61.8444 2
    endloop
  endfacet
  facet normal 0 0 1
    outer loop
      vertex 38.1181 61.9286 2
      vertex 38.1181 47.0714 2
      vertex 38.1685 47.1556 2
    endloop
  endfacet
  facet normal 0 0 1
    outer loop
      vertex 38.0761 62.0173 2
      vertex 38.1181 47.0714 2
      vertex 38.1181 61.9286 2
    endloop
  endfacet
  facet normal 0 0 1
    outer loop
      vertex 38.0761 62.0173 2
      vertex 38.0761 46.9827 2
      vertex 38.1181 47.0714 2
    endloop
  endfacet
  facet normal 0 0 1
    outer loop
      vertex 38.0431 62.1097 2
      vertex 38.0761 46.9827 2
      vertex 38.0761 62.0173 2
    endloop
  endfacet
  facet normal 0 0 1
    outer loop
      vertex 38.0431 62.1097 2
      vertex 38.0431 46.8903 2
      vertex 38.0761 46.9827 2
    endloop
  endfacet
  facet normal 0 0 1
    outer loop
      vertex 24.847 32.6058 2
      vertex 38.0431 62.1097 2
      vertex 38.0192 62.2049 2
    endloop
  endfacet
  facet normal 0 0 1
    outer loop
      vertex 38.0431 62.1097 2
      vertex 24.847 32.6058 2
      vertex 38.0431 46.8903 2
    endloop
  endfacet
  facet normal 0 0 1
    outer loop
      vertex 24.847 32.6058 2
      vertex 38.0192 62.2049 2
      vertex 38.0048 62.302 2
    endloop
  endfacet
  facet normal 0 0 1
    outer loop
      vertex 38.0431 46.8903 2
      vertex 24.847 32.6058 2
      vertex 38.0192 46.7951 2
    endloop
  endfacet
  facet normal 0 0 1
    outer loop
      vertex 24.847 32.6058 2
      vertex 38.0048 62.302 2
      vertex 38 62.4 2
    endloop
  endfacet
  facet normal 0 0 1
    outer loop
      vertex 38.0192 46.7951 2
      vertex 24.847 32.6058 2
      vertex 38.0048 46.698 2
    endloop
  endfacet
  facet normal 0 0 1
    outer loop
      vertex 73.3 52.79 2
      vertex 39.9952 62.302 2
      vertex 39.9808 62.2049 2
    endloop
  endfacet
  facet normal -0 0 1
    outer loop
      vertex 39.9952 46.502 2
      vertex 52.62 34.31 2
      vertex 40 46.6 2
    endloop
  endfacet
  facet normal -0 0 1
    outer loop
      vertex 39.9808 46.4049 2
      vertex 52.62 34.31 2
      vertex 39.9952 46.502 2
    endloop
  endfacet
  facet normal -0 0 1
    outer loop
      vertex 39.9569 46.3097 2
      vertex 52.62 34.31 2
      vertex 39.9808 46.4049 2
    endloop
  endfacet
  facet normal -0 0 1
    outer loop
      vertex 39.9239 46.2173 2
      vertex 52.62 34.31 2
      vertex 39.9569 46.3097 2
    endloop
  endfacet
  facet normal -0 0 1
    outer loop
      vertex 39.8819 46.1286 2
      vertex 52.62 34.31 2
      vertex 39.9239 46.2173 2
    endloop
  endfacet
  facet normal -0 0 1
    outer loop
      vertex 39.8315 46.0444 2
      vertex 52.62 34.31 2
      vertex 39.8819 46.1286 2
    endloop
  endfacet
  facet normal -0 0 1
    outer loop
      vertex 39.773 45.9656 2
      vertex 52.62 34.31 2
      vertex 39.8315 46.0444 2
    endloop
  endfacet
  facet normal -0 0 1
    outer loop
      vertex 39.7071 45.8929 2
      vertex 52.62 34.31 2
      vertex 39.773 45.9656 2
    endloop
  endfacet
  facet normal -0 0 1
    outer loop
      vertex 39.6344 45.827 2
      vertex 52.62 34.31 2
      vertex 39.7071 45.8929 2
    endloop
  endfacet
  facet normal 0 0 1
    outer loop
      vertex 37.62 34.31 2
      vertex 39.6344 45.827 2
      vertex 39.5556 45.7685 2
    endloop
  endfacet
  facet normal 0 0 1
    outer loop
      vertex 37.62 34.31 2
      vertex 39.5556 45.7685 2
      vertex 39.4714 45.7181 2
    endloop
  endfacet
  facet normal 0 0 1
    outer loop
      vertex 37.62 34.31 2
      vertex 39.4714 45.7181 2
      vertex 39.3827 45.6761 2
    endloop
  endfacet
  facet normal 0 0 1
    outer loop
      vertex 37.62 34.31 2
      vertex 39.3827 45.6761 2
      vertex 39.2903 45.6431 2
    endloop
  endfacet
  facet normal 0 0 1
    outer loop
      vertex 37.62 34.31 2
      vertex 39.2903 45.6431 2
      vertex 39.1951 45.6192 2
    endloop
  endfacet
  facet normal 0 0 1
    outer loop
      vertex 37.62 34.31 2
      vertex 39.1951 45.6192 2
      vertex 39.098 45.6048 2
    endloop
  endfacet
  facet normal 0 0 1
    outer loop
      vertex 37.62 34.31 2
      vertex 39.098 45.6048 2
      vertex 39 45.6 2
    endloop
  endfacet
  facet normal 0 0 1
    outer loop
      vertex 37.62 34.31 2
      vertex 39 45.6 2
      vertex 38.902 45.6048 2
    endloop
  endfacet
  facet normal 0 0 1
    outer loop
      vertex 37.62 34.31 2
      vertex 38.902 45.6048 2
      vertex 38.8049 45.6192 2
    endloop
  endfacet
  facet normal 0 0 1
    outer loop
      vertex 37.62 34.31 2
      vertex 38.8049 45.6192 2
      vertex 38.7097 45.6431 2
    endloop
  endfacet
  facet normal 0 0 1
    outer loop
      vertex 37.62 34.31 2
      vertex 38.7097 45.6431 2
      vertex 38.6173 45.6761 2
    endloop
  endfacet
  facet normal 0 0 1
    outer loop
      vertex 37.62 34.31 2
      vertex 38.6173 45.6761 2
      vertex 38.5286 45.7181 2
    endloop
  endfacet
  facet normal 0 0 1
    outer loop
      vertex 37.62 34.31 2
      vertex 38.5286 45.7181 2
      vertex 38.4444 45.7685 2
    endloop
  endfacet
  facet normal 0 0 1
    outer loop
      vertex 37.62 34.31 2
      vertex 38.4444 45.7685 2
      vertex 38.3656 45.827 2
    endloop
  endfacet
  facet normal 0 0 1
    outer loop
      vertex 39.6344 45.827 2
      vertex 37.62 34.31 2
      vertex 52.62 34.31 2
    endloop
  endfacet
  facet normal 0 0 1
    outer loop
      vertex 38.2929 45.8929 2
      vertex 37.62 34.31 2
      vertex 38.3656 45.827 2
    endloop
  endfacet
  facet normal 0 0 1
    outer loop
      vertex 38.227 45.9656 2
      vertex 37.62 34.31 2
      vertex 38.2929 45.8929 2
    endloop
  endfacet
  facet normal 0 0 1
    outer loop
      vertex 38.1685 46.0444 2
      vertex 37.62 34.31 2
      vertex 38.227 45.9656 2
    endloop
  endfacet
  facet normal 0 0 1
    outer loop
      vertex 38.1181 46.1286 2
      vertex 37.62 34.31 2
      vertex 38.1685 46.0444 2
    endloop
  endfacet
  facet normal 0 0 1
    outer loop
      vertex 38.0761 46.2173 2
      vertex 37.62 34.31 2
      vertex 38.1181 46.1286 2
    endloop
  endfacet
  facet normal 0 0 1
    outer loop
      vertex 38.0431 46.3097 2
      vertex 37.62 34.31 2
      vertex 38.0761 46.2173 2
    endloop
  endfacet
  facet normal 0 0 1
    outer loop
      vertex 38.0192 46.4049 2
      vertex 37.62 34.31 2
      vertex 38.0431 46.3097 2
    endloop
  endfacet
  facet normal 0 0 1
    outer loop
      vertex 38.0048 46.502 2
      vertex 37.62 34.31 2
      vertex 38.0192 46.4049 2
    endloop
  endfacet
  facet normal 0 0 1
    outer loop
      vertex 37.62 34.31 2
      vertex 38.0048 46.502 2
      vertex 38 46.6 2
    endloop
  endfacet
  facet normal -0 0 1
    outer loop
      vertex 80.2659 52.5312 2
      vertex 80.3 48.01 2
      vertex 80.3 52.79 2
    endloop
  endfacet
  facet normal 0 0 1
    outer loop
      vertex 80.2659 52.5312 2
      vertex 80.2659 48.2688 2
      vertex 80.3 48.01 2
    endloop
  endfacet
  facet normal -0 0 1
    outer loop
      vertex 80.166 52.29 2
      vertex 80.2659 48.2688 2
      vertex 80.2659 52.5312 2
    endloop
  endfacet
  facet normal 0 0 1
    outer loop
      vertex 80.166 52.29 2
      vertex 80.166 48.51 2
      vertex 80.2659 48.2688 2
    endloop
  endfacet
  facet normal -0 0 1
    outer loop
      vertex 80.0071 52.0829 2
      vertex 80.166 48.51 2
      vertex 80.166 52.29 2
    endloop
  endfacet
  facet normal 0 0 1
    outer loop
      vertex 80.0071 52.0829 2
      vertex 80.0071 48.7171 2
      vertex 80.166 48.51 2
    endloop
  endfacet
  facet normal -0 0 1
    outer loop
      vertex 79.8 51.924 2
      vertex 80.0071 48.7171 2
      vertex 80.0071 52.0829 2
    endloop
  endfacet
  facet normal 0 0 1
    outer loop
      vertex 79.8 51.924 2
      vertex 79.8 48.876 2
      vertex 80.0071 48.7171 2
    endloop
  endfacet
  facet normal -0 0 1
    outer loop
      vertex 79.5588 51.8241 2
      vertex 79.8 48.876 2
      vertex 79.8 51.924 2
    endloop
  endfacet
  facet normal 0 0 1
    outer loop
      vertex 79.5588 51.8241 2
      vertex 79.5588 48.9759 2
      vertex 79.8 48.876 2
    endloop
  endfacet
  facet normal -0 0 1
    outer loop
      vertex 79.3 51.79 2
      vertex 79.5588 48.9759 2
      vertex 79.5588 51.8241 2
    endloop
  endfacet
  facet normal 0 0 1
    outer loop
      vertex 79.3 51.79 2
      vertex 79.3 49.01 2
      vertex 79.5588 48.9759 2
    endloop
  endfacet
  facet normal -0 0 1
    outer loop
      vertex 74.3 51.79 2
      vertex 79.3 49.01 2
      vertex 79.3 51.79 2
    endloop
  endfacet
  facet normal 0 0 1
    outer loop
      vertex 74.3 51.79 2
      vertex 74.3 49.01 2
      vertex 79.3 49.01 2
    endloop
  endfacet
  facet normal 0 0 1
    outer loop
      vertex 74.0412 51.8241 2
      vertex 74.3 49.01 2
      vertex 74.3 51.79 2
    endloop
  endfacet
  facet normal 0 0 1
    outer loop
      vertex 74.0412 51.8241 2
      vertex 74.0412 48.9759 2
      vertex 74.3 49.01 2
    endloop
  endfacet
  facet normal 0 0 1
    outer loop
      vertex 73.8 51.924 2
      vertex 74.0412 48.9759 2
      vertex 74.0412 51.8241 2
    endloop
  endfacet
  facet normal 0 0 1
    outer loop
      vertex 73.8 51.924 2
      vertex 73.8 48.876 2
      vertex 74.0412 48.9759 2
    endloop
  endfacet
  facet normal 0 0 1
    outer loop
      vertex 73.5929 52.0829 2
      vertex 73.8 48.876 2
      vertex 73.8 51.924 2
    endloop
  endfacet
  facet normal 0 0 1
    outer loop
      vertex 73.5929 52.0829 2
      vertex 73.5929 48.7171 2
      vertex 73.8 48.876 2
    endloop
  endfacet
  facet normal 0 0 1
    outer loop
      vertex 73.434 52.29 2
      vertex 73.5929 48.7171 2
      vertex 73.5929 52.0829 2
    endloop
  endfacet
  facet normal 0 0 1
    outer loop
      vertex 73.434 52.29 2
      vertex 73.434 48.51 2
      vertex 73.5929 48.7171 2
    endloop
  endfacet
  facet normal 0 0 1
    outer loop
      vertex 73.3341 52.5312 2
      vertex 73.434 48.51 2
      vertex 73.434 52.29 2
    endloop
  endfacet
  facet normal 0 0 1
    outer loop
      vertex 73.3341 52.5312 2
      vertex 73.3341 48.2688 2
      vertex 73.434 48.51 2
    endloop
  endfacet
  facet normal 0 0 1
    outer loop
      vertex 73.3 52.79 2
      vertex 73.3341 48.2688 2
      vertex 73.3341 52.5312 2
    endloop
  endfacet
  facet normal 0 0 1
    outer loop
      vertex 73.3341 48.2688 2
      vertex 73.3 52.79 2
      vertex 73.3 48.01 2
    endloop
  endfacet
  facet normal 0 -0 1
    outer loop
      vertex 75.8251 25.7975 2
      vertex 80.8005 27.2965 2
      vertex 75.7156 25.8249 2
    endloop
  endfacet
  facet normal 0 0 1
    outer loop
      vertex 80.8005 27.2965 2
      vertex 75.8251 25.7975 2
      vertex 80.792 27.2872 2
    endloop
  endfacet
  facet normal 0 -0 1
    outer loop
      vertex 75.9313 25.7594 2
      vertex 80.6778 27.1612 2
      vertex 75.8251 25.7975 2
    endloop
  endfacet
  facet normal 0 0 1
    outer loop
      vertex 80.6778 27.1612 2
      vertex 75.9313 25.7594 2
      vertex 80.6703 27.1511 2
    endloop
  endfacet
  facet normal 0 0 1
    outer loop
      vertex 80.6703 27.1511 2
      vertex 75.9313 25.7594 2
      vertex 80.569 27.0145 2
    endloop
  endfacet
  facet normal 0 -0 1
    outer loop
      vertex 76.0333 25.7112 2
      vertex 80.569 27.0145 2
      vertex 75.9313 25.7594 2
    endloop
  endfacet
  facet normal 0 0 1
    outer loop
      vertex 80.569 27.0145 2
      vertex 76.0333 25.7112 2
      vertex 80.4816 26.8686 2
    endloop
  endfacet
  facet normal 0 0 1
    outer loop
      vertex 80.4816 26.8686 2
      vertex 76.0333 25.7112 2
      vertex 80.4751 26.8578 2
    endloop
  endfacet
  facet normal 0 -0 1
    outer loop
      vertex 76.1301 25.6532 2
      vertex 80.4751 26.8578 2
      vertex 76.0333 25.7112 2
    endloop
  endfacet
  facet normal 0 0 1
    outer loop
      vertex 80.4698 26.8465 2
      vertex 76.1301 25.6532 2
      vertex 80.397 26.6927 2
    endloop
  endfacet
  facet normal 0.146694 -0.989182 0
    outer loop
      vertex 82.6652 20.4089 0
      vertex 83.2087 20.4895 2
      vertex 82.6652 20.4089 2
    endloop
  endfacet
  facet normal 0.146694 -0.989182 0
    outer loop
      vertex 83.2087 20.4895 2
      vertex 82.6652 20.4089 0
      vertex 83.2087 20.4895 0
    endloop
  endfacet
  facet normal 0.242964 -0.970035 0
    outer loop
      vertex 83.2087 20.4895 0
      vertex 83.7417 20.623 2
      vertex 83.2087 20.4895 2
    endloop
  endfacet
  facet normal 0.242964 -0.970035 0
    outer loop
      vertex 83.7417 20.623 2
      vertex 83.2087 20.4895 0
      vertex 83.7417 20.623 0
    endloop
  endfacet
  facet normal 0.336901 -0.94154 0
    outer loop
      vertex 83.7417 20.623 0
      vertex 84.259 20.8081 2
      vertex 83.7417 20.623 2
    endloop
  endfacet
  facet normal 0.336901 -0.94154 0
    outer loop
      vertex 84.259 20.8081 2
      vertex 83.7417 20.623 0
      vertex 84.259 20.8081 0
    endloop
  endfacet
  facet normal 0.427593 -0.903971 0
    outer loop
      vertex 84.259 20.8081 0
      vertex 84.7556 21.043 2
      vertex 84.259 20.8081 2
    endloop
  endfacet
  facet normal 0.427593 -0.903971 0
    outer loop
      vertex 84.7556 21.043 2
      vertex 84.259 20.8081 0
      vertex 84.7556 21.043 0
    endloop
  endfacet
  facet normal 0.514121 -0.857718 0
    outer loop
      vertex 84.7556 21.043 0
      vertex 85.2269 21.3255 2
      vertex 84.7556 21.043 2
    endloop
  endfacet
  facet normal 0.514121 -0.857718 0
    outer loop
      vertex 85.2269 21.3255 2
      vertex 84.7556 21.043 0
      vertex 85.2269 21.3255 0
    endloop
  endfacet
  facet normal 0.595711 -0.803199 0
    outer loop
      vertex 85.2269 21.3255 0
      vertex 85.6682 21.6528 2
      vertex 85.2269 21.3255 2
    endloop
  endfacet
  facet normal 0.595711 -0.803199 0
    outer loop
      vertex 85.6682 21.6528 2
      vertex 85.2269 21.3255 0
      vertex 85.6682 21.6528 0
    endloop
  endfacet
  facet normal 0.671485 -0.741018 0
    outer loop
      vertex 85.6682 21.6528 0
      vertex 86.0753 22.0217 2
      vertex 85.6682 21.6528 2
    endloop
  endfacet
  facet normal 0.671485 -0.741018 0
    outer loop
      vertex 86.0753 22.0217 2
      vertex 85.6682 21.6528 0
      vertex 86.0753 22.0217 0
    endloop
  endfacet
  facet normal 0.741018 -0.671485 0
    outer loop
      vertex 86.0753 22.0217 2
      vertex 86.4442 22.4288 0
      vertex 86.4442 22.4288 2
    endloop
  endfacet
  facet normal 0.741018 -0.671485 0
    outer loop
      vertex 86.4442 22.4288 0
      vertex 86.0753 22.0217 2
      vertex 86.0753 22.0217 0
    endloop
  endfacet
  facet normal 0.803199 -0.595711 0
    outer loop
      vertex 86.4442 22.4288 2
      vertex 86.7715 22.8701 0
      vertex 86.7715 22.8701 2
    endloop
  endfacet
  facet normal 0.803199 -0.595711 0
    outer loop
      vertex 86.7715 22.8701 0
      vertex 86.4442 22.4288 2
      vertex 86.4442 22.4288 0
    endloop
  endfacet
  facet normal 0.857718 -0.514121 0
    outer loop
      vertex 86.7715 22.8701 2
      vertex 87.054 23.3414 0
      vertex 87.054 23.3414 2
    endloop
  endfacet
  facet normal 0.857718 -0.514121 0
    outer loop
      vertex 87.054 23.3414 0
      vertex 86.7715 22.8701 2
      vertex 86.7715 22.8701 0
    endloop
  endfacet
  facet normal 0.903971 -0.427593 0
    outer loop
      vertex 87.054 23.3414 2
      vertex 87.2889 23.838 0
      vertex 87.2889 23.838 2
    endloop
  endfacet
  facet normal 0.903971 -0.427593 0
    outer loop
      vertex 87.2889 23.838 0
      vertex 87.054 23.3414 2
      vertex 87.054 23.3414 0
    endloop
  endfacet
  facet normal 0.94154 -0.336901 0
    outer loop
      vertex 87.2889 23.838 2
      vertex 87.474 24.3553 0
      vertex 87.474 24.3553 2
    endloop
  endfacet
  facet normal 0.94154 -0.336901 0
    outer loop
      vertex 87.474 24.3553 0
      vertex 87.2889 23.838 2
      vertex 87.2889 23.838 0
    endloop
  endfacet
  facet normal 0.970025 -0.243007 0
    outer loop
      vertex 87.474 24.3553 2
      vertex 87.6075 24.8882 0
      vertex 87.6075 24.8882 2
    endloop
  endfacet
  facet normal 0.970025 -0.243007 0
    outer loop
      vertex 87.6075 24.8882 0
      vertex 87.474 24.3553 2
      vertex 87.474 24.3553 0
    endloop
  endfacet
  facet normal 0.989186 -0.146667 0
    outer loop
      vertex 87.6075 24.8882 2
      vertex 87.6881 25.4318 0
      vertex 87.6881 25.4318 2
    endloop
  endfacet
  facet normal 0.989186 -0.146667 0
    outer loop
      vertex 87.6881 25.4318 0
      vertex 87.6075 24.8882 2
      vertex 87.6075 24.8882 0
    endloop
  endfacet
  facet normal 0.998792 -0.0491478 0
    outer loop
      vertex 87.6881 25.4318 2
      vertex 87.7151 25.9805 0
      vertex 87.7151 25.9805 2
    endloop
  endfacet
  facet normal 0.998792 -0.0491478 0
    outer loop
      vertex 87.7151 25.9805 0
      vertex 87.6881 25.4318 2
      vertex 87.6881 25.4318 0
    endloop
  endfacet
  facet normal 0.998792 0.0491388 0
    outer loop
      vertex 87.7151 25.9805 2
      vertex 87.6881 26.5293 0
      vertex 87.6881 26.5293 2
    endloop
  endfacet
  facet normal 0.998792 0.0491388 0
    outer loop
      vertex 87.6881 26.5293 0
      vertex 87.7151 25.9805 2
      vertex 87.7151 25.9805 0
    endloop
  endfacet
  facet normal 0.989182 0.146694 0
    outer loop
      vertex 87.6881 26.5293 2
      vertex 87.6075 27.0728 0
      vertex 87.6075 27.0728 2
    endloop
  endfacet
  facet normal 0.989182 0.146694 0
    outer loop
      vertex 87.6075 27.0728 0
      vertex 87.6881 26.5293 2
      vertex 87.6881 26.5293 0
    endloop
  endfacet
  facet normal 0.970025 0.243007 0
    outer loop
      vertex 87.6075 27.0728 2
      vertex 87.474 27.6057 0
      vertex 87.474 27.6057 2
    endloop
  endfacet
  facet normal 0.970025 0.243007 0
    outer loop
      vertex 87.474 27.6057 0
      vertex 87.6075 27.0728 2
      vertex 87.6075 27.0728 0
    endloop
  endfacet
  facet normal 0.941561 0.336844 0
    outer loop
      vertex 87.474 27.6057 2
      vertex 87.2889 28.1231 0
      vertex 87.2889 28.1231 2
    endloop
  endfacet
  facet normal 0.941561 0.336844 0
    outer loop
      vertex 87.2889 28.1231 0
      vertex 87.474 27.6057 2
      vertex 87.474 27.6057 0
    endloop
  endfacet
  facet normal 0.903938 0.427664 0
    outer loop
      vertex 87.2889 28.1231 2
      vertex 87.054 28.6196 0
      vertex 87.054 28.6196 2
    endloop
  endfacet
  facet normal 0.903938 0.427664 0
    outer loop
      vertex 87.054 28.6196 0
      vertex 87.2889 28.1231 2
      vertex 87.2889 28.1231 0
    endloop
  endfacet
  facet normal 0.857766 0.514041 0
    outer loop
      vertex 87.054 28.6196 2
      vertex 86.7715 29.091 0
      vertex 86.7715 29.091 2
    endloop
  endfacet
  facet normal 0.857766 0.514041 0
    outer loop
      vertex 86.7715 29.091 0
      vertex 87.054 28.6196 2
      vertex 87.054 28.6196 0
    endloop
  endfacet
  facet normal 0.803199 0.595711 0
    outer loop
      vertex 86.7715 29.091 2
      vertex 86.4442 29.5323 0
      vertex 86.4442 29.5323 2
    endloop
  endfacet
  facet normal 0.803199 0.595711 0
    outer loop
      vertex 86.4442 29.5323 0
      vertex 86.7715 29.091 2
      vertex 86.7715 29.091 0
    endloop
  endfacet
  facet normal 0.740936 0.671576 0
    outer loop
      vertex 86.4442 29.5323 2
      vertex 86.0753 29.9393 0
      vertex 86.0753 29.9393 2
    endloop
  endfacet
  facet normal 0.740936 0.671576 0
    outer loop
      vertex 86.0753 29.9393 0
      vertex 86.4442 29.5323 2
      vertex 86.4442 29.5323 0
    endloop
  endfacet
  facet normal 0.671576 0.740936 -0
    outer loop
      vertex 86.0753 29.9393 0
      vertex 85.6683 30.3082 2
      vertex 86.0753 29.9393 2
    endloop
  endfacet
  facet normal 0.671576 0.740936 0
    outer loop
      vertex 85.6683 30.3082 2
      vertex 86.0753 29.9393 0
      vertex 85.6683 30.3082 0
    endloop
  endfacet
  facet normal 0.595741 0.803177 -0
    outer loop
      vertex 85.6683 30.3082 0
      vertex 85.2269 30.6356 2
      vertex 85.6683 30.3082 2
    endloop
  endfacet
  facet normal 0.595741 0.803177 0
    outer loop
      vertex 85.2269 30.6356 2
      vertex 85.6683 30.3082 0
      vertex 85.2269 30.6356 0
    endloop
  endfacet
  facet normal 0.514121 0.857718 -0
    outer loop
      vertex 85.2269 30.6356 0
      vertex 84.7556 30.9181 2
      vertex 85.2269 30.6356 2
    endloop
  endfacet
  facet normal 0.514121 0.857718 0
    outer loop
      vertex 84.7556 30.9181 2
      vertex 85.2269 30.6356 0
      vertex 84.7556 30.9181 0
    endloop
  endfacet
  facet normal 0.427515 0.904008 -0
    outer loop
      vertex 84.7556 30.9181 0
      vertex 84.2591 31.1529 2
      vertex 84.7556 30.9181 2
    endloop
  endfacet
  facet normal 0.427515 0.904008 0
    outer loop
      vertex 84.2591 31.1529 2
      vertex 84.7556 30.9181 0
      vertex 84.2591 31.1529 0
    endloop
  endfacet
  facet normal 0.337005 0.941503 -0
    outer loop
      vertex 84.2591 31.1529 0
      vertex 83.7417 31.3381 2
      vertex 84.2591 31.1529 2
    endloop
  endfacet
  facet normal 0.337005 0.941503 0
    outer loop
      vertex 83.7417 31.3381 2
      vertex 84.2591 31.1529 0
      vertex 83.7417 31.3381 0
    endloop
  endfacet
  facet normal 0.242906 0.97005 -0
    outer loop
      vertex 83.7417 31.3381 0
      vertex 83.1866 31.4771 2
      vertex 83.7417 31.3381 2
    endloop
  endfacet
  facet normal 0.242906 0.97005 0
    outer loop
      vertex 83.1866 31.4771 2
      vertex 83.7417 31.3381 0
      vertex 83.1866 31.4771 0
    endloop
  endfacet
  facet normal 0.194404 0.980922 -0
    outer loop
      vertex 83.1866 31.4771 0
      vertex 83.1205 31.4902 2
      vertex 83.1866 31.4771 2
    endloop
  endfacet
  facet normal 0.194404 0.980922 0
    outer loop
      vertex 83.1205 31.4902 2
      vertex 83.1866 31.4771 0
      vertex 83.1205 31.4902 0
    endloop
  endfacet
  facet normal 0.290844 0.95677 -0
    outer loop
      vertex 83.1205 31.4902 0
      vertex 83.0126 31.523 2
      vertex 83.1205 31.4902 2
    endloop
  endfacet
  facet normal 0.290844 0.95677 0
    outer loop
      vertex 83.0126 31.523 2
      vertex 83.1205 31.4902 0
      vertex 83.0126 31.523 0
    endloop
  endfacet
  facet normal 0.382665 0.923887 -0
    outer loop
      vertex 83.0126 31.523 0
      vertex 82.9083 31.5662 2
      vertex 83.0126 31.523 2
    endloop
  endfacet
  facet normal 0.382665 0.923887 0
    outer loop
      vertex 82.9083 31.5662 2
      vertex 83.0126 31.523 0
      vertex 82.9083 31.5662 0
    endloop
  endfacet
  facet normal 0.471508 0.881862 -0
    outer loop
      vertex 82.9083 31.5662 0
      vertex 82.8088 31.6194 2
      vertex 82.9083 31.5662 2
    endloop
  endfacet
  facet normal 0.471508 0.881862 0
    outer loop
      vertex 82.8088 31.6194 2
      vertex 82.9083 31.5662 0
      vertex 82.8088 31.6194 0
    endloop
  endfacet
  facet normal 0.555313 0.831641 -0
    outer loop
      vertex 82.8088 31.6194 0
      vertex 82.7149 31.6821 2
      vertex 82.8088 31.6194 2
    endloop
  endfacet
  facet normal 0.555313 0.831641 0
    outer loop
      vertex 82.7149 31.6821 2
      vertex 82.8088 31.6194 0
      vertex 82.7149 31.6821 0
    endloop
  endfacet
  facet normal 0.634588 0.77285 -0
    outer loop
      vertex 82.7149 31.6821 0
      vertex 82.6277 31.7537 2
      vertex 82.7149 31.6821 2
    endloop
  endfacet
  facet normal 0.634588 0.77285 0
    outer loop
      vertex 82.6277 31.7537 2
      vertex 82.7149 31.6821 0
      vertex 82.6277 31.7537 0
    endloop
  endfacet
  facet normal 0.707107 0.707107 0
    outer loop
      vertex 82.6277 31.7537 2
      vertex 82.5479 31.8335 0
      vertex 82.5479 31.8335 2
    endloop
  endfacet
  facet normal 0.707107 0.707107 0
    outer loop
      vertex 82.5479 31.8335 0
      vertex 82.6277 31.7537 2
      vertex 82.6277 31.7537 0
    endloop
  endfacet
  facet normal 0.77285 0.634588 0
    outer loop
      vertex 82.5479 31.8335 2
      vertex 82.4763 31.9207 0
      vertex 82.4763 31.9207 2
    endloop
  endfacet
  facet normal 0.77285 0.634588 0
    outer loop
      vertex 82.4763 31.9207 0
      vertex 82.5479 31.8335 2
      vertex 82.5479 31.8335 0
    endloop
  endfacet
  facet normal 0.831641 0.555313 0
    outer loop
      vertex 82.4763 31.9207 2
      vertex 82.4136 32.0146 0
      vertex 82.4136 32.0146 2
    endloop
  endfacet
  facet normal 0.831641 0.555313 0
    outer loop
      vertex 82.4136 32.0146 0
      vertex 82.4763 31.9207 2
      vertex 82.4763 31.9207 0
    endloop
  endfacet
  facet normal 0.881862 0.471508 0
    outer loop
      vertex 82.4136 32.0146 2
      vertex 82.3604 32.1141 0
      vertex 82.3604 32.1141 2
    endloop
  endfacet
  facet normal 0.881862 0.471508 0
    outer loop
      vertex 82.3604 32.1141 0
      vertex 82.4136 32.0146 2
      vertex 82.4136 32.0146 0
    endloop
  endfacet
  facet normal 0.923887 0.382665 0
    outer loop
      vertex 82.3604 32.1141 2
      vertex 82.3172 32.2184 0
      vertex 82.3172 32.2184 2
    endloop
  endfacet
  facet normal 0.923887 0.382665 0
    outer loop
      vertex 82.3172 32.2184 0
      vertex 82.3604 32.1141 2
      vertex 82.3604 32.1141 0
    endloop
  endfacet
  facet normal 0.957091 0.289786 0
    outer loop
      vertex 82.3172 32.2184 2
      vertex 82.2845 32.3264 0
      vertex 82.2845 32.3264 2
    endloop
  endfacet
  facet normal 0.957091 0.289786 0
    outer loop
      vertex 82.2845 32.3264 0
      vertex 82.3172 32.2184 2
      vertex 82.3172 32.2184 0
    endloop
  endfacet
  facet normal 0.980615 0.195946 0
    outer loop
      vertex 82.2845 32.3264 2
      vertex 82.2624 32.437 0
      vertex 82.2624 32.437 2
    endloop
  endfacet
  facet normal 0.980615 0.195946 0
    outer loop
      vertex 82.2624 32.437 0
      vertex 82.2845 32.3264 2
      vertex 82.2845 32.3264 0
    endloop
  endfacet
  facet normal 0.997313 0.0732623 0
    outer loop
      vertex 82.2624 32.437 2
      vertex 82.25 32.6058 0
      vertex 82.25 32.6058 2
    endloop
  endfacet
  facet normal 0.997313 0.0732623 0
    outer loop
      vertex 82.25 32.6058 0
      vertex 82.2624 32.437 2
      vertex 82.2624 32.437 0
    endloop
  endfacet
  facet normal 1 -0 0
    outer loop
      vertex 82.25 32.6058 2
      vertex 82.25 76.3942 0
      vertex 82.25 76.3942 2
    endloop
  endfacet
  facet normal 1 0 0
    outer loop
      vertex 82.25 76.3942 0
      vertex 82.25 32.6058 2
      vertex 82.25 32.6058 0
    endloop
  endfacet
  facet normal 0.998811 -0.0487441 0
    outer loop
      vertex 82.25 76.3942 2
      vertex 82.2555 76.5069 0
      vertex 82.2555 76.5069 2
    endloop
  endfacet
  facet normal 0.998811 -0.0487441 0
    outer loop
      vertex 82.2555 76.5069 0
      vertex 82.25 76.3942 2
      vertex 82.25 76.3942 0
    endloop
  endfacet
  facet normal 0.989137 -0.146998 0
    outer loop
      vertex 82.2555 76.5069 2
      vertex 82.2721 76.6186 0
      vertex 82.2721 76.6186 2
    endloop
  endfacet
  facet normal 0.989137 -0.146998 0
    outer loop
      vertex 82.2721 76.6186 0
      vertex 82.2555 76.5069 2
      vertex 82.2555 76.5069 0
    endloop
  endfacet
  facet normal 0.97009 -0.242744 0
    outer loop
      vertex 82.2721 76.6186 2
      vertex 82.2995 76.7281 0
      vertex 82.2995 76.7281 2
    endloop
  endfacet
  facet normal 0.97009 -0.242744 0
    outer loop
      vertex 82.2995 76.7281 0
      vertex 82.2721 76.6186 2
      vertex 82.2721 76.6186 0
    endloop
  endfacet
  facet normal 0.941541 -0.336898 0
    outer loop
      vertex 82.2995 76.7281 2
      vertex 82.3375 76.8343 0
      vertex 82.3375 76.8343 2
    endloop
  endfacet
  facet normal 0.941541 -0.336898 0
    outer loop
      vertex 82.3375 76.8343 0
      vertex 82.2995 76.7281 2
      vertex 82.2995 76.7281 0
    endloop
  endfacet
  facet normal 0.903792 -0.427972 0
    outer loop
      vertex 82.3375 76.8343 2
      vertex 82.3858 76.9363 0
      vertex 82.3858 76.9363 2
    endloop
  endfacet
  facet normal 0.903792 -0.427972 0
    outer loop
      vertex 82.3858 76.9363 0
      vertex 82.3375 76.8343 2
      vertex 82.3375 76.8343 0
    endloop
  endfacet
  facet normal 0.857806 -0.513974 0
    outer loop
      vertex 82.3858 76.9363 2
      vertex 82.4438 77.0331 0
      vertex 82.4438 77.0331 2
    endloop
  endfacet
  facet normal 0.857806 -0.513974 0
    outer loop
      vertex 82.4438 77.0331 0
      vertex 82.3858 76.9363 2
      vertex 82.3858 76.9363 0
    endloop
  endfacet
  facet normal 0.803494 -0.595312 0
    outer loop
      vertex 82.4438 77.0331 2
      vertex 82.511 77.1238 0
      vertex 82.511 77.1238 2
    endloop
  endfacet
  facet normal 0.803494 -0.595312 0
    outer loop
      vertex 82.511 77.1238 0
      vertex 82.4438 77.0331 2
      vertex 82.4438 77.0331 0
    endloop
  endfacet
  facet normal 0.740822 -0.671702 0
    outer loop
      vertex 82.511 77.1238 2
      vertex 82.5868 77.2074 0
      vertex 82.5868 77.2074 2
    endloop
  endfacet
  facet normal 0.740822 -0.671702 0
    outer loop
      vertex 82.5868 77.2074 0
      vertex 82.511 77.1238 2
      vertex 82.511 77.1238 0
    endloop
  endfacet
  facet normal 0.671702 -0.740822 0
    outer loop
      vertex 82.5868 77.2074 0
      vertex 82.6704 77.2832 2
      vertex 82.5868 77.2074 2
    endloop
  endfacet
  facet normal 0.671702 -0.740822 0
    outer loop
      vertex 82.6704 77.2832 2
      vertex 82.5868 77.2074 0
      vertex 82.6704 77.2832 0
    endloop
  endfacet
  facet normal 0.595312 -0.803494 0
    outer loop
      vertex 82.6704 77.2832 0
      vertex 82.7611 77.3504 2
      vertex 82.6704 77.2832 2
    endloop
  endfacet
  facet normal 0.595312 -0.803494 0
    outer loop
      vertex 82.7611 77.3504 2
      vertex 82.6704 77.2832 0
      vertex 82.7611 77.3504 0
    endloop
  endfacet
  facet normal 0.513974 -0.857806 0
    outer loop
      vertex 82.7611 77.3504 0
      vertex 82.8579 77.4084 2
      vertex 82.7611 77.3504 2
    endloop
  endfacet
  facet normal 0.513974 -0.857806 0
    outer loop
      vertex 82.8579 77.4084 2
      vertex 82.7611 77.3504 0
      vertex 82.8579 77.4084 0
    endloop
  endfacet
  facet normal 0.427972 -0.903792 0
    outer loop
      vertex 82.8579 77.4084 0
      vertex 82.9599 77.4567 2
      vertex 82.8579 77.4084 2
    endloop
  endfacet
  facet normal 0.427972 -0.903792 0
    outer loop
      vertex 82.9599 77.4567 2
      vertex 82.8579 77.4084 0
      vertex 82.9599 77.4567 0
    endloop
  endfacet
  facet normal 0.336617 -0.941642 0
    outer loop
      vertex 82.9599 77.4567 0
      vertex 83.0662 77.4947 2
      vertex 82.9599 77.4567 2
    endloop
  endfacet
  facet normal 0.336617 -0.941642 0
    outer loop
      vertex 83.0662 77.4947 2
      vertex 82.9599 77.4567 0
      vertex 83.0662 77.4947 0
    endloop
  endfacet
  facet normal 0.21893 -0.97574 0
    outer loop
      vertex 83.0662 77.4947 0
      vertex 83.154 77.5144 2
      vertex 83.0662 77.4947 2
    endloop
  endfacet
  facet normal 0.21893 -0.97574 0
    outer loop
      vertex 83.154 77.5144 2
      vertex 83.0662 77.4947 0
      vertex 83.154 77.5144 0
    endloop
  endfacet
  facet normal 0.948683 0.316228 0
    outer loop
      vertex 83.154 77.5144 2
      vertex 83.1539 77.5147 0
      vertex 83.1539 77.5147 2
    endloop
  endfacet
  facet normal 0.948683 0.316228 0
    outer loop
      vertex 83.1539 77.5147 0
      vertex 83.154 77.5144 2
      vertex 83.154 77.5144 0
    endloop
  endfacet
  facet normal 0.242924 -0.970045 0
    outer loop
      vertex 83.1539 77.5147 0
      vertex 83.7417 77.6619 2
      vertex 83.1539 77.5147 2
    endloop
  endfacet
  facet normal 0.242924 -0.970045 0
    outer loop
      vertex 83.7417 77.6619 2
      vertex 83.1539 77.5147 0
      vertex 83.7417 77.6619 0
    endloop
  endfacet
  facet normal 0.337005 -0.941503 0
    outer loop
      vertex 83.7417 77.6619 0
      vertex 84.2591 77.8471 2
      vertex 83.7417 77.6619 2
    endloop
  endfacet
  facet normal 0.337005 -0.941503 0
    outer loop
      vertex 84.2591 77.8471 2
      vertex 83.7417 77.6619 0
      vertex 84.2591 77.8471 0
    endloop
  endfacet
  facet normal 0.427515 -0.904008 0
    outer loop
      vertex 84.2591 77.8471 0
      vertex 84.7556 78.0819 2
      vertex 84.2591 77.8471 2
    endloop
  endfacet
  facet normal 0.427515 -0.904008 0
    outer loop
      vertex 84.7556 78.0819 2
      vertex 84.2591 77.8471 0
      vertex 84.7556 78.0819 0
    endloop
  endfacet
  facet normal 0.514121 -0.857718 0
    outer loop
      vertex 84.7556 78.0819 0
      vertex 85.2269 78.3644 2
      vertex 84.7556 78.0819 2
    endloop
  endfacet
  facet normal 0.514121 -0.857718 0
    outer loop
      vertex 85.2269 78.3644 2
      vertex 84.7556 78.0819 0
      vertex 85.2269 78.3644 0
    endloop
  endfacet
  facet normal 0.595741 -0.803177 0
    outer loop
      vertex 85.2269 78.3644 0
      vertex 85.6683 78.6918 2
      vertex 85.2269 78.3644 2
    endloop
  endfacet
  facet normal 0.595741 -0.803177 0
    outer loop
      vertex 85.6683 78.6918 2
      vertex 85.2269 78.3644 0
      vertex 85.6683 78.6918 0
    endloop
  endfacet
  facet normal 0.671576 -0.740936 0
    outer loop
      vertex 85.6683 78.6918 0
      vertex 86.0753 79.0607 2
      vertex 85.6683 78.6918 2
    endloop
  endfacet
  facet normal 0.671576 -0.740936 0
    outer loop
      vertex 86.0753 79.0607 2
      vertex 85.6683 78.6918 0
      vertex 86.0753 79.0607 0
    endloop
  endfacet
  facet normal 0.740936 -0.671576 0
    outer loop
      vertex 86.0753 79.0607 2
      vertex 86.4442 79.4677 0
      vertex 86.4442 79.4677 2
    endloop
  endfacet
  facet normal 0.740936 -0.671576 0
    outer loop
      vertex 86.4442 79.4677 0
      vertex 86.0753 79.0607 2
      vertex 86.0753 79.0607 0
    endloop
  endfacet
  facet normal 0.803199 -0.595711 0
    outer loop
      vertex 86.4442 79.4677 2
      vertex 86.7715 79.909 0
      vertex 86.7715 79.909 2
    endloop
  endfacet
  facet normal 0.803199 -0.595711 0
    outer loop
      vertex 86.7715 79.909 0
      vertex 86.4442 79.4677 2
      vertex 86.4442 79.4677 0
    endloop
  endfacet
  facet normal 0.857766 -0.514041 0
    outer loop
      vertex 86.7715 79.909 2
      vertex 87.054 80.3804 0
      vertex 87.054 80.3804 2
    endloop
  endfacet
  facet normal 0.857766 -0.514041 0
    outer loop
      vertex 87.054 80.3804 0
      vertex 86.7715 79.909 2
      vertex 86.7715 79.909 0
    endloop
  endfacet
  facet normal 0.903938 -0.427664 0
    outer loop
      vertex 87.054 80.3804 2
      vertex 87.2889 80.8769 0
      vertex 87.2889 80.8769 2
    endloop
  endfacet
  facet normal 0.903938 -0.427664 0
    outer loop
      vertex 87.2889 80.8769 0
      vertex 87.054 80.3804 2
      vertex 87.054 80.3804 0
    endloop
  endfacet
  facet normal 0.941561 -0.336844 0
    outer loop
      vertex 87.2889 80.8769 2
      vertex 87.474 81.3943 0
      vertex 87.474 81.3943 2
    endloop
  endfacet
  facet normal 0.941561 -0.336844 0
    outer loop
      vertex 87.474 81.3943 0
      vertex 87.2889 80.8769 2
      vertex 87.2889 80.8769 0
    endloop
  endfacet
  facet normal 0.970025 -0.243007 0
    outer loop
      vertex 87.474 81.3943 2
      vertex 87.6075 81.9272 0
      vertex 87.6075 81.9272 2
    endloop
  endfacet
  facet normal 0.970025 -0.243007 0
    outer loop
      vertex 87.6075 81.9272 0
      vertex 87.474 81.3943 2
      vertex 87.474 81.3943 0
    endloop
  endfacet
  facet normal 0.989182 -0.146694 0
    outer loop
      vertex 87.6075 81.9272 2
      vertex 87.6881 82.4707 0
      vertex 87.6881 82.4707 2
    endloop
  endfacet
  facet normal 0.989182 -0.146694 0
    outer loop
      vertex 87.6881 82.4707 0
      vertex 87.6075 81.9272 2
      vertex 87.6075 81.9272 0
    endloop
  endfacet
  facet normal 0.998792 -0.0491388 0
    outer loop
      vertex 87.6881 82.4707 2
      vertex 87.7151 83.0195 0
      vertex 87.7151 83.0195 2
    endloop
  endfacet
  facet normal 0.998792 -0.0491388 0
    outer loop
      vertex 87.7151 83.0195 0
      vertex 87.6881 82.4707 2
      vertex 87.6881 82.4707 0
    endloop
  endfacet
  facet normal 0.998792 0.0491478 0
    outer loop
      vertex 87.7151 83.0195 2
      vertex 87.6881 83.5682 0
      vertex 87.6881 83.5682 2
    endloop
  endfacet
  facet normal 0.998792 0.0491478 0
    outer loop
      vertex 87.6881 83.5682 0
      vertex 87.7151 83.0195 2
      vertex 87.7151 83.0195 0
    endloop
  endfacet
  facet normal 0.989182 0.146694 0
    outer loop
      vertex 87.6881 83.5682 2
      vertex 87.6075 84.1117 0
      vertex 87.6075 84.1117 2
    endloop
  endfacet
  facet normal 0.989182 0.146694 0
    outer loop
      vertex 87.6075 84.1117 0
      vertex 87.6881 83.5682 2
      vertex 87.6881 83.5682 0
    endloop
  endfacet
  facet normal 0.970035 0.242964 0
    outer loop
      vertex 87.6075 84.1117 2
      vertex 87.474 84.6447 0
      vertex 87.474 84.6447 2
    endloop
  endfacet
  facet normal 0.970035 0.242964 0
    outer loop
      vertex 87.474 84.6447 0
      vertex 87.6075 84.1117 2
      vertex 87.6075 84.1117 0
    endloop
  endfacet
  facet normal 0.94154 0.336901 0
    outer loop
      vertex 87.474 84.6447 2
      vertex 87.2889 85.162 0
      vertex 87.2889 85.162 2
    endloop
  endfacet
  facet normal 0.94154 0.336901 0
    outer loop
      vertex 87.2889 85.162 0
      vertex 87.474 84.6447 2
      vertex 87.474 84.6447 0
    endloop
  endfacet
  facet normal 0.903971 0.427593 0
    outer loop
      vertex 87.2889 85.162 2
      vertex 87.054 85.6586 0
      vertex 87.054 85.6586 2
    endloop
  endfacet
  facet normal 0.903971 0.427593 0
    outer loop
      vertex 87.054 85.6586 0
      vertex 87.2889 85.162 2
      vertex 87.2889 85.162 0
    endloop
  endfacet
  facet normal 0.857718 0.514121 0
    outer loop
      vertex 87.054 85.6586 2
      vertex 86.7715 86.1299 0
      vertex 86.7715 86.1299 2
    endloop
  endfacet
  facet normal 0.857718 0.514121 0
    outer loop
      vertex 86.7715 86.1299 0
      vertex 87.054 85.6586 2
      vertex 87.054 85.6586 0
    endloop
  endfacet
  facet normal 0.803199 0.595711 0
    outer loop
      vertex 86.7715 86.1299 2
      vertex 86.4442 86.5712 0
      vertex 86.4442 86.5712 2
    endloop
  endfacet
  facet normal 0.803199 0.595711 0
    outer loop
      vertex 86.4442 86.5712 0
      vertex 86.7715 86.1299 2
      vertex 86.7715 86.1299 0
    endloop
  endfacet
  facet normal 0.741018 0.671485 0
    outer loop
      vertex 86.4442 86.5712 2
      vertex 86.0753 86.9783 0
      vertex 86.0753 86.9783 2
    endloop
  endfacet
  facet normal 0.741018 0.671485 0
    outer loop
      vertex 86.0753 86.9783 0
      vertex 86.4442 86.5712 2
      vertex 86.4442 86.5712 0
    endloop
  endfacet
  facet normal 0.671485 0.741018 -0
    outer loop
      vertex 86.0753 86.9783 0
      vertex 85.6682 87.3472 2
      vertex 86.0753 86.9783 2
    endloop
  endfacet
  facet normal 0.671485 0.741018 0
    outer loop
      vertex 85.6682 87.3472 2
      vertex 86.0753 86.9783 0
      vertex 85.6682 87.3472 0
    endloop
  endfacet
  facet normal 0.595711 0.803199 -0
    outer loop
      vertex 85.6682 87.3472 0
      vertex 85.2269 87.6745 2
      vertex 85.6682 87.3472 2
    endloop
  endfacet
  facet normal 0.595711 0.803199 0
    outer loop
      vertex 85.2269 87.6745 2
      vertex 85.6682 87.3472 0
      vertex 85.2269 87.6745 0
    endloop
  endfacet
  facet normal 0.514121 0.857718 -0
    outer loop
      vertex 85.2269 87.6745 0
      vertex 84.7556 87.957 2
      vertex 85.2269 87.6745 2
    endloop
  endfacet
  facet normal 0.514121 0.857718 0
    outer loop
      vertex 84.7556 87.957 2
      vertex 85.2269 87.6745 0
      vertex 84.7556 87.957 0
    endloop
  endfacet
  facet normal 0.427593 0.903971 -0
    outer loop
      vertex 84.7556 87.957 0
      vertex 84.259 88.1919 2
      vertex 84.7556 87.957 2
    endloop
  endfacet
  facet normal 0.427593 0.903971 0
    outer loop
      vertex 84.259 88.1919 2
      vertex 84.7556 87.957 0
      vertex 84.259 88.1919 0
    endloop
  endfacet
  facet normal 0.336901 0.94154 -0
    outer loop
      vertex 84.259 88.1919 0
      vertex 83.7417 88.377 2
      vertex 84.259 88.1919 2
    endloop
  endfacet
  facet normal 0.336901 0.94154 0
    outer loop
      vertex 83.7417 88.377 2
      vertex 84.259 88.1919 0
      vertex 83.7417 88.377 0
    endloop
  endfacet
  facet normal 0.242964 0.970035 -0
    outer loop
      vertex 83.7417 88.377 0
      vertex 83.2087 88.5105 2
      vertex 83.7417 88.377 2
    endloop
  endfacet
  facet normal 0.242964 0.970035 0
    outer loop
      vertex 83.2087 88.5105 2
      vertex 83.7417 88.377 0
      vertex 83.2087 88.5105 0
    endloop
  endfacet
  facet normal 0.146694 0.989182 -0
    outer loop
      vertex 83.2087 88.5105 0
      vertex 82.6652 88.5911 2
      vertex 83.2087 88.5105 2
    endloop
  endfacet
  facet normal 0.146694 0.989182 0
    outer loop
      vertex 82.6652 88.5911 2
      vertex 83.2087 88.5105 0
      vertex 82.6652 88.5911 0
    endloop
  endfacet
  facet normal 0.0491478 0.998792 -0
    outer loop
      vertex 82.6652 88.5911 0
      vertex 82.1165 88.6181 2
      vertex 82.6652 88.5911 2
    endloop
  endfacet
  facet normal 0.0491478 0.998792 0
    outer loop
      vertex 82.1165 88.6181 2
      vertex 82.6652 88.5911 0
      vertex 82.1165 88.6181 0
    endloop
  endfacet
  facet normal -0.0491388 0.998792 0
    outer loop
      vertex 82.1165 88.6181 0
      vertex 81.5677 88.5911 2
      vertex 82.1165 88.6181 2
    endloop
  endfacet
  facet normal -0.0491388 0.998792 0
    outer loop
      vertex 81.5677 88.5911 2
      vertex 82.1165 88.6181 0
      vertex 81.5677 88.5911 0
    endloop
  endfacet
  facet normal -0.146694 0.989182 0
    outer loop
      vertex 81.5677 88.5911 0
      vertex 81.0242 88.5105 2
      vertex 81.5677 88.5911 2
    endloop
  endfacet
  facet normal -0.146694 0.989182 0
    outer loop
      vertex 81.0242 88.5105 2
      vertex 81.5677 88.5911 0
      vertex 81.0242 88.5105 0
    endloop
  endfacet
  facet normal -0.243007 0.970025 0
    outer loop
      vertex 81.0242 88.5105 0
      vertex 80.4913 88.377 2
      vertex 81.0242 88.5105 2
    endloop
  endfacet
  facet normal -0.243007 0.970025 0
    outer loop
      vertex 80.4913 88.377 2
      vertex 81.0242 88.5105 0
      vertex 80.4913 88.377 0
    endloop
  endfacet
  facet normal -0.336844 0.941561 0
    outer loop
      vertex 80.4913 88.377 0
      vertex 79.9739 88.1919 2
      vertex 80.4913 88.377 2
    endloop
  endfacet
  facet normal -0.336844 0.941561 0
    outer loop
      vertex 79.9739 88.1919 2
      vertex 80.4913 88.377 0
      vertex 79.9739 88.1919 0
    endloop
  endfacet
  facet normal -0.427664 0.903938 0
    outer loop
      vertex 79.9739 88.1919 0
      vertex 79.4774 87.957 2
      vertex 79.9739 88.1919 2
    endloop
  endfacet
  facet normal -0.427664 0.903938 0
    outer loop
      vertex 79.4774 87.957 2
      vertex 79.9739 88.1919 0
      vertex 79.4774 87.957 0
    endloop
  endfacet
  facet normal -0.514041 0.857766 0
    outer loop
      vertex 79.4774 87.957 0
      vertex 79.006 87.6745 2
      vertex 79.4774 87.957 2
    endloop
  endfacet
  facet normal -0.514041 0.857766 0
    outer loop
      vertex 79.006 87.6745 2
      vertex 79.4774 87.957 0
      vertex 79.006 87.6745 0
    endloop
  endfacet
  facet normal -0.595711 0.803199 0
    outer loop
      vertex 79.006 87.6745 0
      vertex 78.5647 87.3472 2
      vertex 79.006 87.6745 2
    endloop
  endfacet
  facet normal -0.595711 0.803199 0
    outer loop
      vertex 78.5647 87.3472 2
      vertex 79.006 87.6745 0
      vertex 78.5647 87.3472 0
    endloop
  endfacet
  facet normal -0.671576 0.740936 0
    outer loop
      vertex 78.5647 87.3472 0
      vertex 78.1577 86.9783 2
      vertex 78.5647 87.3472 2
    endloop
  endfacet
  facet normal -0.671576 0.740936 0
    outer loop
      vertex 78.1577 86.9783 2
      vertex 78.5647 87.3472 0
      vertex 78.1577 86.9783 0
    endloop
  endfacet
  facet normal -0.740936 0.671576 0
    outer loop
      vertex 77.7888 86.5713 0
      vertex 78.1577 86.9783 2
      vertex 78.1577 86.9783 0
    endloop
  endfacet
  facet normal -0.740936 0.671576 0
    outer loop
      vertex 78.1577 86.9783 2
      vertex 77.7888 86.5713 0
      vertex 77.7888 86.5713 2
    endloop
  endfacet
  facet normal -0.803177 0.595741 0
    outer loop
      vertex 77.4614 86.1299 0
      vertex 77.7888 86.5713 2
      vertex 77.7888 86.5713 0
    endloop
  endfacet
  facet normal -0.803177 0.595741 0
    outer loop
      vertex 77.7888 86.5713 2
      vertex 77.4614 86.1299 0
      vertex 77.4614 86.1299 2
    endloop
  endfacet
  facet normal -0.857718 0.514121 0
    outer loop
      vertex 77.1789 85.6586 0
      vertex 77.4614 86.1299 2
      vertex 77.4614 86.1299 0
    endloop
  endfacet
  facet normal -0.857718 0.514121 0
    outer loop
      vertex 77.4614 86.1299 2
      vertex 77.1789 85.6586 0
      vertex 77.1789 85.6586 2
    endloop
  endfacet
  facet normal -0.904008 0.427515 0
    outer loop
      vertex 76.9441 85.1621 0
      vertex 77.1789 85.6586 2
      vertex 77.1789 85.6586 0
    endloop
  endfacet
  facet normal -0.904008 0.427515 0
    outer loop
      vertex 77.1789 85.6586 2
      vertex 76.9441 85.1621 0
      vertex 76.9441 85.1621 2
    endloop
  endfacet
  facet normal -0.941503 0.337005 0
    outer loop
      vertex 76.7589 84.6447 0
      vertex 76.9441 85.1621 2
      vertex 76.9441 85.1621 0
    endloop
  endfacet
  facet normal -0.941503 0.337005 0
    outer loop
      vertex 76.9441 85.1621 2
      vertex 76.7589 84.6447 0
      vertex 76.7589 84.6447 2
    endloop
  endfacet
  facet normal -0.97005 0.242906 0
    outer loop
      vertex 76.6199 84.0896 0
      vertex 76.7589 84.6447 2
      vertex 76.7589 84.6447 0
    endloop
  endfacet
  facet normal -0.97005 0.242906 0
    outer loop
      vertex 76.7589 84.6447 2
      vertex 76.6199 84.0896 0
      vertex 76.6199 84.0896 2
    endloop
  endfacet
  facet normal -0.980922 0.194404 0
    outer loop
      vertex 76.6068 84.0235 0
      vertex 76.6199 84.0896 2
      vertex 76.6199 84.0896 0
    endloop
  endfacet
  facet normal -0.980922 0.194404 0
    outer loop
      vertex 76.6199 84.0896 2
      vertex 76.6068 84.0235 0
      vertex 76.6068 84.0235 2
    endloop
  endfacet
  facet normal -0.95677 0.290844 0
    outer loop
      vertex 76.574 83.9156 0
      vertex 76.6068 84.0235 2
      vertex 76.6068 84.0235 0
    endloop
  endfacet
  facet normal -0.95677 0.290844 0
    outer loop
      vertex 76.6068 84.0235 2
      vertex 76.574 83.9156 0
      vertex 76.574 83.9156 2
    endloop
  endfacet
  facet normal -0.923887 0.382665 0
    outer loop
      vertex 76.5308 83.8113 0
      vertex 76.574 83.9156 2
      vertex 76.574 83.9156 0
    endloop
  endfacet
  facet normal -0.923887 0.382665 0
    outer loop
      vertex 76.574 83.9156 2
      vertex 76.5308 83.8113 0
      vertex 76.5308 83.8113 2
    endloop
  endfacet
  facet normal -0.881862 0.471508 0
    outer loop
      vertex 76.4776 83.7118 0
      vertex 76.5308 83.8113 2
      vertex 76.5308 83.8113 0
    endloop
  endfacet
  facet normal -0.881862 0.471508 0
    outer loop
      vertex 76.5308 83.8113 2
      vertex 76.4776 83.7118 0
      vertex 76.4776 83.7118 2
    endloop
  endfacet
  facet normal -0.831641 0.555313 0
    outer loop
      vertex 76.4149 83.6179 0
      vertex 76.4776 83.7118 2
      vertex 76.4776 83.7118 0
    endloop
  endfacet
  facet normal -0.831641 0.555313 0
    outer loop
      vertex 76.4776 83.7118 2
      vertex 76.4149 83.6179 0
      vertex 76.4149 83.6179 2
    endloop
  endfacet
  facet normal -0.77285 0.634588 0
    outer loop
      vertex 76.3433 83.5307 0
      vertex 76.4149 83.6179 2
      vertex 76.4149 83.6179 0
    endloop
  endfacet
  facet normal -0.77285 0.634588 0
    outer loop
      vertex 76.4149 83.6179 2
      vertex 76.3433 83.5307 0
      vertex 76.3433 83.5307 2
    endloop
  endfacet
  facet normal -0.707107 0.707107 0
    outer loop
      vertex 76.2635 83.4509 0
      vertex 76.3433 83.5307 2
      vertex 76.3433 83.5307 0
    endloop
  endfacet
  facet normal -0.707107 0.707107 0
    outer loop
      vertex 76.3433 83.5307 2
      vertex 76.2635 83.4509 0
      vertex 76.2635 83.4509 2
    endloop
  endfacet
  facet normal -0.634588 0.77285 0
    outer loop
      vertex 76.2635 83.4509 0
      vertex 76.1763 83.3793 2
      vertex 76.2635 83.4509 2
    endloop
  endfacet
  facet normal -0.634588 0.77285 0
    outer loop
      vertex 76.1763 83.3793 2
      vertex 76.2635 83.4509 0
      vertex 76.1763 83.3793 0
    endloop
  endfacet
  facet normal -0.555313 0.831641 0
    outer loop
      vertex 76.1763 83.3793 0
      vertex 76.0824 83.3166 2
      vertex 76.1763 83.3793 2
    endloop
  endfacet
  facet normal -0.555313 0.831641 0
    outer loop
      vertex 76.0824 83.3166 2
      vertex 76.1763 83.3793 0
      vertex 76.0824 83.3166 0
    endloop
  endfacet
  facet normal -0.471508 0.881862 0
    outer loop
      vertex 76.0824 83.3166 0
      vertex 75.9829 83.2634 2
      vertex 76.0824 83.3166 2
    endloop
  endfacet
  facet normal -0.471508 0.881862 0
    outer loop
      vertex 75.9829 83.2634 2
      vertex 76.0824 83.3166 0
      vertex 75.9829 83.2634 0
    endloop
  endfacet
  facet normal -0.382665 0.923887 0
    outer loop
      vertex 75.9829 83.2634 0
      vertex 75.8786 83.2202 2
      vertex 75.9829 83.2634 2
    endloop
  endfacet
  facet normal -0.382665 0.923887 0
    outer loop
      vertex 75.8786 83.2202 2
      vertex 75.9829 83.2634 0
      vertex 75.8786 83.2202 0
    endloop
  endfacet
  facet normal -0.289786 0.957091 0
    outer loop
      vertex 75.8786 83.2202 0
      vertex 75.7706 83.1875 2
      vertex 75.8786 83.2202 2
    endloop
  endfacet
  facet normal -0.289786 0.957091 0
    outer loop
      vertex 75.7706 83.1875 2
      vertex 75.8786 83.2202 0
      vertex 75.7706 83.1875 0
    endloop
  endfacet
  facet normal -0.195775 0.980649 0
    outer loop
      vertex 75.7706 83.1875 0
      vertex 75.6599 83.1654 2
      vertex 75.7706 83.1875 2
    endloop
  endfacet
  facet normal -0.195775 0.980649 0
    outer loop
      vertex 75.6599 83.1654 2
      vertex 75.7706 83.1875 0
      vertex 75.6599 83.1654 0
    endloop
  endfacet
  facet normal -0.0733055 0.99731 0
    outer loop
      vertex 75.6599 83.1654 0
      vertex 75.4912 83.153 2
      vertex 75.6599 83.1654 2
    endloop
  endfacet
  facet normal -0.0733055 0.99731 0
    outer loop
      vertex 75.4912 83.153 2
      vertex 75.6599 83.1654 0
      vertex 75.4912 83.153 0
    endloop
  endfacet
  facet normal 0 1 -0
    outer loop
      vertex 75.4912 83.153 0
      vertex 31.6058 83.153 2
      vertex 75.4912 83.153 2
    endloop
  endfacet
  facet normal 0 1 0
    outer loop
      vertex 31.6058 83.153 2
      vertex 75.4912 83.153 0
      vertex 31.6058 83.153 0
    endloop
  endfacet
  facet normal 0.048701 0.998813 -0
    outer loop
      vertex 31.6058 83.153 0
      vertex 31.493 83.1585 2
      vertex 31.6058 83.153 2
    endloop
  endfacet
  facet normal 0.048701 0.998813 0
    outer loop
      vertex 31.493 83.1585 2
      vertex 31.6058 83.153 0
      vertex 31.493 83.1585 0
    endloop
  endfacet
  facet normal 0.147127 0.989118 -0
    outer loop
      vertex 31.493 83.1585 0
      vertex 31.3814 83.1751 2
      vertex 31.493 83.1585 2
    endloop
  endfacet
  facet normal 0.147127 0.989118 0
    outer loop
      vertex 31.3814 83.1751 2
      vertex 31.493 83.1585 0
      vertex 31.3814 83.1751 0
    endloop
  endfacet
  facet normal 0.242744 0.97009 -0
    outer loop
      vertex 31.3814 83.1751 0
      vertex 31.2719 83.2025 2
      vertex 31.3814 83.1751 2
    endloop
  endfacet
  facet normal 0.242744 0.97009 0
    outer loop
      vertex 31.2719 83.2025 2
      vertex 31.3814 83.1751 0
      vertex 31.2719 83.2025 0
    endloop
  endfacet
  facet normal 0.336898 0.941541 -0
    outer loop
      vertex 31.2719 83.2025 0
      vertex 31.1657 83.2405 2
      vertex 31.2719 83.2025 2
    endloop
  endfacet
  facet normal 0.336898 0.941541 0
    outer loop
      vertex 31.1657 83.2405 2
      vertex 31.2719 83.2025 0
      vertex 31.1657 83.2405 0
    endloop
  endfacet
  facet normal 0.427972 0.903792 -0
    outer loop
      vertex 31.1657 83.2405 0
      vertex 31.0637 83.2888 2
      vertex 31.1657 83.2405 2
    endloop
  endfacet
  facet normal 0.427972 0.903792 0
    outer loop
      vertex 31.0637 83.2888 2
      vertex 31.1657 83.2405 0
      vertex 31.0637 83.2888 0
    endloop
  endfacet
  facet normal 0.513974 0.857806 -0
    outer loop
      vertex 31.0637 83.2888 0
      vertex 30.9669 83.3468 2
      vertex 31.0637 83.2888 2
    endloop
  endfacet
  facet normal 0.513974 0.857806 0
    outer loop
      vertex 30.9669 83.3468 2
      vertex 31.0637 83.2888 0
      vertex 30.9669 83.3468 0
    endloop
  endfacet
  facet normal 0.595312 0.803494 -0
    outer loop
      vertex 30.9669 83.3468 0
      vertex 30.8762 83.414 2
      vertex 30.9669 83.3468 2
    endloop
  endfacet
  facet normal 0.595312 0.803494 0
    outer loop
      vertex 30.8762 83.414 2
      vertex 30.9669 83.3468 0
      vertex 30.8762 83.414 0
    endloop
  endfacet
  facet normal 0.671702 0.740822 -0
    outer loop
      vertex 30.8762 83.414 0
      vertex 30.7926 83.4898 2
      vertex 30.8762 83.414 2
    endloop
  endfacet
  facet normal 0.671702 0.740822 0
    outer loop
      vertex 30.7926 83.4898 2
      vertex 30.8762 83.414 0
      vertex 30.7926 83.4898 0
    endloop
  endfacet
  facet normal 0.740822 0.671702 0
    outer loop
      vertex 30.7926 83.4898 2
      vertex 30.7168 83.5734 0
      vertex 30.7168 83.5734 2
    endloop
  endfacet
  facet normal 0.740822 0.671702 0
    outer loop
      vertex 30.7168 83.5734 0
      vertex 30.7926 83.4898 2
      vertex 30.7926 83.4898 0
    endloop
  endfacet
  facet normal 0.803494 0.595312 0
    outer loop
      vertex 30.7168 83.5734 2
      vertex 30.6496 83.6641 0
      vertex 30.6496 83.6641 2
    endloop
  endfacet
  facet normal 0.803494 0.595312 0
    outer loop
      vertex 30.6496 83.6641 0
      vertex 30.7168 83.5734 2
      vertex 30.7168 83.5734 0
    endloop
  endfacet
  facet normal 0.857806 0.513974 0
    outer loop
      vertex 30.6496 83.6641 2
      vertex 30.5916 83.7609 0
      vertex 30.5916 83.7609 2
    endloop
  endfacet
  facet normal 0.857806 0.513974 0
    outer loop
      vertex 30.5916 83.7609 0
      vertex 30.6496 83.6641 2
      vertex 30.6496 83.6641 0
    endloop
  endfacet
  facet normal 0.903792 0.427972 0
    outer loop
      vertex 30.5916 83.7609 2
      vertex 30.5433 83.8629 0
      vertex 30.5433 83.8629 2
    endloop
  endfacet
  facet normal 0.903792 0.427972 0
    outer loop
      vertex 30.5433 83.8629 0
      vertex 30.5916 83.7609 2
      vertex 30.5916 83.7609 0
    endloop
  endfacet
  facet normal 0.941642 0.336617 0
    outer loop
      vertex 30.5433 83.8629 2
      vertex 30.5053 83.9692 0
      vertex 30.5053 83.9692 2
    endloop
  endfacet
  facet normal 0.941642 0.336617 0
    outer loop
      vertex 30.5053 83.9692 0
      vertex 30.5433 83.8629 2
      vertex 30.5433 83.8629 0
    endloop
  endfacet
  facet normal 0.975503 0.219988 0
    outer loop
      vertex 30.5053 83.9692 2
      vertex 30.4855 84.057 0
      vertex 30.4855 84.057 2
    endloop
  endfacet
  facet normal 0.975503 0.219988 0
    outer loop
      vertex 30.4855 84.057 0
      vertex 30.5053 83.9692 2
      vertex 30.5053 83.9692 0
    endloop
  endfacet
  facet normal -0.447214 0.894427 0
    outer loop
      vertex 30.4855 84.057 0
      vertex 30.4853 84.0569 2
      vertex 30.4855 84.057 2
    endloop
  endfacet
  facet normal -0.447214 0.894427 0
    outer loop
      vertex 30.4853 84.0569 2
      vertex 30.4855 84.057 0
      vertex 30.4853 84.0569 0
    endloop
  endfacet
  facet normal 0.970045 0.242924 0
    outer loop
      vertex 30.4853 84.0569 2
      vertex 30.3381 84.6447 0
      vertex 30.3381 84.6447 2
    endloop
  endfacet
  facet normal 0.970045 0.242924 0
    outer loop
      vertex 30.3381 84.6447 0
      vertex 30.4853 84.0569 2
      vertex 30.4853 84.0569 0
    endloop
  endfacet
  facet normal 0.941503 0.337005 0
    outer loop
      vertex 30.3381 84.6447 2
      vertex 30.1529 85.1621 0
      vertex 30.1529 85.1621 2
    endloop
  endfacet
  facet normal 0.941503 0.337005 0
    outer loop
      vertex 30.1529 85.1621 0
      vertex 30.3381 84.6447 2
      vertex 30.3381 84.6447 0
    endloop
  endfacet
  facet normal 0.904008 0.427515 0
    outer loop
      vertex 30.1529 85.1621 2
      vertex 29.9181 85.6586 0
      vertex 29.9181 85.6586 2
    endloop
  endfacet
  facet normal 0.904008 0.427515 0
    outer loop
      vertex 29.9181 85.6586 0
      vertex 30.1529 85.1621 2
      vertex 30.1529 85.1621 0
    endloop
  endfacet
  facet normal 0.857718 0.514121 0
    outer loop
      vertex 29.9181 85.6586 2
      vertex 29.6356 86.1299 0
      vertex 29.6356 86.1299 2
    endloop
  endfacet
  facet normal 0.857718 0.514121 0
    outer loop
      vertex 29.6356 86.1299 0
      vertex 29.9181 85.6586 2
      vertex 29.9181 85.6586 0
    endloop
  endfacet
  facet normal 0.803177 0.595741 0
    outer loop
      vertex 29.6356 86.1299 2
      vertex 29.3082 86.5713 0
      vertex 29.3082 86.5713 2
    endloop
  endfacet
  facet normal 0.803177 0.595741 0
    outer loop
      vertex 29.3082 86.5713 0
      vertex 29.6356 86.1299 2
      vertex 29.6356 86.1299 0
    endloop
  endfacet
  facet normal 0.740936 0.671576 0
    outer loop
      vertex 29.3082 86.5713 2
      vertex 28.9393 86.9783 0
      vertex 28.9393 86.9783 2
    endloop
  endfacet
  facet normal 0.740936 0.671576 0
    outer loop
      vertex 28.9393 86.9783 0
      vertex 29.3082 86.5713 2
      vertex 29.3082 86.5713 0
    endloop
  endfacet
  facet normal 0.671576 0.740936 -0
    outer loop
      vertex 28.9393 86.9783 0
      vertex 28.5323 87.3472 2
      vertex 28.9393 86.9783 2
    endloop
  endfacet
  facet normal 0.671576 0.740936 0
    outer loop
      vertex 28.5323 87.3472 2
      vertex 28.9393 86.9783 0
      vertex 28.5323 87.3472 0
    endloop
  endfacet
  facet normal 0.595711 0.803199 -0
    outer loop
      vertex 28.5323 87.3472 0
      vertex 28.091 87.6745 2
      vertex 28.5323 87.3472 2
    endloop
  endfacet
  facet normal 0.595711 0.803199 0
    outer loop
      vertex 28.091 87.6745 2
      vertex 28.5323 87.3472 0
      vertex 28.091 87.6745 0
    endloop
  endfacet
  facet normal 0.514041 0.857766 -0
    outer loop
      vertex 28.091 87.6745 0
      vertex 27.6196 87.957 2
      vertex 28.091 87.6745 2
    endloop
  endfacet
  facet normal 0.514041 0.857766 0
    outer loop
      vertex 27.6196 87.957 2
      vertex 28.091 87.6745 0
      vertex 27.6196 87.957 0
    endloop
  endfacet
  facet normal 0.427664 0.903938 -0
    outer loop
      vertex 27.6196 87.957 0
      vertex 27.1231 88.1919 2
      vertex 27.6196 87.957 2
    endloop
  endfacet
  facet normal 0.427664 0.903938 0
    outer loop
      vertex 27.1231 88.1919 2
      vertex 27.6196 87.957 0
      vertex 27.1231 88.1919 0
    endloop
  endfacet
  facet normal 0.336844 0.941561 -0
    outer loop
      vertex 27.1231 88.1919 0
      vertex 26.6057 88.377 2
      vertex 27.1231 88.1919 2
    endloop
  endfacet
  facet normal 0.336844 0.941561 0
    outer loop
      vertex 26.6057 88.377 2
      vertex 27.1231 88.1919 0
      vertex 26.6057 88.377 0
    endloop
  endfacet
  facet normal 0.243007 0.970025 -0
    outer loop
      vertex 26.6057 88.377 0
      vertex 26.0728 88.5105 2
      vertex 26.6057 88.377 2
    endloop
  endfacet
  facet normal 0.243007 0.970025 0
    outer loop
      vertex 26.0728 88.5105 2
      vertex 26.6057 88.377 0
      vertex 26.0728 88.5105 0
    endloop
  endfacet
  facet normal 0.146694 0.989182 -0
    outer loop
      vertex 26.0728 88.5105 0
      vertex 25.5293 88.5911 2
      vertex 26.0728 88.5105 2
    endloop
  endfacet
  facet normal 0.146694 0.989182 0
    outer loop
      vertex 25.5293 88.5911 2
      vertex 26.0728 88.5105 0
      vertex 25.5293 88.5911 0
    endloop
  endfacet
  facet normal 0.0491388 0.998792 -0
    outer loop
      vertex 25.5293 88.5911 0
      vertex 24.9805 88.6181 2
      vertex 25.5293 88.5911 2
    endloop
  endfacet
  facet normal 0.0491388 0.998792 0
    outer loop
      vertex 24.9805 88.6181 2
      vertex 25.5293 88.5911 0
      vertex 24.9805 88.6181 0
    endloop
  endfacet
  facet normal -0.0491478 0.998792 0
    outer loop
      vertex 24.9805 88.6181 0
      vertex 24.4318 88.5911 2
      vertex 24.9805 88.6181 2
    endloop
  endfacet
  facet normal -0.0491478 0.998792 0
    outer loop
      vertex 24.4318 88.5911 2
      vertex 24.9805 88.6181 0
      vertex 24.4318 88.5911 0
    endloop
  endfacet
  facet normal -0.146667 0.989186 0
    outer loop
      vertex 24.4318 88.5911 0
      vertex 23.8882 88.5105 2
      vertex 24.4318 88.5911 2
    endloop
  endfacet
  facet normal -0.146667 0.989186 0
    outer loop
      vertex 23.8882 88.5105 2
      vertex 24.4318 88.5911 0
      vertex 23.8882 88.5105 0
    endloop
  endfacet
  facet normal -0.243007 0.970025 0
    outer loop
      vertex 23.8882 88.5105 0
      vertex 23.3553 88.377 2
      vertex 23.8882 88.5105 2
    endloop
  endfacet
  facet normal -0.243007 0.970025 0
    outer loop
      vertex 23.3553 88.377 2
      vertex 23.8882 88.5105 0
      vertex 23.3553 88.377 0
    endloop
  endfacet
  facet normal -0.336901 0.94154 0
    outer loop
      vertex 23.3553 88.377 0
      vertex 22.838 88.1919 2
      vertex 23.3553 88.377 2
    endloop
  endfacet
  facet normal -0.336901 0.94154 0
    outer loop
      vertex 22.838 88.1919 2
      vertex 23.3553 88.377 0
      vertex 22.838 88.1919 0
    endloop
  endfacet
  facet normal -0.427593 0.903971 0
    outer loop
      vertex 22.838 88.1919 0
      vertex 22.3414 87.957 2
      vertex 22.838 88.1919 2
    endloop
  endfacet
  facet normal -0.427593 0.903971 0
    outer loop
      vertex 22.3414 87.957 2
      vertex 22.838 88.1919 0
      vertex 22.3414 87.957 0
    endloop
  endfacet
  facet normal -0.514121 0.857718 0
    outer loop
      vertex 22.3414 87.957 0
      vertex 21.8701 87.6745 2
      vertex 22.3414 87.957 2
    endloop
  endfacet
  facet normal -0.514121 0.857718 0
    outer loop
      vertex 21.8701 87.6745 2
      vertex 22.3414 87.957 0
      vertex 21.8701 87.6745 0
    endloop
  endfacet
  facet normal -0.595711 0.803199 0
    outer loop
      vertex 21.8701 87.6745 0
      vertex 21.4288 87.3472 2
      vertex 21.8701 87.6745 2
    endloop
  endfacet
  facet normal -0.595711 0.803199 0
    outer loop
      vertex 21.4288 87.3472 2
      vertex 21.8701 87.6745 0
      vertex 21.4288 87.3472 0
    endloop
  endfacet
  facet normal -0.671485 0.741018 0
    outer loop
      vertex 21.4288 87.3472 0
      vertex 21.0217 86.9783 2
      vertex 21.4288 87.3472 2
    endloop
  endfacet
  facet normal -0.671485 0.741018 0
    outer loop
      vertex 21.0217 86.9783 2
      vertex 21.4288 87.3472 0
      vertex 21.0217 86.9783 0
    endloop
  endfacet
  facet normal -0.741018 0.671485 0
    outer loop
      vertex 20.6528 86.5712 0
      vertex 21.0217 86.9783 2
      vertex 21.0217 86.9783 0
    endloop
  endfacet
  facet normal -0.741018 0.671485 0
    outer loop
      vertex 21.0217 86.9783 2
      vertex 20.6528 86.5712 0
      vertex 20.6528 86.5712 2
    endloop
  endfacet
  facet normal -0.803199 0.595711 0
    outer loop
      vertex 20.3255 86.1299 0
      vertex 20.6528 86.5712 2
      vertex 20.6528 86.5712 0
    endloop
  endfacet
  facet normal -0.803199 0.595711 0
    outer loop
      vertex 20.6528 86.5712 2
      vertex 20.3255 86.1299 0
      vertex 20.3255 86.1299 2
    endloop
  endfacet
  facet normal -0.857718 0.514121 0
    outer loop
      vertex 20.043 85.6586 0
      vertex 20.3255 86.1299 2
      vertex 20.3255 86.1299 0
    endloop
  endfacet
  facet normal -0.857718 0.514121 0
    outer loop
      vertex 20.3255 86.1299 2
      vertex 20.043 85.6586 0
      vertex 20.043 85.6586 2
    endloop
  endfacet
  facet normal -0.903971 0.427593 0
    outer loop
      vertex 19.8081 85.162 0
      vertex 20.043 85.6586 2
      vertex 20.043 85.6586 0
    endloop
  endfacet
  facet normal -0.903971 0.427593 0
    outer loop
      vertex 20.043 85.6586 2
      vertex 19.8081 85.162 0
      vertex 19.8081 85.162 2
    endloop
  endfacet
  facet normal -0.94154 0.336901 0
    outer loop
      vertex 19.623 84.6447 0
      vertex 19.8081 85.162 2
      vertex 19.8081 85.162 0
    endloop
  endfacet
  facet normal -0.94154 0.336901 0
    outer loop
      vertex 19.8081 85.162 2
      vertex 19.623 84.6447 0
      vertex 19.623 84.6447 2
    endloop
  endfacet
  facet normal -0.970035 0.242964 0
    outer loop
      vertex 19.4895 84.1117 0
      vertex 19.623 84.6447 2
      vertex 19.623 84.6447 0
    endloop
  endfacet
  facet normal -0.970035 0.242964 0
    outer loop
      vertex 19.623 84.6447 2
      vertex 19.4895 84.1117 0
      vertex 19.4895 84.1117 2
    endloop
  endfacet
  facet normal -0.989182 0.146694 0
    outer loop
      vertex 19.4089 83.5682 0
      vertex 19.4895 84.1117 2
      vertex 19.4895 84.1117 0
    endloop
  endfacet
  facet normal -0.989182 0.146694 0
    outer loop
      vertex 19.4895 84.1117 2
      vertex 19.4089 83.5682 0
      vertex 19.4089 83.5682 2
    endloop
  endfacet
  facet normal -0.998792 0.0491478 0
    outer loop
      vertex 19.3819 83.0195 0
      vertex 19.4089 83.5682 2
      vertex 19.4089 83.5682 0
    endloop
  endfacet
  facet normal -0.998792 0.0491478 0
    outer loop
      vertex 19.4089 83.5682 2
      vertex 19.3819 83.0195 0
      vertex 19.3819 83.0195 2
    endloop
  endfacet
  facet normal -0.998792 -0.0491388 0
    outer loop
      vertex 19.4089 82.4707 0
      vertex 19.3819 83.0195 2
      vertex 19.3819 83.0195 0
    endloop
  endfacet
  facet normal -0.998792 -0.0491388 0
    outer loop
      vertex 19.3819 83.0195 2
      vertex 19.4089 82.4707 0
      vertex 19.4089 82.4707 2
    endloop
  endfacet
  facet normal -0.989182 -0.146694 0
    outer loop
      vertex 19.4895 81.9272 0
      vertex 19.4089 82.4707 2
      vertex 19.4089 82.4707 0
    endloop
  endfacet
  facet normal -0.989182 -0.146694 0
    outer loop
      vertex 19.4089 82.4707 2
      vertex 19.4895 81.9272 0
      vertex 19.4895 81.9272 2
    endloop
  endfacet
  facet normal -0.970025 -0.243007 0
    outer loop
      vertex 19.623 81.3943 0
      vertex 19.4895 81.9272 2
      vertex 19.4895 81.9272 0
    endloop
  endfacet
  facet normal -0.970025 -0.243007 0
    outer loop
      vertex 19.4895 81.9272 2
      vertex 19.623 81.3943 0
      vertex 19.623 81.3943 2
    endloop
  endfacet
  facet normal -0.941561 -0.336844 0
    outer loop
      vertex 19.8081 80.8769 0
      vertex 19.623 81.3943 2
      vertex 19.623 81.3943 0
    endloop
  endfacet
  facet normal -0.941561 -0.336844 0
    outer loop
      vertex 19.623 81.3943 2
      vertex 19.8081 80.8769 0
      vertex 19.8081 80.8769 2
    endloop
  endfacet
  facet normal -0.903938 -0.427664 0
    outer loop
      vertex 20.043 80.3804 0
      vertex 19.8081 80.8769 2
      vertex 19.8081 80.8769 0
    endloop
  endfacet
  facet normal -0.903938 -0.427664 0
    outer loop
      vertex 19.8081 80.8769 2
      vertex 20.043 80.3804 0
      vertex 20.043 80.3804 2
    endloop
  endfacet
  facet normal -0.857766 -0.514041 0
    outer loop
      vertex 20.3255 79.909 0
      vertex 20.043 80.3804 2
      vertex 20.043 80.3804 0
    endloop
  endfacet
  facet normal -0.857766 -0.514041 0
    outer loop
      vertex 20.043 80.3804 2
      vertex 20.3255 79.909 0
      vertex 20.3255 79.909 2
    endloop
  endfacet
  facet normal -0.803199 -0.595711 0
    outer loop
      vertex 20.6528 79.4677 0
      vertex 20.3255 79.909 2
      vertex 20.3255 79.909 0
    endloop
  endfacet
  facet normal -0.803199 -0.595711 0
    outer loop
      vertex 20.3255 79.909 2
      vertex 20.6528 79.4677 0
      vertex 20.6528 79.4677 2
    endloop
  endfacet
  facet normal -0.740936 -0.671576 0
    outer loop
      vertex 21.0217 79.0607 0
      vertex 20.6528 79.4677 2
      vertex 20.6528 79.4677 0
    endloop
  endfacet
  facet normal -0.740936 -0.671576 0
    outer loop
      vertex 20.6528 79.4677 2
      vertex 21.0217 79.0607 0
      vertex 21.0217 79.0607 2
    endloop
  endfacet
  facet normal -0.671576 -0.740936 0
    outer loop
      vertex 21.0217 79.0607 0
      vertex 21.4287 78.6918 2
      vertex 21.0217 79.0607 2
    endloop
  endfacet
  facet normal -0.671576 -0.740936 -0
    outer loop
      vertex 21.4287 78.6918 2
      vertex 21.0217 79.0607 0
      vertex 21.4287 78.6918 0
    endloop
  endfacet
  facet normal -0.595741 -0.803177 0
    outer loop
      vertex 21.4287 78.6918 0
      vertex 21.8701 78.3644 2
      vertex 21.4287 78.6918 2
    endloop
  endfacet
  facet normal -0.595741 -0.803177 -0
    outer loop
      vertex 21.8701 78.3644 2
      vertex 21.4287 78.6918 0
      vertex 21.8701 78.3644 0
    endloop
  endfacet
  facet normal -0.514121 -0.857718 0
    outer loop
      vertex 21.8701 78.3644 0
      vertex 22.3414 78.0819 2
      vertex 21.8701 78.3644 2
    endloop
  endfacet
  facet normal -0.514121 -0.857718 -0
    outer loop
      vertex 22.3414 78.0819 2
      vertex 21.8701 78.3644 0
      vertex 22.3414 78.0819 0
    endloop
  endfacet
  facet normal -0.427515 -0.904008 0
    outer loop
      vertex 22.3414 78.0819 0
      vertex 22.8379 77.8471 2
      vertex 22.3414 78.0819 2
    endloop
  endfacet
  facet normal -0.427515 -0.904008 -0
    outer loop
      vertex 22.8379 77.8471 2
      vertex 22.3414 78.0819 0
      vertex 22.8379 77.8471 0
    endloop
  endfacet
  facet normal -0.337005 -0.941503 0
    outer loop
      vertex 22.8379 77.8471 0
      vertex 23.3553 77.6619 2
      vertex 22.8379 77.8471 2
    endloop
  endfacet
  facet normal -0.337005 -0.941503 -0
    outer loop
      vertex 23.3553 77.6619 2
      vertex 22.8379 77.8471 0
      vertex 23.3553 77.6619 0
    endloop
  endfacet
  facet normal -0.242906 -0.97005 0
    outer loop
      vertex 23.3553 77.6619 0
      vertex 23.9104 77.5229 2
      vertex 23.3553 77.6619 2
    endloop
  endfacet
  facet normal -0.242906 -0.97005 -0
    outer loop
      vertex 23.9104 77.5229 2
      vertex 23.3553 77.6619 0
      vertex 23.9104 77.5229 0
    endloop
  endfacet
  facet normal -0.194687 -0.980865 0
    outer loop
      vertex 23.9104 77.5229 0
      vertex 23.9764 77.5098 2
      vertex 23.9104 77.5229 2
    endloop
  endfacet
  facet normal -0.194687 -0.980865 -0
    outer loop
      vertex 23.9764 77.5098 2
      vertex 23.9104 77.5229 0
      vertex 23.9764 77.5098 0
    endloop
  endfacet
  facet normal -0.290597 -0.956845 0
    outer loop
      vertex 23.9764 77.5098 0
      vertex 24.0844 77.477 2
      vertex 23.9764 77.5098 2
    endloop
  endfacet
  facet normal -0.290597 -0.956845 -0
    outer loop
      vertex 24.0844 77.477 2
      vertex 23.9764 77.5098 0
      vertex 24.0844 77.477 0
    endloop
  endfacet
  facet normal -0.382665 -0.923887 0
    outer loop
      vertex 24.0844 77.477 0
      vertex 24.1887 77.4338 2
      vertex 24.0844 77.477 2
    endloop
  endfacet
  facet normal -0.382665 -0.923887 -0
    outer loop
      vertex 24.1887 77.4338 2
      vertex 24.0844 77.477 0
      vertex 24.1887 77.4338 0
    endloop
  endfacet
  facet normal -0.471508 -0.881862 0
    outer loop
      vertex 24.1887 77.4338 0
      vertex 24.2882 77.3806 2
      vertex 24.1887 77.4338 2
    endloop
  endfacet
  facet normal -0.471508 -0.881862 -0
    outer loop
      vertex 24.2882 77.3806 2
      vertex 24.1887 77.4338 0
      vertex 24.2882 77.3806 0
    endloop
  endfacet
  facet normal -0.555313 -0.831641 0
    outer loop
      vertex 24.2882 77.3806 0
      vertex 24.3821 77.3179 2
      vertex 24.2882 77.3806 2
    endloop
  endfacet
  facet normal -0.555313 -0.831641 -0
    outer loop
      vertex 24.3821 77.3179 2
      vertex 24.2882 77.3806 0
      vertex 24.3821 77.3179 0
    endloop
  endfacet
  facet normal -0.634588 -0.77285 0
    outer loop
      vertex 24.3821 77.3179 0
      vertex 24.4693 77.2463 2
      vertex 24.3821 77.3179 2
    endloop
  endfacet
  facet normal -0.634588 -0.77285 -0
    outer loop
      vertex 24.4693 77.2463 2
      vertex 24.3821 77.3179 0
      vertex 24.4693 77.2463 0
    endloop
  endfacet
  facet normal -0.707107 -0.707107 0
    outer loop
      vertex 24.5491 77.1665 0
      vertex 24.4693 77.2463 2
      vertex 24.4693 77.2463 0
    endloop
  endfacet
  facet normal -0.707107 -0.707107 0
    outer loop
      vertex 24.4693 77.2463 2
      vertex 24.5491 77.1665 0
      vertex 24.5491 77.1665 2
    endloop
  endfacet
  facet normal -0.77285 -0.634588 0
    outer loop
      vertex 24.6207 77.0793 0
      vertex 24.5491 77.1665 2
      vertex 24.5491 77.1665 0
    endloop
  endfacet
  facet normal -0.77285 -0.634588 0
    outer loop
      vertex 24.5491 77.1665 2
      vertex 24.6207 77.0793 0
      vertex 24.6207 77.0793 2
    endloop
  endfacet
  facet normal -0.831641 -0.555313 0
    outer loop
      vertex 24.6834 76.9854 0
      vertex 24.6207 77.0793 2
      vertex 24.6207 77.0793 0
    endloop
  endfacet
  facet normal -0.831641 -0.555313 0
    outer loop
      vertex 24.6207 77.0793 2
      vertex 24.6834 76.9854 0
      vertex 24.6834 76.9854 2
    endloop
  endfacet
  facet normal -0.881862 -0.471508 0
    outer loop
      vertex 24.7366 76.8859 0
      vertex 24.6834 76.9854 2
      vertex 24.6834 76.9854 0
    endloop
  endfacet
  facet normal -0.881862 -0.471508 0
    outer loop
      vertex 24.6834 76.9854 2
      vertex 24.7366 76.8859 0
      vertex 24.7366 76.8859 2
    endloop
  endfacet
  facet normal -0.923887 -0.382665 0
    outer loop
      vertex 24.7798 76.7816 0
      vertex 24.7366 76.8859 2
      vertex 24.7366 76.8859 0
    endloop
  endfacet
  facet normal -0.923887 -0.382665 0
    outer loop
      vertex 24.7366 76.8859 2
      vertex 24.7798 76.7816 0
      vertex 24.7798 76.7816 2
    endloop
  endfacet
  facet normal -0.957091 -0.289786 0
    outer loop
      vertex 24.8125 76.6736 0
      vertex 24.7798 76.7816 2
      vertex 24.7798 76.7816 0
    endloop
  endfacet
  facet normal -0.957091 -0.289786 0
    outer loop
      vertex 24.7798 76.7816 2
      vertex 24.8125 76.6736 0
      vertex 24.8125 76.6736 2
    endloop
  endfacet
  facet normal -0.980818 -0.194923 0
    outer loop
      vertex 24.8345 76.5629 0
      vertex 24.8125 76.6736 2
      vertex 24.8125 76.6736 0
    endloop
  endfacet
  facet normal -0.980818 -0.194923 0
    outer loop
      vertex 24.8125 76.6736 2
      vertex 24.8345 76.5629 0
      vertex 24.8345 76.5629 2
    endloop
  endfacet
  facet normal -0.997266 -0.0738935 0
    outer loop
      vertex 24.847 76.3942 0
      vertex 24.8345 76.5629 2
      vertex 24.8345 76.5629 0
    endloop
  endfacet
  facet normal -0.997266 -0.0738935 0
    outer loop
      vertex 24.8345 76.5629 2
      vertex 24.847 76.3942 0
      vertex 24.847 76.3942 2
    endloop
  endfacet
  facet normal -1 0 0
    outer loop
      vertex 24.847 32.6058 0
      vertex 24.847 76.3942 2
      vertex 24.847 76.3942 0
    endloop
  endfacet
  facet normal -1 -0 0
    outer loop
      vertex 24.847 76.3942 2
      vertex 24.847 32.6058 0
      vertex 24.847 32.6058 2
    endloop
  endfacet
  facet normal -0.99877 0.0495843 0
    outer loop
      vertex 24.8414 32.493 0
      vertex 24.847 32.6058 2
      vertex 24.847 32.6058 0
    endloop
  endfacet
  facet normal -0.99877 0.0495843 0
    outer loop
      vertex 24.847 32.6058 2
      vertex 24.8414 32.493 0
      vertex 24.8414 32.493 2
    endloop
  endfacet
  facet normal -0.989246 0.14626 0
    outer loop
      vertex 24.8249 32.3814 0
      vertex 24.8414 32.493 2
      vertex 24.8414 32.493 0
    endloop
  endfacet
  facet normal -0.989246 0.14626 0
    outer loop
      vertex 24.8414 32.493 2
      vertex 24.8249 32.3814 0
      vertex 24.8249 32.3814 2
    endloop
  endfacet
  facet normal -0.97009 0.242744 0
    outer loop
      vertex 24.7975 32.2719 0
      vertex 24.8249 32.3814 2
      vertex 24.8249 32.3814 0
    endloop
  endfacet
  facet normal -0.97009 0.242744 0
    outer loop
      vertex 24.8249 32.3814 2
      vertex 24.7975 32.2719 0
      vertex 24.7975 32.2719 2
    endloop
  endfacet
  facet normal -0.94126 0.337684 0
    outer loop
      vertex 24.7594 32.1657 0
      vertex 24.7975 32.2719 2
      vertex 24.7975 32.2719 0
    endloop
  endfacet
  facet normal -0.94126 0.337684 0
    outer loop
      vertex 24.7975 32.2719 2
      vertex 24.7594 32.1657 0
      vertex 24.7594 32.1657 2
    endloop
  endfacet
  facet normal -0.904135 0.427248 0
    outer loop
      vertex 24.7112 32.0637 0
      vertex 24.7594 32.1657 2
      vertex 24.7594 32.1657 0
    endloop
  endfacet
  facet normal -0.904135 0.427248 0
    outer loop
      vertex 24.7594 32.1657 2
      vertex 24.7112 32.0637 0
      vertex 24.7112 32.0637 2
    endloop
  endfacet
  facet normal -0.857806 0.513974 0
    outer loop
      vertex 24.6532 31.9669 0
      vertex 24.7112 32.0637 2
      vertex 24.7112 32.0637 0
    endloop
  endfacet
  facet normal -0.857806 0.513974 0
    outer loop
      vertex 24.7112 32.0637 2
      vertex 24.6532 31.9669 0
      vertex 24.6532 31.9669 2
    endloop
  endfacet
  facet normal -0.803494 0.595312 0
    outer loop
      vertex 24.586 31.8762 0
      vertex 24.6532 31.9669 2
      vertex 24.6532 31.9669 0
    endloop
  endfacet
  facet normal -0.803494 0.595312 0
    outer loop
      vertex 24.6532 31.9669 2
      vertex 24.586 31.8762 0
      vertex 24.586 31.8762 2
    endloop
  endfacet
  facet normal -0.740822 0.671702 0
    outer loop
      vertex 24.5102 31.7926 0
      vertex 24.586 31.8762 2
      vertex 24.586 31.8762 0
    endloop
  endfacet
  facet normal -0.740822 0.671702 0
    outer loop
      vertex 24.586 31.8762 2
      vertex 24.5102 31.7926 0
      vertex 24.5102 31.7926 2
    endloop
  endfacet
  facet normal -0.671261 0.741221 0
    outer loop
      vertex 24.5102 31.7926 0
      vertex 24.4265 31.7168 2
      vertex 24.5102 31.7926 2
    endloop
  endfacet
  facet normal -0.671261 0.741221 0
    outer loop
      vertex 24.4265 31.7168 2
      vertex 24.5102 31.7926 0
      vertex 24.4265 31.7168 0
    endloop
  endfacet
  facet normal -0.595736 0.80318 0
    outer loop
      vertex 24.4265 31.7168 0
      vertex 24.3359 31.6496 2
      vertex 24.4265 31.7168 2
    endloop
  endfacet
  facet normal -0.595736 0.80318 0
    outer loop
      vertex 24.3359 31.6496 2
      vertex 24.4265 31.7168 0
      vertex 24.3359 31.6496 0
    endloop
  endfacet
  facet normal -0.513974 0.857806 0
    outer loop
      vertex 24.3359 31.6496 0
      vertex 24.2391 31.5916 2
      vertex 24.3359 31.6496 2
    endloop
  endfacet
  facet normal -0.513974 0.857806 0
    outer loop
      vertex 24.2391 31.5916 2
      vertex 24.3359 31.6496 0
      vertex 24.2391 31.5916 0
    endloop
  endfacet
  facet normal -0.427972 0.903792 0
    outer loop
      vertex 24.2391 31.5916 0
      vertex 24.1371 31.5433 2
      vertex 24.2391 31.5916 2
    endloop
  endfacet
  facet normal -0.427972 0.903792 0
    outer loop
      vertex 24.1371 31.5433 2
      vertex 24.2391 31.5916 0
      vertex 24.1371 31.5433 0
    endloop
  endfacet
  facet normal -0.336617 0.941642 0
    outer loop
      vertex 24.1371 31.5433 0
      vertex 24.0308 31.5053 2
      vertex 24.1371 31.5433 2
    endloop
  endfacet
  facet normal -0.336617 0.941642 0
    outer loop
      vertex 24.0308 31.5053 2
      vertex 24.1371 31.5433 0
      vertex 24.0308 31.5053 0
    endloop
  endfacet
  facet normal -0.219988 0.975503 0
    outer loop
      vertex 24.0308 31.5053 0
      vertex 23.943 31.4855 2
      vertex 24.0308 31.5053 2
    endloop
  endfacet
  facet normal -0.219988 0.975503 0
    outer loop
      vertex 23.943 31.4855 2
      vertex 24.0308 31.5053 0
      vertex 23.943 31.4855 0
    endloop
  endfacet
  facet normal -0.894427 -0.447214 0
    outer loop
      vertex 23.9431 31.4853 0
      vertex 23.943 31.4855 2
      vertex 23.943 31.4855 0
    endloop
  endfacet
  facet normal -0.894427 -0.447214 0
    outer loop
      vertex 23.943 31.4855 2
      vertex 23.9431 31.4853 0
      vertex 23.9431 31.4853 2
    endloop
  endfacet
  facet normal -0.242924 0.970045 0
    outer loop
      vertex 23.9431 31.4853 0
      vertex 23.3553 31.3381 2
      vertex 23.9431 31.4853 2
    endloop
  endfacet
  facet normal -0.242924 0.970045 0
    outer loop
      vertex 23.3553 31.3381 2
      vertex 23.9431 31.4853 0
      vertex 23.3553 31.3381 0
    endloop
  endfacet
  facet normal -0.337005 0.941503 0
    outer loop
      vertex 23.3553 31.3381 0
      vertex 22.8379 31.1529 2
      vertex 23.3553 31.3381 2
    endloop
  endfacet
  facet normal -0.337005 0.941503 0
    outer loop
      vertex 22.8379 31.1529 2
      vertex 23.3553 31.3381 0
      vertex 22.8379 31.1529 0
    endloop
  endfacet
  facet normal -0.427515 0.904008 0
    outer loop
      vertex 22.8379 31.1529 0
      vertex 22.3414 30.9181 2
      vertex 22.8379 31.1529 2
    endloop
  endfacet
  facet normal -0.427515 0.904008 0
    outer loop
      vertex 22.3414 30.9181 2
      vertex 22.8379 31.1529 0
      vertex 22.3414 30.9181 0
    endloop
  endfacet
  facet normal -0.514121 0.857718 0
    outer loop
      vertex 22.3414 30.9181 0
      vertex 21.8701 30.6356 2
      vertex 22.3414 30.9181 2
    endloop
  endfacet
  facet normal -0.514121 0.857718 0
    outer loop
      vertex 21.8701 30.6356 2
      vertex 22.3414 30.9181 0
      vertex 21.8701 30.6356 0
    endloop
  endfacet
  facet normal -0.595741 0.803177 0
    outer loop
      vertex 21.8701 30.6356 0
      vertex 21.4287 30.3082 2
      vertex 21.8701 30.6356 2
    endloop
  endfacet
  facet normal -0.595741 0.803177 0
    outer loop
      vertex 21.4287 30.3082 2
      vertex 21.8701 30.6356 0
      vertex 21.4287 30.3082 0
    endloop
  endfacet
  facet normal -0.671576 0.740936 0
    outer loop
      vertex 21.4287 30.3082 0
      vertex 21.0217 29.9393 2
      vertex 21.4287 30.3082 2
    endloop
  endfacet
  facet normal -0.671576 0.740936 0
    outer loop
      vertex 21.0217 29.9393 2
      vertex 21.4287 30.3082 0
      vertex 21.0217 29.9393 0
    endloop
  endfacet
  facet normal -0.740936 0.671576 0
    outer loop
      vertex 20.6528 29.5323 0
      vertex 21.0217 29.9393 2
      vertex 21.0217 29.9393 0
    endloop
  endfacet
  facet normal -0.740936 0.671576 0
    outer loop
      vertex 21.0217 29.9393 2
      vertex 20.6528 29.5323 0
      vertex 20.6528 29.5323 2
    endloop
  endfacet
  facet normal -0.803199 0.595711 0
    outer loop
      vertex 20.3255 29.091 0
      vertex 20.6528 29.5323 2
      vertex 20.6528 29.5323 0
    endloop
  endfacet
  facet normal -0.803199 0.595711 0
    outer loop
      vertex 20.6528 29.5323 2
      vertex 20.3255 29.091 0
      vertex 20.3255 29.091 2
    endloop
  endfacet
  facet normal -0.857766 0.514041 0
    outer loop
      vertex 20.043 28.6196 0
      vertex 20.3255 29.091 2
      vertex 20.3255 29.091 0
    endloop
  endfacet
  facet normal -0.857766 0.514041 0
    outer loop
      vertex 20.3255 29.091 2
      vertex 20.043 28.6196 0
      vertex 20.043 28.6196 2
    endloop
  endfacet
  facet normal -0.903938 0.427664 0
    outer loop
      vertex 19.8081 28.1231 0
      vertex 20.043 28.6196 2
      vertex 20.043 28.6196 0
    endloop
  endfacet
  facet normal -0.903938 0.427664 0
    outer loop
      vertex 20.043 28.6196 2
      vertex 19.8081 28.1231 0
      vertex 19.8081 28.1231 2
    endloop
  endfacet
  facet normal -0.941561 0.336844 0
    outer loop
      vertex 19.623 27.6057 0
      vertex 19.8081 28.1231 2
      vertex 19.8081 28.1231 0
    endloop
  endfacet
  facet normal -0.941561 0.336844 0
    outer loop
      vertex 19.8081 28.1231 2
      vertex 19.623 27.6057 0
      vertex 19.623 27.6057 2
    endloop
  endfacet
  facet normal -0.970025 0.243007 0
    outer loop
      vertex 19.4895 27.0728 0
      vertex 19.623 27.6057 2
      vertex 19.623 27.6057 0
    endloop
  endfacet
  facet normal -0.970025 0.243007 0
    outer loop
      vertex 19.623 27.6057 2
      vertex 19.4895 27.0728 0
      vertex 19.4895 27.0728 2
    endloop
  endfacet
  facet normal -0.989182 0.146694 0
    outer loop
      vertex 19.4089 26.5293 0
      vertex 19.4895 27.0728 2
      vertex 19.4895 27.0728 0
    endloop
  endfacet
  facet normal -0.989182 0.146694 0
    outer loop
      vertex 19.4895 27.0728 2
      vertex 19.4089 26.5293 0
      vertex 19.4089 26.5293 2
    endloop
  endfacet
  facet normal -0.998792 0.0491388 0
    outer loop
      vertex 19.3819 25.9805 0
      vertex 19.4089 26.5293 2
      vertex 19.4089 26.5293 0
    endloop
  endfacet
  facet normal -0.998792 0.0491388 0
    outer loop
      vertex 19.4089 26.5293 2
      vertex 19.3819 25.9805 0
      vertex 19.3819 25.9805 2
    endloop
  endfacet
  facet normal -0.998792 -0.0491478 0
    outer loop
      vertex 19.4089 25.4318 0
      vertex 19.3819 25.9805 2
      vertex 19.3819 25.9805 0
    endloop
  endfacet
  facet normal -0.998792 -0.0491478 0
    outer loop
      vertex 19.3819 25.9805 2
      vertex 19.4089 25.4318 0
      vertex 19.4089 25.4318 2
    endloop
  endfacet
  facet normal -0.989186 -0.146667 0
    outer loop
      vertex 19.4895 24.8882 0
      vertex 19.4089 25.4318 2
      vertex 19.4089 25.4318 0
    endloop
  endfacet
  facet normal -0.989186 -0.146667 0
    outer loop
      vertex 19.4089 25.4318 2
      vertex 19.4895 24.8882 0
      vertex 19.4895 24.8882 2
    endloop
  endfacet
  facet normal -0.970025 -0.243007 0
    outer loop
      vertex 19.623 24.3553 0
      vertex 19.4895 24.8882 2
      vertex 19.4895 24.8882 0
    endloop
  endfacet
  facet normal -0.970025 -0.243007 0
    outer loop
      vertex 19.4895 24.8882 2
      vertex 19.623 24.3553 0
      vertex 19.623 24.3553 2
    endloop
  endfacet
  facet normal -0.94154 -0.336901 0
    outer loop
      vertex 19.8081 23.838 0
      vertex 19.623 24.3553 2
      vertex 19.623 24.3553 0
    endloop
  endfacet
  facet normal -0.94154 -0.336901 0
    outer loop
      vertex 19.623 24.3553 2
      vertex 19.8081 23.838 0
      vertex 19.8081 23.838 2
    endloop
  endfacet
  facet normal -0.903971 -0.427593 0
    outer loop
      vertex 20.043 23.3414 0
      vertex 19.8081 23.838 2
      vertex 19.8081 23.838 0
    endloop
  endfacet
  facet normal -0.903971 -0.427593 0
    outer loop
      vertex 19.8081 23.838 2
      vertex 20.043 23.3414 0
      vertex 20.043 23.3414 2
    endloop
  endfacet
  facet normal -0.857718 -0.514121 0
    outer loop
      vertex 20.3255 22.8701 0
      vertex 20.043 23.3414 2
      vertex 20.043 23.3414 0
    endloop
  endfacet
  facet normal -0.857718 -0.514121 0
    outer loop
      vertex 20.043 23.3414 2
      vertex 20.3255 22.8701 0
      vertex 20.3255 22.8701 2
    endloop
  endfacet
  facet normal -0.803199 -0.595711 0
    outer loop
      vertex 20.6528 22.4288 0
      vertex 20.3255 22.8701 2
      vertex 20.3255 22.8701 0
    endloop
  endfacet
  facet normal -0.803199 -0.595711 0
    outer loop
      vertex 20.3255 22.8701 2
      vertex 20.6528 22.4288 0
      vertex 20.6528 22.4288 2
    endloop
  endfacet
  facet normal -0.741018 -0.671485 0
    outer loop
      vertex 21.0217 22.0217 0
      vertex 20.6528 22.4288 2
      vertex 20.6528 22.4288 0
    endloop
  endfacet
  facet normal -0.741018 -0.671485 0
    outer loop
      vertex 20.6528 22.4288 2
      vertex 21.0217 22.0217 0
      vertex 21.0217 22.0217 2
    endloop
  endfacet
  facet normal -0.671485 -0.741018 0
    outer loop
      vertex 21.0217 22.0217 0
      vertex 21.4288 21.6528 2
      vertex 21.0217 22.0217 2
    endloop
  endfacet
  facet normal -0.671485 -0.741018 -0
    outer loop
      vertex 21.4288 21.6528 2
      vertex 21.0217 22.0217 0
      vertex 21.4288 21.6528 0
    endloop
  endfacet
  facet normal -0.595711 -0.803199 0
    outer loop
      vertex 21.4288 21.6528 0
      vertex 21.8701 21.3255 2
      vertex 21.4288 21.6528 2
    endloop
  endfacet
  facet normal -0.595711 -0.803199 -0
    outer loop
      vertex 21.8701 21.3255 2
      vertex 21.4288 21.6528 0
      vertex 21.8701 21.3255 0
    endloop
  endfacet
  facet normal -0.514121 -0.857718 0
    outer loop
      vertex 21.8701 21.3255 0
      vertex 22.3414 21.043 2
      vertex 21.8701 21.3255 2
    endloop
  endfacet
  facet normal -0.514121 -0.857718 -0
    outer loop
      vertex 22.3414 21.043 2
      vertex 21.8701 21.3255 0
      vertex 22.3414 21.043 0
    endloop
  endfacet
  facet normal -0.427593 -0.903971 0
    outer loop
      vertex 22.3414 21.043 0
      vertex 22.838 20.8081 2
      vertex 22.3414 21.043 2
    endloop
  endfacet
  facet normal -0.427593 -0.903971 -0
    outer loop
      vertex 22.838 20.8081 2
      vertex 22.3414 21.043 0
      vertex 22.838 20.8081 0
    endloop
  endfacet
  facet normal -0.336901 -0.94154 0
    outer loop
      vertex 22.838 20.8081 0
      vertex 23.3553 20.623 2
      vertex 22.838 20.8081 2
    endloop
  endfacet
  facet normal -0.336901 -0.94154 -0
    outer loop
      vertex 23.3553 20.623 2
      vertex 22.838 20.8081 0
      vertex 23.3553 20.623 0
    endloop
  endfacet
  facet normal -0.243007 -0.970025 0
    outer loop
      vertex 23.3553 20.623 0
      vertex 23.8882 20.4895 2
      vertex 23.3553 20.623 2
    endloop
  endfacet
  facet normal -0.243007 -0.970025 -0
    outer loop
      vertex 23.8882 20.4895 2
      vertex 23.3553 20.623 0
      vertex 23.8882 20.4895 0
    endloop
  endfacet
  facet normal -0.146667 -0.989186 0
    outer loop
      vertex 23.8882 20.4895 0
      vertex 24.4318 20.4089 2
      vertex 23.8882 20.4895 2
    endloop
  endfacet
  facet normal -0.146667 -0.989186 -0
    outer loop
      vertex 24.4318 20.4089 2
      vertex 23.8882 20.4895 0
      vertex 24.4318 20.4089 0
    endloop
  endfacet
  facet normal -0.0491478 -0.998792 0
    outer loop
      vertex 24.4318 20.4089 0
      vertex 24.9805 20.3819 2
      vertex 24.4318 20.4089 2
    endloop
  endfacet
  facet normal -0.0491478 -0.998792 -0
    outer loop
      vertex 24.9805 20.3819 2
      vertex 24.4318 20.4089 0
      vertex 24.9805 20.3819 0
    endloop
  endfacet
  facet normal 0.0491388 -0.998792 0
    outer loop
      vertex 24.9805 20.3819 0
      vertex 25.5293 20.4089 2
      vertex 24.9805 20.3819 2
    endloop
  endfacet
  facet normal 0.0491388 -0.998792 0
    outer loop
      vertex 25.5293 20.4089 2
      vertex 24.9805 20.3819 0
      vertex 25.5293 20.4089 0
    endloop
  endfacet
  facet normal 0.146694 -0.989182 0
    outer loop
      vertex 25.5293 20.4089 0
      vertex 26.0728 20.4895 2
      vertex 25.5293 20.4089 2
    endloop
  endfacet
  facet normal 0.146694 -0.989182 0
    outer loop
      vertex 26.0728 20.4895 2
      vertex 25.5293 20.4089 0
      vertex 26.0728 20.4895 0
    endloop
  endfacet
  facet normal 0.243007 -0.970025 0
    outer loop
      vertex 26.0728 20.4895 0
      vertex 26.6057 20.623 2
      vertex 26.0728 20.4895 2
    endloop
  endfacet
  facet normal 0.243007 -0.970025 0
    outer loop
      vertex 26.6057 20.623 2
      vertex 26.0728 20.4895 0
      vertex 26.6057 20.623 0
    endloop
  endfacet
  facet normal 0.336844 -0.941561 0
    outer loop
      vertex 26.6057 20.623 0
      vertex 27.1231 20.8081 2
      vertex 26.6057 20.623 2
    endloop
  endfacet
  facet normal 0.336844 -0.941561 0
    outer loop
      vertex 27.1231 20.8081 2
      vertex 26.6057 20.623 0
      vertex 27.1231 20.8081 0
    endloop
  endfacet
  facet normal 0.427664 -0.903938 0
    outer loop
      vertex 27.1231 20.8081 0
      vertex 27.6196 21.043 2
      vertex 27.1231 20.8081 2
    endloop
  endfacet
  facet normal 0.427664 -0.903938 0
    outer loop
      vertex 27.6196 21.043 2
      vertex 27.1231 20.8081 0
      vertex 27.6196 21.043 0
    endloop
  endfacet
  facet normal 0.514041 -0.857766 0
    outer loop
      vertex 27.6196 21.043 0
      vertex 28.091 21.3255 2
      vertex 27.6196 21.043 2
    endloop
  endfacet
  facet normal 0.514041 -0.857766 0
    outer loop
      vertex 28.091 21.3255 2
      vertex 27.6196 21.043 0
      vertex 28.091 21.3255 0
    endloop
  endfacet
  facet normal 0.595711 -0.803199 0
    outer loop
      vertex 28.091 21.3255 0
      vertex 28.5323 21.6528 2
      vertex 28.091 21.3255 2
    endloop
  endfacet
  facet normal 0.595711 -0.803199 0
    outer loop
      vertex 28.5323 21.6528 2
      vertex 28.091 21.3255 0
      vertex 28.5323 21.6528 0
    endloop
  endfacet
  facet normal 0.671576 -0.740936 0
    outer loop
      vertex 28.5323 21.6528 0
      vertex 28.9393 22.0217 2
      vertex 28.5323 21.6528 2
    endloop
  endfacet
  facet normal 0.671576 -0.740936 0
    outer loop
      vertex 28.9393 22.0217 2
      vertex 28.5323 21.6528 0
      vertex 28.9393 22.0217 0
    endloop
  endfacet
  facet normal 0.740936 -0.671576 0
    outer loop
      vertex 28.9393 22.0217 2
      vertex 29.3082 22.4287 0
      vertex 29.3082 22.4287 2
    endloop
  endfacet
  facet normal 0.740936 -0.671576 0
    outer loop
      vertex 29.3082 22.4287 0
      vertex 28.9393 22.0217 2
      vertex 28.9393 22.0217 0
    endloop
  endfacet
  facet normal 0.803177 -0.595741 0
    outer loop
      vertex 29.3082 22.4287 2
      vertex 29.6356 22.8701 0
      vertex 29.6356 22.8701 2
    endloop
  endfacet
  facet normal 0.803177 -0.595741 0
    outer loop
      vertex 29.6356 22.8701 0
      vertex 29.3082 22.4287 2
      vertex 29.3082 22.4287 0
    endloop
  endfacet
  facet normal 0.857718 -0.514121 0
    outer loop
      vertex 29.6356 22.8701 2
      vertex 29.9181 23.3414 0
      vertex 29.9181 23.3414 2
    endloop
  endfacet
  facet normal 0.857718 -0.514121 0
    outer loop
      vertex 29.9181 23.3414 0
      vertex 29.6356 22.8701 2
      vertex 29.6356 22.8701 0
    endloop
  endfacet
  facet normal 0.904008 -0.427515 0
    outer loop
      vertex 29.9181 23.3414 2
      vertex 30.1529 23.8379 0
      vertex 30.1529 23.8379 2
    endloop
  endfacet
  facet normal 0.904008 -0.427515 0
    outer loop
      vertex 30.1529 23.8379 0
      vertex 29.9181 23.3414 2
      vertex 29.9181 23.3414 0
    endloop
  endfacet
  facet normal 0.941503 -0.337005 0
    outer loop
      vertex 30.1529 23.8379 2
      vertex 30.3381 24.3553 0
      vertex 30.3381 24.3553 2
    endloop
  endfacet
  facet normal 0.941503 -0.337005 0
    outer loop
      vertex 30.3381 24.3553 0
      vertex 30.1529 23.8379 2
      vertex 30.1529 23.8379 0
    endloop
  endfacet
  facet normal 0.97005 -0.242906 0
    outer loop
      vertex 30.3381 24.3553 2
      vertex 30.4771 24.9104 0
      vertex 30.4771 24.9104 2
    endloop
  endfacet
  facet normal 0.97005 -0.242906 0
    outer loop
      vertex 30.4771 24.9104 0
      vertex 30.3381 24.3553 2
      vertex 30.3381 24.3553 0
    endloop
  endfacet
  facet normal 0.980865 -0.194687 0
    outer loop
      vertex 30.4771 24.9104 2
      vertex 30.4902 24.9764 0
      vertex 30.4902 24.9764 2
    endloop
  endfacet
  facet normal 0.980865 -0.194687 0
    outer loop
      vertex 30.4902 24.9764 0
      vertex 30.4771 24.9104 2
      vertex 30.4771 24.9104 0
    endloop
  endfacet
  facet normal 0.956845 -0.290597 0
    outer loop
      vertex 30.4902 24.9764 2
      vertex 30.523 25.0844 0
      vertex 30.523 25.0844 2
    endloop
  endfacet
  facet normal 0.956845 -0.290597 0
    outer loop
      vertex 30.523 25.0844 0
      vertex 30.4902 24.9764 2
      vertex 30.4902 24.9764 0
    endloop
  endfacet
  facet normal 0.923887 -0.382665 0
    outer loop
      vertex 30.523 25.0844 2
      vertex 30.5662 25.1887 0
      vertex 30.5662 25.1887 2
    endloop
  endfacet
  facet normal 0.923887 -0.382665 0
    outer loop
      vertex 30.5662 25.1887 0
      vertex 30.523 25.0844 2
      vertex 30.523 25.0844 0
    endloop
  endfacet
  facet normal 0.881862 -0.471508 0
    outer loop
      vertex 30.5662 25.1887 2
      vertex 30.6194 25.2882 0
      vertex 30.6194 25.2882 2
    endloop
  endfacet
  facet normal 0.881862 -0.471508 0
    outer loop
      vertex 30.6194 25.2882 0
      vertex 30.5662 25.1887 2
      vertex 30.5662 25.1887 0
    endloop
  endfacet
  facet normal 0.831641 -0.555313 0
    outer loop
      vertex 30.6194 25.2882 2
      vertex 30.6821 25.3821 0
      vertex 30.6821 25.3821 2
    endloop
  endfacet
  facet normal 0.831641 -0.555313 0
    outer loop
      vertex 30.6821 25.3821 0
      vertex 30.6194 25.2882 2
      vertex 30.6194 25.2882 0
    endloop
  endfacet
  facet normal 0.77285 -0.634588 0
    outer loop
      vertex 30.6821 25.3821 2
      vertex 30.7537 25.4693 0
      vertex 30.7537 25.4693 2
    endloop
  endfacet
  facet normal 0.77285 -0.634588 0
    outer loop
      vertex 30.7537 25.4693 0
      vertex 30.6821 25.3821 2
      vertex 30.6821 25.3821 0
    endloop
  endfacet
  facet normal 0.707107 -0.707107 0
    outer loop
      vertex 30.7537 25.4693 2
      vertex 30.8335 25.5491 0
      vertex 30.8335 25.5491 2
    endloop
  endfacet
  facet normal 0.707107 -0.707107 0
    outer loop
      vertex 30.8335 25.5491 0
      vertex 30.7537 25.4693 2
      vertex 30.7537 25.4693 0
    endloop
  endfacet
  facet normal 0.634588 -0.77285 0
    outer loop
      vertex 30.8335 25.5491 0
      vertex 30.9207 25.6207 2
      vertex 30.8335 25.5491 2
    endloop
  endfacet
  facet normal 0.634588 -0.77285 0
    outer loop
      vertex 30.9207 25.6207 2
      vertex 30.8335 25.5491 0
      vertex 30.9207 25.6207 0
    endloop
  endfacet
  facet normal 0.555313 -0.831641 0
    outer loop
      vertex 30.9207 25.6207 0
      vertex 31.0146 25.6834 2
      vertex 30.9207 25.6207 2
    endloop
  endfacet
  facet normal 0.555313 -0.831641 0
    outer loop
      vertex 31.0146 25.6834 2
      vertex 30.9207 25.6207 0
      vertex 31.0146 25.6834 0
    endloop
  endfacet
  facet normal 0.471508 -0.881862 0
    outer loop
      vertex 31.0146 25.6834 0
      vertex 31.1141 25.7366 2
      vertex 31.0146 25.6834 2
    endloop
  endfacet
  facet normal 0.471508 -0.881862 0
    outer loop
      vertex 31.1141 25.7366 2
      vertex 31.0146 25.6834 0
      vertex 31.1141 25.7366 0
    endloop
  endfacet
  facet normal 0.382665 -0.923887 0
    outer loop
      vertex 31.1141 25.7366 0
      vertex 31.2184 25.7798 2
      vertex 31.1141 25.7366 2
    endloop
  endfacet
  facet normal 0.382665 -0.923887 0
    outer loop
      vertex 31.2184 25.7798 2
      vertex 31.1141 25.7366 0
      vertex 31.2184 25.7798 0
    endloop
  endfacet
  facet normal 0.289786 -0.957091 0
    outer loop
      vertex 31.2184 25.7798 0
      vertex 31.3264 25.8125 2
      vertex 31.2184 25.7798 2
    endloop
  endfacet
  facet normal 0.289786 -0.957091 0
    outer loop
      vertex 31.3264 25.8125 2
      vertex 31.2184 25.7798 0
      vertex 31.3264 25.8125 0
    endloop
  endfacet
  facet normal 0.195093 -0.980785 0
    outer loop
      vertex 31.3264 25.8125 0
      vertex 31.437 25.8345 2
      vertex 31.3264 25.8125 2
    endloop
  endfacet
  facet normal 0.195093 -0.980785 0
    outer loop
      vertex 31.437 25.8345 2
      vertex 31.3264 25.8125 0
      vertex 31.437 25.8345 0
    endloop
  endfacet
  facet normal 0.0738499 -0.997269 0
    outer loop
      vertex 31.437 25.8345 0
      vertex 31.6058 25.847 2
      vertex 31.437 25.8345 2
    endloop
  endfacet
  facet normal 0.0738499 -0.997269 0
    outer loop
      vertex 31.6058 25.847 2
      vertex 31.437 25.8345 0
      vertex 31.6058 25.847 0
    endloop
  endfacet
  facet normal 0 -1 0
    outer loop
      vertex 31.6058 25.847 0
      vertex 75.4912 25.847 2
      vertex 31.6058 25.847 2
    endloop
  endfacet
  facet normal 0 -1 -0
    outer loop
      vertex 75.4912 25.847 2
      vertex 31.6058 25.847 0
      vertex 75.4912 25.847 0
    endloop
  endfacet
  facet normal -0.0496282 -0.998768 0
    outer loop
      vertex 75.4912 25.847 0
      vertex 75.6039 25.8414 2
      vertex 75.4912 25.847 2
    endloop
  endfacet
  facet normal -0.0496282 -0.998768 -0
    outer loop
      vertex 75.6039 25.8414 2
      vertex 75.4912 25.847 0
      vertex 75.6039 25.8414 0
    endloop
  endfacet
  facet normal -0.146131 -0.989265 0
    outer loop
      vertex 75.6039 25.8414 0
      vertex 75.7156 25.8249 2
      vertex 75.6039 25.8414 2
    endloop
  endfacet
  facet normal -0.146131 -0.989265 -0
    outer loop
      vertex 75.7156 25.8249 2
      vertex 75.6039 25.8414 0
      vertex 75.7156 25.8249 0
    endloop
  endfacet
  facet normal -0.242744 -0.97009 0
    outer loop
      vertex 75.7156 25.8249 0
      vertex 75.8251 25.7975 2
      vertex 75.7156 25.8249 2
    endloop
  endfacet
  facet normal -0.242744 -0.97009 -0
    outer loop
      vertex 75.8251 25.7975 2
      vertex 75.7156 25.8249 0
      vertex 75.8251 25.7975 0
    endloop
  endfacet
  facet normal -0.337684 -0.94126 0
    outer loop
      vertex 75.8251 25.7975 0
      vertex 75.9313 25.7594 2
      vertex 75.8251 25.7975 2
    endloop
  endfacet
  facet normal -0.337684 -0.94126 -0
    outer loop
      vertex 75.9313 25.7594 2
      vertex 75.8251 25.7975 0
      vertex 75.9313 25.7594 0
    endloop
  endfacet
  facet normal -0.427248 -0.904135 0
    outer loop
      vertex 75.9313 25.7594 0
      vertex 76.0333 25.7112 2
      vertex 75.9313 25.7594 2
    endloop
  endfacet
  facet normal -0.427248 -0.904135 -0
    outer loop
      vertex 76.0333 25.7112 2
      vertex 75.9313 25.7594 0
      vertex 76.0333 25.7112 0
    endloop
  endfacet
  facet normal -0.513974 -0.857806 0
    outer loop
      vertex 76.0333 25.7112 0
      vertex 76.1301 25.6532 2
      vertex 76.0333 25.7112 2
    endloop
  endfacet
  facet normal -0.513974 -0.857806 -0
    outer loop
      vertex 76.1301 25.6532 2
      vertex 76.0333 25.7112 0
      vertex 76.1301 25.6532 0
    endloop
  endfacet
  facet normal -0.595312 -0.803494 0
    outer loop
      vertex 76.1301 25.6532 0
      vertex 76.2208 25.586 2
      vertex 76.1301 25.6532 2
    endloop
  endfacet
  facet normal -0.595312 -0.803494 -0
    outer loop
      vertex 76.2208 25.586 2
      vertex 76.1301 25.6532 0
      vertex 76.2208 25.586 0
    endloop
  endfacet
  facet normal -0.671702 -0.740822 0
    outer loop
      vertex 76.2208 25.586 0
      vertex 76.3044 25.5102 2
      vertex 76.2208 25.586 2
    endloop
  endfacet
  facet normal -0.671702 -0.740822 -0
    outer loop
      vertex 76.3044 25.5102 2
      vertex 76.2208 25.586 0
      vertex 76.3044 25.5102 0
    endloop
  endfacet
  facet normal -0.741221 -0.671261 0
    outer loop
      vertex 76.3802 25.4265 0
      vertex 76.3044 25.5102 2
      vertex 76.3044 25.5102 0
    endloop
  endfacet
  facet normal -0.741221 -0.671261 0
    outer loop
      vertex 76.3044 25.5102 2
      vertex 76.3802 25.4265 0
      vertex 76.3802 25.4265 2
    endloop
  endfacet
  facet normal -0.80318 -0.595736 0
    outer loop
      vertex 76.4474 25.3359 0
      vertex 76.3802 25.4265 2
      vertex 76.3802 25.4265 0
    endloop
  endfacet
  facet normal -0.80318 -0.595736 0
    outer loop
      vertex 76.3802 25.4265 2
      vertex 76.4474 25.3359 0
      vertex 76.4474 25.3359 2
    endloop
  endfacet
  facet normal -0.857806 -0.513974 0
    outer loop
      vertex 76.5054 25.2391 0
      vertex 76.4474 25.3359 2
      vertex 76.4474 25.3359 0
    endloop
  endfacet
  facet normal -0.857806 -0.513974 0
    outer loop
      vertex 76.4474 25.3359 2
      vertex 76.5054 25.2391 0
      vertex 76.5054 25.2391 2
    endloop
  endfacet
  facet normal -0.903792 -0.427972 0
    outer loop
      vertex 76.5537 25.1371 0
      vertex 76.5054 25.2391 2
      vertex 76.5054 25.2391 0
    endloop
  endfacet
  facet normal -0.903792 -0.427972 0
    outer loop
      vertex 76.5054 25.2391 2
      vertex 76.5537 25.1371 0
      vertex 76.5537 25.1371 2
    endloop
  endfacet
  facet normal -0.941642 -0.336617 0
    outer loop
      vertex 76.5917 25.0308 0
      vertex 76.5537 25.1371 2
      vertex 76.5537 25.1371 0
    endloop
  endfacet
  facet normal -0.941642 -0.336617 0
    outer loop
      vertex 76.5537 25.1371 2
      vertex 76.5917 25.0308 0
      vertex 76.5917 25.0308 2
    endloop
  endfacet
  facet normal -0.97574 -0.21893 0
    outer loop
      vertex 76.6114 24.943 0
      vertex 76.5917 25.0308 2
      vertex 76.5917 25.0308 0
    endloop
  endfacet
  facet normal -0.97574 -0.21893 0
    outer loop
      vertex 76.5917 25.0308 2
      vertex 76.6114 24.943 0
      vertex 76.6114 24.943 2
    endloop
  endfacet
  facet normal 0.316228 -0.948683 0
    outer loop
      vertex 76.6114 24.943 0
      vertex 76.6117 24.9431 2
      vertex 76.6114 24.943 2
    endloop
  endfacet
  facet normal 0.316228 -0.948683 0
    outer loop
      vertex 76.6117 24.9431 2
      vertex 76.6114 24.943 0
      vertex 76.6117 24.9431 0
    endloop
  endfacet
  facet normal -0.970045 -0.242924 0
    outer loop
      vertex 76.7589 24.3553 0
      vertex 76.6117 24.9431 2
      vertex 76.6117 24.9431 0
    endloop
  endfacet
  facet normal -0.970045 -0.242924 0
    outer loop
      vertex 76.6117 24.9431 2
      vertex 76.7589 24.3553 0
      vertex 76.7589 24.3553 2
    endloop
  endfacet
  facet normal -0.941503 -0.337005 0
    outer loop
      vertex 76.9441 23.8379 0
      vertex 76.7589 24.3553 2
      vertex 76.7589 24.3553 0
    endloop
  endfacet
  facet normal -0.941503 -0.337005 0
    outer loop
      vertex 76.7589 24.3553 2
      vertex 76.9441 23.8379 0
      vertex 76.9441 23.8379 2
    endloop
  endfacet
  facet normal -0.904008 -0.427515 0
    outer loop
      vertex 77.1789 23.3414 0
      vertex 76.9441 23.8379 2
      vertex 76.9441 23.8379 0
    endloop
  endfacet
  facet normal -0.904008 -0.427515 0
    outer loop
      vertex 76.9441 23.8379 2
      vertex 77.1789 23.3414 0
      vertex 77.1789 23.3414 2
    endloop
  endfacet
  facet normal -0.857718 -0.514121 0
    outer loop
      vertex 77.4614 22.8701 0
      vertex 77.1789 23.3414 2
      vertex 77.1789 23.3414 0
    endloop
  endfacet
  facet normal -0.857718 -0.514121 0
    outer loop
      vertex 77.1789 23.3414 2
      vertex 77.4614 22.8701 0
      vertex 77.4614 22.8701 2
    endloop
  endfacet
  facet normal -0.803177 -0.595741 0
    outer loop
      vertex 77.7888 22.4287 0
      vertex 77.4614 22.8701 2
      vertex 77.4614 22.8701 0
    endloop
  endfacet
  facet normal -0.803177 -0.595741 0
    outer loop
      vertex 77.4614 22.8701 2
      vertex 77.7888 22.4287 0
      vertex 77.7888 22.4287 2
    endloop
  endfacet
  facet normal -0.740936 -0.671576 0
    outer loop
      vertex 78.1577 22.0217 0
      vertex 77.7888 22.4287 2
      vertex 77.7888 22.4287 0
    endloop
  endfacet
  facet normal -0.740936 -0.671576 0
    outer loop
      vertex 77.7888 22.4287 2
      vertex 78.1577 22.0217 0
      vertex 78.1577 22.0217 2
    endloop
  endfacet
  facet normal -0.671576 -0.740936 0
    outer loop
      vertex 78.1577 22.0217 0
      vertex 78.5647 21.6528 2
      vertex 78.1577 22.0217 2
    endloop
  endfacet
  facet normal -0.671576 -0.740936 -0
    outer loop
      vertex 78.5647 21.6528 2
      vertex 78.1577 22.0217 0
      vertex 78.5647 21.6528 0
    endloop
  endfacet
  facet normal -0.595711 -0.803199 0
    outer loop
      vertex 78.5647 21.6528 0
      vertex 79.006 21.3255 2
      vertex 78.5647 21.6528 2
    endloop
  endfacet
  facet normal -0.595711 -0.803199 -0
    outer loop
      vertex 79.006 21.3255 2
      vertex 78.5647 21.6528 0
      vertex 79.006 21.3255 0
    endloop
  endfacet
  facet normal -0.514041 -0.857766 0
    outer loop
      vertex 79.006 21.3255 0
      vertex 79.4774 21.043 2
      vertex 79.006 21.3255 2
    endloop
  endfacet
  facet normal -0.514041 -0.857766 -0
    outer loop
      vertex 79.4774 21.043 2
      vertex 79.006 21.3255 0
      vertex 79.4774 21.043 0
    endloop
  endfacet
  facet normal -0.427664 -0.903938 0
    outer loop
      vertex 79.4774 21.043 0
      vertex 79.9739 20.8081 2
      vertex 79.4774 21.043 2
    endloop
  endfacet
  facet normal -0.427664 -0.903938 -0
    outer loop
      vertex 79.9739 20.8081 2
      vertex 79.4774 21.043 0
      vertex 79.9739 20.8081 0
    endloop
  endfacet
  facet normal -0.336844 -0.941561 0
    outer loop
      vertex 79.9739 20.8081 0
      vertex 80.4913 20.623 2
      vertex 79.9739 20.8081 2
    endloop
  endfacet
  facet normal -0.336844 -0.941561 -0
    outer loop
      vertex 80.4913 20.623 2
      vertex 79.9739 20.8081 0
      vertex 80.4913 20.623 0
    endloop
  endfacet
  facet normal -0.243007 -0.970025 0
    outer loop
      vertex 80.4913 20.623 0
      vertex 81.0242 20.4895 2
      vertex 80.4913 20.623 2
    endloop
  endfacet
  facet normal -0.243007 -0.970025 -0
    outer loop
      vertex 81.0242 20.4895 2
      vertex 80.4913 20.623 0
      vertex 81.0242 20.4895 0
    endloop
  endfacet
  facet normal -0.146694 -0.989182 0
    outer loop
      vertex 81.0242 20.4895 0
      vertex 81.5677 20.4089 2
      vertex 81.0242 20.4895 2
    endloop
  endfacet
  facet normal -0.146694 -0.989182 -0
    outer loop
      vertex 81.5677 20.4089 2
      vertex 81.0242 20.4895 0
      vertex 81.5677 20.4089 0
    endloop
  endfacet
  facet normal -0.0491388 -0.998792 0
    outer loop
      vertex 81.5677 20.4089 0
      vertex 82.1165 20.3819 2
      vertex 81.5677 20.4089 2
    endloop
  endfacet
  facet normal -0.0491388 -0.998792 -0
    outer loop
      vertex 82.1165 20.3819 2
      vertex 81.5677 20.4089 0
      vertex 82.1165 20.3819 0
    endloop
  endfacet
  facet normal 0.0491478 -0.998792 0
    outer loop
      vertex 82.1165 20.3819 0
      vertex 82.6652 20.4089 2
      vertex 82.1165 20.3819 2
    endloop
  endfacet
  facet normal 0.0491478 -0.998792 0
    outer loop
      vertex 82.6652 20.4089 2
      vertex 82.1165 20.3819 0
      vertex 82.6652 20.4089 0
    endloop
  endfacet
  facet normal 0 0 -1
    outer loop
      vertex 87.6383 25.4368 -1.15
      vertex 83.2609 25.8678 -1.15
      vertex 83.2665 25.9805 -1.15
    endloop
  endfacet
  facet normal 0 0 -1
    outer loop
      vertex 84.2398 20.8543 -1.15
      vertex 83.2444 25.7562 -1.15
      vertex 83.2609 25.8678 -1.15
    endloop
  endfacet
  facet normal 0 0 -1
    outer loop
      vertex 84.2398 20.8543 -1.15
      vertex 83.217 25.6467 -1.15
      vertex 83.2444 25.7562 -1.15
    endloop
  endfacet
  facet normal 0 0 -1
    outer loop
      vertex 82.4503 24.88 -1.15
      vertex 83.727 20.6708 -1.15
      vertex 83.199 20.5386 -1.15
    endloop
  endfacet
  facet normal 0 0 -1
    outer loop
      vertex 84.2398 20.8543 -1.15
      vertex 83.1789 25.5404 -1.15
      vertex 83.217 25.6467 -1.15
    endloop
  endfacet
  facet normal 0 0 -1
    outer loop
      vertex 84.2398 20.8543 -1.15
      vertex 83.1307 25.4384 -1.15
      vertex 83.1789 25.5404 -1.15
    endloop
  endfacet
  facet normal 0 0 -1
    outer loop
      vertex 84.2398 20.8543 -1.15
      vertex 83.0727 25.3416 -1.15
      vertex 83.1307 25.4384 -1.15
    endloop
  endfacet
  facet normal 0 0 -1
    outer loop
      vertex 84.2398 20.8543 -1.15
      vertex 83.0054 25.251 -1.15
      vertex 83.0727 25.3416 -1.15
    endloop
  endfacet
  facet normal 0 0 -1
    outer loop
      vertex 84.2398 20.8543 -1.15
      vertex 82.9296 25.1674 -1.15
      vertex 83.0054 25.251 -1.15
    endloop
  endfacet
  facet normal 0 0 -1
    outer loop
      vertex 84.2398 20.8543 -1.15
      vertex 82.846 25.0916 -1.15
      vertex 82.9296 25.1674 -1.15
    endloop
  endfacet
  facet normal 0 0 -1
    outer loop
      vertex 84.2398 20.8543 -1.15
      vertex 82.7554 25.0243 -1.15
      vertex 82.846 25.0916 -1.15
    endloop
  endfacet
  facet normal 0 0 -1
    outer loop
      vertex 82.3408 24.8526 -1.15
      vertex 83.199 20.5386 -1.15
      vertex 82.6602 20.4587 -1.15
    endloop
  endfacet
  facet normal 0 0 -1
    outer loop
      vertex 84.2398 20.8543 -1.15
      vertex 82.6586 24.9663 -1.15
      vertex 82.7554 25.0243 -1.15
    endloop
  endfacet
  facet normal 0 0 -1
    outer loop
      vertex 84.2398 20.8543 -1.15
      vertex 82.5566 24.9181 -1.15
      vertex 82.6586 24.9663 -1.15
    endloop
  endfacet
  facet normal 0 0 -1
    outer loop
      vertex 83.727 20.6708 -1.15
      vertex 82.4503 24.88 -1.15
      vertex 82.5566 24.9181 -1.15
    endloop
  endfacet
  facet normal 0 0 -1
    outer loop
      vertex 83.199 20.5386 -1.15
      vertex 82.3408 24.8526 -1.15
      vertex 82.4503 24.88 -1.15
    endloop
  endfacet
  facet normal 0 0 -1
    outer loop
      vertex 82.6602 20.4587 -1.15
      vertex 82.2292 24.8361 -1.15
      vertex 82.3408 24.8526 -1.15
    endloop
  endfacet
  facet normal 0 0 -1
    outer loop
      vertex 82.1165 20.432 -1.15
      vertex 82.2292 24.8361 -1.15
      vertex 82.6602 20.4587 -1.15
    endloop
  endfacet
  facet normal 0 0 -1
    outer loop
      vertex 82.1165 20.432 -1.15
      vertex 82.1165 24.8305 -1.15
      vertex 82.2292 24.8361 -1.15
    endloop
  endfacet
  facet normal 0 0 -1
    outer loop
      vertex 82.1165 20.432 -1.15
      vertex 82.0038 24.8361 -1.15
      vertex 82.1165 24.8305 -1.15
    endloop
  endfacet
  facet normal 0 0 -1
    outer loop
      vertex 81.5727 20.4587 -1.15
      vertex 82.0038 24.8361 -1.15
      vertex 82.1165 20.432 -1.15
    endloop
  endfacet
  facet normal -0 0 -1
    outer loop
      vertex 82.0038 24.8361 -1.15
      vertex 81.5727 20.4587 -1.15
      vertex 81.8921 24.8526 -1.15
    endloop
  endfacet
  facet normal 0 0 -1
    outer loop
      vertex 81.0339 20.5386 -1.15
      vertex 81.8921 24.8526 -1.15
      vertex 81.5727 20.4587 -1.15
    endloop
  endfacet
  facet normal -0 0 -1
    outer loop
      vertex 81.8921 24.8526 -1.15
      vertex 81.0339 20.5386 -1.15
      vertex 81.7826 24.88 -1.15
    endloop
  endfacet
  facet normal 0 0 -1
    outer loop
      vertex 80.5058 20.6709 -1.15
      vertex 81.7826 24.88 -1.15
      vertex 81.0339 20.5386 -1.15
    endloop
  endfacet
  facet normal -0 0 -1
    outer loop
      vertex 81.7826 24.88 -1.15
      vertex 80.5058 20.6709 -1.15
      vertex 81.6764 24.9181 -1.15
    endloop
  endfacet
  facet normal -0 0 -1
    outer loop
      vertex 81.6764 24.9181 -1.15
      vertex 80.5058 20.6709 -1.15
      vertex 81.5744 24.9663 -1.15
    endloop
  endfacet
  facet normal -0 0 -1
    outer loop
      vertex 81.5744 24.9663 -1.15
      vertex 80.5058 20.6709 -1.15
      vertex 81.4776 25.0243 -1.15
    endloop
  endfacet
  facet normal -0 0 -1
    outer loop
      vertex 81.4776 25.0243 -1.15
      vertex 80.5058 20.6709 -1.15
      vertex 81.3869 25.0916 -1.15
    endloop
  endfacet
  facet normal -0 0 -1
    outer loop
      vertex 81.3869 25.0916 -1.15
      vertex 80.5058 20.6709 -1.15
      vertex 81.3033 25.1674 -1.15
    endloop
  endfacet
  facet normal -0 0 -1
    outer loop
      vertex 81.3033 25.1674 -1.15
      vertex 80.5058 20.6709 -1.15
      vertex 81.2275 25.251 -1.15
    endloop
  endfacet
  facet normal -0 0 -1
    outer loop
      vertex 81.2275 25.251 -1.15
      vertex 80.5058 20.6709 -1.15
      vertex 81.1603 25.3416 -1.15
    endloop
  endfacet
  facet normal -0 0 -1
    outer loop
      vertex 81.1603 25.3416 -1.15
      vertex 80.5058 20.6709 -1.15
      vertex 81.1023 25.4384 -1.15
    endloop
  endfacet
  facet normal -0 0 -1
    outer loop
      vertex 81.1023 25.4384 -1.15
      vertex 80.5058 20.6709 -1.15
      vertex 81.054 25.5404 -1.15
    endloop
  endfacet
  facet normal -0 0 -1
    outer loop
      vertex 81.054 25.5404 -1.15
      vertex 80.5058 20.6709 -1.15
      vertex 81.016 25.6467 -1.15
    endloop
  endfacet
  facet normal -0 0 -1
    outer loop
      vertex 81.016 25.6467 -1.15
      vertex 80.5058 20.6709 -1.15
      vertex 80.9886 25.7562 -1.15
    endloop
  endfacet
  facet normal -0 0 -1
    outer loop
      vertex 80.9886 25.7562 -1.15
      vertex 80.5058 20.6709 -1.15
      vertex 80.972 25.8678 -1.15
    endloop
  endfacet
  facet normal 0 0 -1
    outer loop
      vertex 82.2 32.6058 -1.15
      vertex 80.3 52.79 -1.15
      vertex 82.2 76.3942 -1.15
    endloop
  endfacet
  facet normal -0 0 -1
    outer loop
      vertex 80.972 25.8678 -1.15
      vertex 80.5058 20.6709 -1.15
      vertex 80.9665 25.9805 -1.15
    endloop
  endfacet
  facet normal 0 0 -1
    outer loop
      vertex 83.2665 25.9805 -1.15
      vertex 87.665 25.9805 -1.15
      vertex 87.6383 25.4368 -1.15
    endloop
  endfacet
  facet normal 0 0 -1
    outer loop
      vertex 83.2609 25.8678 -1.15
      vertex 87.6383 25.4368 -1.15
      vertex 87.5584 24.898 -1.15
    endloop
  endfacet
  facet normal 0 0 -1
    outer loop
      vertex 87.665 25.9805 -1.15
      vertex 83.2665 25.9805 -1.15
      vertex 87.6383 26.5243 -1.15
    endloop
  endfacet
  facet normal 0 0 -1
    outer loop
      vertex 83.2609 25.8678 -1.15
      vertex 87.5584 24.898 -1.15
      vertex 87.4261 24.37 -1.15
    endloop
  endfacet
  facet normal 0 0 -1
    outer loop
      vertex 83.2609 26.0932 -1.15
      vertex 87.6383 26.5243 -1.15
      vertex 83.2665 25.9805 -1.15
    endloop
  endfacet
  facet normal -0 0 -1
    outer loop
      vertex 87.6383 26.5243 -1.15
      vertex 83.2609 26.0932 -1.15
      vertex 87.5584 27.0631 -1.15
    endloop
  endfacet
  facet normal 0 0 -1
    outer loop
      vertex 83.2609 25.8678 -1.15
      vertex 87.4261 24.37 -1.15
      vertex 87.2426 23.8572 -1.15
    endloop
  endfacet
  facet normal 0 0 -1
    outer loop
      vertex 83.2444 26.2049 -1.15
      vertex 87.5584 27.0631 -1.15
      vertex 83.2609 26.0932 -1.15
    endloop
  endfacet
  facet normal 0 0 -1
    outer loop
      vertex 83.2609 25.8678 -1.15
      vertex 87.2426 23.8572 -1.15
      vertex 87.0098 23.3649 -1.15
    endloop
  endfacet
  facet normal 0 0 -1
    outer loop
      vertex 83.2609 25.8678 -1.15
      vertex 87.0098 23.3649 -1.15
      vertex 86.7299 22.8979 -1.15
    endloop
  endfacet
  facet normal -0 0 -1
    outer loop
      vertex 87.5584 27.0631 -1.15
      vertex 83.2444 26.2049 -1.15
      vertex 87.4261 27.5911 -1.15
    endloop
  endfacet
  facet normal 0 0 -1
    outer loop
      vertex 83.2609 25.8678 -1.15
      vertex 86.7299 22.8979 -1.15
      vertex 86.4056 22.4606 -1.15
    endloop
  endfacet
  facet normal 0 0 -1
    outer loop
      vertex 83.217 26.3144 -1.15
      vertex 87.4261 27.5911 -1.15
      vertex 83.2444 26.2049 -1.15
    endloop
  endfacet
  facet normal -0 0 -1
    outer loop
      vertex 87.4261 27.5911 -1.15
      vertex 83.217 26.3144 -1.15
      vertex 87.2427 28.1038 -1.15
    endloop
  endfacet
  facet normal 0 0 -1
    outer loop
      vertex 83.2609 25.8678 -1.15
      vertex 86.4056 22.4606 -1.15
      vertex 86.0399 22.0571 -1.15
    endloop
  endfacet
  facet normal 0 0 -1
    outer loop
      vertex 83.2609 25.8678 -1.15
      vertex 86.0399 22.0571 -1.15
      vertex 85.6364 21.6914 -1.15
    endloop
  endfacet
  facet normal 0 0 -1
    outer loop
      vertex 83.1789 26.4206 -1.15
      vertex 87.2427 28.1038 -1.15
      vertex 83.217 26.3144 -1.15
    endloop
  endfacet
  facet normal -0 0 -1
    outer loop
      vertex 87.2427 28.1038 -1.15
      vertex 83.1789 26.4206 -1.15
      vertex 87.0098 28.5961 -1.15
    endloop
  endfacet
  facet normal 0 0 -1
    outer loop
      vertex 83.2609 25.8678 -1.15
      vertex 85.6364 21.6914 -1.15
      vertex 85.1991 21.3671 -1.15
    endloop
  endfacet
  facet normal 0 0 -1
    outer loop
      vertex 83.2609 25.8678 -1.15
      vertex 85.1991 21.3671 -1.15
      vertex 84.7321 21.0872 -1.15
    endloop
  endfacet
  facet normal 0 0 -1
    outer loop
      vertex 83.1307 26.5226 -1.15
      vertex 87.0098 28.5961 -1.15
      vertex 83.1789 26.4206 -1.15
    endloop
  endfacet
  facet normal 0 0 -1
    outer loop
      vertex 83.2609 25.8678 -1.15
      vertex 84.7321 21.0872 -1.15
      vertex 84.2398 20.8543 -1.15
    endloop
  endfacet
  facet normal -0 0 -1
    outer loop
      vertex 87.0098 28.5961 -1.15
      vertex 83.1307 26.5226 -1.15
      vertex 86.7299 29.0632 -1.15
    endloop
  endfacet
  facet normal 0 0 -1
    outer loop
      vertex 83.0727 26.6194 -1.15
      vertex 86.7299 29.0632 -1.15
      vertex 83.1307 26.5226 -1.15
    endloop
  endfacet
  facet normal 0 0 -1
    outer loop
      vertex 82.5566 24.9181 -1.15
      vertex 84.2398 20.8543 -1.15
      vertex 83.727 20.6708 -1.15
    endloop
  endfacet
  facet normal -0 0 -1
    outer loop
      vertex 86.7299 29.0632 -1.15
      vertex 83.0727 26.6194 -1.15
      vertex 86.4056 29.5005 -1.15
    endloop
  endfacet
  facet normal 0 0 -1
    outer loop
      vertex 83.0054 26.7101 -1.15
      vertex 86.4056 29.5005 -1.15
      vertex 83.0727 26.6194 -1.15
    endloop
  endfacet
  facet normal -0 0 -1
    outer loop
      vertex 86.4056 29.5005 -1.15
      vertex 83.0054 26.7101 -1.15
      vertex 86.0399 29.9039 -1.15
    endloop
  endfacet
  facet normal 0 0 -1
    outer loop
      vertex 82.9296 26.7937 -1.15
      vertex 86.0399 29.9039 -1.15
      vertex 83.0054 26.7101 -1.15
    endloop
  endfacet
  facet normal -0 0 -1
    outer loop
      vertex 86.0399 29.9039 -1.15
      vertex 82.9296 26.7937 -1.15
      vertex 85.6364 30.2696 -1.15
    endloop
  endfacet
  facet normal 0 0 -1
    outer loop
      vertex 82.846 26.8695 -1.15
      vertex 85.6364 30.2696 -1.15
      vertex 82.9296 26.7937 -1.15
    endloop
  endfacet
  facet normal -0 0 -1
    outer loop
      vertex 85.6364 30.2696 -1.15
      vertex 82.846 26.8695 -1.15
      vertex 85.1991 30.594 -1.15
    endloop
  endfacet
  facet normal 0 0 -1
    outer loop
      vertex 82.7554 26.9367 -1.15
      vertex 85.1991 30.594 -1.15
      vertex 82.846 26.8695 -1.15
    endloop
  endfacet
  facet normal -0 0 -1
    outer loop
      vertex 85.1991 30.594 -1.15
      vertex 82.7554 26.9367 -1.15
      vertex 84.7321 30.8739 -1.15
    endloop
  endfacet
  facet normal 0 0 -1
    outer loop
      vertex 82.6586 26.9947 -1.15
      vertex 84.7321 30.8739 -1.15
      vertex 82.7554 26.9367 -1.15
    endloop
  endfacet
  facet normal -0 0 -1
    outer loop
      vertex 84.7321 30.8739 -1.15
      vertex 82.6586 26.9947 -1.15
      vertex 84.2398 31.1067 -1.15
    endloop
  endfacet
  facet normal 0 0 -1
    outer loop
      vertex 82.5566 27.043 -1.15
      vertex 84.2398 31.1067 -1.15
      vertex 82.6586 26.9947 -1.15
    endloop
  endfacet
  facet normal -0 0 -1
    outer loop
      vertex 84.2398 31.1067 -1.15
      vertex 82.5566 27.043 -1.15
      vertex 83.7271 31.2902 -1.15
    endloop
  endfacet
  facet normal 0 0 -1
    outer loop
      vertex 82.4503 27.081 -1.15
      vertex 83.7271 31.2902 -1.15
      vertex 82.5566 27.043 -1.15
    endloop
  endfacet
  facet normal -0 0 -1
    outer loop
      vertex 83.7271 31.2902 -1.15
      vertex 82.4503 27.081 -1.15
      vertex 83.1746 31.4286 -1.15
    endloop
  endfacet
  facet normal 0 0 -1
    outer loop
      vertex 82.3408 27.1084 -1.15
      vertex 83.1746 31.4286 -1.15
      vertex 82.4503 27.081 -1.15
    endloop
  endfacet
  facet normal -0 0 -1
    outer loop
      vertex 83.1746 31.4286 -1.15
      vertex 82.3408 27.1084 -1.15
      vertex 83.1084 31.4417 -1.15
    endloop
  endfacet
  facet normal 0 0 -1
    outer loop
      vertex 82.2292 27.125 -1.15
      vertex 83.1084 31.4417 -1.15
      vertex 82.3408 27.1084 -1.15
    endloop
  endfacet
  facet normal -0 0 -1
    outer loop
      vertex 83.1084 31.4417 -1.15
      vertex 82.2292 27.125 -1.15
      vertex 82.9957 31.4759 -1.15
    endloop
  endfacet
  facet normal 0 0 -1
    outer loop
      vertex 82.1165 27.1305 -1.15
      vertex 82.9957 31.4759 -1.15
      vertex 82.2292 27.125 -1.15
    endloop
  endfacet
  facet normal -0 0 -1
    outer loop
      vertex 82.9957 31.4759 -1.15
      vertex 82.1165 27.1305 -1.15
      vertex 82.8869 31.521 -1.15
    endloop
  endfacet
  facet normal 0 0 -1
    outer loop
      vertex 82.0038 27.125 -1.15
      vertex 82.8869 31.521 -1.15
      vertex 82.1165 27.1305 -1.15
    endloop
  endfacet
  facet normal -0 0 -1
    outer loop
      vertex 82.8869 31.521 -1.15
      vertex 82.0038 27.125 -1.15
      vertex 82.7831 31.5765 -1.15
    endloop
  endfacet
  facet normal 0 0 -1
    outer loop
      vertex 81.8921 27.1084 -1.15
      vertex 82.7831 31.5765 -1.15
      vertex 82.0038 27.125 -1.15
    endloop
  endfacet
  facet normal -0 0 -1
    outer loop
      vertex 82.7831 31.5765 -1.15
      vertex 81.8921 27.1084 -1.15
      vertex 82.6851 31.6419 -1.15
    endloop
  endfacet
  facet normal 0 0 -1
    outer loop
      vertex 81.7826 27.081 -1.15
      vertex 82.6851 31.6419 -1.15
      vertex 81.8921 27.1084 -1.15
    endloop
  endfacet
  facet normal -0 0 -1
    outer loop
      vertex 82.6851 31.6419 -1.15
      vertex 81.7826 27.081 -1.15
      vertex 82.5941 31.7166 -1.15
    endloop
  endfacet
  facet normal 0 0 -1
    outer loop
      vertex 81.6764 27.043 -1.15
      vertex 82.5941 31.7166 -1.15
      vertex 81.7826 27.081 -1.15
    endloop
  endfacet
  facet normal -0 0 -1
    outer loop
      vertex 82.5941 31.7166 -1.15
      vertex 81.6764 27.043 -1.15
      vertex 82.5108 31.7999 -1.15
    endloop
  endfacet
  facet normal 0 0 -1
    outer loop
      vertex 81.5744 26.9947 -1.15
      vertex 82.5108 31.7999 -1.15
      vertex 81.6764 27.043 -1.15
    endloop
  endfacet
  facet normal -0 0 -1
    outer loop
      vertex 82.5108 31.7999 -1.15
      vertex 81.5744 26.9947 -1.15
      vertex 82.4361 31.8909 -1.15
    endloop
  endfacet
  facet normal -0 0 -1
    outer loop
      vertex 82.4361 31.8909 -1.15
      vertex 81.4776 26.9367 -1.15
      vertex 82.3707 31.9888 -1.15
    endloop
  endfacet
  facet normal 0 0 -1
    outer loop
      vertex 81.4776 26.9367 -1.15
      vertex 82.4361 31.8909 -1.15
      vertex 81.5744 26.9947 -1.15
    endloop
  endfacet
  facet normal 0 0 -1
    outer loop
      vertex 86.7299 79.9368 -1.15
      vertex 83.0727 82.3806 -1.15
      vertex 83.1307 82.4774 -1.15
    endloop
  endfacet
  facet normal 0 0 -1
    outer loop
      vertex 83.0517 77.5426 -1.15
      vertex 83.1418 77.5632 -1.15
      vertex 83.1418 77.5628 -1.15
    endloop
  endfacet
  facet normal 0 0 -1
    outer loop
      vertex 82.3408 81.8916 -1.15
      vertex 83.1418 77.5632 -1.15
      vertex 83.0517 77.5426 -1.15
    endloop
  endfacet
  facet normal 0 0 -1
    outer loop
      vertex 83.7271 77.7098 -1.15
      vertex 83.0054 82.2899 -1.15
      vertex 83.0727 82.3806 -1.15
    endloop
  endfacet
  facet normal 0 0 -1
    outer loop
      vertex 82.1165 81.8695 -1.15
      vertex 83.0517 77.5426 -1.15
      vertex 82.9408 77.5029 -1.15
    endloop
  endfacet
  facet normal 0 0 -1
    outer loop
      vertex 83.7271 77.7098 -1.15
      vertex 82.9296 82.2063 -1.15
      vertex 83.0054 82.2899 -1.15
    endloop
  endfacet
  facet normal 0 0 -1
    outer loop
      vertex 83.7271 77.7098 -1.15
      vertex 82.846 82.1305 -1.15
      vertex 82.9296 82.2063 -1.15
    endloop
  endfacet
  facet normal 0 0 -1
    outer loop
      vertex 82.0038 81.875 -1.15
      vertex 82.9408 77.5029 -1.15
      vertex 82.8343 77.4525 -1.15
    endloop
  endfacet
  facet normal 0 0 -1
    outer loop
      vertex 83.7271 77.7098 -1.15
      vertex 82.7554 82.0633 -1.15
      vertex 82.846 82.1305 -1.15
    endloop
  endfacet
  facet normal 0 0 -1
    outer loop
      vertex 81.8921 81.8916 -1.15
      vertex 82.8343 77.4525 -1.15
      vertex 82.7333 77.392 -1.15
    endloop
  endfacet
  facet normal 0 0 -1
    outer loop
      vertex 83.7271 77.7098 -1.15
      vertex 82.6586 82.0053 -1.15
      vertex 82.7554 82.0633 -1.15
    endloop
  endfacet
  facet normal 0 0 -1
    outer loop
      vertex 81.7826 81.919 -1.15
      vertex 82.7333 77.392 -1.15
      vertex 82.6387 77.3218 -1.15
    endloop
  endfacet
  facet normal 0 0 -1
    outer loop
      vertex 83.7271 77.7098 -1.15
      vertex 82.5566 81.957 -1.15
      vertex 82.6586 82.0053 -1.15
    endloop
  endfacet
  facet normal 0 0 -1
    outer loop
      vertex 81.6764 81.957 -1.15
      vertex 82.6387 77.3218 -1.15
      vertex 82.5515 77.2428 -1.15
    endloop
  endfacet
  facet normal 0 0 -1
    outer loop
      vertex 81.5744 82.0053 -1.15
      vertex 82.5515 77.2428 -1.15
      vertex 82.4724 77.1555 -1.15
    endloop
  endfacet
  facet normal 0 0 -1
    outer loop
      vertex 83.7271 77.7098 -1.15
      vertex 82.4503 81.919 -1.15
      vertex 82.5566 81.957 -1.15
    endloop
  endfacet
  facet normal 0 0 -1
    outer loop
      vertex 81.4776 82.0633 -1.15
      vertex 82.4724 77.1555 -1.15
      vertex 82.4022 77.0609 -1.15
    endloop
  endfacet
  facet normal 0 0 -1
    outer loop
      vertex 81.3869 82.1305 -1.15
      vertex 82.4022 77.0609 -1.15
      vertex 82.3417 76.9599 -1.15
    endloop
  endfacet
  facet normal 0 0 -1
    outer loop
      vertex 83.7271 77.7098 -1.15
      vertex 82.3408 81.8916 -1.15
      vertex 82.4503 81.919 -1.15
    endloop
  endfacet
  facet normal 0 0 -1
    outer loop
      vertex 81.3033 82.2063 -1.15
      vertex 82.3417 76.9599 -1.15
      vertex 82.2913 76.8534 -1.15
    endloop
  endfacet
  facet normal 0 0 -1
    outer loop
      vertex 81.2275 82.2899 -1.15
      vertex 82.2913 76.8534 -1.15
      vertex 82.2517 76.7426 -1.15
    endloop
  endfacet
  facet normal 0 0 -1
    outer loop
      vertex 83.0517 77.5426 -1.15
      vertex 82.2292 81.875 -1.15
      vertex 82.3408 81.8916 -1.15
    endloop
  endfacet
  facet normal 0 0 -1
    outer loop
      vertex 81.1603 82.3806 -1.15
      vertex 82.2517 76.7426 -1.15
      vertex 82.2231 76.6283 -1.15
    endloop
  endfacet
  facet normal 0 0 -1
    outer loop
      vertex 81.1023 82.4774 -1.15
      vertex 82.2231 76.6283 -1.15
      vertex 82.2058 76.5118 -1.15
    endloop
  endfacet
  facet normal 0 0 -1
    outer loop
      vertex 81.054 82.5794 -1.15
      vertex 82.2058 76.5118 -1.15
      vertex 82.2 76.3942 -1.15
    endloop
  endfacet
  facet normal 0 0 -1
    outer loop
      vertex 83.0517 77.5426 -1.15
      vertex 82.1165 81.8695 -1.15
      vertex 82.2292 81.875 -1.15
    endloop
  endfacet
  facet normal 0 0 -1
    outer loop
      vertex 81.3869 26.8695 -1.15
      vertex 82.3707 31.9888 -1.15
      vertex 81.4776 26.9367 -1.15
    endloop
  endfacet
  facet normal -0 0 -1
    outer loop
      vertex 82.3707 31.9888 -1.15
      vertex 81.3869 26.8695 -1.15
      vertex 82.3152 32.0927 -1.15
    endloop
  endfacet
  facet normal 0 0 -1
    outer loop
      vertex 82.9408 77.5029 -1.15
      vertex 82.0038 81.875 -1.15
      vertex 82.1165 81.8695 -1.15
    endloop
  endfacet
  facet normal 0 0 -1
    outer loop
      vertex 81.3033 26.7937 -1.15
      vertex 82.3152 32.0927 -1.15
      vertex 81.3869 26.8695 -1.15
    endloop
  endfacet
  facet normal 0 0 -1
    outer loop
      vertex 82.8343 77.4525 -1.15
      vertex 81.8921 81.8916 -1.15
      vertex 82.0038 81.875 -1.15
    endloop
  endfacet
  facet normal -0 0 -1
    outer loop
      vertex 82.3152 32.0927 -1.15
      vertex 81.3033 26.7937 -1.15
      vertex 82.2701 32.2015 -1.15
    endloop
  endfacet
  facet normal 0 0 -1
    outer loop
      vertex 82.7333 77.392 -1.15
      vertex 81.7826 81.919 -1.15
      vertex 81.8921 81.8916 -1.15
    endloop
  endfacet
  facet normal 0 0 -1
    outer loop
      vertex 81.2275 26.7101 -1.15
      vertex 82.2701 32.2015 -1.15
      vertex 81.3033 26.7937 -1.15
    endloop
  endfacet
  facet normal 0 0 -1
    outer loop
      vertex 82.6387 77.3218 -1.15
      vertex 81.6764 81.957 -1.15
      vertex 81.7826 81.919 -1.15
    endloop
  endfacet
  facet normal -0 0 -1
    outer loop
      vertex 82.2701 32.2015 -1.15
      vertex 81.2275 26.7101 -1.15
      vertex 82.2359 32.3142 -1.15
    endloop
  endfacet
  facet normal 0 0 -1
    outer loop
      vertex 82.5515 77.2428 -1.15
      vertex 81.5744 82.0053 -1.15
      vertex 81.6764 81.957 -1.15
    endloop
  endfacet
  facet normal 0 0 -1
    outer loop
      vertex 81.1603 26.6194 -1.15
      vertex 82.2359 32.3142 -1.15
      vertex 81.2275 26.7101 -1.15
    endloop
  endfacet
  facet normal 0 0 -1
    outer loop
      vertex 82.4724 77.1555 -1.15
      vertex 81.4776 82.0633 -1.15
      vertex 81.5744 82.0053 -1.15
    endloop
  endfacet
  facet normal -0 0 -1
    outer loop
      vertex 82.2359 32.3142 -1.15
      vertex 81.1603 26.6194 -1.15
      vertex 82.213 32.4297 -1.15
    endloop
  endfacet
  facet normal 0 0 -1
    outer loop
      vertex 82.4022 77.0609 -1.15
      vertex 81.3869 82.1305 -1.15
      vertex 81.4776 82.0633 -1.15
    endloop
  endfacet
  facet normal 0 0 -1
    outer loop
      vertex 81.1023 26.5226 -1.15
      vertex 82.213 32.4297 -1.15
      vertex 81.1603 26.6194 -1.15
    endloop
  endfacet
  facet normal 0 0 -1
    outer loop
      vertex 82.3417 76.9599 -1.15
      vertex 81.3033 82.2063 -1.15
      vertex 81.3869 82.1305 -1.15
    endloop
  endfacet
  facet normal -0 0 -1
    outer loop
      vertex 82.213 32.4297 -1.15
      vertex 81.1023 26.5226 -1.15
      vertex 82.2 32.6058 -1.15
    endloop
  endfacet
  facet normal 0 0 -1
    outer loop
      vertex 82.2913 76.8534 -1.15
      vertex 81.2275 82.2899 -1.15
      vertex 81.3033 82.2063 -1.15
    endloop
  endfacet
  facet normal 0 0 -1
    outer loop
      vertex 81.054 26.4206 -1.15
      vertex 82.2 32.6058 -1.15
      vertex 81.1023 26.5226 -1.15
    endloop
  endfacet
  facet normal 0 0 -1
    outer loop
      vertex 82.2517 76.7426 -1.15
      vertex 81.1603 82.3806 -1.15
      vertex 81.2275 82.2899 -1.15
    endloop
  endfacet
  facet normal 0 0 -1
    outer loop
      vertex 80.3 39.01 -1.15
      vertex 81.054 26.4206 -1.15
      vertex 81.016 26.3144 -1.15
    endloop
  endfacet
  facet normal 0 0 -1
    outer loop
      vertex 82.2231 76.6283 -1.15
      vertex 81.1023 82.4774 -1.15
      vertex 81.1603 82.3806 -1.15
    endloop
  endfacet
  facet normal 0 0 -1
    outer loop
      vertex 80.3 39.01 -1.15
      vertex 81.016 26.3144 -1.15
      vertex 80.9886 26.2049 -1.15
    endloop
  endfacet
  facet normal 0 0 -1
    outer loop
      vertex 82.2058 76.5118 -1.15
      vertex 81.054 82.5794 -1.15
      vertex 81.1023 82.4774 -1.15
    endloop
  endfacet
  facet normal 0 0 -1
    outer loop
      vertex 81.054 26.4206 -1.15
      vertex 80.3 39.01 -1.15
      vertex 82.2 32.6058 -1.15
    endloop
  endfacet
  facet normal 0 0 -1
    outer loop
      vertex 82.2 76.3942 -1.15
      vertex 81.016 82.6856 -1.15
      vertex 81.054 82.5794 -1.15
    endloop
  endfacet
  facet normal 0 0 -1
    outer loop
      vertex 80.3 48.01 -1.15
      vertex 82.2 32.6058 -1.15
      vertex 80.3 39.01 -1.15
    endloop
  endfacet
  facet normal 0 0 -1
    outer loop
      vertex 82.2 76.3942 -1.15
      vertex 80.9886 82.7951 -1.15
      vertex 81.016 82.6856 -1.15
    endloop
  endfacet
  facet normal 0 0 -1
    outer loop
      vertex 80.3 39.01 -1.15
      vertex 80.9886 26.2049 -1.15
      vertex 80.972 26.0932 -1.15
    endloop
  endfacet
  facet normal 0 0 -1
    outer loop
      vertex 80.3 52.79 -1.15
      vertex 82.2 32.6058 -1.15
      vertex 80.3 48.01 -1.15
    endloop
  endfacet
  facet normal 0 0 -1
    outer loop
      vertex 80.5058 20.6709 -1.15
      vertex 80.972 26.0932 -1.15
      vertex 80.9665 25.9805 -1.15
    endloop
  endfacet
  facet normal 0 0 -1
    outer loop
      vertex 80.3 39.01 -1.15
      vertex 80.972 26.0932 -1.15
      vertex 80.5058 20.6709 -1.15
    endloop
  endfacet
  facet normal 0 0 -1
    outer loop
      vertex 83.2665 83.0195 -1.15
      vertex 87.665 83.0195 -1.15
      vertex 87.6383 82.4757 -1.15
    endloop
  endfacet
  facet normal 0 0 -1
    outer loop
      vertex 83.2609 82.9068 -1.15
      vertex 87.6383 82.4757 -1.15
      vertex 87.5584 81.9369 -1.15
    endloop
  endfacet
  facet normal 0 0 -1
    outer loop
      vertex 87.665 83.0195 -1.15
      vertex 83.2665 83.0195 -1.15
      vertex 87.6383 83.5632 -1.15
    endloop
  endfacet
  facet normal 0 0 -1
    outer loop
      vertex 83.2609 83.1322 -1.15
      vertex 87.6383 83.5632 -1.15
      vertex 83.2665 83.0195 -1.15
    endloop
  endfacet
  facet normal 0 0 -1
    outer loop
      vertex 83.2444 82.7951 -1.15
      vertex 87.5584 81.9369 -1.15
      vertex 87.4261 81.4088 -1.15
    endloop
  endfacet
  facet normal 0 0 -1
    outer loop
      vertex 83.217 82.6856 -1.15
      vertex 87.4261 81.4088 -1.15
      vertex 87.2427 80.8962 -1.15
    endloop
  endfacet
  facet normal -0 0 -1
    outer loop
      vertex 87.6383 83.5632 -1.15
      vertex 83.2609 83.1322 -1.15
      vertex 87.5584 84.102 -1.15
    endloop
  endfacet
  facet normal 0 0 -1
    outer loop
      vertex 83.1789 82.5794 -1.15
      vertex 87.2427 80.8962 -1.15
      vertex 87.0098 80.4039 -1.15
    endloop
  endfacet
  facet normal 0 0 -1
    outer loop
      vertex 83.2444 83.2438 -1.15
      vertex 87.5584 84.102 -1.15
      vertex 83.2609 83.1322 -1.15
    endloop
  endfacet
  facet normal -0 0 -1
    outer loop
      vertex 87.5584 84.102 -1.15
      vertex 83.2444 83.2438 -1.15
      vertex 87.4261 84.63 -1.15
    endloop
  endfacet
  facet normal 0 0 -1
    outer loop
      vertex 83.1307 82.4774 -1.15
      vertex 87.0098 80.4039 -1.15
      vertex 86.7299 79.9368 -1.15
    endloop
  endfacet
  facet normal 0 0 -1
    outer loop
      vertex 83.0727 82.3806 -1.15
      vertex 86.7299 79.9368 -1.15
      vertex 86.4056 79.4995 -1.15
    endloop
  endfacet
  facet normal 0 0 -1
    outer loop
      vertex 83.217 83.3533 -1.15
      vertex 87.4261 84.63 -1.15
      vertex 83.2444 83.2438 -1.15
    endloop
  endfacet
  facet normal 0 0 -1
    outer loop
      vertex 83.0727 82.3806 -1.15
      vertex 86.4056 79.4995 -1.15
      vertex 86.0399 79.0961 -1.15
    endloop
  endfacet
  facet normal -0 0 -1
    outer loop
      vertex 87.4261 84.63 -1.15
      vertex 83.217 83.3533 -1.15
      vertex 87.2426 85.1428 -1.15
    endloop
  endfacet
  facet normal 0 0 -1
    outer loop
      vertex 83.1789 83.4596 -1.15
      vertex 87.2426 85.1428 -1.15
      vertex 83.217 83.3533 -1.15
    endloop
  endfacet
  facet normal 0 0 -1
    outer loop
      vertex 83.0727 82.3806 -1.15
      vertex 86.0399 79.0961 -1.15
      vertex 85.6364 78.7303 -1.15
    endloop
  endfacet
  facet normal 0 0 -1
    outer loop
      vertex 83.0727 82.3806 -1.15
      vertex 85.6364 78.7303 -1.15
      vertex 85.1991 78.406 -1.15
    endloop
  endfacet
  facet normal -0 0 -1
    outer loop
      vertex 87.2426 85.1428 -1.15
      vertex 83.1789 83.4596 -1.15
      vertex 87.0098 85.6351 -1.15
    endloop
  endfacet
  facet normal 0 0 -1
    outer loop
      vertex 83.0727 82.3806 -1.15
      vertex 85.1991 78.406 -1.15
      vertex 84.7321 78.1261 -1.15
    endloop
  endfacet
  facet normal 0 0 -1
    outer loop
      vertex 83.1307 83.5616 -1.15
      vertex 87.0098 85.6351 -1.15
      vertex 83.1789 83.4596 -1.15
    endloop
  endfacet
  facet normal -0 0 -1
    outer loop
      vertex 87.0098 85.6351 -1.15
      vertex 83.1307 83.5616 -1.15
      vertex 86.7299 86.1021 -1.15
    endloop
  endfacet
  facet normal 0 0 -1
    outer loop
      vertex 83.0727 82.3806 -1.15
      vertex 84.7321 78.1261 -1.15
      vertex 84.2398 77.8933 -1.15
    endloop
  endfacet
  facet normal 0 0 -1
    outer loop
      vertex 83.0727 82.3806 -1.15
      vertex 84.2398 77.8933 -1.15
      vertex 83.7271 77.7098 -1.15
    endloop
  endfacet
  facet normal 0 0 -1
    outer loop
      vertex 83.0727 83.6584 -1.15
      vertex 86.7299 86.1021 -1.15
      vertex 83.1307 83.5616 -1.15
    endloop
  endfacet
  facet normal -0 0 -1
    outer loop
      vertex 86.7299 86.1021 -1.15
      vertex 83.0727 83.6584 -1.15
      vertex 86.4056 86.5394 -1.15
    endloop
  endfacet
  facet normal 0 0 -1
    outer loop
      vertex 87.6383 82.4757 -1.15
      vertex 83.2609 82.9068 -1.15
      vertex 83.2665 83.0195 -1.15
    endloop
  endfacet
  facet normal 0 0 -1
    outer loop
      vertex 87.5584 81.9369 -1.15
      vertex 83.2444 82.7951 -1.15
      vertex 83.2609 82.9068 -1.15
    endloop
  endfacet
  facet normal 0 0 -1
    outer loop
      vertex 87.4261 81.4088 -1.15
      vertex 83.217 82.6856 -1.15
      vertex 83.2444 82.7951 -1.15
    endloop
  endfacet
  facet normal 0 0 -1
    outer loop
      vertex 87.2427 80.8962 -1.15
      vertex 83.1789 82.5794 -1.15
      vertex 83.217 82.6856 -1.15
    endloop
  endfacet
  facet normal 0 0 -1
    outer loop
      vertex 82.3408 81.8916 -1.15
      vertex 83.7271 77.7098 -1.15
      vertex 83.1418 77.5632 -1.15
    endloop
  endfacet
  facet normal 0 0 -1
    outer loop
      vertex 87.0098 80.4039 -1.15
      vertex 83.1307 82.4774 -1.15
      vertex 83.1789 82.5794 -1.15
    endloop
  endfacet
  facet normal 0 0 -1
    outer loop
      vertex 83.0054 83.749 -1.15
      vertex 86.4056 86.5394 -1.15
      vertex 83.0727 83.6584 -1.15
    endloop
  endfacet
  facet normal -0 0 -1
    outer loop
      vertex 86.4056 86.5394 -1.15
      vertex 83.0054 83.749 -1.15
      vertex 86.0399 86.9429 -1.15
    endloop
  endfacet
  facet normal 0 0 -1
    outer loop
      vertex 82.9296 83.8326 -1.15
      vertex 86.0399 86.9429 -1.15
      vertex 83.0054 83.749 -1.15
    endloop
  endfacet
  facet normal -0 0 -1
    outer loop
      vertex 86.0399 86.9429 -1.15
      vertex 82.9296 83.8326 -1.15
      vertex 85.6364 87.3086 -1.15
    endloop
  endfacet
  facet normal 0 0 -1
    outer loop
      vertex 82.846 83.9084 -1.15
      vertex 85.6364 87.3086 -1.15
      vertex 82.9296 83.8326 -1.15
    endloop
  endfacet
  facet normal -0 0 -1
    outer loop
      vertex 85.6364 87.3086 -1.15
      vertex 82.846 83.9084 -1.15
      vertex 85.1991 87.6329 -1.15
    endloop
  endfacet
  facet normal 0 0 -1
    outer loop
      vertex 82.7554 83.9757 -1.15
      vertex 85.1991 87.6329 -1.15
      vertex 82.846 83.9084 -1.15
    endloop
  endfacet
  facet normal -0 0 -1
    outer loop
      vertex 85.1991 87.6329 -1.15
      vertex 82.7554 83.9757 -1.15
      vertex 84.7321 87.9128 -1.15
    endloop
  endfacet
  facet normal 0 0 -1
    outer loop
      vertex 82.6586 84.0337 -1.15
      vertex 84.7321 87.9128 -1.15
      vertex 82.7554 83.9757 -1.15
    endloop
  endfacet
  facet normal -0 0 -1
    outer loop
      vertex 84.7321 87.9128 -1.15
      vertex 82.6586 84.0337 -1.15
      vertex 84.2398 88.1456 -1.15
    endloop
  endfacet
  facet normal 0 0 -1
    outer loop
      vertex 82.5566 84.0819 -1.15
      vertex 84.2398 88.1456 -1.15
      vertex 82.6586 84.0337 -1.15
    endloop
  endfacet
  facet normal -0 0 -1
    outer loop
      vertex 84.2398 88.1456 -1.15
      vertex 82.5566 84.0819 -1.15
      vertex 83.727 88.3291 -1.15
    endloop
  endfacet
  facet normal 0 0 -1
    outer loop
      vertex 82.4503 84.12 -1.15
      vertex 83.727 88.3291 -1.15
      vertex 82.5566 84.0819 -1.15
    endloop
  endfacet
  facet normal -0 0 -1
    outer loop
      vertex 83.727 88.3291 -1.15
      vertex 82.4503 84.12 -1.15
      vertex 83.199 88.4614 -1.15
    endloop
  endfacet
  facet normal 0 0 -1
    outer loop
      vertex 82.3408 84.1474 -1.15
      vertex 83.199 88.4614 -1.15
      vertex 82.4503 84.12 -1.15
    endloop
  endfacet
  facet normal -0 0 -1
    outer loop
      vertex 83.199 88.4614 -1.15
      vertex 82.3408 84.1474 -1.15
      vertex 82.6602 88.5413 -1.15
    endloop
  endfacet
  facet normal 0 0 -1
    outer loop
      vertex 82.2292 84.1639 -1.15
      vertex 82.6602 88.5413 -1.15
      vertex 82.3408 84.1474 -1.15
    endloop
  endfacet
  facet normal 0 0 -1
    outer loop
      vertex 82.1165 84.1695 -1.15
      vertex 82.6602 88.5413 -1.15
      vertex 82.2292 84.1639 -1.15
    endloop
  endfacet
  facet normal 0 0 -1
    outer loop
      vertex 82.1165 84.1695 -1.15
      vertex 82.1165 88.568 -1.15
      vertex 82.6602 88.5413 -1.15
    endloop
  endfacet
  facet normal 0 0 -1
    outer loop
      vertex 82.0038 84.1639 -1.15
      vertex 82.1165 88.568 -1.15
      vertex 82.1165 84.1695 -1.15
    endloop
  endfacet
  facet normal 0 0 -1
    outer loop
      vertex 81.5727 88.5413 -1.15
      vertex 82.0038 84.1639 -1.15
      vertex 81.8921 84.1474 -1.15
    endloop
  endfacet
  facet normal 0 0 -1
    outer loop
      vertex 81.0339 88.4614 -1.15
      vertex 81.8921 84.1474 -1.15
      vertex 81.7826 84.12 -1.15
    endloop
  endfacet
  facet normal 0 0 -1
    outer loop
      vertex 80.5058 88.3291 -1.15
      vertex 81.7826 84.12 -1.15
      vertex 81.6764 84.0819 -1.15
    endloop
  endfacet
  facet normal 0 0 -1
    outer loop
      vertex 79.9932 88.1457 -1.15
      vertex 81.6764 84.0819 -1.15
      vertex 81.5744 84.0337 -1.15
    endloop
  endfacet
  facet normal 0 0 -1
    outer loop
      vertex 82.0038 84.1639 -1.15
      vertex 81.5727 88.5413 -1.15
      vertex 82.1165 88.568 -1.15
    endloop
  endfacet
  facet normal 0 0 -1
    outer loop
      vertex 79.5009 87.9128 -1.15
      vertex 81.5744 84.0337 -1.15
      vertex 81.4776 83.9757 -1.15
    endloop
  endfacet
  facet normal 0 0 -1
    outer loop
      vertex 79.0338 87.6329 -1.15
      vertex 81.4776 83.9757 -1.15
      vertex 81.3869 83.9084 -1.15
    endloop
  endfacet
  facet normal 0 0 -1
    outer loop
      vertex 78.5965 87.3086 -1.15
      vertex 81.3869 83.9084 -1.15
      vertex 81.3033 83.8326 -1.15
    endloop
  endfacet
  facet normal 0 0 -1
    outer loop
      vertex 78.1931 86.9429 -1.15
      vertex 81.3033 83.8326 -1.15
      vertex 81.2275 83.749 -1.15
    endloop
  endfacet
  facet normal 0 0 -1
    outer loop
      vertex 77.8273 86.5394 -1.15
      vertex 81.2275 83.749 -1.15
      vertex 81.1603 83.6584 -1.15
    endloop
  endfacet
  facet normal 0 0 -1
    outer loop
      vertex 77.503 86.1021 -1.15
      vertex 81.1603 83.6584 -1.15
      vertex 81.1023 83.5616 -1.15
    endloop
  endfacet
  facet normal 0 0 -1
    outer loop
      vertex 77.2231 85.6351 -1.15
      vertex 81.1023 83.5616 -1.15
      vertex 81.054 83.4596 -1.15
    endloop
  endfacet
  facet normal 0 0 -1
    outer loop
      vertex 81.8921 84.1474 -1.15
      vertex 81.0339 88.4614 -1.15
      vertex 81.5727 88.5413 -1.15
    endloop
  endfacet
  facet normal 0 0 -1
    outer loop
      vertex 76.9903 85.1428 -1.15
      vertex 81.054 83.4596 -1.15
      vertex 81.016 83.3533 -1.15
    endloop
  endfacet
  facet normal 0 0 -1
    outer loop
      vertex 76.8068 84.6301 -1.15
      vertex 81.016 83.3533 -1.15
      vertex 80.9886 83.2438 -1.15
    endloop
  endfacet
  facet normal 0 0 -1
    outer loop
      vertex 76.6553 84.0114 -1.15
      vertex 80.9886 83.2438 -1.15
      vertex 80.972 83.1322 -1.15
    endloop
  endfacet
  facet normal 0 0 -1
    outer loop
      vertex 76.6211 83.8987 -1.15
      vertex 80.972 83.1322 -1.15
      vertex 80.9665 83.0195 -1.15
    endloop
  endfacet
  facet normal 0 0 -1
    outer loop
      vertex 81.7826 84.12 -1.15
      vertex 80.5058 88.3291 -1.15
      vertex 81.0339 88.4614 -1.15
    endloop
  endfacet
  facet normal 0 0 -1
    outer loop
      vertex 80.3 69.79 -1.15
      vertex 82.2 76.3942 -1.15
      vertex 80.3 52.79 -1.15
    endloop
  endfacet
  facet normal 0 0 -1
    outer loop
      vertex 80.2659 70.0488 -1.15
      vertex 82.2 76.3942 -1.15
      vertex 80.3 69.79 -1.15
    endloop
  endfacet
  facet normal 0 0 -1
    outer loop
      vertex 80.5058 20.6709 -1.15
      vertex 80.2659 38.7512 -1.15
      vertex 80.3 39.01 -1.15
    endloop
  endfacet
  facet normal 0 0 -1
    outer loop
      vertex 80.5058 20.6709 -1.15
      vertex 80.166 38.51 -1.15
      vertex 80.2659 38.7512 -1.15
    endloop
  endfacet
  facet normal 0 0 -1
    outer loop
      vertex 80.5058 20.6709 -1.15
      vertex 80.0071 38.3029 -1.15
      vertex 80.166 38.51 -1.15
    endloop
  endfacet
  facet normal 0 0 -1
    outer loop
      vertex 76.6602 24.9552 -1.15
      vertex 80.5058 20.6709 -1.15
      vertex 79.9932 20.8543 -1.15
    endloop
  endfacet
  facet normal 0 0 -1
    outer loop
      vertex 80.5058 20.6709 -1.15
      vertex 79.8 38.144 -1.15
      vertex 80.0071 38.3029 -1.15
    endloop
  endfacet
  facet normal 0 0 -1
    outer loop
      vertex 80.5058 20.6709 -1.15
      vertex 76.5999 25.1562 -1.15
      vertex 79.8 38.144 -1.15
    endloop
  endfacet
  facet normal 0 0 -1
    outer loop
      vertex 76.6602 24.9552 -1.15
      vertex 79.9932 20.8543 -1.15
      vertex 79.5009 21.0872 -1.15
    endloop
  endfacet
  facet normal 0 0 -1
    outer loop
      vertex 76.5495 25.2627 -1.15
      vertex 79.8 38.144 -1.15
      vertex 76.5999 25.1562 -1.15
    endloop
  endfacet
  facet normal 0 0 -1
    outer loop
      vertex 76.6602 24.9552 -1.15
      vertex 79.5009 21.0872 -1.15
      vertex 79.0338 21.3671 -1.15
    endloop
  endfacet
  facet normal 0 0 -1
    outer loop
      vertex 76.6602 24.9552 -1.15
      vertex 79.0338 21.3671 -1.15
      vertex 78.5965 21.6914 -1.15
    endloop
  endfacet
  facet normal 0 0 -1
    outer loop
      vertex 76.6602 24.9552 -1.15
      vertex 78.5965 21.6914 -1.15
      vertex 78.1931 22.0571 -1.15
    endloop
  endfacet
  facet normal 0 0 -1
    outer loop
      vertex 76.6602 24.9552 -1.15
      vertex 78.1931 22.0571 -1.15
      vertex 77.8273 22.4606 -1.15
    endloop
  endfacet
  facet normal 0 0 -1
    outer loop
      vertex 76.6602 24.9552 -1.15
      vertex 77.8273 22.4606 -1.15
      vertex 77.503 22.8979 -1.15
    endloop
  endfacet
  facet normal 0 0 -1
    outer loop
      vertex 76.6602 24.9552 -1.15
      vertex 77.503 22.8979 -1.15
      vertex 77.2231 23.3649 -1.15
    endloop
  endfacet
  facet normal 0 0 -1
    outer loop
      vertex 76.6602 24.9552 -1.15
      vertex 77.2231 23.3649 -1.15
      vertex 76.9903 23.8572 -1.15
    endloop
  endfacet
  facet normal 0 0 -1
    outer loop
      vertex 76.6602 24.9552 -1.15
      vertex 76.9903 23.8572 -1.15
      vertex 76.8068 24.3699 -1.15
    endloop
  endfacet
  facet normal 0 0 -1
    outer loop
      vertex 80.5058 20.6709 -1.15
      vertex 76.6602 24.9552 -1.15
      vertex 76.6396 25.0453 -1.15
    endloop
  endfacet
  facet normal 0 0 -1
    outer loop
      vertex 76.6396 25.0453 -1.15
      vertex 76.6602 24.9552 -1.15
      vertex 76.6598 24.9551 -1.15
    endloop
  endfacet
  facet normal 0 0 -1
    outer loop
      vertex 80.5058 20.6709 -1.15
      vertex 76.6396 25.0453 -1.15
      vertex 76.5999 25.1562 -1.15
    endloop
  endfacet
  facet normal 0 0 -1
    outer loop
      vertex 76.489 25.3637 -1.15
      vertex 79.8 38.144 -1.15
      vertex 76.5495 25.2627 -1.15
    endloop
  endfacet
  facet normal 0 0 -1
    outer loop
      vertex 76.4188 25.4583 -1.15
      vertex 79.8 38.144 -1.15
      vertex 76.489 25.3637 -1.15
    endloop
  endfacet
  facet normal 0 0 -1
    outer loop
      vertex 79.8 38.144 -1.15
      vertex 76.4188 25.4583 -1.15
      vertex 79.5588 38.0441 -1.15
    endloop
  endfacet
  facet normal 0 0 -1
    outer loop
      vertex 76.3398 25.5455 -1.15
      vertex 79.5588 38.0441 -1.15
      vertex 76.4188 25.4583 -1.15
    endloop
  endfacet
  facet normal 0 0 -1
    outer loop
      vertex 76.2525 25.6246 -1.15
      vertex 79.5588 38.0441 -1.15
      vertex 76.3398 25.5455 -1.15
    endloop
  endfacet
  facet normal 0 0 -1
    outer loop
      vertex 79.5588 38.0441 -1.15
      vertex 76.2525 25.6246 -1.15
      vertex 79.3 38.01 -1.15
    endloop
  endfacet
  facet normal 0 0 -1
    outer loop
      vertex 76.1579 25.6947 -1.15
      vertex 79.3 38.01 -1.15
      vertex 76.2525 25.6246 -1.15
    endloop
  endfacet
  facet normal 0 0 -1
    outer loop
      vertex 76.0569 25.7553 -1.15
      vertex 79.3 38.01 -1.15
      vertex 76.1579 25.6947 -1.15
    endloop
  endfacet
  facet normal 0 0 -1
    outer loop
      vertex 75.9504 25.8056 -1.15
      vertex 79.3 38.01 -1.15
      vertex 76.0569 25.7553 -1.15
    endloop
  endfacet
  facet normal 0 0 -1
    outer loop
      vertex 75.8396 25.8453 -1.15
      vertex 79.3 38.01 -1.15
      vertex 75.9504 25.8056 -1.15
    endloop
  endfacet
  facet normal 0 0 -1
    outer loop
      vertex 75.7253 25.8739 -1.15
      vertex 79.3 38.01 -1.15
      vertex 75.8396 25.8453 -1.15
    endloop
  endfacet
  facet normal 0 0 -1
    outer loop
      vertex 74.3 38.01 -1.15
      vertex 75.7253 25.8739 -1.15
      vertex 75.6088 25.8912 -1.15
    endloop
  endfacet
  facet normal 0 0 -1
    outer loop
      vertex 74.3 38.01 -1.15
      vertex 75.6088 25.8912 -1.15
      vertex 75.4912 25.897 -1.15
    endloop
  endfacet
  facet normal 0 0 -1
    outer loop
      vertex 75.7253 25.8739 -1.15
      vertex 74.3 38.01 -1.15
      vertex 79.3 38.01 -1.15
    endloop
  endfacet
  facet normal 0 0 -1
    outer loop
      vertex 75.4912 25.897 -1.15
      vertex 74.0412 38.0441 -1.15
      vertex 74.3 38.01 -1.15
    endloop
  endfacet
  facet normal 0 0 -1
    outer loop
      vertex 75.4912 25.897 -1.15
      vertex 73.8 38.144 -1.15
      vertex 74.0412 38.0441 -1.15
    endloop
  endfacet
  facet normal 0 0 -1
    outer loop
      vertex 75.4912 25.897 -1.15
      vertex 73.5929 38.3029 -1.15
      vertex 73.8 38.144 -1.15
    endloop
  endfacet
  facet normal 0 0 -1
    outer loop
      vertex 53.62 28.31 -1.15
      vertex 73.5929 38.3029 -1.15
      vertex 75.4912 25.897 -1.15
    endloop
  endfacet
  facet normal 0 0 -1
    outer loop
      vertex 53.62 33.31 -1.15
      vertex 73.5929 38.3029 -1.15
      vertex 53.62 28.31 -1.15
    endloop
  endfacet
  facet normal 0 0 -1
    outer loop
      vertex 53.3271 34.0171 -1.15
      vertex 73.3 48.01 -1.15
      vertex 73.3 39.01 -1.15
    endloop
  endfacet
  facet normal 0 0 -1
    outer loop
      vertex 52.8788 34.2759 -1.15
      vertex 73.3 48.01 -1.15
      vertex 53.12 34.176 -1.15
    endloop
  endfacet
  facet normal 0 0 -1
    outer loop
      vertex 53.5859 33.5688 -1.15
      vertex 73.3341 38.7512 -1.15
      vertex 53.62 33.31 -1.15
    endloop
  endfacet
  facet normal -0 0 -1
    outer loop
      vertex 73.434 38.51 -1.15
      vertex 53.62 33.31 -1.15
      vertex 73.3341 38.7512 -1.15
    endloop
  endfacet
  facet normal -0 0 -1
    outer loop
      vertex 73.5929 38.3029 -1.15
      vertex 53.62 33.31 -1.15
      vertex 73.434 38.51 -1.15
    endloop
  endfacet
  facet normal 0 0 -1
    outer loop
      vertex 75.4912 25.897 -1.15
      vertex 53.5859 28.0512 -1.15
      vertex 53.62 28.31 -1.15
    endloop
  endfacet
  facet normal 0 0 -1
    outer loop
      vertex 75.4912 25.897 -1.15
      vertex 53.486 27.81 -1.15
      vertex 53.5859 28.0512 -1.15
    endloop
  endfacet
  facet normal 0 0 -1
    outer loop
      vertex 75.4912 25.897 -1.15
      vertex 53.3271 27.6029 -1.15
      vertex 53.486 27.81 -1.15
    endloop
  endfacet
  facet normal 0 0 -1
    outer loop
      vertex 75.4912 25.897 -1.15
      vertex 53.12 27.444 -1.15
      vertex 53.3271 27.6029 -1.15
    endloop
  endfacet
  facet normal 0 0 -1
    outer loop
      vertex 75.4912 25.897 -1.15
      vertex 52.8788 27.3441 -1.15
      vertex 53.12 27.444 -1.15
    endloop
  endfacet
  facet normal 0 0 -1
    outer loop
      vertex 75.4912 25.897 -1.15
      vertex 52.62 27.31 -1.15
      vertex 52.8788 27.3441 -1.15
    endloop
  endfacet
  facet normal 0 0 -1
    outer loop
      vertex 31.6058 25.897 -1.15
      vertex 52.62 27.31 -1.15
      vertex 75.4912 25.897 -1.15
    endloop
  endfacet
  facet normal -0 0 -1
    outer loop
      vertex 36.62 28.31 -1.15
      vertex 31.6058 25.897 -1.15
      vertex 36.62 33.31 -1.15
    endloop
  endfacet
  facet normal -0 0 -1
    outer loop
      vertex 36.6541 28.0512 -1.15
      vertex 31.6058 25.897 -1.15
      vertex 36.62 28.31 -1.15
    endloop
  endfacet
  facet normal -0 0 -1
    outer loop
      vertex 36.754 27.81 -1.15
      vertex 31.6058 25.897 -1.15
      vertex 36.6541 28.0512 -1.15
    endloop
  endfacet
  facet normal -0 0 -1
    outer loop
      vertex 36.9129 27.6029 -1.15
      vertex 31.6058 25.897 -1.15
      vertex 36.754 27.81 -1.15
    endloop
  endfacet
  facet normal -0 0 -1
    outer loop
      vertex 37.12 27.444 -1.15
      vertex 31.6058 25.897 -1.15
      vertex 36.9129 27.6029 -1.15
    endloop
  endfacet
  facet normal -0 0 -1
    outer loop
      vertex 37.3612 27.3441 -1.15
      vertex 31.6058 25.897 -1.15
      vertex 37.12 27.444 -1.15
    endloop
  endfacet
  facet normal -0 0 -1
    outer loop
      vertex 37.62 27.31 -1.15
      vertex 31.6058 25.897 -1.15
      vertex 37.3612 27.3441 -1.15
    endloop
  endfacet
  facet normal -0 0 -1
    outer loop
      vertex 52.62 27.31 -1.15
      vertex 31.6058 25.897 -1.15
      vertex 37.62 27.31 -1.15
    endloop
  endfacet
  facet normal 0 0 -1
    outer loop
      vertex 20.0872 28.5961 -1.15
      vertex 23.9663 26.5226 -1.15
      vertex 23.9181 26.4206 -1.15
    endloop
  endfacet
  facet normal 0 0 -1
    outer loop
      vertex 19.8543 28.1038 -1.15
      vertex 23.9181 26.4206 -1.15
      vertex 23.88 26.3144 -1.15
    endloop
  endfacet
  facet normal 0 0 -1
    outer loop
      vertex 19.6709 27.5911 -1.15
      vertex 23.88 26.3144 -1.15
      vertex 23.8526 26.2049 -1.15
    endloop
  endfacet
  facet normal 0 0 -1
    outer loop
      vertex 19.5386 27.0631 -1.15
      vertex 23.8526 26.2049 -1.15
      vertex 23.8361 26.0932 -1.15
    endloop
  endfacet
  facet normal 0 0 -1
    outer loop
      vertex 19.4587 26.5243 -1.15
      vertex 23.8361 26.0932 -1.15
      vertex 23.8305 25.9805 -1.15
    endloop
  endfacet
  facet normal 0 0 -1
    outer loop
      vertex 20.3671 22.8979 -1.15
      vertex 24.0243 25.3416 -1.15
      vertex 20.6914 22.4606 -1.15
    endloop
  endfacet
  facet normal 0 0 -1
    outer loop
      vertex 23.9663 26.5226 -1.15
      vertex 23.3699 31.2902 -1.15
      vertex 23.9552 31.4368 -1.15
    endloop
  endfacet
  facet normal 0 0 -1
    outer loop
      vertex 23.9663 26.5226 -1.15
      vertex 22.8572 31.1067 -1.15
      vertex 23.3699 31.2902 -1.15
    endloop
  endfacet
  facet normal -0 0 -1
    outer loop
      vertex 24.0243 25.3416 -1.15
      vertex 20.3671 22.8979 -1.15
      vertex 23.9663 25.4384 -1.15
    endloop
  endfacet
  facet normal 0 0 -1
    outer loop
      vertex 20.0872 23.3649 -1.15
      vertex 23.9663 25.4384 -1.15
      vertex 20.3671 22.8979 -1.15
    endloop
  endfacet
  facet normal 0 0 -1
    outer loop
      vertex 23.9663 26.5226 -1.15
      vertex 22.3649 30.8739 -1.15
      vertex 22.8572 31.1067 -1.15
    endloop
  endfacet
  facet normal -0 0 -1
    outer loop
      vertex 23.9663 25.4384 -1.15
      vertex 20.0872 23.3649 -1.15
      vertex 23.9181 25.5404 -1.15
    endloop
  endfacet
  facet normal 0 0 -1
    outer loop
      vertex 23.9663 26.5226 -1.15
      vertex 21.8979 30.594 -1.15
      vertex 22.3649 30.8739 -1.15
    endloop
  endfacet
  facet normal 0 0 -1
    outer loop
      vertex 23.9663 26.5226 -1.15
      vertex 21.4606 30.2696 -1.15
      vertex 21.8979 30.594 -1.15
    endloop
  endfacet
  facet normal 0 0 -1
    outer loop
      vertex 19.8543 23.8572 -1.15
      vertex 23.9181 25.5404 -1.15
      vertex 20.0872 23.3649 -1.15
    endloop
  endfacet
  facet normal -0 0 -1
    outer loop
      vertex 23.9181 25.5404 -1.15
      vertex 19.8543 23.8572 -1.15
      vertex 23.88 25.6467 -1.15
    endloop
  endfacet
  facet normal 0 0 -1
    outer loop
      vertex 23.9663 26.5226 -1.15
      vertex 21.0571 29.9039 -1.15
      vertex 21.4606 30.2696 -1.15
    endloop
  endfacet
  facet normal 0 0 -1
    outer loop
      vertex 19.6708 24.37 -1.15
      vertex 23.88 25.6467 -1.15
      vertex 19.8543 23.8572 -1.15
    endloop
  endfacet
  facet normal 0 0 -1
    outer loop
      vertex 23.9663 26.5226 -1.15
      vertex 20.6914 29.5005 -1.15
      vertex 21.0571 29.9039 -1.15
    endloop
  endfacet
  facet normal 0 0 -1
    outer loop
      vertex 23.9663 26.5226 -1.15
      vertex 20.3671 29.0632 -1.15
      vertex 20.6914 29.5005 -1.15
    endloop
  endfacet
  facet normal -0 0 -1
    outer loop
      vertex 23.88 25.6467 -1.15
      vertex 19.6708 24.37 -1.15
      vertex 23.8526 25.7562 -1.15
    endloop
  endfacet
  facet normal 0 0 -1
    outer loop
      vertex 19.5386 24.898 -1.15
      vertex 23.8526 25.7562 -1.15
      vertex 19.6708 24.37 -1.15
    endloop
  endfacet
  facet normal 0 0 -1
    outer loop
      vertex 23.9663 26.5226 -1.15
      vertex 20.0872 28.5961 -1.15
      vertex 20.3671 29.0632 -1.15
    endloop
  endfacet
  facet normal -0 0 -1
    outer loop
      vertex 23.8526 25.7562 -1.15
      vertex 19.5386 24.898 -1.15
      vertex 23.8361 25.8678 -1.15
    endloop
  endfacet
  facet normal 0 0 -1
    outer loop
      vertex 23.9181 26.4206 -1.15
      vertex 19.8543 28.1038 -1.15
      vertex 20.0872 28.5961 -1.15
    endloop
  endfacet
  facet normal 0 0 -1
    outer loop
      vertex 23.88 26.3144 -1.15
      vertex 19.6709 27.5911 -1.15
      vertex 19.8543 28.1038 -1.15
    endloop
  endfacet
  facet normal 0 0 -1
    outer loop
      vertex 19.4587 25.4368 -1.15
      vertex 23.8361 25.8678 -1.15
      vertex 19.5386 24.898 -1.15
    endloop
  endfacet
  facet normal -0 0 -1
    outer loop
      vertex 23.8361 25.8678 -1.15
      vertex 19.4587 25.4368 -1.15
      vertex 23.8305 25.9805 -1.15
    endloop
  endfacet
  facet normal 0 0 -1
    outer loop
      vertex 23.8526 26.2049 -1.15
      vertex 19.5386 27.0631 -1.15
      vertex 19.6709 27.5911 -1.15
    endloop
  endfacet
  facet normal 0 0 -1
    outer loop
      vertex 19.432 25.9805 -1.15
      vertex 23.8305 25.9805 -1.15
      vertex 19.4587 25.4368 -1.15
    endloop
  endfacet
  facet normal 0 0 -1
    outer loop
      vertex 23.8361 26.0932 -1.15
      vertex 19.4587 26.5243 -1.15
      vertex 19.5386 27.0631 -1.15
    endloop
  endfacet
  facet normal 0 0 -1
    outer loop
      vertex 23.8305 25.9805 -1.15
      vertex 19.432 25.9805 -1.15
      vertex 19.4587 26.5243 -1.15
    endloop
  endfacet
  facet normal -0 0 -1
    outer loop
      vertex 38.0048 46.502 -1.15
      vertex 24.897 32.6058 -1.15
      vertex 38 46.6 -1.15
    endloop
  endfacet
  facet normal 0 0 -1
    outer loop
      vertex 38.0192 62.2049 -1.15
      vertex 26.125 82.9068 -1.15
      vertex 26.1305 83.0195 -1.15
    endloop
  endfacet
  facet normal -0 0 -1
    outer loop
      vertex 38 46.6 -1.15
      vertex 24.897 32.6058 -1.15
      vertex 38.0048 46.698 -1.15
    endloop
  endfacet
  facet normal 0 0 -1
    outer loop
      vertex 38.0192 62.2049 -1.15
      vertex 26.1084 82.7951 -1.15
      vertex 26.125 82.9068 -1.15
    endloop
  endfacet
  facet normal -0 0 -1
    outer loop
      vertex 38.0192 46.7951 -1.15
      vertex 24.897 32.6058 -1.15
      vertex 38.0192 62.2049 -1.15
    endloop
  endfacet
  facet normal 0 0 -1
    outer loop
      vertex 24.897 76.3942 -1.15
      vertex 38.0192 62.2049 -1.15
      vertex 24.897 32.6058 -1.15
    endloop
  endfacet
  facet normal -0 0 -1
    outer loop
      vertex 38.0048 46.698 -1.15
      vertex 24.897 32.6058 -1.15
      vertex 38.0192 46.7951 -1.15
    endloop
  endfacet
  facet normal 0 -0 -1
    outer loop
      vertex 26.043 82.5794 -1.15
      vertex 38.0192 62.2049 -1.15
      vertex 24.897 76.3942 -1.15
    endloop
  endfacet
  facet normal 0 0 -1
    outer loop
      vertex 24.8912 32.4881 -1.15
      vertex 26.043 26.4206 -1.15
      vertex 25.9947 26.5226 -1.15
    endloop
  endfacet
  facet normal 0 0 -1
    outer loop
      vertex 38.0192 62.2049 -1.15
      vertex 26.081 82.6856 -1.15
      vertex 26.1084 82.7951 -1.15
    endloop
  endfacet
  facet normal 0 0 -1
    outer loop
      vertex 24.8739 32.3716 -1.15
      vertex 25.9947 26.5226 -1.15
      vertex 25.9367 26.6194 -1.15
    endloop
  endfacet
  facet normal 0 0 -1
    outer loop
      vertex 38.0192 62.2049 -1.15
      vertex 26.043 82.5794 -1.15
      vertex 26.081 82.6856 -1.15
    endloop
  endfacet
  facet normal 0 0 -1
    outer loop
      vertex 24.8453 32.2574 -1.15
      vertex 25.9367 26.6194 -1.15
      vertex 25.8695 26.7101 -1.15
    endloop
  endfacet
  facet normal 0 0 -1
    outer loop
      vertex 26.043 82.5794 -1.15
      vertex 24.897 76.3942 -1.15
      vertex 25.9947 82.4774 -1.15
    endloop
  endfacet
  facet normal 0 0 -1
    outer loop
      vertex 24.8056 32.1465 -1.15
      vertex 25.8695 26.7101 -1.15
      vertex 25.7937 26.7937 -1.15
    endloop
  endfacet
  facet normal 0 0 -1
    outer loop
      vertex 24.884 76.5703 -1.15
      vertex 25.9947 82.4774 -1.15
      vertex 24.897 76.3942 -1.15
    endloop
  endfacet
  facet normal 0 0 -1
    outer loop
      vertex 24.7553 32.0401 -1.15
      vertex 25.7937 26.7937 -1.15
      vertex 25.7101 26.8695 -1.15
    endloop
  endfacet
  facet normal 0 0 -1
    outer loop
      vertex 25.9947 82.4774 -1.15
      vertex 24.884 76.5703 -1.15
      vertex 25.9367 82.3806 -1.15
    endloop
  endfacet
  facet normal 0 0 -1
    outer loop
      vertex 24.6947 31.9391 -1.15
      vertex 25.7101 26.8695 -1.15
      vertex 25.6194 26.9367 -1.15
    endloop
  endfacet
  facet normal 0 0 -1
    outer loop
      vertex 24.861 76.6858 -1.15
      vertex 25.9367 82.3806 -1.15
      vertex 24.884 76.5703 -1.15
    endloop
  endfacet
  facet normal 0 0 -1
    outer loop
      vertex 24.6246 31.8445 -1.15
      vertex 25.6194 26.9367 -1.15
      vertex 25.5226 26.9947 -1.15
    endloop
  endfacet
  facet normal 0 0 -1
    outer loop
      vertex 25.9367 82.3806 -1.15
      vertex 24.861 76.6858 -1.15
      vertex 25.8695 82.2899 -1.15
    endloop
  endfacet
  facet normal 0 0 -1
    outer loop
      vertex 24.5455 31.7572 -1.15
      vertex 25.5226 26.9947 -1.15
      vertex 25.4206 27.043 -1.15
    endloop
  endfacet
  facet normal 0 0 -1
    outer loop
      vertex 24.8268 76.7985 -1.15
      vertex 25.8695 82.2899 -1.15
      vertex 24.861 76.6858 -1.15
    endloop
  endfacet
  facet normal 0 0 -1
    outer loop
      vertex 24.4583 31.6781 -1.15
      vertex 25.4206 27.043 -1.15
      vertex 25.3144 27.081 -1.15
    endloop
  endfacet
  facet normal 0 0 -1
    outer loop
      vertex 25.8695 82.2899 -1.15
      vertex 24.8268 76.7985 -1.15
      vertex 25.7937 82.2063 -1.15
    endloop
  endfacet
  facet normal 0 0 -1
    outer loop
      vertex 24.3637 31.608 -1.15
      vertex 25.3144 27.081 -1.15
      vertex 25.2049 27.1084 -1.15
    endloop
  endfacet
  facet normal 0 0 -1
    outer loop
      vertex 24.7818 76.9073 -1.15
      vertex 25.7937 82.2063 -1.15
      vertex 24.8268 76.7985 -1.15
    endloop
  endfacet
  facet normal 0 0 -1
    outer loop
      vertex 24.2627 31.5475 -1.15
      vertex 25.2049 27.1084 -1.15
      vertex 25.0932 27.125 -1.15
    endloop
  endfacet
  facet normal 0 0 -1
    outer loop
      vertex 25.7937 82.2063 -1.15
      vertex 24.7818 76.9073 -1.15
      vertex 25.7101 82.1305 -1.15
    endloop
  endfacet
  facet normal 0 0 -1
    outer loop
      vertex 24.1562 31.4971 -1.15
      vertex 25.0932 27.125 -1.15
      vertex 24.9805 27.1305 -1.15
    endloop
  endfacet
  facet normal 0 0 -1
    outer loop
      vertex 24.7263 77.0111 -1.15
      vertex 25.7101 82.1305 -1.15
      vertex 24.7818 76.9073 -1.15
    endloop
  endfacet
  facet normal 0 0 -1
    outer loop
      vertex 25.7101 82.1305 -1.15
      vertex 24.7263 77.0111 -1.15
      vertex 25.6194 82.0633 -1.15
    endloop
  endfacet
  facet normal 0 0 -1
    outer loop
      vertex 26.043 26.4206 -1.15
      vertex 24.8912 32.4881 -1.15
      vertex 24.897 32.6058 -1.15
    endloop
  endfacet
  facet normal 0 0 -1
    outer loop
      vertex 25.9947 26.5226 -1.15
      vertex 24.8739 32.3716 -1.15
      vertex 24.8912 32.4881 -1.15
    endloop
  endfacet
  facet normal 0 0 -1
    outer loop
      vertex 24.0453 31.4574 -1.15
      vertex 24.9805 27.1305 -1.15
      vertex 24.8678 27.125 -1.15
    endloop
  endfacet
  facet normal 0 0 -1
    outer loop
      vertex 25.9367 26.6194 -1.15
      vertex 24.8453 32.2574 -1.15
      vertex 24.8739 32.3716 -1.15
    endloop
  endfacet
  facet normal 0 0 -1
    outer loop
      vertex 25.8695 26.7101 -1.15
      vertex 24.8056 32.1465 -1.15
      vertex 24.8453 32.2574 -1.15
    endloop
  endfacet
  facet normal 0 0 -1
    outer loop
      vertex 24.0453 31.4574 -1.15
      vertex 24.8678 27.125 -1.15
      vertex 24.7562 27.1084 -1.15
    endloop
  endfacet
  facet normal 0 0 -1
    outer loop
      vertex 25.7937 26.7937 -1.15
      vertex 24.7553 32.0401 -1.15
      vertex 24.8056 32.1465 -1.15
    endloop
  endfacet
  facet normal 0 0 -1
    outer loop
      vertex 25.7101 26.8695 -1.15
      vertex 24.6947 31.9391 -1.15
      vertex 24.7553 32.0401 -1.15
    endloop
  endfacet
  facet normal 0 0 -1
    outer loop
      vertex 23.9552 31.4368 -1.15
      vertex 24.7562 27.1084 -1.15
      vertex 24.6467 27.081 -1.15
    endloop
  endfacet
  facet normal 0 0 -1
    outer loop
      vertex 25.6194 26.9367 -1.15
      vertex 24.6246 31.8445 -1.15
      vertex 24.6947 31.9391 -1.15
    endloop
  endfacet
  facet normal 0 0 -1
    outer loop
      vertex 25.5226 26.9947 -1.15
      vertex 24.5455 31.7572 -1.15
      vertex 24.6246 31.8445 -1.15
    endloop
  endfacet
  facet normal 0 0 -1
    outer loop
      vertex 23.9552 31.4368 -1.15
      vertex 24.6467 27.081 -1.15
      vertex 24.5404 27.043 -1.15
    endloop
  endfacet
  facet normal 0 0 -1
    outer loop
      vertex 25.4206 27.043 -1.15
      vertex 24.4583 31.6781 -1.15
      vertex 24.5455 31.7572 -1.15
    endloop
  endfacet
  facet normal 0 0 -1
    outer loop
      vertex 23.9552 31.4368 -1.15
      vertex 24.5404 27.043 -1.15
      vertex 24.4384 26.9947 -1.15
    endloop
  endfacet
  facet normal 0 0 -1
    outer loop
      vertex 25.3144 27.081 -1.15
      vertex 24.3637 31.608 -1.15
      vertex 24.4583 31.6781 -1.15
    endloop
  endfacet
  facet normal 0 0 -1
    outer loop
      vertex 23.9552 31.4368 -1.15
      vertex 24.4384 26.9947 -1.15
      vertex 24.3416 26.9367 -1.15
    endloop
  endfacet
  facet normal 0 0 -1
    outer loop
      vertex 25.2049 27.1084 -1.15
      vertex 24.2627 31.5475 -1.15
      vertex 24.3637 31.608 -1.15
    endloop
  endfacet
  facet normal 0 0 -1
    outer loop
      vertex 23.9552 31.4368 -1.15
      vertex 24.3416 26.9367 -1.15
      vertex 24.251 26.8695 -1.15
    endloop
  endfacet
  facet normal 0 0 -1
    outer loop
      vertex 23.9552 31.4368 -1.15
      vertex 24.251 26.8695 -1.15
      vertex 24.1674 26.7937 -1.15
    endloop
  endfacet
  facet normal 0 0 -1
    outer loop
      vertex 25.0932 27.125 -1.15
      vertex 24.1562 31.4971 -1.15
      vertex 24.2627 31.5475 -1.15
    endloop
  endfacet
  facet normal 0 0 -1
    outer loop
      vertex 23.9552 31.4368 -1.15
      vertex 24.1674 26.7937 -1.15
      vertex 24.0916 26.7101 -1.15
    endloop
  endfacet
  facet normal 0 0 -1
    outer loop
      vertex 24.9805 27.1305 -1.15
      vertex 24.0453 31.4574 -1.15
      vertex 24.1562 31.4971 -1.15
    endloop
  endfacet
  facet normal 0 0 -1
    outer loop
      vertex 23.9552 31.4368 -1.15
      vertex 24.0916 26.7101 -1.15
      vertex 24.0243 26.6194 -1.15
    endloop
  endfacet
  facet normal 0 0 -1
    outer loop
      vertex 23.9552 31.4368 -1.15
      vertex 24.0243 26.6194 -1.15
      vertex 23.9663 26.5226 -1.15
    endloop
  endfacet
  facet normal 0 0 -1
    outer loop
      vertex 24.7562 27.1084 -1.15
      vertex 23.9552 31.4368 -1.15
      vertex 24.0453 31.4574 -1.15
    endloop
  endfacet
  facet normal 0 0 -1
    outer loop
      vertex 24.0453 31.4574 -1.15
      vertex 23.9552 31.4368 -1.15
      vertex 23.9551 31.4372 -1.15
    endloop
  endfacet
  facet normal -0 0 -1
    outer loop
      vertex 29.594 86.1021 -1.15
      vertex 25.9367 83.6584 -1.15
      vertex 29.2696 86.5394 -1.15
    endloop
  endfacet
  facet normal 0 0 -1
    outer loop
      vertex 25.8695 83.749 -1.15
      vertex 29.2696 86.5394 -1.15
      vertex 25.9367 83.6584 -1.15
    endloop
  endfacet
  facet normal -0 0 -1
    outer loop
      vertex 29.2696 86.5394 -1.15
      vertex 25.8695 83.749 -1.15
      vertex 28.9039 86.9429 -1.15
    endloop
  endfacet
  facet normal 0 0 -1
    outer loop
      vertex 25.7937 83.8326 -1.15
      vertex 28.9039 86.9429 -1.15
      vertex 25.8695 83.749 -1.15
    endloop
  endfacet
  facet normal -0 0 -1
    outer loop
      vertex 28.9039 86.9429 -1.15
      vertex 25.7937 83.8326 -1.15
      vertex 28.5005 87.3086 -1.15
    endloop
  endfacet
  facet normal 0 0 -1
    outer loop
      vertex 25.7101 83.9084 -1.15
      vertex 28.5005 87.3086 -1.15
      vertex 25.7937 83.8326 -1.15
    endloop
  endfacet
  facet normal -0 0 -1
    outer loop
      vertex 28.5005 87.3086 -1.15
      vertex 25.7101 83.9084 -1.15
      vertex 28.0632 87.6329 -1.15
    endloop
  endfacet
  facet normal 0 0 -1
    outer loop
      vertex 25.6194 83.9757 -1.15
      vertex 28.0632 87.6329 -1.15
      vertex 25.7101 83.9084 -1.15
    endloop
  endfacet
  facet normal -0 0 -1
    outer loop
      vertex 28.0632 87.6329 -1.15
      vertex 25.6194 83.9757 -1.15
      vertex 27.5961 87.9128 -1.15
    endloop
  endfacet
  facet normal 0 0 -1
    outer loop
      vertex 25.5226 84.0337 -1.15
      vertex 27.5961 87.9128 -1.15
      vertex 25.6194 83.9757 -1.15
    endloop
  endfacet
  facet normal -0 0 -1
    outer loop
      vertex 27.5961 87.9128 -1.15
      vertex 25.5226 84.0337 -1.15
      vertex 27.1038 88.1457 -1.15
    endloop
  endfacet
  facet normal 0 0 -1
    outer loop
      vertex 25.4206 84.0819 -1.15
      vertex 27.1038 88.1457 -1.15
      vertex 25.5226 84.0337 -1.15
    endloop
  endfacet
  facet normal -0 0 -1
    outer loop
      vertex 27.1038 88.1457 -1.15
      vertex 25.4206 84.0819 -1.15
      vertex 26.5911 88.3291 -1.15
    endloop
  endfacet
  facet normal 0 0 -1
    outer loop
      vertex 25.3144 84.12 -1.15
      vertex 26.5911 88.3291 -1.15
      vertex 25.4206 84.0819 -1.15
    endloop
  endfacet
  facet normal -0 0 -1
    outer loop
      vertex 26.5911 88.3291 -1.15
      vertex 25.3144 84.12 -1.15
      vertex 26.0631 88.4614 -1.15
    endloop
  endfacet
  facet normal 0 0 -1
    outer loop
      vertex 25.2049 84.1474 -1.15
      vertex 26.0631 88.4614 -1.15
      vertex 25.3144 84.12 -1.15
    endloop
  endfacet
  facet normal -0 0 -1
    outer loop
      vertex 26.0631 88.4614 -1.15
      vertex 25.2049 84.1474 -1.15
      vertex 25.5243 88.5413 -1.15
    endloop
  endfacet
  facet normal 0 0 -1
    outer loop
      vertex 25.0932 84.1639 -1.15
      vertex 25.5243 88.5413 -1.15
      vertex 25.2049 84.1474 -1.15
    endloop
  endfacet
  facet normal 0 0 -1
    outer loop
      vertex 24.9805 84.1695 -1.15
      vertex 25.5243 88.5413 -1.15
      vertex 25.0932 84.1639 -1.15
    endloop
  endfacet
  facet normal 0 0 -1
    outer loop
      vertex 24.9805 84.1695 -1.15
      vertex 24.9805 88.568 -1.15
      vertex 25.5243 88.5413 -1.15
    endloop
  endfacet
  facet normal 0 0 -1
    outer loop
      vertex 24.8678 84.1639 -1.15
      vertex 24.9805 88.568 -1.15
      vertex 24.9805 84.1695 -1.15
    endloop
  endfacet
  facet normal 0 0 -1
    outer loop
      vertex 24.4368 88.5413 -1.15
      vertex 24.8678 84.1639 -1.15
      vertex 24.7562 84.1474 -1.15
    endloop
  endfacet
  facet normal 0 0 -1
    outer loop
      vertex 23.898 88.4614 -1.15
      vertex 24.7562 84.1474 -1.15
      vertex 24.6467 84.12 -1.15
    endloop
  endfacet
  facet normal 0 0 -1
    outer loop
      vertex 23.37 88.3291 -1.15
      vertex 24.6467 84.12 -1.15
      vertex 24.5404 84.0819 -1.15
    endloop
  endfacet
  facet normal 0 0 -1
    outer loop
      vertex 22.8572 88.1456 -1.15
      vertex 24.5404 84.0819 -1.15
      vertex 24.4384 84.0337 -1.15
    endloop
  endfacet
  facet normal 0 0 -1
    outer loop
      vertex 24.8678 84.1639 -1.15
      vertex 24.4368 88.5413 -1.15
      vertex 24.9805 88.568 -1.15
    endloop
  endfacet
  facet normal 0 0 -1
    outer loop
      vertex 22.3649 87.9128 -1.15
      vertex 24.4384 84.0337 -1.15
      vertex 24.3416 83.9757 -1.15
    endloop
  endfacet
  facet normal 0 0 -1
    outer loop
      vertex 21.8979 87.6329 -1.15
      vertex 24.3416 83.9757 -1.15
      vertex 24.251 83.9084 -1.15
    endloop
  endfacet
  facet normal 0 0 -1
    outer loop
      vertex 21.4606 87.3086 -1.15
      vertex 24.251 83.9084 -1.15
      vertex 24.1674 83.8326 -1.15
    endloop
  endfacet
  facet normal 0 0 -1
    outer loop
      vertex 21.0571 86.9429 -1.15
      vertex 24.1674 83.8326 -1.15
      vertex 24.0916 83.749 -1.15
    endloop
  endfacet
  facet normal 0 0 -1
    outer loop
      vertex 20.6914 86.5394 -1.15
      vertex 24.0916 83.749 -1.15
      vertex 24.0243 83.6584 -1.15
    endloop
  endfacet
  facet normal 0 0 -1
    outer loop
      vertex 20.3671 86.1021 -1.15
      vertex 24.0243 83.6584 -1.15
      vertex 23.9663 83.5616 -1.15
    endloop
  endfacet
  facet normal 0 0 -1
    outer loop
      vertex 20.0872 85.6351 -1.15
      vertex 23.9663 83.5616 -1.15
      vertex 23.9181 83.4596 -1.15
    endloop
  endfacet
  facet normal 0 0 -1
    outer loop
      vertex 24.7562 84.1474 -1.15
      vertex 23.898 88.4614 -1.15
      vertex 24.4368 88.5413 -1.15
    endloop
  endfacet
  facet normal 0 0 -1
    outer loop
      vertex 19.8543 85.1428 -1.15
      vertex 23.9181 83.4596 -1.15
      vertex 23.88 83.3533 -1.15
    endloop
  endfacet
  facet normal 0 0 -1
    outer loop
      vertex 19.6708 84.63 -1.15
      vertex 23.88 83.3533 -1.15
      vertex 23.8526 83.2438 -1.15
    endloop
  endfacet
  facet normal 0 0 -1
    outer loop
      vertex 19.5386 84.102 -1.15
      vertex 23.8526 83.2438 -1.15
      vertex 23.8361 83.1322 -1.15
    endloop
  endfacet
  facet normal 0 0 -1
    outer loop
      vertex 19.4587 83.5632 -1.15
      vertex 23.8361 83.1322 -1.15
      vertex 23.8305 83.0195 -1.15
    endloop
  endfacet
  facet normal 0 0 -1
    outer loop
      vertex 24.6467 84.12 -1.15
      vertex 23.37 88.3291 -1.15
      vertex 23.898 88.4614 -1.15
    endloop
  endfacet
  facet normal 0 0 -1
    outer loop
      vertex 24.6609 77.1091 -1.15
      vertex 25.6194 82.0633 -1.15
      vertex 24.7263 77.0111 -1.15
    endloop
  endfacet
  facet normal 0 0 -1
    outer loop
      vertex 25.6194 82.0633 -1.15
      vertex 24.6609 77.1091 -1.15
      vertex 25.5226 82.0053 -1.15
    endloop
  endfacet
  facet normal 0 0 -1
    outer loop
      vertex 24.5862 77.2001 -1.15
      vertex 25.5226 82.0053 -1.15
      vertex 24.6609 77.1091 -1.15
    endloop
  endfacet
  facet normal 0 0 -1
    outer loop
      vertex 25.5226 82.0053 -1.15
      vertex 24.5862 77.2001 -1.15
      vertex 25.4206 81.957 -1.15
    endloop
  endfacet
  facet normal 0 0 -1
    outer loop
      vertex 24.5029 77.2834 -1.15
      vertex 25.4206 81.957 -1.15
      vertex 24.5862 77.2001 -1.15
    endloop
  endfacet
  facet normal 0 0 -1
    outer loop
      vertex 25.4206 81.957 -1.15
      vertex 24.5029 77.2834 -1.15
      vertex 25.3144 81.919 -1.15
    endloop
  endfacet
  facet normal 0 0 -1
    outer loop
      vertex 24.4118 77.3581 -1.15
      vertex 25.3144 81.919 -1.15
      vertex 24.5029 77.2834 -1.15
    endloop
  endfacet
  facet normal 0 0 -1
    outer loop
      vertex 25.3144 81.919 -1.15
      vertex 24.4118 77.3581 -1.15
      vertex 25.2049 81.8916 -1.15
    endloop
  endfacet
  facet normal 0 0 -1
    outer loop
      vertex 24.3139 77.4235 -1.15
      vertex 25.2049 81.8916 -1.15
      vertex 24.4118 77.3581 -1.15
    endloop
  endfacet
  facet normal 0 0 -1
    outer loop
      vertex 25.2049 81.8916 -1.15
      vertex 24.3139 77.4235 -1.15
      vertex 25.0932 81.875 -1.15
    endloop
  endfacet
  facet normal 0 0 -1
    outer loop
      vertex 24.2101 77.479 -1.15
      vertex 25.0932 81.875 -1.15
      vertex 24.3139 77.4235 -1.15
    endloop
  endfacet
  facet normal 0 0 -1
    outer loop
      vertex 25.0932 81.875 -1.15
      vertex 24.2101 77.479 -1.15
      vertex 24.9805 81.8695 -1.15
    endloop
  endfacet
  facet normal 0 0 -1
    outer loop
      vertex 24.1013 77.5241 -1.15
      vertex 24.9805 81.8695 -1.15
      vertex 24.2101 77.479 -1.15
    endloop
  endfacet
  facet normal -0 0 -1
    outer loop
      vertex 24.9805 81.8695 -1.15
      vertex 24.1013 77.5241 -1.15
      vertex 24.8678 81.875 -1.15
    endloop
  endfacet
  facet normal 0 0 -1
    outer loop
      vertex 23.9886 77.5583 -1.15
      vertex 24.8678 81.875 -1.15
      vertex 24.1013 77.5241 -1.15
    endloop
  endfacet
  facet normal -0 0 -1
    outer loop
      vertex 24.8678 81.875 -1.15
      vertex 23.9886 77.5583 -1.15
      vertex 24.7562 81.8916 -1.15
    endloop
  endfacet
  facet normal 0 0 -1
    outer loop
      vertex 23.9224 77.5714 -1.15
      vertex 24.7562 81.8916 -1.15
      vertex 23.9886 77.5583 -1.15
    endloop
  endfacet
  facet normal -0 0 -1
    outer loop
      vertex 24.7562 81.8916 -1.15
      vertex 23.9224 77.5714 -1.15
      vertex 24.6467 81.919 -1.15
    endloop
  endfacet
  facet normal 0 0 -1
    outer loop
      vertex 23.3699 77.7098 -1.15
      vertex 24.6467 81.919 -1.15
      vertex 23.9224 77.5714 -1.15
    endloop
  endfacet
  facet normal -0 0 -1
    outer loop
      vertex 24.6467 81.919 -1.15
      vertex 23.3699 77.7098 -1.15
      vertex 24.5404 81.957 -1.15
    endloop
  endfacet
  facet normal 0 0 -1
    outer loop
      vertex 22.8572 77.8933 -1.15
      vertex 24.5404 81.957 -1.15
      vertex 23.3699 77.7098 -1.15
    endloop
  endfacet
  facet normal -0 0 -1
    outer loop
      vertex 24.5404 81.957 -1.15
      vertex 22.8572 77.8933 -1.15
      vertex 24.4384 82.0053 -1.15
    endloop
  endfacet
  facet normal 0 0 -1
    outer loop
      vertex 22.3649 78.1261 -1.15
      vertex 24.4384 82.0053 -1.15
      vertex 22.8572 77.8933 -1.15
    endloop
  endfacet
  facet normal -0 0 -1
    outer loop
      vertex 24.4384 82.0053 -1.15
      vertex 22.3649 78.1261 -1.15
      vertex 24.3416 82.0633 -1.15
    endloop
  endfacet
  facet normal 0 0 -1
    outer loop
      vertex 21.8979 78.406 -1.15
      vertex 24.3416 82.0633 -1.15
      vertex 22.3649 78.1261 -1.15
    endloop
  endfacet
  facet normal -0 0 -1
    outer loop
      vertex 24.3416 82.0633 -1.15
      vertex 21.8979 78.406 -1.15
      vertex 24.251 82.1305 -1.15
    endloop
  endfacet
  facet normal 0 0 -1
    outer loop
      vertex 21.4606 78.7303 -1.15
      vertex 24.251 82.1305 -1.15
      vertex 21.8979 78.406 -1.15
    endloop
  endfacet
  facet normal -0 0 -1
    outer loop
      vertex 24.251 82.1305 -1.15
      vertex 21.4606 78.7303 -1.15
      vertex 24.1674 82.2063 -1.15
    endloop
  endfacet
  facet normal 0 0 -1
    outer loop
      vertex 21.0571 79.0961 -1.15
      vertex 24.1674 82.2063 -1.15
      vertex 21.4606 78.7303 -1.15
    endloop
  endfacet
  facet normal -0 0 -1
    outer loop
      vertex 24.1674 82.2063 -1.15
      vertex 21.0571 79.0961 -1.15
      vertex 24.0916 82.2899 -1.15
    endloop
  endfacet
  facet normal 0 0 -1
    outer loop
      vertex 20.6914 79.4995 -1.15
      vertex 24.0916 82.2899 -1.15
      vertex 21.0571 79.0961 -1.15
    endloop
  endfacet
  facet normal -0 0 -1
    outer loop
      vertex 24.0916 82.2899 -1.15
      vertex 20.6914 79.4995 -1.15
      vertex 24.0243 82.3806 -1.15
    endloop
  endfacet
  facet normal 0 0 -1
    outer loop
      vertex 20.3671 79.9368 -1.15
      vertex 24.0243 82.3806 -1.15
      vertex 20.6914 79.4995 -1.15
    endloop
  endfacet
  facet normal -0 0 -1
    outer loop
      vertex 24.0243 82.3806 -1.15
      vertex 20.3671 79.9368 -1.15
      vertex 23.9663 82.4774 -1.15
    endloop
  endfacet
  facet normal 0 0 -1
    outer loop
      vertex 24.5404 84.0819 -1.15
      vertex 22.8572 88.1456 -1.15
      vertex 23.37 88.3291 -1.15
    endloop
  endfacet
  facet normal 0 0 -1
    outer loop
      vertex 20.0872 80.4039 -1.15
      vertex 23.9663 82.4774 -1.15
      vertex 20.3671 79.9368 -1.15
    endloop
  endfacet
  facet normal 0 0 -1
    outer loop
      vertex 24.4384 84.0337 -1.15
      vertex 22.3649 87.9128 -1.15
      vertex 22.8572 88.1456 -1.15
    endloop
  endfacet
  facet normal 0 0 -1
    outer loop
      vertex 24.3416 83.9757 -1.15
      vertex 21.8979 87.6329 -1.15
      vertex 22.3649 87.9128 -1.15
    endloop
  endfacet
  facet normal -0 0 -1
    outer loop
      vertex 23.9663 82.4774 -1.15
      vertex 20.0872 80.4039 -1.15
      vertex 23.9181 82.5794 -1.15
    endloop
  endfacet
  facet normal 0 0 -1
    outer loop
      vertex 19.8543 80.8962 -1.15
      vertex 23.9181 82.5794 -1.15
      vertex 20.0872 80.4039 -1.15
    endloop
  endfacet
  facet normal 0 0 -1
    outer loop
      vertex 24.251 83.9084 -1.15
      vertex 21.4606 87.3086 -1.15
      vertex 21.8979 87.6329 -1.15
    endloop
  endfacet
  facet normal 0 0 -1
    outer loop
      vertex 24.1674 83.8326 -1.15
      vertex 21.0571 86.9429 -1.15
      vertex 21.4606 87.3086 -1.15
    endloop
  endfacet
  facet normal -0 0 -1
    outer loop
      vertex 23.9181 82.5794 -1.15
      vertex 19.8543 80.8962 -1.15
      vertex 23.88 82.6856 -1.15
    endloop
  endfacet
  facet normal 0 0 -1
    outer loop
      vertex 19.6709 81.4088 -1.15
      vertex 23.88 82.6856 -1.15
      vertex 19.8543 80.8962 -1.15
    endloop
  endfacet
  facet normal 0 0 -1
    outer loop
      vertex 24.0916 83.749 -1.15
      vertex 20.6914 86.5394 -1.15
      vertex 21.0571 86.9429 -1.15
    endloop
  endfacet
  facet normal -0 0 -1
    outer loop
      vertex 23.88 82.6856 -1.15
      vertex 19.6709 81.4088 -1.15
      vertex 23.8526 82.7951 -1.15
    endloop
  endfacet
  facet normal 0 0 -1
    outer loop
      vertex 24.0243 83.6584 -1.15
      vertex 20.3671 86.1021 -1.15
      vertex 20.6914 86.5394 -1.15
    endloop
  endfacet
  facet normal 0 0 -1
    outer loop
      vertex 23.9663 83.5616 -1.15
      vertex 20.0872 85.6351 -1.15
      vertex 20.3671 86.1021 -1.15
    endloop
  endfacet
  facet normal 0 0 -1
    outer loop
      vertex 19.5386 81.9369 -1.15
      vertex 23.8526 82.7951 -1.15
      vertex 19.6709 81.4088 -1.15
    endloop
  endfacet
  facet normal 0 0 -1
    outer loop
      vertex 23.9181 83.4596 -1.15
      vertex 19.8543 85.1428 -1.15
      vertex 20.0872 85.6351 -1.15
    endloop
  endfacet
  facet normal -0 0 -1
    outer loop
      vertex 23.8526 82.7951 -1.15
      vertex 19.5386 81.9369 -1.15
      vertex 23.8361 82.9068 -1.15
    endloop
  endfacet
  facet normal 0 0 -1
    outer loop
      vertex 19.4587 82.4757 -1.15
      vertex 23.8361 82.9068 -1.15
      vertex 19.5386 81.9369 -1.15
    endloop
  endfacet
  facet normal 0 0 -1
    outer loop
      vertex 23.88 83.3533 -1.15
      vertex 19.6708 84.63 -1.15
      vertex 19.8543 85.1428 -1.15
    endloop
  endfacet
  facet normal -0 0 -1
    outer loop
      vertex 23.8361 82.9068 -1.15
      vertex 19.4587 82.4757 -1.15
      vertex 23.8305 83.0195 -1.15
    endloop
  endfacet
  facet normal 0 0 -1
    outer loop
      vertex 23.8526 83.2438 -1.15
      vertex 19.5386 84.102 -1.15
      vertex 19.6708 84.63 -1.15
    endloop
  endfacet
  facet normal 0 0 -1
    outer loop
      vertex 19.432 83.0195 -1.15
      vertex 23.8305 83.0195 -1.15
      vertex 19.4587 82.4757 -1.15
    endloop
  endfacet
  facet normal 0 0 -1
    outer loop
      vertex 23.8361 83.1322 -1.15
      vertex 19.4587 83.5632 -1.15
      vertex 19.5386 84.102 -1.15
    endloop
  endfacet
  facet normal 0 0 -1
    outer loop
      vertex 23.8305 83.0195 -1.15
      vertex 19.432 83.0195 -1.15
      vertex 19.4587 83.5632 -1.15
    endloop
  endfacet
  facet normal 0 0 -1
    outer loop
      vertex 39.9569 46.8903 -1.15
      vertex 52.8788 34.2759 -1.15
      vertex 39.9808 46.7951 -1.15
    endloop
  endfacet
  facet normal 0 0 -1
    outer loop
      vertex 73.3 69.79 -1.15
      vertex 39.9952 62.302 -1.15
      vertex 40 62.4 -1.15
    endloop
  endfacet
  facet normal 0 0 -1
    outer loop
      vertex 73.3 52.79 -1.15
      vertex 39.9569 46.8903 -1.15
      vertex 39.9239 46.9827 -1.15
    endloop
  endfacet
  facet normal 0 0 -1
    outer loop
      vertex 73.3 52.79 -1.15
      vertex 39.9952 62.302 -1.15
      vertex 73.3 69.79 -1.15
    endloop
  endfacet
  facet normal 0 0 -1
    outer loop
      vertex 39.9239 62.0173 -1.15
      vertex 73.3 52.79 -1.15
      vertex 39.9239 46.9827 -1.15
    endloop
  endfacet
  facet normal 0 -0 -1
    outer loop
      vertex 39.9952 62.302 -1.15
      vertex 73.3 52.79 -1.15
      vertex 39.9808 62.2049 -1.15
    endloop
  endfacet
  facet normal 0 -0 -1
    outer loop
      vertex 39.9569 62.1097 -1.15
      vertex 73.3 52.79 -1.15
      vertex 39.9239 62.0173 -1.15
    endloop
  endfacet
  facet normal 0 -0 -1
    outer loop
      vertex 39.9808 62.2049 -1.15
      vertex 73.3 52.79 -1.15
      vertex 39.9569 62.1097 -1.15
    endloop
  endfacet
  facet normal 0 0 -1
    outer loop
      vertex 39.8819 47.0714 -1.15
      vertex 39.9239 62.0173 -1.15
      vertex 39.9239 46.9827 -1.15
    endloop
  endfacet
  facet normal 0 0 -1
    outer loop
      vertex 39.8819 47.0714 -1.15
      vertex 39.8819 61.9286 -1.15
      vertex 39.9239 62.0173 -1.15
    endloop
  endfacet
  facet normal 0 0 -1
    outer loop
      vertex 39.8315 47.1556 -1.15
      vertex 39.8819 61.9286 -1.15
      vertex 39.8819 47.0714 -1.15
    endloop
  endfacet
  facet normal 0 0 -1
    outer loop
      vertex 39.8315 47.1556 -1.15
      vertex 39.8315 61.8444 -1.15
      vertex 39.8819 61.9286 -1.15
    endloop
  endfacet
  facet normal 0 0 -1
    outer loop
      vertex 39.773 47.2344 -1.15
      vertex 39.8315 61.8444 -1.15
      vertex 39.8315 47.1556 -1.15
    endloop
  endfacet
  facet normal 0 0 -1
    outer loop
      vertex 39.773 47.2344 -1.15
      vertex 39.773 61.7656 -1.15
      vertex 39.8315 61.8444 -1.15
    endloop
  endfacet
  facet normal 0 0 -1
    outer loop
      vertex 39.7071 47.3071 -1.15
      vertex 39.773 61.7656 -1.15
      vertex 39.773 47.2344 -1.15
    endloop
  endfacet
  facet normal 0 0 -1
    outer loop
      vertex 39.7071 47.3071 -1.15
      vertex 39.7071 61.6929 -1.15
      vertex 39.773 61.7656 -1.15
    endloop
  endfacet
  facet normal 0 0 -1
    outer loop
      vertex 39.6344 47.373 -1.15
      vertex 39.7071 61.6929 -1.15
      vertex 39.7071 47.3071 -1.15
    endloop
  endfacet
  facet normal 0 0 -1
    outer loop
      vertex 39.6344 47.373 -1.15
      vertex 39.6344 61.627 -1.15
      vertex 39.7071 61.6929 -1.15
    endloop
  endfacet
  facet normal 0 0 -1
    outer loop
      vertex 39.5556 47.4315 -1.15
      vertex 39.6344 61.627 -1.15
      vertex 39.6344 47.373 -1.15
    endloop
  endfacet
  facet normal 0 0 -1
    outer loop
      vertex 39.5556 47.4315 -1.15
      vertex 39.5556 61.5685 -1.15
      vertex 39.6344 61.627 -1.15
    endloop
  endfacet
  facet normal 0 0 -1
    outer loop
      vertex 39.4714 47.4819 -1.15
      vertex 39.5556 61.5685 -1.15
      vertex 39.5556 47.4315 -1.15
    endloop
  endfacet
  facet normal 0 0 -1
    outer loop
      vertex 39.4714 47.4819 -1.15
      vertex 39.4714 61.5181 -1.15
      vertex 39.5556 61.5685 -1.15
    endloop
  endfacet
  facet normal 0 0 -1
    outer loop
      vertex 39.3827 47.5239 -1.15
      vertex 39.4714 61.5181 -1.15
      vertex 39.4714 47.4819 -1.15
    endloop
  endfacet
  facet normal 0 0 -1
    outer loop
      vertex 39.3827 47.5239 -1.15
      vertex 39.3827 61.4761 -1.15
      vertex 39.4714 61.5181 -1.15
    endloop
  endfacet
  facet normal 0 0 -1
    outer loop
      vertex 39.2903 47.5569 -1.15
      vertex 39.3827 61.4761 -1.15
      vertex 39.3827 47.5239 -1.15
    endloop
  endfacet
  facet normal 0 0 -1
    outer loop
      vertex 39.2903 47.5569 -1.15
      vertex 39.2903 61.4431 -1.15
      vertex 39.3827 61.4761 -1.15
    endloop
  endfacet
  facet normal 0 0 -1
    outer loop
      vertex 39.1951 47.5808 -1.15
      vertex 39.2903 61.4431 -1.15
      vertex 39.2903 47.5569 -1.15
    endloop
  endfacet
  facet normal 0 0 -1
    outer loop
      vertex 39.1951 47.5808 -1.15
      vertex 39.1951 61.4192 -1.15
      vertex 39.2903 61.4431 -1.15
    endloop
  endfacet
  facet normal 0 0 -1
    outer loop
      vertex 39.098 47.5952 -1.15
      vertex 39.1951 61.4192 -1.15
      vertex 39.1951 47.5808 -1.15
    endloop
  endfacet
  facet normal 0 0 -1
    outer loop
      vertex 39.098 47.5952 -1.15
      vertex 39.098 61.4048 -1.15
      vertex 39.1951 61.4192 -1.15
    endloop
  endfacet
  facet normal 0 0 -1
    outer loop
      vertex 39 47.6 -1.15
      vertex 39.098 61.4048 -1.15
      vertex 39.098 47.5952 -1.15
    endloop
  endfacet
  facet normal 0 0 -1
    outer loop
      vertex 39 47.6 -1.15
      vertex 39 61.4 -1.15
      vertex 39.098 61.4048 -1.15
    endloop
  endfacet
  facet normal 0 0 -1
    outer loop
      vertex 38.902 47.5952 -1.15
      vertex 39 61.4 -1.15
      vertex 39 47.6 -1.15
    endloop
  endfacet
  facet normal 0 0 -1
    outer loop
      vertex 38.902 47.5952 -1.15
      vertex 38.902 61.4048 -1.15
      vertex 39 61.4 -1.15
    endloop
  endfacet
  facet normal 0 0 -1
    outer loop
      vertex 38.8049 47.5808 -1.15
      vertex 38.902 61.4048 -1.15
      vertex 38.902 47.5952 -1.15
    endloop
  endfacet
  facet normal 0 0 -1
    outer loop
      vertex 38.8049 47.5808 -1.15
      vertex 38.8049 61.4192 -1.15
      vertex 38.902 61.4048 -1.15
    endloop
  endfacet
  facet normal 0 0 -1
    outer loop
      vertex 38.7097 47.5569 -1.15
      vertex 38.8049 61.4192 -1.15
      vertex 38.8049 47.5808 -1.15
    endloop
  endfacet
  facet normal 0 0 -1
    outer loop
      vertex 38.7097 47.5569 -1.15
      vertex 38.7097 61.4431 -1.15
      vertex 38.8049 61.4192 -1.15
    endloop
  endfacet
  facet normal 0 0 -1
    outer loop
      vertex 38.6173 47.5239 -1.15
      vertex 38.7097 61.4431 -1.15
      vertex 38.7097 47.5569 -1.15
    endloop
  endfacet
  facet normal 0 0 -1
    outer loop
      vertex 38.6173 47.5239 -1.15
      vertex 38.6173 61.4761 -1.15
      vertex 38.7097 61.4431 -1.15
    endloop
  endfacet
  facet normal 0 0 -1
    outer loop
      vertex 38.5286 47.4819 -1.15
      vertex 38.6173 61.4761 -1.15
      vertex 38.6173 47.5239 -1.15
    endloop
  endfacet
  facet normal 0 0 -1
    outer loop
      vertex 38.5286 47.4819 -1.15
      vertex 38.5286 61.5181 -1.15
      vertex 38.6173 61.4761 -1.15
    endloop
  endfacet
  facet normal 0 0 -1
    outer loop
      vertex 38.4444 47.4315 -1.15
      vertex 38.5286 61.5181 -1.15
      vertex 38.5286 47.4819 -1.15
    endloop
  endfacet
  facet normal 0 0 -1
    outer loop
      vertex 38.4444 47.4315 -1.15
      vertex 38.4444 61.5685 -1.15
      vertex 38.5286 61.5181 -1.15
    endloop
  endfacet
  facet normal 0 0 -1
    outer loop
      vertex 38.3656 47.373 -1.15
      vertex 38.4444 61.5685 -1.15
      vertex 38.4444 47.4315 -1.15
    endloop
  endfacet
  facet normal 0 0 -1
    outer loop
      vertex 38.3656 47.373 -1.15
      vertex 38.3656 61.627 -1.15
      vertex 38.4444 61.5685 -1.15
    endloop
  endfacet
  facet normal 0 0 -1
    outer loop
      vertex 38.2929 47.3071 -1.15
      vertex 38.3656 61.627 -1.15
      vertex 38.3656 47.373 -1.15
    endloop
  endfacet
  facet normal 0 0 -1
    outer loop
      vertex 38.2929 47.3071 -1.15
      vertex 38.2929 61.6929 -1.15
      vertex 38.3656 61.627 -1.15
    endloop
  endfacet
  facet normal 0 0 -1
    outer loop
      vertex 38.227 47.2344 -1.15
      vertex 38.2929 61.6929 -1.15
      vertex 38.2929 47.3071 -1.15
    endloop
  endfacet
  facet normal 0 0 -1
    outer loop
      vertex 38.227 47.2344 -1.15
      vertex 38.227 61.7656 -1.15
      vertex 38.2929 61.6929 -1.15
    endloop
  endfacet
  facet normal 0 0 -1
    outer loop
      vertex 38.1685 47.1556 -1.15
      vertex 38.227 61.7656 -1.15
      vertex 38.227 47.2344 -1.15
    endloop
  endfacet
  facet normal 0 0 -1
    outer loop
      vertex 38.1685 47.1556 -1.15
      vertex 38.1685 61.8444 -1.15
      vertex 38.227 61.7656 -1.15
    endloop
  endfacet
  facet normal 0 0 -1
    outer loop
      vertex 38.1181 47.0714 -1.15
      vertex 38.1685 61.8444 -1.15
      vertex 38.1685 47.1556 -1.15
    endloop
  endfacet
  facet normal 0 0 -1
    outer loop
      vertex 38.1181 47.0714 -1.15
      vertex 38.1181 61.9286 -1.15
      vertex 38.1685 61.8444 -1.15
    endloop
  endfacet
  facet normal 0 0 -1
    outer loop
      vertex 38.0761 46.9827 -1.15
      vertex 38.1181 61.9286 -1.15
      vertex 38.1181 47.0714 -1.15
    endloop
  endfacet
  facet normal 0 0 -1
    outer loop
      vertex 38.0761 46.9827 -1.15
      vertex 38.0761 62.0173 -1.15
      vertex 38.1181 61.9286 -1.15
    endloop
  endfacet
  facet normal 0 0 -1
    outer loop
      vertex 38.0431 46.8903 -1.15
      vertex 38.0761 62.0173 -1.15
      vertex 38.0761 46.9827 -1.15
    endloop
  endfacet
  facet normal 0 0 -1
    outer loop
      vertex 38.0431 46.8903 -1.15
      vertex 38.0431 62.1097 -1.15
      vertex 38.0761 62.0173 -1.15
    endloop
  endfacet
  facet normal 0 0 -1
    outer loop
      vertex 38.0192 46.7951 -1.15
      vertex 38.0431 62.1097 -1.15
      vertex 38.0431 46.8903 -1.15
    endloop
  endfacet
  facet normal 0 0 -1
    outer loop
      vertex 38.0192 46.7951 -1.15
      vertex 38.0192 62.2049 -1.15
      vertex 38.0431 62.1097 -1.15
    endloop
  endfacet
  facet normal -0 0 -1
    outer loop
      vertex 38.0761 46.2173 -1.15
      vertex 24.897 32.6058 -1.15
      vertex 38.0431 46.3097 -1.15
    endloop
  endfacet
  facet normal -0 0 -1
    outer loop
      vertex 38.0431 46.3097 -1.15
      vertex 24.897 32.6058 -1.15
      vertex 38.0192 46.4049 -1.15
    endloop
  endfacet
  facet normal -0 0 -1
    outer loop
      vertex 36.6541 33.5688 -1.15
      vertex 24.897 32.6058 -1.15
      vertex 36.754 33.81 -1.15
    endloop
  endfacet
  facet normal -0 0 -1
    outer loop
      vertex 38.0192 46.4049 -1.15
      vertex 24.897 32.6058 -1.15
      vertex 38.0048 46.502 -1.15
    endloop
  endfacet
  facet normal 0 0 -1
    outer loop
      vertex 52.62 34.31 -1.15
      vertex 39.9952 46.502 -1.15
      vertex 40 46.6 -1.15
    endloop
  endfacet
  facet normal 0 0 -1
    outer loop
      vertex 52.62 34.31 -1.15
      vertex 39.9808 46.4049 -1.15
      vertex 39.9952 46.502 -1.15
    endloop
  endfacet
  facet normal 0 0 -1
    outer loop
      vertex 52.62 34.31 -1.15
      vertex 39.9569 46.3097 -1.15
      vertex 39.9808 46.4049 -1.15
    endloop
  endfacet
  facet normal 0 0 -1
    outer loop
      vertex 52.62 34.31 -1.15
      vertex 39.9239 46.2173 -1.15
      vertex 39.9569 46.3097 -1.15
    endloop
  endfacet
  facet normal 0 0 -1
    outer loop
      vertex 52.62 34.31 -1.15
      vertex 39.8819 46.1286 -1.15
      vertex 39.9239 46.2173 -1.15
    endloop
  endfacet
  facet normal 0 0 -1
    outer loop
      vertex 52.62 34.31 -1.15
      vertex 39.8315 46.0444 -1.15
      vertex 39.8819 46.1286 -1.15
    endloop
  endfacet
  facet normal 0 0 -1
    outer loop
      vertex 52.62 34.31 -1.15
      vertex 39.773 45.9656 -1.15
      vertex 39.8315 46.0444 -1.15
    endloop
  endfacet
  facet normal 0 0 -1
    outer loop
      vertex 52.62 34.31 -1.15
      vertex 39.7071 45.8929 -1.15
      vertex 39.773 45.9656 -1.15
    endloop
  endfacet
  facet normal 0 0 -1
    outer loop
      vertex 52.62 34.31 -1.15
      vertex 39.6344 45.827 -1.15
      vertex 39.7071 45.8929 -1.15
    endloop
  endfacet
  facet normal 0 0 -1
    outer loop
      vertex 37.62 34.31 -1.15
      vertex 39.6344 45.827 -1.15
      vertex 52.62 34.31 -1.15
    endloop
  endfacet
  facet normal 0 0 -1
    outer loop
      vertex 39.6344 45.827 -1.15
      vertex 37.62 34.31 -1.15
      vertex 39.5556 45.7685 -1.15
    endloop
  endfacet
  facet normal 0 0 -1
    outer loop
      vertex 39.5556 45.7685 -1.15
      vertex 37.62 34.31 -1.15
      vertex 39.4714 45.7181 -1.15
    endloop
  endfacet
  facet normal 0 0 -1
    outer loop
      vertex 39.4714 45.7181 -1.15
      vertex 37.62 34.31 -1.15
      vertex 39.3827 45.6761 -1.15
    endloop
  endfacet
  facet normal 0 0 -1
    outer loop
      vertex 39.3827 45.6761 -1.15
      vertex 37.62 34.31 -1.15
      vertex 39.2903 45.6431 -1.15
    endloop
  endfacet
  facet normal 0 0 -1
    outer loop
      vertex 39.2903 45.6431 -1.15
      vertex 37.62 34.31 -1.15
      vertex 39.1951 45.6192 -1.15
    endloop
  endfacet
  facet normal 0 0 -1
    outer loop
      vertex 39.1951 45.6192 -1.15
      vertex 37.62 34.31 -1.15
      vertex 39.098 45.6048 -1.15
    endloop
  endfacet
  facet normal 0 0 -1
    outer loop
      vertex 39.098 45.6048 -1.15
      vertex 37.62 34.31 -1.15
      vertex 39 45.6 -1.15
    endloop
  endfacet
  facet normal -0 0 -1
    outer loop
      vertex 39 45.6 -1.15
      vertex 37.62 34.31 -1.15
      vertex 38.902 45.6048 -1.15
    endloop
  endfacet
  facet normal -0 0 -1
    outer loop
      vertex 38.902 45.6048 -1.15
      vertex 37.62 34.31 -1.15
      vertex 38.8049 45.6192 -1.15
    endloop
  endfacet
  facet normal -0 0 -1
    outer loop
      vertex 38.8049 45.6192 -1.15
      vertex 37.62 34.31 -1.15
      vertex 38.7097 45.6431 -1.15
    endloop
  endfacet
  facet normal -0 0 -1
    outer loop
      vertex 38.7097 45.6431 -1.15
      vertex 37.62 34.31 -1.15
      vertex 38.6173 45.6761 -1.15
    endloop
  endfacet
  facet normal 0 0 -1
    outer loop
      vertex 37.3612 34.2759 -1.15
      vertex 38.6173 45.6761 -1.15
      vertex 37.62 34.31 -1.15
    endloop
  endfacet
  facet normal -0 0 -1
    outer loop
      vertex 38.6173 45.6761 -1.15
      vertex 37.3612 34.2759 -1.15
      vertex 38.5286 45.7181 -1.15
    endloop
  endfacet
  facet normal -0 0 -1
    outer loop
      vertex 38.1181 46.1286 -1.15
      vertex 24.897 32.6058 -1.15
      vertex 38.0761 46.2173 -1.15
    endloop
  endfacet
  facet normal 0 0 -1
    outer loop
      vertex 24.897 32.6058 -1.15
      vertex 36.9129 34.0171 -1.15
      vertex 36.754 33.81 -1.15
    endloop
  endfacet
  facet normal -0 0 -1
    outer loop
      vertex 38.1685 46.0444 -1.15
      vertex 24.897 32.6058 -1.15
      vertex 38.1181 46.1286 -1.15
    endloop
  endfacet
  facet normal 0 0 -1
    outer loop
      vertex 24.897 32.6058 -1.15
      vertex 38.1685 46.0444 -1.15
      vertex 36.9129 34.0171 -1.15
    endloop
  endfacet
  facet normal -0 0 -1
    outer loop
      vertex 38.227 45.9656 -1.15
      vertex 36.9129 34.0171 -1.15
      vertex 38.1685 46.0444 -1.15
    endloop
  endfacet
  facet normal 0 0 -1
    outer loop
      vertex 36.9129 34.0171 -1.15
      vertex 38.227 45.9656 -1.15
      vertex 37.12 34.176 -1.15
    endloop
  endfacet
  facet normal -0 0 -1
    outer loop
      vertex 38.2929 45.8929 -1.15
      vertex 37.12 34.176 -1.15
      vertex 38.227 45.9656 -1.15
    endloop
  endfacet
  facet normal -0 0 -1
    outer loop
      vertex 38.3656 45.827 -1.15
      vertex 37.12 34.176 -1.15
      vertex 38.2929 45.8929 -1.15
    endloop
  endfacet
  facet normal -0 0 -1
    outer loop
      vertex 38.4444 45.7685 -1.15
      vertex 37.12 34.176 -1.15
      vertex 38.3656 45.827 -1.15
    endloop
  endfacet
  facet normal 0 0 -1
    outer loop
      vertex 37.12 34.176 -1.15
      vertex 38.4444 45.7685 -1.15
      vertex 37.3612 34.2759 -1.15
    endloop
  endfacet
  facet normal -0 0 -1
    outer loop
      vertex 38.5286 45.7181 -1.15
      vertex 37.3612 34.2759 -1.15
      vertex 38.4444 45.7685 -1.15
    endloop
  endfacet
  facet normal 0 0 -1
    outer loop
      vertex 80.2659 48.2688 -1.15
      vertex 80.3 52.79 -1.15
      vertex 80.3 48.01 -1.15
    endloop
  endfacet
  facet normal 0 0 -1
    outer loop
      vertex 80.2659 48.2688 -1.15
      vertex 80.2659 52.5312 -1.15
      vertex 80.3 52.79 -1.15
    endloop
  endfacet
  facet normal 0 0 -1
    outer loop
      vertex 80.166 48.51 -1.15
      vertex 80.2659 52.5312 -1.15
      vertex 80.2659 48.2688 -1.15
    endloop
  endfacet
  facet normal 0 0 -1
    outer loop
      vertex 80.166 48.51 -1.15
      vertex 80.166 52.29 -1.15
      vertex 80.2659 52.5312 -1.15
    endloop
  endfacet
  facet normal 0 0 -1
    outer loop
      vertex 80.0071 48.7171 -1.15
      vertex 80.166 52.29 -1.15
      vertex 80.166 48.51 -1.15
    endloop
  endfacet
  facet normal 0 0 -1
    outer loop
      vertex 80.0071 48.7171 -1.15
      vertex 80.0071 52.0829 -1.15
      vertex 80.166 52.29 -1.15
    endloop
  endfacet
  facet normal 0 0 -1
    outer loop
      vertex 79.8 48.876 -1.15
      vertex 80.0071 52.0829 -1.15
      vertex 80.0071 48.7171 -1.15
    endloop
  endfacet
  facet normal 0 0 -1
    outer loop
      vertex 79.8 48.876 -1.15
      vertex 79.8 51.924 -1.15
      vertex 80.0071 52.0829 -1.15
    endloop
  endfacet
  facet normal 0 0 -1
    outer loop
      vertex 79.5588 48.9759 -1.15
      vertex 79.8 51.924 -1.15
      vertex 79.8 48.876 -1.15
    endloop
  endfacet
  facet normal 0 0 -1
    outer loop
      vertex 79.5588 48.9759 -1.15
      vertex 79.5588 51.8241 -1.15
      vertex 79.8 51.924 -1.15
    endloop
  endfacet
  facet normal 0 0 -1
    outer loop
      vertex 79.3 49.01 -1.15
      vertex 79.5588 51.8241 -1.15
      vertex 79.5588 48.9759 -1.15
    endloop
  endfacet
  facet normal 0 0 -1
    outer loop
      vertex 79.3 49.01 -1.15
      vertex 79.3 51.79 -1.15
      vertex 79.5588 51.8241 -1.15
    endloop
  endfacet
  facet normal 0 0 -1
    outer loop
      vertex 74.3 49.01 -1.15
      vertex 79.3 51.79 -1.15
      vertex 79.3 49.01 -1.15
    endloop
  endfacet
  facet normal 0 0 -1
    outer loop
      vertex 74.3 49.01 -1.15
      vertex 74.3 51.79 -1.15
      vertex 79.3 51.79 -1.15
    endloop
  endfacet
  facet normal 0 0 -1
    outer loop
      vertex 74.0412 48.9759 -1.15
      vertex 74.3 51.79 -1.15
      vertex 74.3 49.01 -1.15
    endloop
  endfacet
  facet normal 0 0 -1
    outer loop
      vertex 74.0412 48.9759 -1.15
      vertex 74.0412 51.8241 -1.15
      vertex 74.3 51.79 -1.15
    endloop
  endfacet
  facet normal 0 0 -1
    outer loop
      vertex 73.8 48.876 -1.15
      vertex 74.0412 51.8241 -1.15
      vertex 74.0412 48.9759 -1.15
    endloop
  endfacet
  facet normal 0 0 -1
    outer loop
      vertex 73.8 48.876 -1.15
      vertex 73.8 51.924 -1.15
      vertex 74.0412 51.8241 -1.15
    endloop
  endfacet
  facet normal 0 0 -1
    outer loop
      vertex 73.5929 48.7171 -1.15
      vertex 73.8 51.924 -1.15
      vertex 73.8 48.876 -1.15
    endloop
  endfacet
  facet normal 0 0 -1
    outer loop
      vertex 73.5929 48.7171 -1.15
      vertex 73.5929 52.0829 -1.15
      vertex 73.8 51.924 -1.15
    endloop
  endfacet
  facet normal 0 0 -1
    outer loop
      vertex 73.434 48.51 -1.15
      vertex 73.5929 52.0829 -1.15
      vertex 73.5929 48.7171 -1.15
    endloop
  endfacet
  facet normal 0 0 -1
    outer loop
      vertex 73.434 48.51 -1.15
      vertex 73.434 52.29 -1.15
      vertex 73.5929 52.0829 -1.15
    endloop
  endfacet
  facet normal 0 0 -1
    outer loop
      vertex 73.3341 48.2688 -1.15
      vertex 73.434 52.29 -1.15
      vertex 73.434 48.51 -1.15
    endloop
  endfacet
  facet normal 0 0 -1
    outer loop
      vertex 73.3341 48.2688 -1.15
      vertex 73.3341 52.5312 -1.15
      vertex 73.434 52.29 -1.15
    endloop
  endfacet
  facet normal 0 0 -1
    outer loop
      vertex 73.3 48.01 -1.15
      vertex 73.3341 52.5312 -1.15
      vertex 73.3341 48.2688 -1.15
    endloop
  endfacet
  facet normal -0 0 -1
    outer loop
      vertex 73.3341 52.5312 -1.15
      vertex 73.3 48.01 -1.15
      vertex 73.3 52.79 -1.15
    endloop
  endfacet
  facet normal 0 0 -1
    outer loop
      vertex 80.166 70.29 -1.15
      vertex 82.2 76.3942 -1.15
      vertex 80.2659 70.0488 -1.15
    endloop
  endfacet
  facet normal 0 0 -1
    outer loop
      vertex 80.0071 70.4971 -1.15
      vertex 82.2 76.3942 -1.15
      vertex 80.166 70.29 -1.15
    endloop
  endfacet
  facet normal 0 0 -1
    outer loop
      vertex 79.8 70.656 -1.15
      vertex 82.2 76.3942 -1.15
      vertex 80.0071 70.4971 -1.15
    endloop
  endfacet
  facet normal 0 0 -1
    outer loop
      vertex 79.5588 70.7559 -1.15
      vertex 82.2 76.3942 -1.15
      vertex 79.8 70.656 -1.15
    endloop
  endfacet
  facet normal 0 0 -1
    outer loop
      vertex 79.3 70.79 -1.15
      vertex 82.2 76.3942 -1.15
      vertex 79.5588 70.7559 -1.15
    endloop
  endfacet
  facet normal 0 0 -1
    outer loop
      vertex 74.3 70.79 -1.15
      vertex 82.2 76.3942 -1.15
      vertex 79.3 70.79 -1.15
    endloop
  endfacet
  facet normal 0 -0 -1
    outer loop
      vertex 76.0043 83.2182 -1.15
      vertex 82.2 76.3942 -1.15
      vertex 75.8955 83.1731 -1.15
    endloop
  endfacet
  facet normal 0 -0 -1
    outer loop
      vertex 76.6211 83.8987 -1.15
      vertex 80.9665 83.0195 -1.15
      vertex 76.576 83.7899 -1.15
    endloop
  endfacet
  facet normal 0 0 -1
    outer loop
      vertex 82.2 76.3942 -1.15
      vertex 76.0043 83.2182 -1.15
      vertex 80.9886 82.7951 -1.15
    endloop
  endfacet
  facet normal 0 0 -1
    outer loop
      vertex 80.972 83.1322 -1.15
      vertex 76.6211 83.8987 -1.15
      vertex 76.6553 84.0114 -1.15
    endloop
  endfacet
  facet normal 0 -0 -1
    outer loop
      vertex 76.1081 83.2737 -1.15
      vertex 80.9886 82.7951 -1.15
      vertex 76.0043 83.2182 -1.15
    endloop
  endfacet
  facet normal 0 0 -1
    outer loop
      vertex 80.9886 83.2438 -1.15
      vertex 76.6553 84.0114 -1.15
      vertex 76.6684 84.0776 -1.15
    endloop
  endfacet
  facet normal 0 0 -1
    outer loop
      vertex 81.5744 84.0337 -1.15
      vertex 79.5009 87.9128 -1.15
      vertex 79.9932 88.1457 -1.15
    endloop
  endfacet
  facet normal 0 0 -1
    outer loop
      vertex 81.4776 83.9757 -1.15
      vertex 79.0338 87.6329 -1.15
      vertex 79.5009 87.9128 -1.15
    endloop
  endfacet
  facet normal 0 0 -1
    outer loop
      vertex 81.3869 83.9084 -1.15
      vertex 78.5965 87.3086 -1.15
      vertex 79.0338 87.6329 -1.15
    endloop
  endfacet
  facet normal 0 0 -1
    outer loop
      vertex 81.3033 83.8326 -1.15
      vertex 78.1931 86.9429 -1.15
      vertex 78.5965 87.3086 -1.15
    endloop
  endfacet
  facet normal 0 0 -1
    outer loop
      vertex 81.1603 83.6584 -1.15
      vertex 77.503 86.1021 -1.15
      vertex 77.8273 86.5394 -1.15
    endloop
  endfacet
  facet normal 0 0 -1
    outer loop
      vertex 81.1023 83.5616 -1.15
      vertex 77.2231 85.6351 -1.15
      vertex 77.503 86.1021 -1.15
    endloop
  endfacet
  facet normal 0 0 -1
    outer loop
      vertex 81.054 83.4596 -1.15
      vertex 76.9903 85.1428 -1.15
      vertex 77.2231 85.6351 -1.15
    endloop
  endfacet
  facet normal 0 0 -1
    outer loop
      vertex 81.016 83.3533 -1.15
      vertex 76.8068 84.6301 -1.15
      vertex 76.9903 85.1428 -1.15
    endloop
  endfacet
  facet normal 0 0 -1
    outer loop
      vertex 80.9886 83.2438 -1.15
      vertex 76.6684 84.0776 -1.15
      vertex 76.8068 84.6301 -1.15
    endloop
  endfacet
  facet normal 0 0 -1
    outer loop
      vertex 81.2275 83.749 -1.15
      vertex 77.8273 86.5394 -1.15
      vertex 78.1931 86.9429 -1.15
    endloop
  endfacet
  facet normal 0 0 -1
    outer loop
      vertex 81.6764 84.0819 -1.15
      vertex 79.9932 88.1457 -1.15
      vertex 80.5058 88.3291 -1.15
    endloop
  endfacet
  facet normal 0 0 -1
    outer loop
      vertex 80.972 82.9068 -1.15
      vertex 76.576 83.7899 -1.15
      vertex 80.9665 83.0195 -1.15
    endloop
  endfacet
  facet normal 0 -0 -1
    outer loop
      vertex 76.576 83.7899 -1.15
      vertex 80.972 82.9068 -1.15
      vertex 76.5205 83.6861 -1.15
    endloop
  endfacet
  facet normal 0 0 -1
    outer loop
      vertex 80.9886 82.7951 -1.15
      vertex 76.5205 83.6861 -1.15
      vertex 80.972 82.9068 -1.15
    endloop
  endfacet
  facet normal 0 -0 -1
    outer loop
      vertex 76.5205 83.6861 -1.15
      vertex 80.9886 82.7951 -1.15
      vertex 76.4551 83.5881 -1.15
    endloop
  endfacet
  facet normal 0 -0 -1
    outer loop
      vertex 76.4551 83.5881 -1.15
      vertex 80.9886 82.7951 -1.15
      vertex 76.3804 83.4971 -1.15
    endloop
  endfacet
  facet normal 0 -0 -1
    outer loop
      vertex 76.3804 83.4971 -1.15
      vertex 80.9886 82.7951 -1.15
      vertex 76.2971 83.4138 -1.15
    endloop
  endfacet
  facet normal 0 -0 -1
    outer loop
      vertex 76.2971 83.4138 -1.15
      vertex 80.9886 82.7951 -1.15
      vertex 76.2061 83.3391 -1.15
    endloop
  endfacet
  facet normal 0 -0 -1
    outer loop
      vertex 76.2061 83.3391 -1.15
      vertex 80.9886 82.7951 -1.15
      vertex 76.1081 83.2737 -1.15
    endloop
  endfacet
  facet normal 0 0 -1
    outer loop
      vertex 82.2 76.3942 -1.15
      vertex 75.7828 83.1389 -1.15
      vertex 75.8955 83.1731 -1.15
    endloop
  endfacet
  facet normal 0 0 -1
    outer loop
      vertex 82.2 76.3942 -1.15
      vertex 75.6673 83.116 -1.15
      vertex 75.7828 83.1389 -1.15
    endloop
  endfacet
  facet normal 0 -0 -1
    outer loop
      vertex 75.4912 83.103 -1.15
      vertex 82.2 76.3942 -1.15
      vertex 74.3 70.79 -1.15
    endloop
  endfacet
  facet normal 0 0 -1
    outer loop
      vertex 82.2 76.3942 -1.15
      vertex 75.4912 83.103 -1.15
      vertex 75.6673 83.116 -1.15
    endloop
  endfacet
  facet normal 0 0 -1
    outer loop
      vertex 74.0412 70.7559 -1.15
      vertex 75.4912 83.103 -1.15
      vertex 74.3 70.79 -1.15
    endloop
  endfacet
  facet normal 0 0 -1
    outer loop
      vertex 73.8 70.656 -1.15
      vertex 75.4912 83.103 -1.15
      vertex 74.0412 70.7559 -1.15
    endloop
  endfacet
  facet normal 0 0 -1
    outer loop
      vertex 73.5929 70.4971 -1.15
      vertex 75.4912 83.103 -1.15
      vertex 73.8 70.656 -1.15
    endloop
  endfacet
  facet normal 0 0 -1
    outer loop
      vertex 73.434 70.29 -1.15
      vertex 75.4912 83.103 -1.15
      vertex 73.5929 70.4971 -1.15
    endloop
  endfacet
  facet normal 0 0 -1
    outer loop
      vertex 39.7071 63.1071 -1.15
      vertex 73.434 70.29 -1.15
      vertex 73.3341 70.0488 -1.15
    endloop
  endfacet
  facet normal -0 0 -1
    outer loop
      vertex 73.3341 38.7512 -1.15
      vertex 53.5859 33.5688 -1.15
      vertex 73.3 39.01 -1.15
    endloop
  endfacet
  facet normal 0 0 -1
    outer loop
      vertex 53.486 33.81 -1.15
      vertex 73.3 39.01 -1.15
      vertex 53.5859 33.5688 -1.15
    endloop
  endfacet
  facet normal 0 0 -1
    outer loop
      vertex 53.3271 34.0171 -1.15
      vertex 73.3 39.01 -1.15
      vertex 53.486 33.81 -1.15
    endloop
  endfacet
  facet normal 0 0 -1
    outer loop
      vertex 73.3 48.01 -1.15
      vertex 53.3271 34.0171 -1.15
      vertex 53.12 34.176 -1.15
    endloop
  endfacet
  facet normal -0 0 -1
    outer loop
      vertex 73.3 48.01 -1.15
      vertex 52.8788 34.2759 -1.15
      vertex 73.3 52.79 -1.15
    endloop
  endfacet
  facet normal 0 0 -1
    outer loop
      vertex 73.3 52.79 -1.15
      vertex 52.8788 34.2759 -1.15
      vertex 39.9569 46.8903 -1.15
    endloop
  endfacet
  facet normal 0 0 -1
    outer loop
      vertex 52.62 34.31 -1.15
      vertex 39.9952 46.698 -1.15
      vertex 52.8788 34.2759 -1.15
    endloop
  endfacet
  facet normal 0 0 -1
    outer loop
      vertex 39.9808 46.7951 -1.15
      vertex 52.8788 34.2759 -1.15
      vertex 39.9952 46.698 -1.15
    endloop
  endfacet
  facet normal 0 0 -1
    outer loop
      vertex 39.9952 46.698 -1.15
      vertex 52.62 34.31 -1.15
      vertex 40 46.6 -1.15
    endloop
  endfacet
  facet normal 0 0 -1
    outer loop
      vertex 39.9952 62.498 -1.15
      vertex 73.3 69.79 -1.15
      vertex 40 62.4 -1.15
    endloop
  endfacet
  facet normal 0 0 -1
    outer loop
      vertex 39.9808 62.5951 -1.15
      vertex 73.3 69.79 -1.15
      vertex 39.9952 62.498 -1.15
    endloop
  endfacet
  facet normal 0 0 -1
    outer loop
      vertex 39.9569 62.6903 -1.15
      vertex 73.3 69.79 -1.15
      vertex 39.9808 62.5951 -1.15
    endloop
  endfacet
  facet normal 0 0 -1
    outer loop
      vertex 39.9239 62.7827 -1.15
      vertex 73.3 69.79 -1.15
      vertex 39.9569 62.6903 -1.15
    endloop
  endfacet
  facet normal 0 0 -1
    outer loop
      vertex 39.8819 62.8714 -1.15
      vertex 73.3 69.79 -1.15
      vertex 39.9239 62.7827 -1.15
    endloop
  endfacet
  facet normal -0 0 -1
    outer loop
      vertex 73.3 69.79 -1.15
      vertex 39.8819 62.8714 -1.15
      vertex 73.3341 70.0488 -1.15
    endloop
  endfacet
  facet normal 0 0 -1
    outer loop
      vertex 39.8315 62.9556 -1.15
      vertex 73.3341 70.0488 -1.15
      vertex 39.8819 62.8714 -1.15
    endloop
  endfacet
  facet normal 0 0 -1
    outer loop
      vertex 39.773 63.0344 -1.15
      vertex 73.3341 70.0488 -1.15
      vertex 39.8315 62.9556 -1.15
    endloop
  endfacet
  facet normal 0 0 -1
    outer loop
      vertex 39.7071 63.1071 -1.15
      vertex 73.3341 70.0488 -1.15
      vertex 39.773 63.0344 -1.15
    endloop
  endfacet
  facet normal 0 0 -1
    outer loop
      vertex 73.434 70.29 -1.15
      vertex 39.7071 63.1071 -1.15
      vertex 39.6344 63.173 -1.15
    endloop
  endfacet
  facet normal -0 0 -1
    outer loop
      vertex 73.434 70.29 -1.15
      vertex 39.6344 63.173 -1.15
      vertex 75.4912 83.103 -1.15
    endloop
  endfacet
  facet normal 0 0 -1
    outer loop
      vertex 31.6058 83.103 -1.15
      vertex 39.6344 63.173 -1.15
      vertex 39.5556 63.2315 -1.15
    endloop
  endfacet
  facet normal 0 0 -1
    outer loop
      vertex 31.6058 83.103 -1.15
      vertex 39.5556 63.2315 -1.15
      vertex 39.4714 63.2819 -1.15
    endloop
  endfacet
  facet normal 0 0 -1
    outer loop
      vertex 31.6058 83.103 -1.15
      vertex 39.4714 63.2819 -1.15
      vertex 39.3827 63.3239 -1.15
    endloop
  endfacet
  facet normal 0 0 -1
    outer loop
      vertex 31.6058 83.103 -1.15
      vertex 39.3827 63.3239 -1.15
      vertex 39.2903 63.3569 -1.15
    endloop
  endfacet
  facet normal 0 0 -1
    outer loop
      vertex 31.6058 83.103 -1.15
      vertex 39.2903 63.3569 -1.15
      vertex 39.1951 63.3808 -1.15
    endloop
  endfacet
  facet normal 0 0 -1
    outer loop
      vertex 31.6058 83.103 -1.15
      vertex 39.1951 63.3808 -1.15
      vertex 39.098 63.3952 -1.15
    endloop
  endfacet
  facet normal 0 0 -1
    outer loop
      vertex 31.6058 83.103 -1.15
      vertex 39.098 63.3952 -1.15
      vertex 39 63.4 -1.15
    endloop
  endfacet
  facet normal 0 0 -1
    outer loop
      vertex 31.6058 83.103 -1.15
      vertex 39 63.4 -1.15
      vertex 38.902 63.3952 -1.15
    endloop
  endfacet
  facet normal 0 0 -1
    outer loop
      vertex 31.6058 83.103 -1.15
      vertex 38.902 63.3952 -1.15
      vertex 38.8049 63.3808 -1.15
    endloop
  endfacet
  facet normal 0 0 -1
    outer loop
      vertex 31.6058 83.103 -1.15
      vertex 38.8049 63.3808 -1.15
      vertex 38.7097 63.3569 -1.15
    endloop
  endfacet
  facet normal 0 0 -1
    outer loop
      vertex 31.6058 83.103 -1.15
      vertex 38.7097 63.3569 -1.15
      vertex 38.6173 63.3239 -1.15
    endloop
  endfacet
  facet normal 0 0 -1
    outer loop
      vertex 31.6058 83.103 -1.15
      vertex 38.6173 63.3239 -1.15
      vertex 38.5286 63.2819 -1.15
    endloop
  endfacet
  facet normal 0 0 -1
    outer loop
      vertex 31.0927 25.7818 -1.15
      vertex 24.897 32.6058 -1.15
      vertex 31.2015 25.8268 -1.15
    endloop
  endfacet
  facet normal 0 0 -1
    outer loop
      vertex 31.2015 25.8268 -1.15
      vertex 24.897 32.6058 -1.15
      vertex 31.3142 25.861 -1.15
    endloop
  endfacet
  facet normal 0 0 -1
    outer loop
      vertex 31.4297 25.884 -1.15
      vertex 24.897 32.6058 -1.15
      vertex 36.62 33.31 -1.15
    endloop
  endfacet
  facet normal -0 0 -1
    outer loop
      vertex 36.62 33.31 -1.15
      vertex 24.897 32.6058 -1.15
      vertex 36.6541 33.5688 -1.15
    endloop
  endfacet
  facet normal 0 0 -1
    outer loop
      vertex 24.897 32.6058 -1.15
      vertex 31.0927 25.7818 -1.15
      vertex 26.043 26.4206 -1.15
    endloop
  endfacet
  facet normal 0 0 -1
    outer loop
      vertex 30.8909 25.6609 -1.15
      vertex 26.043 26.4206 -1.15
      vertex 30.9888 25.7263 -1.15
    endloop
  endfacet
  facet normal 0 0 -1
    outer loop
      vertex 31.4297 25.884 -1.15
      vertex 36.62 33.31 -1.15
      vertex 31.6058 25.897 -1.15
    endloop
  endfacet
  facet normal 0 0 -1
    outer loop
      vertex 24.897 32.6058 -1.15
      vertex 31.4297 25.884 -1.15
      vertex 31.3142 25.861 -1.15
    endloop
  endfacet
  facet normal 0 0 -1
    outer loop
      vertex 38.0192 62.2049 -1.15
      vertex 26.1305 83.0195 -1.15
      vertex 38.0048 62.302 -1.15
    endloop
  endfacet
  facet normal 0 0 -1
    outer loop
      vertex 39.6344 63.173 -1.15
      vertex 31.6058 83.103 -1.15
      vertex 75.4912 83.103 -1.15
    endloop
  endfacet
  facet normal 0 0 -1
    outer loop
      vertex 38.4444 63.2315 -1.15
      vertex 31.6058 83.103 -1.15
      vertex 38.5286 63.2819 -1.15
    endloop
  endfacet
  facet normal 0 0 -1
    outer loop
      vertex 38.3656 63.173 -1.15
      vertex 31.6058 83.103 -1.15
      vertex 38.4444 63.2315 -1.15
    endloop
  endfacet
  facet normal 0 0 -1
    outer loop
      vertex 31.4881 83.1088 -1.15
      vertex 38.3656 63.173 -1.15
      vertex 38.2929 63.1071 -1.15
    endloop
  endfacet
  facet normal 0 0 -1
    outer loop
      vertex 31.3716 83.1261 -1.15
      vertex 38.2929 63.1071 -1.15
      vertex 38.227 63.0344 -1.15
    endloop
  endfacet
  facet normal 0 0 -1
    outer loop
      vertex 26.1305 83.0195 -1.15
      vertex 38.227 63.0344 -1.15
      vertex 38.1685 62.9556 -1.15
    endloop
  endfacet
  facet normal 0 0 -1
    outer loop
      vertex 26.1305 83.0195 -1.15
      vertex 38.1685 62.9556 -1.15
      vertex 38.1181 62.8714 -1.15
    endloop
  endfacet
  facet normal 0 0 -1
    outer loop
      vertex 26.1305 83.0195 -1.15
      vertex 38.1181 62.8714 -1.15
      vertex 38.0761 62.7827 -1.15
    endloop
  endfacet
  facet normal 0 0 -1
    outer loop
      vertex 26.1305 83.0195 -1.15
      vertex 38.0761 62.7827 -1.15
      vertex 38.0431 62.6903 -1.15
    endloop
  endfacet
  facet normal 0 0 -1
    outer loop
      vertex 26.1305 83.0195 -1.15
      vertex 38.0431 62.6903 -1.15
      vertex 38.0192 62.5951 -1.15
    endloop
  endfacet
  facet normal 0 0 -1
    outer loop
      vertex 26.1305 83.0195 -1.15
      vertex 38 62.4 -1.15
      vertex 38.0048 62.302 -1.15
    endloop
  endfacet
  facet normal 0 0 -1
    outer loop
      vertex 38.3656 63.173 -1.15
      vertex 31.4881 83.1088 -1.15
      vertex 31.6058 83.103 -1.15
    endloop
  endfacet
  facet normal -0 0 -1
    outer loop
      vertex 30.6781 83.5417 -1.15
      vertex 26.1305 83.0195 -1.15
      vertex 30.608 83.6363 -1.15
    endloop
  endfacet
  facet normal -0 0 -1
    outer loop
      vertex 30.7572 83.4545 -1.15
      vertex 26.1305 83.0195 -1.15
      vertex 30.6781 83.5417 -1.15
    endloop
  endfacet
  facet normal 0 0 -1
    outer loop
      vertex 30.9888 25.7263 -1.15
      vertex 26.043 26.4206 -1.15
      vertex 31.0927 25.7818 -1.15
    endloop
  endfacet
  facet normal 0 0 -1
    outer loop
      vertex 38.2929 63.1071 -1.15
      vertex 31.3716 83.1261 -1.15
      vertex 31.4881 83.1088 -1.15
    endloop
  endfacet
  facet normal 0 0 -1
    outer loop
      vertex 30.7999 25.5862 -1.15
      vertex 26.043 26.4206 -1.15
      vertex 30.8909 25.6609 -1.15
    endloop
  endfacet
  facet normal 0 0 -1
    outer loop
      vertex 26.1305 83.0195 -1.15
      vertex 31.3716 83.1261 -1.15
      vertex 38.227 63.0344 -1.15
    endloop
  endfacet
  facet normal 0 0 -1
    outer loop
      vertex 30.7166 25.5029 -1.15
      vertex 26.043 26.4206 -1.15
      vertex 30.7999 25.5862 -1.15
    endloop
  endfacet
  facet normal -0 0 -1
    outer loop
      vertex 31.3716 83.1261 -1.15
      vertex 26.1305 83.0195 -1.15
      vertex 31.2574 83.1547 -1.15
    endloop
  endfacet
  facet normal 0 0 -1
    outer loop
      vertex 26.043 26.4206 -1.15
      vertex 30.7166 25.5029 -1.15
      vertex 26.081 26.3144 -1.15
    endloop
  endfacet
  facet normal -0 0 -1
    outer loop
      vertex 31.2574 83.1547 -1.15
      vertex 26.1305 83.0195 -1.15
      vertex 31.1465 83.1943 -1.15
    endloop
  endfacet
  facet normal 0 0 -1
    outer loop
      vertex 30.6419 25.4118 -1.15
      vertex 26.081 26.3144 -1.15
      vertex 30.7166 25.5029 -1.15
    endloop
  endfacet
  facet normal -0 0 -1
    outer loop
      vertex 31.1465 83.1943 -1.15
      vertex 26.1305 83.0195 -1.15
      vertex 31.0401 83.2447 -1.15
    endloop
  endfacet
  facet normal 0 0 -1
    outer loop
      vertex 26.081 26.3144 -1.15
      vertex 30.6419 25.4118 -1.15
      vertex 26.1084 26.2049 -1.15
    endloop
  endfacet
  facet normal -0 0 -1
    outer loop
      vertex 31.0401 83.2447 -1.15
      vertex 26.1305 83.0195 -1.15
      vertex 30.9391 83.3052 -1.15
    endloop
  endfacet
  facet normal 0 0 -1
    outer loop
      vertex 30.5765 25.3139 -1.15
      vertex 26.1084 26.2049 -1.15
      vertex 30.6419 25.4118 -1.15
    endloop
  endfacet
  facet normal -0 0 -1
    outer loop
      vertex 30.9391 83.3052 -1.15
      vertex 26.1305 83.0195 -1.15
      vertex 30.8445 83.3754 -1.15
    endloop
  endfacet
  facet normal 0 0 -1
    outer loop
      vertex 26.1084 26.2049 -1.15
      vertex 30.5765 25.3139 -1.15
      vertex 26.125 26.0932 -1.15
    endloop
  endfacet
  facet normal 0 0 -1
    outer loop
      vertex 26.1305 83.0195 -1.15
      vertex 38.0192 62.5951 -1.15
      vertex 38.0048 62.498 -1.15
    endloop
  endfacet
  facet normal 0 0 -1
    outer loop
      vertex 30.521 25.2101 -1.15
      vertex 26.125 26.0932 -1.15
      vertex 30.5765 25.3139 -1.15
    endloop
  endfacet
  facet normal -0 0 -1
    outer loop
      vertex 30.8445 83.3754 -1.15
      vertex 26.1305 83.0195 -1.15
      vertex 30.7572 83.4545 -1.15
    endloop
  endfacet
  facet normal 0 0 -1
    outer loop
      vertex 26.125 26.0932 -1.15
      vertex 30.521 25.2101 -1.15
      vertex 26.1305 25.9805 -1.15
    endloop
  endfacet
  facet normal 0 0 -1
    outer loop
      vertex 26.1305 83.0195 -1.15
      vertex 38.0048 62.498 -1.15
      vertex 38 62.4 -1.15
    endloop
  endfacet
  facet normal 0 0 -1
    outer loop
      vertex 26.1305 25.9805 -1.15
      vertex 30.521 25.2101 -1.15
      vertex 30.4759 25.1013 -1.15
    endloop
  endfacet
  facet normal 0 0 -1
    outer loop
      vertex 26.1305 83.0195 -1.15
      vertex 30.5475 83.7373 -1.15
      vertex 30.608 83.6363 -1.15
    endloop
  endfacet
  facet normal 0 0 -1
    outer loop
      vertex 26.125 25.8678 -1.15
      vertex 30.4759 25.1013 -1.15
      vertex 30.4417 24.9886 -1.15
    endloop
  endfacet
  facet normal 0 0 -1
    outer loop
      vertex 26.1305 83.0195 -1.15
      vertex 30.4971 83.8438 -1.15
      vertex 30.5475 83.7373 -1.15
    endloop
  endfacet
  facet normal 0 0 -1
    outer loop
      vertex 30.4574 83.9547 -1.15
      vertex 30.4368 84.0448 -1.15
      vertex 30.4372 84.0448 -1.15
    endloop
  endfacet
  facet normal 0 0 -1
    outer loop
      vertex 26.1084 25.7562 -1.15
      vertex 30.4417 24.9886 -1.15
      vertex 30.4286 24.9224 -1.15
    endloop
  endfacet
  facet normal 0 0 -1
    outer loop
      vertex 26.1084 25.7562 -1.15
      vertex 30.4286 24.9224 -1.15
      vertex 30.2902 24.3699 -1.15
    endloop
  endfacet
  facet normal 0 0 -1
    outer loop
      vertex 26.1305 83.0195 -1.15
      vertex 30.4574 83.9547 -1.15
      vertex 30.4971 83.8438 -1.15
    endloop
  endfacet
  facet normal 0 0 -1
    outer loop
      vertex 26.081 25.6467 -1.15
      vertex 30.2902 24.3699 -1.15
      vertex 30.1067 23.8572 -1.15
    endloop
  endfacet
  facet normal 0 0 -1
    outer loop
      vertex 26.125 83.1322 -1.15
      vertex 30.4574 83.9547 -1.15
      vertex 26.1305 83.0195 -1.15
    endloop
  endfacet
  facet normal 0 0 -1
    outer loop
      vertex 26.043 25.5404 -1.15
      vertex 30.1067 23.8572 -1.15
      vertex 29.8739 23.3649 -1.15
    endloop
  endfacet
  facet normal -0 0 -1
    outer loop
      vertex 30.4574 83.9547 -1.15
      vertex 26.125 83.1322 -1.15
      vertex 30.4368 84.0448 -1.15
    endloop
  endfacet
  facet normal 0 0 -1
    outer loop
      vertex 25.9947 25.4384 -1.15
      vertex 29.8739 23.3649 -1.15
      vertex 29.594 22.8979 -1.15
    endloop
  endfacet
  facet normal 0 0 -1
    outer loop
      vertex 26.1084 83.2438 -1.15
      vertex 30.4368 84.0448 -1.15
      vertex 26.125 83.1322 -1.15
    endloop
  endfacet
  facet normal 0 0 -1
    outer loop
      vertex 25.9367 25.3416 -1.15
      vertex 29.594 22.8979 -1.15
      vertex 29.2696 22.4606 -1.15
    endloop
  endfacet
  facet normal -0 0 -1
    outer loop
      vertex 30.4368 84.0448 -1.15
      vertex 26.1084 83.2438 -1.15
      vertex 30.2902 84.6301 -1.15
    endloop
  endfacet
  facet normal 0 0 -1
    outer loop
      vertex 25.8695 25.251 -1.15
      vertex 29.2696 22.4606 -1.15
      vertex 28.9039 22.0571 -1.15
    endloop
  endfacet
  facet normal 0 0 -1
    outer loop
      vertex 26.081 83.3533 -1.15
      vertex 30.2902 84.6301 -1.15
      vertex 26.1084 83.2438 -1.15
    endloop
  endfacet
  facet normal 0 0 -1
    outer loop
      vertex 25.7937 25.1674 -1.15
      vertex 28.9039 22.0571 -1.15
      vertex 28.5005 21.6914 -1.15
    endloop
  endfacet
  facet normal -0 0 -1
    outer loop
      vertex 30.2902 84.6301 -1.15
      vertex 26.081 83.3533 -1.15
      vertex 30.1067 85.1428 -1.15
    endloop
  endfacet
  facet normal 0 0 -1
    outer loop
      vertex 25.7101 25.0916 -1.15
      vertex 28.5005 21.6914 -1.15
      vertex 28.0632 21.3671 -1.15
    endloop
  endfacet
  facet normal 0 0 -1
    outer loop
      vertex 26.043 83.4596 -1.15
      vertex 30.1067 85.1428 -1.15
      vertex 26.081 83.3533 -1.15
    endloop
  endfacet
  facet normal 0 0 -1
    outer loop
      vertex 25.6194 25.0243 -1.15
      vertex 28.0632 21.3671 -1.15
      vertex 27.5961 21.0872 -1.15
    endloop
  endfacet
  facet normal -0 0 -1
    outer loop
      vertex 30.1067 85.1428 -1.15
      vertex 26.043 83.4596 -1.15
      vertex 29.8739 85.6351 -1.15
    endloop
  endfacet
  facet normal 0 0 -1
    outer loop
      vertex 25.5226 24.9663 -1.15
      vertex 27.5961 21.0872 -1.15
      vertex 27.1038 20.8543 -1.15
    endloop
  endfacet
  facet normal 0 0 -1
    outer loop
      vertex 25.9947 83.5616 -1.15
      vertex 29.8739 85.6351 -1.15
      vertex 26.043 83.4596 -1.15
    endloop
  endfacet
  facet normal 0 0 -1
    outer loop
      vertex 25.4206 24.9181 -1.15
      vertex 27.1038 20.8543 -1.15
      vertex 26.5911 20.6709 -1.15
    endloop
  endfacet
  facet normal -0 0 -1
    outer loop
      vertex 29.8739 85.6351 -1.15
      vertex 25.9947 83.5616 -1.15
      vertex 29.594 86.1021 -1.15
    endloop
  endfacet
  facet normal 0 0 -1
    outer loop
      vertex 25.9367 83.6584 -1.15
      vertex 29.594 86.1021 -1.15
      vertex 25.9947 83.5616 -1.15
    endloop
  endfacet
  facet normal 0 0 -1
    outer loop
      vertex 30.4759 25.1013 -1.15
      vertex 26.125 25.8678 -1.15
      vertex 26.1305 25.9805 -1.15
    endloop
  endfacet
  facet normal 0 0 -1
    outer loop
      vertex 30.4417 24.9886 -1.15
      vertex 26.1084 25.7562 -1.15
      vertex 26.125 25.8678 -1.15
    endloop
  endfacet
  facet normal 0 0 -1
    outer loop
      vertex 30.2902 24.3699 -1.15
      vertex 26.081 25.6467 -1.15
      vertex 26.1084 25.7562 -1.15
    endloop
  endfacet
  facet normal 0 0 -1
    outer loop
      vertex 25.3144 24.88 -1.15
      vertex 26.5911 20.6709 -1.15
      vertex 26.0631 20.5386 -1.15
    endloop
  endfacet
  facet normal 0 0 -1
    outer loop
      vertex 30.1067 23.8572 -1.15
      vertex 26.043 25.5404 -1.15
      vertex 26.081 25.6467 -1.15
    endloop
  endfacet
  facet normal 0 0 -1
    outer loop
      vertex 29.8739 23.3649 -1.15
      vertex 25.9947 25.4384 -1.15
      vertex 26.043 25.5404 -1.15
    endloop
  endfacet
  facet normal 0 0 -1
    outer loop
      vertex 29.594 22.8979 -1.15
      vertex 25.9367 25.3416 -1.15
      vertex 25.9947 25.4384 -1.15
    endloop
  endfacet
  facet normal 0 0 -1
    outer loop
      vertex 29.2696 22.4606 -1.15
      vertex 25.8695 25.251 -1.15
      vertex 25.9367 25.3416 -1.15
    endloop
  endfacet
  facet normal 0 0 -1
    outer loop
      vertex 28.9039 22.0571 -1.15
      vertex 25.7937 25.1674 -1.15
      vertex 25.8695 25.251 -1.15
    endloop
  endfacet
  facet normal 0 0 -1
    outer loop
      vertex 28.5005 21.6914 -1.15
      vertex 25.7101 25.0916 -1.15
      vertex 25.7937 25.1674 -1.15
    endloop
  endfacet
  facet normal 0 0 -1
    outer loop
      vertex 28.0632 21.3671 -1.15
      vertex 25.6194 25.0243 -1.15
      vertex 25.7101 25.0916 -1.15
    endloop
  endfacet
  facet normal 0 0 -1
    outer loop
      vertex 25.2049 24.8526 -1.15
      vertex 26.0631 20.5386 -1.15
      vertex 25.5243 20.4587 -1.15
    endloop
  endfacet
  facet normal 0 0 -1
    outer loop
      vertex 27.5961 21.0872 -1.15
      vertex 25.5226 24.9663 -1.15
      vertex 25.6194 25.0243 -1.15
    endloop
  endfacet
  facet normal 0 0 -1
    outer loop
      vertex 27.1038 20.8543 -1.15
      vertex 25.4206 24.9181 -1.15
      vertex 25.5226 24.9663 -1.15
    endloop
  endfacet
  facet normal 0 0 -1
    outer loop
      vertex 26.5911 20.6709 -1.15
      vertex 25.3144 24.88 -1.15
      vertex 25.4206 24.9181 -1.15
    endloop
  endfacet
  facet normal 0 0 -1
    outer loop
      vertex 26.0631 20.5386 -1.15
      vertex 25.2049 24.8526 -1.15
      vertex 25.3144 24.88 -1.15
    endloop
  endfacet
  facet normal 0 0 -1
    outer loop
      vertex 25.5243 20.4587 -1.15
      vertex 25.0932 24.8361 -1.15
      vertex 25.2049 24.8526 -1.15
    endloop
  endfacet
  facet normal 0 0 -1
    outer loop
      vertex 25.5243 20.4587 -1.15
      vertex 24.9805 24.8305 -1.15
      vertex 25.0932 24.8361 -1.15
    endloop
  endfacet
  facet normal 0 0 -1
    outer loop
      vertex 24.9805 20.432 -1.15
      vertex 24.9805 24.8305 -1.15
      vertex 25.5243 20.4587 -1.15
    endloop
  endfacet
  facet normal 0 0 -1
    outer loop
      vertex 24.9805 20.432 -1.15
      vertex 24.8678 24.8361 -1.15
      vertex 24.9805 24.8305 -1.15
    endloop
  endfacet
  facet normal 0 0 -1
    outer loop
      vertex 24.4368 20.4587 -1.15
      vertex 24.8678 24.8361 -1.15
      vertex 24.9805 20.432 -1.15
    endloop
  endfacet
  facet normal -0 0 -1
    outer loop
      vertex 24.8678 24.8361 -1.15
      vertex 24.4368 20.4587 -1.15
      vertex 24.7562 24.8526 -1.15
    endloop
  endfacet
  facet normal 0 0 -1
    outer loop
      vertex 23.898 20.5386 -1.15
      vertex 24.7562 24.8526 -1.15
      vertex 24.4368 20.4587 -1.15
    endloop
  endfacet
  facet normal -0 0 -1
    outer loop
      vertex 24.7562 24.8526 -1.15
      vertex 23.898 20.5386 -1.15
      vertex 24.6467 24.88 -1.15
    endloop
  endfacet
  facet normal 0 0 -1
    outer loop
      vertex 23.37 20.6708 -1.15
      vertex 24.6467 24.88 -1.15
      vertex 23.898 20.5386 -1.15
    endloop
  endfacet
  facet normal -0 0 -1
    outer loop
      vertex 24.6467 24.88 -1.15
      vertex 23.37 20.6708 -1.15
      vertex 24.5404 24.9181 -1.15
    endloop
  endfacet
  facet normal 0 0 -1
    outer loop
      vertex 22.8572 20.8543 -1.15
      vertex 24.5404 24.9181 -1.15
      vertex 23.37 20.6708 -1.15
    endloop
  endfacet
  facet normal -0 0 -1
    outer loop
      vertex 24.5404 24.9181 -1.15
      vertex 22.8572 20.8543 -1.15
      vertex 24.4384 24.9663 -1.15
    endloop
  endfacet
  facet normal 0 0 -1
    outer loop
      vertex 22.3649 21.0872 -1.15
      vertex 24.4384 24.9663 -1.15
      vertex 22.8572 20.8543 -1.15
    endloop
  endfacet
  facet normal -0 0 -1
    outer loop
      vertex 24.4384 24.9663 -1.15
      vertex 22.3649 21.0872 -1.15
      vertex 24.3416 25.0243 -1.15
    endloop
  endfacet
  facet normal 0 0 -1
    outer loop
      vertex 21.8979 21.3671 -1.15
      vertex 24.3416 25.0243 -1.15
      vertex 22.3649 21.0872 -1.15
    endloop
  endfacet
  facet normal -0 0 -1
    outer loop
      vertex 24.3416 25.0243 -1.15
      vertex 21.8979 21.3671 -1.15
      vertex 24.251 25.0916 -1.15
    endloop
  endfacet
  facet normal 0 0 -1
    outer loop
      vertex 21.4606 21.6914 -1.15
      vertex 24.251 25.0916 -1.15
      vertex 21.8979 21.3671 -1.15
    endloop
  endfacet
  facet normal -0 0 -1
    outer loop
      vertex 24.251 25.0916 -1.15
      vertex 21.4606 21.6914 -1.15
      vertex 24.1674 25.1674 -1.15
    endloop
  endfacet
  facet normal 0 0 -1
    outer loop
      vertex 21.0571 22.0571 -1.15
      vertex 24.1674 25.1674 -1.15
      vertex 21.4606 21.6914 -1.15
    endloop
  endfacet
  facet normal -0 0 -1
    outer loop
      vertex 24.1674 25.1674 -1.15
      vertex 21.0571 22.0571 -1.15
      vertex 24.0916 25.251 -1.15
    endloop
  endfacet
  facet normal 0 0 -1
    outer loop
      vertex 20.6914 22.4606 -1.15
      vertex 24.0916 25.251 -1.15
      vertex 21.0571 22.0571 -1.15
    endloop
  endfacet
  facet normal -0 0 -1
    outer loop
      vertex 24.0916 25.251 -1.15
      vertex 20.6914 22.4606 -1.15
      vertex 24.0243 25.3416 -1.15
    endloop
  endfacet
  facet normal 0.146688 -0.989183 0
    outer loop
      vertex 82.6602 20.4587 -1.15
      vertex 83.199 20.5386 0
      vertex 82.6602 20.4587 0
    endloop
  endfacet
  facet normal 0.146688 -0.989183 0
    outer loop
      vertex 83.199 20.5386 0
      vertex 82.6602 20.4587 -1.15
      vertex 83.199 20.5386 -1.15
    endloop
  endfacet
  facet normal 0.242881 -0.970056 0
    outer loop
      vertex 83.199 20.5386 -1.15
      vertex 83.727 20.6708 0
      vertex 83.199 20.5386 0
    endloop
  endfacet
  facet normal 0.242881 -0.970056 0
    outer loop
      vertex 83.727 20.6708 0
      vertex 83.199 20.5386 -1.15
      vertex 83.727 20.6708 -1.15
    endloop
  endfacet
  facet normal 0.336918 -0.941534 0
    outer loop
      vertex 83.727 20.6708 -1.15
      vertex 84.2398 20.8543 0
      vertex 83.727 20.6708 0
    endloop
  endfacet
  facet normal 0.336918 -0.941534 0
    outer loop
      vertex 84.2398 20.8543 0
      vertex 83.727 20.6708 -1.15
      vertex 84.2398 20.8543 -1.15
    endloop
  endfacet
  facet normal 0.427644 -0.903947 0
    outer loop
      vertex 84.2398 20.8543 -1.15
      vertex 84.7321 21.0872 0
      vertex 84.2398 20.8543 0
    endloop
  endfacet
  facet normal 0.427644 -0.903947 0
    outer loop
      vertex 84.7321 21.0872 0
      vertex 84.2398 20.8543 -1.15
      vertex 84.7321 21.0872 -1.15
    endloop
  endfacet
  facet normal 0.514091 -0.857736 0
    outer loop
      vertex 84.7321 21.0872 -1.15
      vertex 85.1991 21.3671 0
      vertex 84.7321 21.0872 0
    endloop
  endfacet
  facet normal 0.514091 -0.857736 0
    outer loop
      vertex 85.1991 21.3671 0
      vertex 84.7321 21.0872 -1.15
      vertex 85.1991 21.3671 -1.15
    endloop
  endfacet
  facet normal 0.595671 -0.803228 0
    outer loop
      vertex 85.1991 21.3671 -1.15
      vertex 85.6364 21.6914 0
      vertex 85.1991 21.3671 0
    endloop
  endfacet
  facet normal 0.595671 -0.803228 0
    outer loop
      vertex 85.6364 21.6914 0
      vertex 85.1991 21.3671 -1.15
      vertex 85.6364 21.6914 -1.15
    endloop
  endfacet
  facet normal 0.671548 -0.740961 0
    outer loop
      vertex 85.6364 21.6914 -1.15
      vertex 86.0399 22.0571 0
      vertex 85.6364 21.6914 0
    endloop
  endfacet
  facet normal 0.671548 -0.740961 0
    outer loop
      vertex 86.0399 22.0571 0
      vertex 85.6364 21.6914 -1.15
      vertex 86.0399 22.0571 -1.15
    endloop
  endfacet
  facet normal 0.740961 -0.671548 0
    outer loop
      vertex 86.0399 22.0571 0
      vertex 86.4056 22.4606 -1.15
      vertex 86.4056 22.4606 0
    endloop
  endfacet
  facet normal 0.740961 -0.671548 0
    outer loop
      vertex 86.4056 22.4606 -1.15
      vertex 86.0399 22.0571 0
      vertex 86.0399 22.0571 -1.15
    endloop
  endfacet
  facet normal 0.803228 -0.595671 0
    outer loop
      vertex 86.4056 22.4606 0
      vertex 86.7299 22.8979 -1.15
      vertex 86.7299 22.8979 0
    endloop
  endfacet
  facet normal 0.803228 -0.595671 0
    outer loop
      vertex 86.7299 22.8979 -1.15
      vertex 86.4056 22.4606 0
      vertex 86.4056 22.4606 -1.15
    endloop
  endfacet
  facet normal 0.857736 -0.514091 0
    outer loop
      vertex 86.7299 22.8979 0
      vertex 87.0098 23.3649 -1.15
      vertex 87.0098 23.3649 0
    endloop
  endfacet
  facet normal 0.857736 -0.514091 0
    outer loop
      vertex 87.0098 23.3649 -1.15
      vertex 86.7299 22.8979 0
      vertex 86.7299 22.8979 -1.15
    endloop
  endfacet
  facet normal 0.904018 -0.427494 0
    outer loop
      vertex 87.0098 23.3649 0
      vertex 87.2426 23.8572 -1.15
      vertex 87.2426 23.8572 0
    endloop
  endfacet
  facet normal 0.904018 -0.427494 0
    outer loop
      vertex 87.2426 23.8572 -1.15
      vertex 87.0098 23.3649 0
      vertex 87.0098 23.3649 -1.15
    endloop
  endfacet
  facet normal 0.941534 -0.336918 0
    outer loop
      vertex 87.2426 23.8572 0
      vertex 87.4261 24.37 -1.15
      vertex 87.4261 24.37 0
    endloop
  endfacet
  facet normal 0.941534 -0.336918 0
    outer loop
      vertex 87.4261 24.37 -1.15
      vertex 87.2426 23.8572 0
      vertex 87.2426 23.8572 -1.15
    endloop
  endfacet
  facet normal 0.970013 -0.243054 0
    outer loop
      vertex 87.4261 24.37 0
      vertex 87.5584 24.898 -1.15
      vertex 87.5584 24.898 0
    endloop
  endfacet
  facet normal 0.970013 -0.243054 0
    outer loop
      vertex 87.5584 24.898 -1.15
      vertex 87.4261 24.37 0
      vertex 87.4261 24.37 -1.15
    endloop
  endfacet
  facet normal 0.989183 -0.146688 0
    outer loop
      vertex 87.5584 24.898 0
      vertex 87.6383 25.4368 -1.15
      vertex 87.6383 25.4368 0
    endloop
  endfacet
  facet normal 0.989183 -0.146688 0
    outer loop
      vertex 87.6383 25.4368 -1.15
      vertex 87.5584 24.898 0
      vertex 87.5584 24.898 -1.15
    endloop
  endfacet
  facet normal 0.998796 -0.0490489 0
    outer loop
      vertex 87.6383 25.4368 0
      vertex 87.665 25.9805 -1.15
      vertex 87.665 25.9805 0
    endloop
  endfacet
  facet normal 0.998796 -0.0490489 0
    outer loop
      vertex 87.665 25.9805 -1.15
      vertex 87.6383 25.4368 0
      vertex 87.6383 25.4368 -1.15
    endloop
  endfacet
  facet normal 0.998797 0.0490399 0
    outer loop
      vertex 87.665 25.9805 0
      vertex 87.6383 26.5243 -1.15
      vertex 87.6383 26.5243 0
    endloop
  endfacet
  facet normal 0.998797 0.0490399 0
    outer loop
      vertex 87.6383 26.5243 -1.15
      vertex 87.665 25.9805 0
      vertex 87.665 25.9805 -1.15
    endloop
  endfacet
  facet normal 0.989183 0.146688 0
    outer loop
      vertex 87.6383 26.5243 0
      vertex 87.5584 27.0631 -1.15
      vertex 87.5584 27.0631 0
    endloop
  endfacet
  facet normal 0.989183 0.146688 0
    outer loop
      vertex 87.5584 27.0631 -1.15
      vertex 87.6383 26.5243 0
      vertex 87.6383 26.5243 -1.15
    endloop
  endfacet
  facet normal 0.970013 0.243054 0
    outer loop
      vertex 87.5584 27.0631 0
      vertex 87.4261 27.5911 -1.15
      vertex 87.4261 27.5911 0
    endloop
  endfacet
  facet normal 0.970013 0.243054 0
    outer loop
      vertex 87.4261 27.5911 -1.15
      vertex 87.5584 27.0631 0
      vertex 87.5584 27.0631 -1.15
    endloop
  endfacet
  facet normal 0.941571 0.336813 0
    outer loop
      vertex 87.4261 27.5911 0
      vertex 87.2427 28.1038 -1.15
      vertex 87.2427 28.1038 0
    endloop
  endfacet
  facet normal 0.941571 0.336813 0
    outer loop
      vertex 87.2427 28.1038 -1.15
      vertex 87.4261 27.5911 0
      vertex 87.4261 27.5911 -1.15
    endloop
  endfacet
  facet normal 0.903947 0.427644 0
    outer loop
      vertex 87.2427 28.1038 0
      vertex 87.0098 28.5961 -1.15
      vertex 87.0098 28.5961 0
    endloop
  endfacet
  facet normal 0.903947 0.427644 0
    outer loop
      vertex 87.0098 28.5961 -1.15
      vertex 87.2427 28.1038 0
      vertex 87.2427 28.1038 -1.15
    endloop
  endfacet
  facet normal 0.857784 0.51401 0
    outer loop
      vertex 87.0098 28.5961 0
      vertex 86.7299 29.0632 -1.15
      vertex 86.7299 29.0632 0
    endloop
  endfacet
  facet normal 0.857784 0.51401 0
    outer loop
      vertex 86.7299 29.0632 -1.15
      vertex 87.0098 28.5961 0
      vertex 87.0098 28.5961 -1.15
    endloop
  endfacet
  facet normal 0.803228 0.595671 0
    outer loop
      vertex 86.7299 29.0632 0
      vertex 86.4056 29.5005 -1.15
      vertex 86.4056 29.5005 0
    endloop
  endfacet
  facet normal 0.803228 0.595671 0
    outer loop
      vertex 86.4056 29.5005 -1.15
      vertex 86.7299 29.0632 0
      vertex 86.7299 29.0632 -1.15
    endloop
  endfacet
  facet normal 0.740878 0.671639 0
    outer loop
      vertex 86.4056 29.5005 0
      vertex 86.0399 29.9039 -1.15
      vertex 86.0399 29.9039 0
    endloop
  endfacet
  facet normal 0.740878 0.671639 0
    outer loop
      vertex 86.0399 29.9039 -1.15
      vertex 86.4056 29.5005 0
      vertex 86.4056 29.5005 -1.15
    endloop
  endfacet
  facet normal 0.671548 0.740961 -0
    outer loop
      vertex 86.0399 29.9039 -1.15
      vertex 85.6364 30.2696 0
      vertex 86.0399 29.9039 0
    endloop
  endfacet
  facet normal 0.671548 0.740961 0
    outer loop
      vertex 85.6364 30.2696 0
      vertex 86.0399 29.9039 -1.15
      vertex 85.6364 30.2696 -1.15
    endloop
  endfacet
  facet normal 0.59579 0.803141 -0
    outer loop
      vertex 85.6364 30.2696 -1.15
      vertex 85.1991 30.594 0
      vertex 85.6364 30.2696 0
    endloop
  endfacet
  facet normal 0.59579 0.803141 0
    outer loop
      vertex 85.1991 30.594 0
      vertex 85.6364 30.2696 -1.15
      vertex 85.1991 30.594 -1.15
    endloop
  endfacet
  facet normal 0.514091 0.857736 -0
    outer loop
      vertex 85.1991 30.594 -1.15
      vertex 84.7321 30.8739 0
      vertex 85.1991 30.594 0
    endloop
  endfacet
  facet normal 0.514091 0.857736 0
    outer loop
      vertex 84.7321 30.8739 0
      vertex 85.1991 30.594 -1.15
      vertex 84.7321 30.8739 -1.15
    endloop
  endfacet
  facet normal 0.427494 0.904018 -0
    outer loop
      vertex 84.7321 30.8739 -1.15
      vertex 84.2398 31.1067 0
      vertex 84.7321 30.8739 0
    endloop
  endfacet
  facet normal 0.427494 0.904018 0
    outer loop
      vertex 84.2398 31.1067 0
      vertex 84.7321 30.8739 -1.15
      vertex 84.2398 31.1067 -1.15
    endloop
  endfacet
  facet normal 0.336976 0.941513 -0
    outer loop
      vertex 84.2398 31.1067 -1.15
      vertex 83.7271 31.2902 0
      vertex 84.2398 31.1067 0
    endloop
  endfacet
  facet normal 0.336976 0.941513 0
    outer loop
      vertex 83.7271 31.2902 0
      vertex 84.2398 31.1067 -1.15
      vertex 83.7271 31.2902 -1.15
    endloop
  endfacet
  facet normal 0.24299 0.970029 -0
    outer loop
      vertex 83.7271 31.2902 -1.15
      vertex 83.1746 31.4286 0
      vertex 83.7271 31.2902 0
    endloop
  endfacet
  facet normal 0.24299 0.970029 0
    outer loop
      vertex 83.1746 31.4286 0
      vertex 83.7271 31.2902 -1.15
      vertex 83.1746 31.4286 -1.15
    endloop
  endfacet
  facet normal 0.194121 0.980978 -0
    outer loop
      vertex 83.1746 31.4286 -1.15
      vertex 83.1084 31.4417 0
      vertex 83.1746 31.4286 0
    endloop
  endfacet
  facet normal 0.194121 0.980978 0
    outer loop
      vertex 83.1084 31.4417 0
      vertex 83.1746 31.4286 -1.15
      vertex 83.1084 31.4417 -1.15
    endloop
  endfacet
  facet normal 0.290384 0.95691 -0
    outer loop
      vertex 83.1084 31.4417 -1.15
      vertex 82.9957 31.4759 0
      vertex 83.1084 31.4417 0
    endloop
  endfacet
  facet normal 0.290384 0.95691 0
    outer loop
      vertex 82.9957 31.4759 0
      vertex 83.1084 31.4417 -1.15
      vertex 82.9957 31.4759 -1.15
    endloop
  endfacet
  facet normal 0.382927 0.923779 -0
    outer loop
      vertex 82.9957 31.4759 -1.15
      vertex 82.8869 31.521 0
      vertex 82.9957 31.4759 0
    endloop
  endfacet
  facet normal 0.382927 0.923779 0
    outer loop
      vertex 82.8869 31.521 0
      vertex 82.9957 31.4759 -1.15
      vertex 82.8869 31.521 -1.15
    endloop
  endfacet
  facet normal 0.471514 0.881859 -0
    outer loop
      vertex 82.8869 31.521 -1.15
      vertex 82.7831 31.5765 0
      vertex 82.8869 31.521 0
    endloop
  endfacet
  facet normal 0.471514 0.881859 0
    outer loop
      vertex 82.7831 31.5765 0
      vertex 82.8869 31.521 -1.15
      vertex 82.7831 31.5765 -1.15
    endloop
  endfacet
  facet normal 0.555092 0.831789 -0
    outer loop
      vertex 82.7831 31.5765 -1.15
      vertex 82.6851 31.6419 0
      vertex 82.7831 31.5765 0
    endloop
  endfacet
  facet normal 0.555092 0.831789 0
    outer loop
      vertex 82.6851 31.6419 0
      vertex 82.7831 31.5765 -1.15
      vertex 82.6851 31.6419 -1.15
    endloop
  endfacet
  facet normal 0.634486 0.772935 -0
    outer loop
      vertex 82.6851 31.6419 -1.15
      vertex 82.5941 31.7166 0
      vertex 82.6851 31.6419 0
    endloop
  endfacet
  facet normal 0.634486 0.772935 0
    outer loop
      vertex 82.5941 31.7166 0
      vertex 82.6851 31.6419 -1.15
      vertex 82.5941 31.7166 -1.15
    endloop
  endfacet
  facet normal 0.707107 0.707107 -0
    outer loop
      vertex 82.5941 31.7166 -1.15
      vertex 82.5108 31.7999 0
      vertex 82.5941 31.7166 0
    endloop
  endfacet
  facet normal 0.707107 0.707107 0
    outer loop
      vertex 82.5108 31.7999 0
      vertex 82.5941 31.7166 -1.15
      vertex 82.5108 31.7999 -1.15
    endloop
  endfacet
  facet normal 0.772935 0.634486 0
    outer loop
      vertex 82.5108 31.7999 0
      vertex 82.4361 31.8909 -1.15
      vertex 82.4361 31.8909 0
    endloop
  endfacet
  facet normal 0.772935 0.634486 0
    outer loop
      vertex 82.4361 31.8909 -1.15
      vertex 82.5108 31.7999 0
      vertex 82.5108 31.7999 -1.15
    endloop
  endfacet
  facet normal 0.831527 0.555484 0
    outer loop
      vertex 82.4361 31.8909 0
      vertex 82.3707 31.9888 -1.15
      vertex 82.3707 31.9888 0
    endloop
  endfacet
  facet normal 0.831527 0.555484 0
    outer loop
      vertex 82.3707 31.9888 -1.15
      vertex 82.4361 31.8909 0
      vertex 82.4361 31.8909 -1.15
    endloop
  endfacet
  facet normal 0.882047 0.471161 0
    outer loop
      vertex 82.3707 31.9888 0
      vertex 82.3152 32.0927 -1.15
      vertex 82.3152 32.0927 0
    endloop
  endfacet
  facet normal 0.882047 0.471161 0
    outer loop
      vertex 82.3152 32.0927 -1.15
      vertex 82.3707 31.9888 0
      vertex 82.3707 31.9888 -1.15
    endloop
  endfacet
  facet normal 0.923779 0.382927 0
    outer loop
      vertex 82.3152 32.0927 0
      vertex 82.2701 32.2015 -1.15
      vertex 82.2701 32.2015 0
    endloop
  endfacet
  facet normal 0.923779 0.382927 0
    outer loop
      vertex 82.2701 32.2015 -1.15
      vertex 82.3152 32.0927 0
      vertex 82.3152 32.0927 -1.15
    endloop
  endfacet
  facet normal 0.95691 0.290384 0
    outer loop
      vertex 82.2701 32.2015 0
      vertex 82.2359 32.3142 -1.15
      vertex 82.2359 32.3142 0
    endloop
  endfacet
  facet normal 0.95691 0.290384 0
    outer loop
      vertex 82.2359 32.3142 -1.15
      vertex 82.2701 32.2015 0
      vertex 82.2701 32.2015 -1.15
    endloop
  endfacet
  facet normal 0.980906 0.194483 0
    outer loop
      vertex 82.2359 32.3142 0
      vertex 82.213 32.4297 -1.15
      vertex 82.213 32.4297 0
    endloop
  endfacet
  facet normal 0.980906 0.194483 0
    outer loop
      vertex 82.213 32.4297 -1.15
      vertex 82.2359 32.3142 0
      vertex 82.2359 32.3142 -1.15
    endloop
  endfacet
  facet normal 0.997286 0.0736214 0
    outer loop
      vertex 82.213 32.4297 0
      vertex 82.2 32.6058 -1.15
      vertex 82.2 32.6058 0
    endloop
  endfacet
  facet normal 0.997286 0.0736214 0
    outer loop
      vertex 82.2 32.6058 -1.15
      vertex 82.213 32.4297 0
      vertex 82.213 32.4297 -1.15
    endloop
  endfacet
  facet normal 1 -0 0
    outer loop
      vertex 82.2 32.6058 0
      vertex 82.2 76.3942 -1.15
      vertex 82.2 76.3942 0
    endloop
  endfacet
  facet normal 1 0 0
    outer loop
      vertex 82.2 76.3942 -1.15
      vertex 82.2 32.6058 0
      vertex 82.2 32.6058 -1.15
    endloop
  endfacet
  facet normal 0.998786 -0.0492599 0
    outer loop
      vertex 82.2 76.3942 0
      vertex 82.2058 76.5118 -1.15
      vertex 82.2058 76.5118 0
    endloop
  endfacet
  facet normal 0.998786 -0.0492599 0
    outer loop
      vertex 82.2058 76.5118 -1.15
      vertex 82.2 76.3942 0
      vertex 82.2 76.3942 -1.15
    endloop
  endfacet
  facet normal 0.989153 -0.146887 0
    outer loop
      vertex 82.2058 76.5118 0
      vertex 82.2231 76.6283 -1.15
      vertex 82.2231 76.6283 0
    endloop
  endfacet
  facet normal 0.989153 -0.146887 0
    outer loop
      vertex 82.2231 76.6283 -1.15
      vertex 82.2058 76.5118 0
      vertex 82.2058 76.5118 -1.15
    endloop
  endfacet
  facet normal 0.970093 -0.242735 0
    outer loop
      vertex 82.2231 76.6283 0
      vertex 82.2517 76.7426 -1.15
      vertex 82.2517 76.7426 0
    endloop
  endfacet
  facet normal 0.970093 -0.242735 0
    outer loop
      vertex 82.2517 76.7426 -1.15
      vertex 82.2231 76.6283 0
      vertex 82.2231 76.6283 -1.15
    endloop
  endfacet
  facet normal 0.941665 -0.336552 0
    outer loop
      vertex 82.2517 76.7426 0
      vertex 82.2913 76.8534 -1.15
      vertex 82.2913 76.8534 0
    endloop
  endfacet
  facet normal 0.941665 -0.336552 0
    outer loop
      vertex 82.2913 76.8534 -1.15
      vertex 82.2517 76.7426 0
      vertex 82.2517 76.7426 -1.15
    endloop
  endfacet
  facet normal 0.903893 -0.427758 0
    outer loop
      vertex 82.2913 76.8534 0
      vertex 82.3417 76.9599 -1.15
      vertex 82.3417 76.9599 0
    endloop
  endfacet
  facet normal 0.903893 -0.427758 0
    outer loop
      vertex 82.3417 76.9599 -1.15
      vertex 82.2913 76.8534 0
      vertex 82.2913 76.8534 -1.15
    endloop
  endfacet
  facet normal 0.857867 -0.513871 0
    outer loop
      vertex 82.3417 76.9599 0
      vertex 82.4022 77.0609 -1.15
      vertex 82.4022 77.0609 0
    endloop
  endfacet
  facet normal 0.857867 -0.513871 0
    outer loop
      vertex 82.4022 77.0609 -1.15
      vertex 82.3417 76.9599 0
      vertex 82.3417 76.9599 -1.15
    endloop
  endfacet
  facet normal 0.803046 -0.595918 0
    outer loop
      vertex 82.4022 77.0609 0
      vertex 82.4724 77.1555 -1.15
      vertex 82.4724 77.1555 0
    endloop
  endfacet
  facet normal 0.803046 -0.595918 0
    outer loop
      vertex 82.4724 77.1555 -1.15
      vertex 82.4022 77.0609 0
      vertex 82.4022 77.0609 -1.15
    endloop
  endfacet
  facet normal 0.741053 -0.671447 0
    outer loop
      vertex 82.4724 77.1555 0
      vertex 82.5515 77.2428 -1.15
      vertex 82.5515 77.2428 0
    endloop
  endfacet
  facet normal 0.741053 -0.671447 0
    outer loop
      vertex 82.5515 77.2428 -1.15
      vertex 82.4724 77.1555 0
      vertex 82.4724 77.1555 -1.15
    endloop
  endfacet
  facet normal 0.671403 -0.741093 0
    outer loop
      vertex 82.5515 77.2428 -1.15
      vertex 82.6387 77.3218 0
      vertex 82.5515 77.2428 0
    endloop
  endfacet
  facet normal 0.671403 -0.741093 0
    outer loop
      vertex 82.6387 77.3218 0
      vertex 82.5515 77.2428 -1.15
      vertex 82.6387 77.3218 -1.15
    endloop
  endfacet
  facet normal 0.595918 -0.803046 0
    outer loop
      vertex 82.6387 77.3218 -1.15
      vertex 82.7333 77.392 0
      vertex 82.6387 77.3218 0
    endloop
  endfacet
  facet normal 0.595918 -0.803046 0
    outer loop
      vertex 82.7333 77.392 0
      vertex 82.6387 77.3218 -1.15
      vertex 82.7333 77.392 -1.15
    endloop
  endfacet
  facet normal 0.513871 -0.857867 0
    outer loop
      vertex 82.7333 77.392 -1.15
      vertex 82.8343 77.4525 0
      vertex 82.7333 77.392 0
    endloop
  endfacet
  facet normal 0.513871 -0.857867 0
    outer loop
      vertex 82.8343 77.4525 0
      vertex 82.7333 77.392 -1.15
      vertex 82.8343 77.4525 -1.15
    endloop
  endfacet
  facet normal 0.427758 -0.903893 0
    outer loop
      vertex 82.8343 77.4525 -1.15
      vertex 82.9408 77.5029 0
      vertex 82.8343 77.4525 0
    endloop
  endfacet
  facet normal 0.427758 -0.903893 0
    outer loop
      vertex 82.9408 77.5029 0
      vertex 82.8343 77.4525 -1.15
      vertex 82.9408 77.5029 -1.15
    endloop
  endfacet
  facet normal 0.337035 -0.941492 0
    outer loop
      vertex 82.9408 77.5029 -1.15
      vertex 83.0517 77.5426 0
      vertex 82.9408 77.5029 0
    endloop
  endfacet
  facet normal 0.337035 -0.941492 0
    outer loop
      vertex 83.0517 77.5426 0
      vertex 82.9408 77.5029 -1.15
      vertex 83.0517 77.5426 -1.15
    endloop
  endfacet
  facet normal 0.218765 -0.975778 0
    outer loop
      vertex 83.0517 77.5426 -1.15
      vertex 83.1418 77.5628 0
      vertex 83.0517 77.5426 0
    endloop
  endfacet
  facet normal 0.218765 -0.975778 0
    outer loop
      vertex 83.1418 77.5628 0
      vertex 83.0517 77.5426 -1.15
      vertex 83.1418 77.5628 -1.15
    endloop
  endfacet
  facet normal 1 -0 0
    outer loop
      vertex 83.1418 77.5628 0
      vertex 83.1418 77.5632 -1.15
      vertex 83.1418 77.5632 0
    endloop
  endfacet
  facet normal 1 0 0
    outer loop
      vertex 83.1418 77.5632 -1.15
      vertex 83.1418 77.5628 0
      vertex 83.1418 77.5628 -1.15
    endloop
  endfacet
  facet normal 0.242965 -0.970035 0
    outer loop
      vertex 83.1418 77.5632 -1.15
      vertex 83.7271 77.7098 0
      vertex 83.1418 77.5632 0
    endloop
  endfacet
  facet normal 0.242965 -0.970035 0
    outer loop
      vertex 83.7271 77.7098 0
      vertex 83.1418 77.5632 -1.15
      vertex 83.7271 77.7098 -1.15
    endloop
  endfacet
  facet normal 0.336976 -0.941513 0
    outer loop
      vertex 83.7271 77.7098 -1.15
      vertex 84.2398 77.8933 0
      vertex 83.7271 77.7098 0
    endloop
  endfacet
  facet normal 0.336976 -0.941513 0
    outer loop
      vertex 84.2398 77.8933 0
      vertex 83.7271 77.7098 -1.15
      vertex 84.2398 77.8933 -1.15
    endloop
  endfacet
  facet normal 0.427494 -0.904018 0
    outer loop
      vertex 84.2398 77.8933 -1.15
      vertex 84.7321 78.1261 0
      vertex 84.2398 77.8933 0
    endloop
  endfacet
  facet normal 0.427494 -0.904018 0
    outer loop
      vertex 84.7321 78.1261 0
      vertex 84.2398 77.8933 -1.15
      vertex 84.7321 78.1261 -1.15
    endloop
  endfacet
  facet normal 0.514091 -0.857736 0
    outer loop
      vertex 84.7321 78.1261 -1.15
      vertex 85.1991 78.406 0
      vertex 84.7321 78.1261 0
    endloop
  endfacet
  facet normal 0.514091 -0.857736 0
    outer loop
      vertex 85.1991 78.406 0
      vertex 84.7321 78.1261 -1.15
      vertex 85.1991 78.406 -1.15
    endloop
  endfacet
  facet normal 0.595671 -0.803228 0
    outer loop
      vertex 85.1991 78.406 -1.15
      vertex 85.6364 78.7303 0
      vertex 85.1991 78.406 0
    endloop
  endfacet
  facet normal 0.595671 -0.803228 0
    outer loop
      vertex 85.6364 78.7303 0
      vertex 85.1991 78.406 -1.15
      vertex 85.6364 78.7303 -1.15
    endloop
  endfacet
  facet normal 0.671649 -0.74087 0
    outer loop
      vertex 85.6364 78.7303 -1.15
      vertex 86.0399 79.0961 0
      vertex 85.6364 78.7303 0
    endloop
  endfacet
  facet normal 0.671649 -0.74087 0
    outer loop
      vertex 86.0399 79.0961 0
      vertex 85.6364 78.7303 -1.15
      vertex 86.0399 79.0961 -1.15
    endloop
  endfacet
  facet normal 0.740878 -0.671639 0
    outer loop
      vertex 86.0399 79.0961 0
      vertex 86.4056 79.4995 -1.15
      vertex 86.4056 79.4995 0
    endloop
  endfacet
  facet normal 0.740878 -0.671639 0
    outer loop
      vertex 86.4056 79.4995 -1.15
      vertex 86.0399 79.0961 0
      vertex 86.0399 79.0961 -1.15
    endloop
  endfacet
  facet normal 0.803228 -0.595671 0
    outer loop
      vertex 86.4056 79.4995 0
      vertex 86.7299 79.9368 -1.15
      vertex 86.7299 79.9368 0
    endloop
  endfacet
  facet normal 0.803228 -0.595671 0
    outer loop
      vertex 86.7299 79.9368 -1.15
      vertex 86.4056 79.4995 0
      vertex 86.4056 79.4995 -1.15
    endloop
  endfacet
  facet normal 0.857784 -0.51401 0
    outer loop
      vertex 86.7299 79.9368 0
      vertex 87.0098 80.4039 -1.15
      vertex 87.0098 80.4039 0
    endloop
  endfacet
  facet normal 0.857784 -0.51401 0
    outer loop
      vertex 87.0098 80.4039 -1.15
      vertex 86.7299 79.9368 0
      vertex 86.7299 79.9368 -1.15
    endloop
  endfacet
  facet normal 0.903947 -0.427644 0
    outer loop
      vertex 87.0098 80.4039 0
      vertex 87.2427 80.8962 -1.15
      vertex 87.2427 80.8962 0
    endloop
  endfacet
  facet normal 0.903947 -0.427644 0
    outer loop
      vertex 87.2427 80.8962 -1.15
      vertex 87.0098 80.4039 0
      vertex 87.0098 80.4039 -1.15
    endloop
  endfacet
  facet normal 0.941551 -0.336872 0
    outer loop
      vertex 87.2427 80.8962 0
      vertex 87.4261 81.4088 -1.15
      vertex 87.4261 81.4088 0
    endloop
  endfacet
  facet normal 0.941551 -0.336872 0
    outer loop
      vertex 87.4261 81.4088 -1.15
      vertex 87.2427 80.8962 0
      vertex 87.2427 80.8962 -1.15
    endloop
  endfacet
  facet normal 0.970024 -0.243011 0
    outer loop
      vertex 87.4261 81.4088 0
      vertex 87.5584 81.9369 -1.15
      vertex 87.5584 81.9369 0
    endloop
  endfacet
  facet normal 0.970024 -0.243011 0
    outer loop
      vertex 87.5584 81.9369 -1.15
      vertex 87.4261 81.4088 0
      vertex 87.4261 81.4088 -1.15
    endloop
  endfacet
  facet normal 0.989183 -0.146688 0
    outer loop
      vertex 87.5584 81.9369 0
      vertex 87.6383 82.4757 -1.15
      vertex 87.6383 82.4757 0
    endloop
  endfacet
  facet normal 0.989183 -0.146688 0
    outer loop
      vertex 87.6383 82.4757 -1.15
      vertex 87.5584 81.9369 0
      vertex 87.5584 81.9369 -1.15
    endloop
  endfacet
  facet normal 0.998797 -0.0490399 0
    outer loop
      vertex 87.6383 82.4757 0
      vertex 87.665 83.0195 -1.15
      vertex 87.665 83.0195 0
    endloop
  endfacet
  facet normal 0.998797 -0.0490399 0
    outer loop
      vertex 87.665 83.0195 -1.15
      vertex 87.6383 82.4757 0
      vertex 87.6383 82.4757 -1.15
    endloop
  endfacet
  facet normal 0.998796 0.0490489 0
    outer loop
      vertex 87.665 83.0195 0
      vertex 87.6383 83.5632 -1.15
      vertex 87.6383 83.5632 0
    endloop
  endfacet
  facet normal 0.998796 0.0490489 0
    outer loop
      vertex 87.6383 83.5632 -1.15
      vertex 87.665 83.0195 0
      vertex 87.665 83.0195 -1.15
    endloop
  endfacet
  facet normal 0.989183 0.146688 0
    outer loop
      vertex 87.6383 83.5632 0
      vertex 87.5584 84.102 -1.15
      vertex 87.5584 84.102 0
    endloop
  endfacet
  facet normal 0.989183 0.146688 0
    outer loop
      vertex 87.5584 84.102 -1.15
      vertex 87.6383 83.5632 0
      vertex 87.6383 83.5632 -1.15
    endloop
  endfacet
  facet normal 0.970013 0.243054 0
    outer loop
      vertex 87.5584 84.102 0
      vertex 87.4261 84.63 -1.15
      vertex 87.4261 84.63 0
    endloop
  endfacet
  facet normal 0.970013 0.243054 0
    outer loop
      vertex 87.4261 84.63 -1.15
      vertex 87.5584 84.102 0
      vertex 87.5584 84.102 -1.15
    endloop
  endfacet
  facet normal 0.941534 0.336918 0
    outer loop
      vertex 87.4261 84.63 0
      vertex 87.2426 85.1428 -1.15
      vertex 87.2426 85.1428 0
    endloop
  endfacet
  facet normal 0.941534 0.336918 0
    outer loop
      vertex 87.2426 85.1428 -1.15
      vertex 87.4261 84.63 0
      vertex 87.4261 84.63 -1.15
    endloop
  endfacet
  facet normal 0.904018 0.427494 0
    outer loop
      vertex 87.2426 85.1428 0
      vertex 87.0098 85.6351 -1.15
      vertex 87.0098 85.6351 0
    endloop
  endfacet
  facet normal 0.904018 0.427494 0
    outer loop
      vertex 87.0098 85.6351 -1.15
      vertex 87.2426 85.1428 0
      vertex 87.2426 85.1428 -1.15
    endloop
  endfacet
  facet normal 0.857736 0.514091 0
    outer loop
      vertex 87.0098 85.6351 0
      vertex 86.7299 86.1021 -1.15
      vertex 86.7299 86.1021 0
    endloop
  endfacet
  facet normal 0.857736 0.514091 0
    outer loop
      vertex 86.7299 86.1021 -1.15
      vertex 87.0098 85.6351 0
      vertex 87.0098 85.6351 -1.15
    endloop
  endfacet
  facet normal 0.803228 0.595671 0
    outer loop
      vertex 86.7299 86.1021 0
      vertex 86.4056 86.5394 -1.15
      vertex 86.4056 86.5394 0
    endloop
  endfacet
  facet normal 0.803228 0.595671 0
    outer loop
      vertex 86.4056 86.5394 -1.15
      vertex 86.7299 86.1021 0
      vertex 86.7299 86.1021 -1.15
    endloop
  endfacet
  facet normal 0.740961 0.671548 0
    outer loop
      vertex 86.4056 86.5394 0
      vertex 86.0399 86.9429 -1.15
      vertex 86.0399 86.9429 0
    endloop
  endfacet
  facet normal 0.740961 0.671548 0
    outer loop
      vertex 86.0399 86.9429 -1.15
      vertex 86.4056 86.5394 0
      vertex 86.4056 86.5394 -1.15
    endloop
  endfacet
  facet normal 0.671548 0.740961 -0
    outer loop
      vertex 86.0399 86.9429 -1.15
      vertex 85.6364 87.3086 0
      vertex 86.0399 86.9429 0
    endloop
  endfacet
  facet normal 0.671548 0.740961 0
    outer loop
      vertex 85.6364 87.3086 0
      vertex 86.0399 86.9429 -1.15
      vertex 85.6364 87.3086 -1.15
    endloop
  endfacet
  facet normal 0.595671 0.803228 -0
    outer loop
      vertex 85.6364 87.3086 -1.15
      vertex 85.1991 87.6329 0
      vertex 85.6364 87.3086 0
    endloop
  endfacet
  facet normal 0.595671 0.803228 0
    outer loop
      vertex 85.1991 87.6329 0
      vertex 85.6364 87.3086 -1.15
      vertex 85.1991 87.6329 -1.15
    endloop
  endfacet
  facet normal 0.514091 0.857736 -0
    outer loop
      vertex 85.1991 87.6329 -1.15
      vertex 84.7321 87.9128 0
      vertex 85.1991 87.6329 0
    endloop
  endfacet
  facet normal 0.514091 0.857736 0
    outer loop
      vertex 84.7321 87.9128 0
      vertex 85.1991 87.6329 -1.15
      vertex 84.7321 87.9128 -1.15
    endloop
  endfacet
  facet normal 0.427494 0.904018 -0
    outer loop
      vertex 84.7321 87.9128 -1.15
      vertex 84.2398 88.1456 0
      vertex 84.7321 87.9128 0
    endloop
  endfacet
  facet normal 0.427494 0.904018 0
    outer loop
      vertex 84.2398 88.1456 0
      vertex 84.7321 87.9128 -1.15
      vertex 84.2398 88.1456 -1.15
    endloop
  endfacet
  facet normal 0.336918 0.941534 -0
    outer loop
      vertex 84.2398 88.1456 -1.15
      vertex 83.727 88.3291 0
      vertex 84.2398 88.1456 0
    endloop
  endfacet
  facet normal 0.336918 0.941534 0
    outer loop
      vertex 83.727 88.3291 0
      vertex 84.2398 88.1456 -1.15
      vertex 83.727 88.3291 -1.15
    endloop
  endfacet
  facet normal 0.243054 0.970013 -0
    outer loop
      vertex 83.727 88.3291 -1.15
      vertex 83.199 88.4614 0
      vertex 83.727 88.3291 0
    endloop
  endfacet
  facet normal 0.243054 0.970013 0
    outer loop
      vertex 83.199 88.4614 0
      vertex 83.727 88.3291 -1.15
      vertex 83.199 88.4614 -1.15
    endloop
  endfacet
  facet normal 0.146688 0.989183 -0
    outer loop
      vertex 83.199 88.4614 -1.15
      vertex 82.6602 88.5413 0
      vertex 83.199 88.4614 0
    endloop
  endfacet
  facet normal 0.146688 0.989183 0
    outer loop
      vertex 82.6602 88.5413 0
      vertex 83.199 88.4614 -1.15
      vertex 82.6602 88.5413 -1.15
    endloop
  endfacet
  facet normal 0.0490489 0.998796 -0
    outer loop
      vertex 82.6602 88.5413 -1.15
      vertex 82.1165 88.568 0
      vertex 82.6602 88.5413 0
    endloop
  endfacet
  facet normal 0.0490489 0.998796 0
    outer loop
      vertex 82.1165 88.568 0
      vertex 82.6602 88.5413 -1.15
      vertex 82.1165 88.568 -1.15
    endloop
  endfacet
  facet normal -0.0490399 0.998797 0
    outer loop
      vertex 82.1165 88.568 -1.15
      vertex 81.5727 88.5413 0
      vertex 82.1165 88.568 0
    endloop
  endfacet
  facet normal -0.0490399 0.998797 0
    outer loop
      vertex 81.5727 88.5413 0
      vertex 82.1165 88.568 -1.15
      vertex 81.5727 88.5413 -1.15
    endloop
  endfacet
  facet normal -0.146688 0.989183 0
    outer loop
      vertex 81.5727 88.5413 -1.15
      vertex 81.0339 88.4614 0
      vertex 81.5727 88.5413 0
    endloop
  endfacet
  facet normal -0.146688 0.989183 0
    outer loop
      vertex 81.0339 88.4614 0
      vertex 81.5727 88.5413 -1.15
      vertex 81.0339 88.4614 -1.15
    endloop
  endfacet
  facet normal -0.243011 0.970024 0
    outer loop
      vertex 81.0339 88.4614 -1.15
      vertex 80.5058 88.3291 0
      vertex 81.0339 88.4614 0
    endloop
  endfacet
  facet normal -0.243011 0.970024 0
    outer loop
      vertex 80.5058 88.3291 0
      vertex 81.0339 88.4614 -1.15
      vertex 80.5058 88.3291 -1.15
    endloop
  endfacet
  facet normal -0.336872 0.941551 0
    outer loop
      vertex 80.5058 88.3291 -1.15
      vertex 79.9932 88.1457 0
      vertex 80.5058 88.3291 0
    endloop
  endfacet
  facet normal -0.336872 0.941551 0
    outer loop
      vertex 79.9932 88.1457 0
      vertex 80.5058 88.3291 -1.15
      vertex 79.9932 88.1457 -1.15
    endloop
  endfacet
  facet normal -0.427644 0.903947 0
    outer loop
      vertex 79.9932 88.1457 -1.15
      vertex 79.5009 87.9128 0
      vertex 79.9932 88.1457 0
    endloop
  endfacet
  facet normal -0.427644 0.903947 0
    outer loop
      vertex 79.5009 87.9128 0
      vertex 79.9932 88.1457 -1.15
      vertex 79.5009 87.9128 -1.15
    endloop
  endfacet
  facet normal -0.51401 0.857784 0
    outer loop
      vertex 79.5009 87.9128 -1.15
      vertex 79.0338 87.6329 0
      vertex 79.5009 87.9128 0
    endloop
  endfacet
  facet normal -0.51401 0.857784 0
    outer loop
      vertex 79.0338 87.6329 0
      vertex 79.5009 87.9128 -1.15
      vertex 79.0338 87.6329 -1.15
    endloop
  endfacet
  facet normal -0.595671 0.803228 0
    outer loop
      vertex 79.0338 87.6329 -1.15
      vertex 78.5965 87.3086 0
      vertex 79.0338 87.6329 0
    endloop
  endfacet
  facet normal -0.595671 0.803228 0
    outer loop
      vertex 78.5965 87.3086 0
      vertex 79.0338 87.6329 -1.15
      vertex 78.5965 87.3086 -1.15
    endloop
  endfacet
  facet normal -0.671639 0.740878 0
    outer loop
      vertex 78.5965 87.3086 -1.15
      vertex 78.1931 86.9429 0
      vertex 78.5965 87.3086 0
    endloop
  endfacet
  facet normal -0.671639 0.740878 0
    outer loop
      vertex 78.1931 86.9429 0
      vertex 78.5965 87.3086 -1.15
      vertex 78.1931 86.9429 -1.15
    endloop
  endfacet
  facet normal -0.74087 0.671649 0
    outer loop
      vertex 77.8273 86.5394 -1.15
      vertex 78.1931 86.9429 0
      vertex 78.1931 86.9429 -1.15
    endloop
  endfacet
  facet normal -0.74087 0.671649 0
    outer loop
      vertex 78.1931 86.9429 0
      vertex 77.8273 86.5394 -1.15
      vertex 77.8273 86.5394 0
    endloop
  endfacet
  facet normal -0.803228 0.595671 0
    outer loop
      vertex 77.503 86.1021 -1.15
      vertex 77.8273 86.5394 0
      vertex 77.8273 86.5394 -1.15
    endloop
  endfacet
  facet normal -0.803228 0.595671 0
    outer loop
      vertex 77.8273 86.5394 0
      vertex 77.503 86.1021 -1.15
      vertex 77.503 86.1021 0
    endloop
  endfacet
  facet normal -0.857736 0.514091 0
    outer loop
      vertex 77.2231 85.6351 -1.15
      vertex 77.503 86.1021 0
      vertex 77.503 86.1021 -1.15
    endloop
  endfacet
  facet normal -0.857736 0.514091 0
    outer loop
      vertex 77.503 86.1021 0
      vertex 77.2231 85.6351 -1.15
      vertex 77.2231 85.6351 0
    endloop
  endfacet
  facet normal -0.904018 0.427494 0
    outer loop
      vertex 76.9903 85.1428 -1.15
      vertex 77.2231 85.6351 0
      vertex 77.2231 85.6351 -1.15
    endloop
  endfacet
  facet normal -0.904018 0.427494 0
    outer loop
      vertex 77.2231 85.6351 0
      vertex 76.9903 85.1428 -1.15
      vertex 76.9903 85.1428 0
    endloop
  endfacet
  facet normal -0.941513 0.336976 0
    outer loop
      vertex 76.8068 84.6301 -1.15
      vertex 76.9903 85.1428 0
      vertex 76.9903 85.1428 -1.15
    endloop
  endfacet
  facet normal -0.941513 0.336976 0
    outer loop
      vertex 76.9903 85.1428 0
      vertex 76.8068 84.6301 -1.15
      vertex 76.8068 84.6301 0
    endloop
  endfacet
  facet normal -0.970029 0.24299 0
    outer loop
      vertex 76.6684 84.0776 -1.15
      vertex 76.8068 84.6301 0
      vertex 76.8068 84.6301 -1.15
    endloop
  endfacet
  facet normal -0.970029 0.24299 0
    outer loop
      vertex 76.8068 84.6301 0
      vertex 76.6684 84.0776 -1.15
      vertex 76.6684 84.0776 0
    endloop
  endfacet
  facet normal -0.980978 0.194121 0
    outer loop
      vertex 76.6553 84.0114 -1.15
      vertex 76.6684 84.0776 0
      vertex 76.6684 84.0776 -1.15
    endloop
  endfacet
  facet normal -0.980978 0.194121 0
    outer loop
      vertex 76.6684 84.0776 0
      vertex 76.6553 84.0114 -1.15
      vertex 76.6553 84.0114 0
    endloop
  endfacet
  facet normal -0.95691 0.290384 0
    outer loop
      vertex 76.6211 83.8987 -1.15
      vertex 76.6553 84.0114 0
      vertex 76.6553 84.0114 -1.15
    endloop
  endfacet
  facet normal -0.95691 0.290384 0
    outer loop
      vertex 76.6553 84.0114 0
      vertex 76.6211 83.8987 -1.15
      vertex 76.6211 83.8987 0
    endloop
  endfacet
  facet normal -0.923779 0.382927 0
    outer loop
      vertex 76.576 83.7899 -1.15
      vertex 76.6211 83.8987 0
      vertex 76.6211 83.8987 -1.15
    endloop
  endfacet
  facet normal -0.923779 0.382927 0
    outer loop
      vertex 76.6211 83.8987 0
      vertex 76.576 83.7899 -1.15
      vertex 76.576 83.7899 0
    endloop
  endfacet
  facet normal -0.881859 0.471514 0
    outer loop
      vertex 76.5205 83.6861 -1.15
      vertex 76.576 83.7899 0
      vertex 76.576 83.7899 -1.15
    endloop
  endfacet
  facet normal -0.881859 0.471514 0
    outer loop
      vertex 76.576 83.7899 0
      vertex 76.5205 83.6861 -1.15
      vertex 76.5205 83.6861 0
    endloop
  endfacet
  facet normal -0.831789 0.555092 0
    outer loop
      vertex 76.4551 83.5881 -1.15
      vertex 76.5205 83.6861 0
      vertex 76.5205 83.6861 -1.15
    endloop
  endfacet
  facet normal -0.831789 0.555092 0
    outer loop
      vertex 76.5205 83.6861 0
      vertex 76.4551 83.5881 -1.15
      vertex 76.4551 83.5881 0
    endloop
  endfacet
  facet normal -0.772935 0.634486 0
    outer loop
      vertex 76.3804 83.4971 -1.15
      vertex 76.4551 83.5881 0
      vertex 76.4551 83.5881 -1.15
    endloop
  endfacet
  facet normal -0.772935 0.634486 0
    outer loop
      vertex 76.4551 83.5881 0
      vertex 76.3804 83.4971 -1.15
      vertex 76.3804 83.4971 0
    endloop
  endfacet
  facet normal -0.707107 0.707107 0
    outer loop
      vertex 76.2971 83.4138 -1.15
      vertex 76.3804 83.4971 0
      vertex 76.3804 83.4971 -1.15
    endloop
  endfacet
  facet normal -0.707107 0.707107 0
    outer loop
      vertex 76.3804 83.4971 0
      vertex 76.2971 83.4138 -1.15
      vertex 76.2971 83.4138 0
    endloop
  endfacet
  facet normal -0.634486 0.772935 0
    outer loop
      vertex 76.2971 83.4138 -1.15
      vertex 76.2061 83.3391 0
      vertex 76.2971 83.4138 0
    endloop
  endfacet
  facet normal -0.634486 0.772935 0
    outer loop
      vertex 76.2061 83.3391 0
      vertex 76.2971 83.4138 -1.15
      vertex 76.2061 83.3391 -1.15
    endloop
  endfacet
  facet normal -0.555092 0.831789 0
    outer loop
      vertex 76.2061 83.3391 -1.15
      vertex 76.1081 83.2737 0
      vertex 76.2061 83.3391 0
    endloop
  endfacet
  facet normal -0.555092 0.831789 0
    outer loop
      vertex 76.1081 83.2737 0
      vertex 76.2061 83.3391 -1.15
      vertex 76.1081 83.2737 -1.15
    endloop
  endfacet
  facet normal -0.471514 0.881859 0
    outer loop
      vertex 76.1081 83.2737 -1.15
      vertex 76.0043 83.2182 0
      vertex 76.1081 83.2737 0
    endloop
  endfacet
  facet normal -0.471514 0.881859 0
    outer loop
      vertex 76.0043 83.2182 0
      vertex 76.1081 83.2737 -1.15
      vertex 76.0043 83.2182 -1.15
    endloop
  endfacet
  facet normal -0.382927 0.923779 0
    outer loop
      vertex 76.0043 83.2182 -1.15
      vertex 75.8955 83.1731 0
      vertex 76.0043 83.2182 0
    endloop
  endfacet
  facet normal -0.382927 0.923779 0
    outer loop
      vertex 75.8955 83.1731 0
      vertex 76.0043 83.2182 -1.15
      vertex 75.8955 83.1731 -1.15
    endloop
  endfacet
  facet normal -0.290384 0.95691 0
    outer loop
      vertex 75.8955 83.1731 -1.15
      vertex 75.7828 83.1389 0
      vertex 75.8955 83.1731 0
    endloop
  endfacet
  facet normal -0.290384 0.95691 0
    outer loop
      vertex 75.7828 83.1389 0
      vertex 75.8955 83.1731 -1.15
      vertex 75.7828 83.1389 -1.15
    endloop
  endfacet
  facet normal -0.194483 0.980906 0
    outer loop
      vertex 75.7828 83.1389 -1.15
      vertex 75.6673 83.116 0
      vertex 75.7828 83.1389 0
    endloop
  endfacet
  facet normal -0.194483 0.980906 0
    outer loop
      vertex 75.6673 83.116 0
      vertex 75.7828 83.1389 -1.15
      vertex 75.6673 83.116 -1.15
    endloop
  endfacet
  facet normal -0.0736214 0.997286 0
    outer loop
      vertex 75.6673 83.116 -1.15
      vertex 75.4912 83.103 0
      vertex 75.6673 83.116 0
    endloop
  endfacet
  facet normal -0.0736214 0.997286 0
    outer loop
      vertex 75.4912 83.103 0
      vertex 75.6673 83.116 -1.15
      vertex 75.4912 83.103 -1.15
    endloop
  endfacet
  facet normal 0 1 -0
    outer loop
      vertex 75.4912 83.103 -1.15
      vertex 31.6058 83.103 0
      vertex 75.4912 83.103 0
    endloop
  endfacet
  facet normal 0 1 0
    outer loop
      vertex 31.6058 83.103 0
      vertex 75.4912 83.103 -1.15
      vertex 31.6058 83.103 -1.15
    endloop
  endfacet
  facet normal 0.0492181 0.998788 -0
    outer loop
      vertex 31.6058 83.103 -1.15
      vertex 31.4881 83.1088 0
      vertex 31.6058 83.103 0
    endloop
  endfacet
  facet normal 0.0492181 0.998788 0
    outer loop
      vertex 31.4881 83.1088 0
      vertex 31.6058 83.103 -1.15
      vertex 31.4881 83.1088 -1.15
    endloop
  endfacet
  facet normal 0.146887 0.989153 -0
    outer loop
      vertex 31.4881 83.1088 -1.15
      vertex 31.3716 83.1261 0
      vertex 31.4881 83.1088 0
    endloop
  endfacet
  facet normal 0.146887 0.989153 0
    outer loop
      vertex 31.3716 83.1261 0
      vertex 31.4881 83.1088 -1.15
      vertex 31.3716 83.1261 -1.15
    endloop
  endfacet
  facet normal 0.242935 0.970042 -0
    outer loop
      vertex 31.3716 83.1261 -1.15
      vertex 31.2574 83.1547 0
      vertex 31.3716 83.1261 0
    endloop
  endfacet
  facet normal 0.242935 0.970042 0
    outer loop
      vertex 31.2574 83.1547 0
      vertex 31.3716 83.1261 -1.15
      vertex 31.2574 83.1547 -1.15
    endloop
  endfacet
  facet normal 0.336283 0.941761 -0
    outer loop
      vertex 31.2574 83.1547 -1.15
      vertex 31.1465 83.1943 0
      vertex 31.2574 83.1547 0
    endloop
  endfacet
  facet normal 0.336283 0.941761 0
    outer loop
      vertex 31.1465 83.1943 0
      vertex 31.2574 83.1547 -1.15
      vertex 31.1465 83.1943 -1.15
    endloop
  endfacet
  facet normal 0.428086 0.903738 -0
    outer loop
      vertex 31.1465 83.1943 -1.15
      vertex 31.0401 83.2447 0
      vertex 31.1465 83.1943 0
    endloop
  endfacet
  facet normal 0.428086 0.903738 0
    outer loop
      vertex 31.0401 83.2447 0
      vertex 31.1465 83.1943 -1.15
      vertex 31.0401 83.2447 -1.15
    endloop
  endfacet
  facet normal 0.513871 0.857867 -0
    outer loop
      vertex 31.0401 83.2447 -1.15
      vertex 30.9391 83.3052 0
      vertex 31.0401 83.2447 0
    endloop
  endfacet
  facet normal 0.513871 0.857867 0
    outer loop
      vertex 30.9391 83.3052 0
      vertex 31.0401 83.2447 -1.15
      vertex 30.9391 83.3052 -1.15
    endloop
  endfacet
  facet normal 0.595918 0.803046 -0
    outer loop
      vertex 30.9391 83.3052 -1.15
      vertex 30.8445 83.3754 0
      vertex 30.9391 83.3052 0
    endloop
  endfacet
  facet normal 0.595918 0.803046 0
    outer loop
      vertex 30.8445 83.3754 0
      vertex 30.9391 83.3052 -1.15
      vertex 30.8445 83.3754 -1.15
    endloop
  endfacet
  facet normal 0.671447 0.741053 -0
    outer loop
      vertex 30.8445 83.3754 -1.15
      vertex 30.7572 83.4545 0
      vertex 30.8445 83.3754 0
    endloop
  endfacet
  facet normal 0.671447 0.741053 0
    outer loop
      vertex 30.7572 83.4545 0
      vertex 30.8445 83.3754 -1.15
      vertex 30.7572 83.4545 -1.15
    endloop
  endfacet
  facet normal 0.74067 0.671869 0
    outer loop
      vertex 30.7572 83.4545 0
      vertex 30.6781 83.5417 -1.15
      vertex 30.6781 83.5417 0
    endloop
  endfacet
  facet normal 0.74067 0.671869 0
    outer loop
      vertex 30.6781 83.5417 -1.15
      vertex 30.7572 83.4545 0
      vertex 30.7572 83.4545 -1.15
    endloop
  endfacet
  facet normal 0.803452 0.59537 0
    outer loop
      vertex 30.6781 83.5417 0
      vertex 30.608 83.6363 -1.15
      vertex 30.608 83.6363 0
    endloop
  endfacet
  facet normal 0.803452 0.59537 0
    outer loop
      vertex 30.608 83.6363 -1.15
      vertex 30.6781 83.5417 0
      vertex 30.6781 83.5417 -1.15
    endloop
  endfacet
  facet normal 0.857867 0.513871 0
    outer loop
      vertex 30.608 83.6363 0
      vertex 30.5475 83.7373 -1.15
      vertex 30.5475 83.7373 0
    endloop
  endfacet
  facet normal 0.857867 0.513871 0
    outer loop
      vertex 30.5475 83.7373 -1.15
      vertex 30.608 83.6363 0
      vertex 30.608 83.6363 -1.15
    endloop
  endfacet
  facet normal 0.903893 0.427758 0
    outer loop
      vertex 30.5475 83.7373 0
      vertex 30.4971 83.8438 -1.15
      vertex 30.4971 83.8438 0
    endloop
  endfacet
  facet normal 0.903893 0.427758 0
    outer loop
      vertex 30.4971 83.8438 -1.15
      vertex 30.5475 83.7373 0
      vertex 30.5475 83.7373 -1.15
    endloop
  endfacet
  facet normal 0.941492 0.337035 0
    outer loop
      vertex 30.4971 83.8438 0
      vertex 30.4574 83.9547 -1.15
      vertex 30.4574 83.9547 0
    endloop
  endfacet
  facet normal 0.941492 0.337035 0
    outer loop
      vertex 30.4574 83.9547 -1.15
      vertex 30.4971 83.8438 0
      vertex 30.4971 83.8438 -1.15
    endloop
  endfacet
  facet normal 0.975778 0.218765 0
    outer loop
      vertex 30.4574 83.9547 0
      vertex 30.4372 84.0448 -1.15
      vertex 30.4372 84.0448 0
    endloop
  endfacet
  facet normal 0.975778 0.218765 0
    outer loop
      vertex 30.4372 84.0448 -1.15
      vertex 30.4574 83.9547 0
      vertex 30.4574 83.9547 -1.15
    endloop
  endfacet
  facet normal 0 1 -0
    outer loop
      vertex 30.4372 84.0448 -1.15
      vertex 30.4368 84.0448 0
      vertex 30.4372 84.0448 0
    endloop
  endfacet
  facet normal 0 1 0
    outer loop
      vertex 30.4368 84.0448 0
      vertex 30.4372 84.0448 -1.15
      vertex 30.4368 84.0448 -1.15
    endloop
  endfacet
  facet normal 0.970035 0.242965 0
    outer loop
      vertex 30.4368 84.0448 0
      vertex 30.2902 84.6301 -1.15
      vertex 30.2902 84.6301 0
    endloop
  endfacet
  facet normal 0.970035 0.242965 0
    outer loop
      vertex 30.2902 84.6301 -1.15
      vertex 30.4368 84.0448 0
      vertex 30.4368 84.0448 -1.15
    endloop
  endfacet
  facet normal 0.941513 0.336976 0
    outer loop
      vertex 30.2902 84.6301 0
      vertex 30.1067 85.1428 -1.15
      vertex 30.1067 85.1428 0
    endloop
  endfacet
  facet normal 0.941513 0.336976 0
    outer loop
      vertex 30.1067 85.1428 -1.15
      vertex 30.2902 84.6301 0
      vertex 30.2902 84.6301 -1.15
    endloop
  endfacet
  facet normal 0.904018 0.427494 0
    outer loop
      vertex 30.1067 85.1428 0
      vertex 29.8739 85.6351 -1.15
      vertex 29.8739 85.6351 0
    endloop
  endfacet
  facet normal 0.904018 0.427494 0
    outer loop
      vertex 29.8739 85.6351 -1.15
      vertex 30.1067 85.1428 0
      vertex 30.1067 85.1428 -1.15
    endloop
  endfacet
  facet normal 0.857736 0.514091 0
    outer loop
      vertex 29.8739 85.6351 0
      vertex 29.594 86.1021 -1.15
      vertex 29.594 86.1021 0
    endloop
  endfacet
  facet normal 0.857736 0.514091 0
    outer loop
      vertex 29.594 86.1021 -1.15
      vertex 29.8739 85.6351 0
      vertex 29.8739 85.6351 -1.15
    endloop
  endfacet
  facet normal 0.803141 0.59579 0
    outer loop
      vertex 29.594 86.1021 0
      vertex 29.2696 86.5394 -1.15
      vertex 29.2696 86.5394 0
    endloop
  endfacet
  facet normal 0.803141 0.59579 0
    outer loop
      vertex 29.2696 86.5394 -1.15
      vertex 29.594 86.1021 0
      vertex 29.594 86.1021 -1.15
    endloop
  endfacet
  facet normal 0.740961 0.671548 0
    outer loop
      vertex 29.2696 86.5394 0
      vertex 28.9039 86.9429 -1.15
      vertex 28.9039 86.9429 0
    endloop
  endfacet
  facet normal 0.740961 0.671548 0
    outer loop
      vertex 28.9039 86.9429 -1.15
      vertex 29.2696 86.5394 0
      vertex 29.2696 86.5394 -1.15
    endloop
  endfacet
  facet normal 0.671639 0.740878 -0
    outer loop
      vertex 28.9039 86.9429 -1.15
      vertex 28.5005 87.3086 0
      vertex 28.9039 86.9429 0
    endloop
  endfacet
  facet normal 0.671639 0.740878 0
    outer loop
      vertex 28.5005 87.3086 0
      vertex 28.9039 86.9429 -1.15
      vertex 28.5005 87.3086 -1.15
    endloop
  endfacet
  facet normal 0.595671 0.803228 -0
    outer loop
      vertex 28.5005 87.3086 -1.15
      vertex 28.0632 87.6329 0
      vertex 28.5005 87.3086 0
    endloop
  endfacet
  facet normal 0.595671 0.803228 0
    outer loop
      vertex 28.0632 87.6329 0
      vertex 28.5005 87.3086 -1.15
      vertex 28.0632 87.6329 -1.15
    endloop
  endfacet
  facet normal 0.51401 0.857784 -0
    outer loop
      vertex 28.0632 87.6329 -1.15
      vertex 27.5961 87.9128 0
      vertex 28.0632 87.6329 0
    endloop
  endfacet
  facet normal 0.51401 0.857784 0
    outer loop
      vertex 27.5961 87.9128 0
      vertex 28.0632 87.6329 -1.15
      vertex 27.5961 87.9128 -1.15
    endloop
  endfacet
  facet normal 0.427644 0.903947 -0
    outer loop
      vertex 27.5961 87.9128 -1.15
      vertex 27.1038 88.1457 0
      vertex 27.5961 87.9128 0
    endloop
  endfacet
  facet normal 0.427644 0.903947 0
    outer loop
      vertex 27.1038 88.1457 0
      vertex 27.5961 87.9128 -1.15
      vertex 27.1038 88.1457 -1.15
    endloop
  endfacet
  facet normal 0.336813 0.941571 -0
    outer loop
      vertex 27.1038 88.1457 -1.15
      vertex 26.5911 88.3291 0
      vertex 27.1038 88.1457 0
    endloop
  endfacet
  facet normal 0.336813 0.941571 0
    outer loop
      vertex 26.5911 88.3291 0
      vertex 27.1038 88.1457 -1.15
      vertex 26.5911 88.3291 -1.15
    endloop
  endfacet
  facet normal 0.243054 0.970013 -0
    outer loop
      vertex 26.5911 88.3291 -1.15
      vertex 26.0631 88.4614 0
      vertex 26.5911 88.3291 0
    endloop
  endfacet
  facet normal 0.243054 0.970013 0
    outer loop
      vertex 26.0631 88.4614 0
      vertex 26.5911 88.3291 -1.15
      vertex 26.0631 88.4614 -1.15
    endloop
  endfacet
  facet normal 0.146688 0.989183 -0
    outer loop
      vertex 26.0631 88.4614 -1.15
      vertex 25.5243 88.5413 0
      vertex 26.0631 88.4614 0
    endloop
  endfacet
  facet normal 0.146688 0.989183 0
    outer loop
      vertex 25.5243 88.5413 0
      vertex 26.0631 88.4614 -1.15
      vertex 25.5243 88.5413 -1.15
    endloop
  endfacet
  facet normal 0.0490399 0.998797 -0
    outer loop
      vertex 25.5243 88.5413 -1.15
      vertex 24.9805 88.568 0
      vertex 25.5243 88.5413 0
    endloop
  endfacet
  facet normal 0.0490399 0.998797 0
    outer loop
      vertex 24.9805 88.568 0
      vertex 25.5243 88.5413 -1.15
      vertex 24.9805 88.568 -1.15
    endloop
  endfacet
  facet normal -0.0490489 0.998796 0
    outer loop
      vertex 24.9805 88.568 -1.15
      vertex 24.4368 88.5413 0
      vertex 24.9805 88.568 0
    endloop
  endfacet
  facet normal -0.0490489 0.998796 0
    outer loop
      vertex 24.4368 88.5413 0
      vertex 24.9805 88.568 -1.15
      vertex 24.4368 88.5413 -1.15
    endloop
  endfacet
  facet normal -0.146688 0.989183 0
    outer loop
      vertex 24.4368 88.5413 -1.15
      vertex 23.898 88.4614 0
      vertex 24.4368 88.5413 0
    endloop
  endfacet
  facet normal -0.146688 0.989183 0
    outer loop
      vertex 23.898 88.4614 0
      vertex 24.4368 88.5413 -1.15
      vertex 23.898 88.4614 -1.15
    endloop
  endfacet
  facet normal -0.243054 0.970013 0
    outer loop
      vertex 23.898 88.4614 -1.15
      vertex 23.37 88.3291 0
      vertex 23.898 88.4614 0
    endloop
  endfacet
  facet normal -0.243054 0.970013 0
    outer loop
      vertex 23.37 88.3291 0
      vertex 23.898 88.4614 -1.15
      vertex 23.37 88.3291 -1.15
    endloop
  endfacet
  facet normal -0.336918 0.941534 0
    outer loop
      vertex 23.37 88.3291 -1.15
      vertex 22.8572 88.1456 0
      vertex 23.37 88.3291 0
    endloop
  endfacet
  facet normal -0.336918 0.941534 0
    outer loop
      vertex 22.8572 88.1456 0
      vertex 23.37 88.3291 -1.15
      vertex 22.8572 88.1456 -1.15
    endloop
  endfacet
  facet normal -0.427494 0.904018 0
    outer loop
      vertex 22.8572 88.1456 -1.15
      vertex 22.3649 87.9128 0
      vertex 22.8572 88.1456 0
    endloop
  endfacet
  facet normal -0.427494 0.904018 0
    outer loop
      vertex 22.3649 87.9128 0
      vertex 22.8572 88.1456 -1.15
      vertex 22.3649 87.9128 -1.15
    endloop
  endfacet
  facet normal -0.514091 0.857736 0
    outer loop
      vertex 22.3649 87.9128 -1.15
      vertex 21.8979 87.6329 0
      vertex 22.3649 87.9128 0
    endloop
  endfacet
  facet normal -0.514091 0.857736 0
    outer loop
      vertex 21.8979 87.6329 0
      vertex 22.3649 87.9128 -1.15
      vertex 21.8979 87.6329 -1.15
    endloop
  endfacet
  facet normal -0.595671 0.803228 0
    outer loop
      vertex 21.8979 87.6329 -1.15
      vertex 21.4606 87.3086 0
      vertex 21.8979 87.6329 0
    endloop
  endfacet
  facet normal -0.595671 0.803228 0
    outer loop
      vertex 21.4606 87.3086 0
      vertex 21.8979 87.6329 -1.15
      vertex 21.4606 87.3086 -1.15
    endloop
  endfacet
  facet normal -0.671548 0.740961 0
    outer loop
      vertex 21.4606 87.3086 -1.15
      vertex 21.0571 86.9429 0
      vertex 21.4606 87.3086 0
    endloop
  endfacet
  facet normal -0.671548 0.740961 0
    outer loop
      vertex 21.0571 86.9429 0
      vertex 21.4606 87.3086 -1.15
      vertex 21.0571 86.9429 -1.15
    endloop
  endfacet
  facet normal -0.740961 0.671548 0
    outer loop
      vertex 20.6914 86.5394 -1.15
      vertex 21.0571 86.9429 0
      vertex 21.0571 86.9429 -1.15
    endloop
  endfacet
  facet normal -0.740961 0.671548 0
    outer loop
      vertex 21.0571 86.9429 0
      vertex 20.6914 86.5394 -1.15
      vertex 20.6914 86.5394 0
    endloop
  endfacet
  facet normal -0.803228 0.595671 0
    outer loop
      vertex 20.3671 86.1021 -1.15
      vertex 20.6914 86.5394 0
      vertex 20.6914 86.5394 -1.15
    endloop
  endfacet
  facet normal -0.803228 0.595671 0
    outer loop
      vertex 20.6914 86.5394 0
      vertex 20.3671 86.1021 -1.15
      vertex 20.3671 86.1021 0
    endloop
  endfacet
  facet normal -0.857736 0.514091 0
    outer loop
      vertex 20.0872 85.6351 -1.15
      vertex 20.3671 86.1021 0
      vertex 20.3671 86.1021 -1.15
    endloop
  endfacet
  facet normal -0.857736 0.514091 0
    outer loop
      vertex 20.3671 86.1021 0
      vertex 20.0872 85.6351 -1.15
      vertex 20.0872 85.6351 0
    endloop
  endfacet
  facet normal -0.903947 0.427644 0
    outer loop
      vertex 19.8543 85.1428 -1.15
      vertex 20.0872 85.6351 0
      vertex 20.0872 85.6351 -1.15
    endloop
  endfacet
  facet normal -0.903947 0.427644 0
    outer loop
      vertex 20.0872 85.6351 0
      vertex 19.8543 85.1428 -1.15
      vertex 19.8543 85.1428 0
    endloop
  endfacet
  facet normal -0.941534 0.336918 0
    outer loop
      vertex 19.6708 84.63 -1.15
      vertex 19.8543 85.1428 0
      vertex 19.8543 85.1428 -1.15
    endloop
  endfacet
  facet normal -0.941534 0.336918 0
    outer loop
      vertex 19.8543 85.1428 0
      vertex 19.6708 84.63 -1.15
      vertex 19.6708 84.63 0
    endloop
  endfacet
  facet normal -0.970056 0.242881 0
    outer loop
      vertex 19.5386 84.102 -1.15
      vertex 19.6708 84.63 0
      vertex 19.6708 84.63 -1.15
    endloop
  endfacet
  facet normal -0.970056 0.242881 0
    outer loop
      vertex 19.6708 84.63 0
      vertex 19.5386 84.102 -1.15
      vertex 19.5386 84.102 0
    endloop
  endfacet
  facet normal -0.989183 0.146688 0
    outer loop
      vertex 19.4587 83.5632 -1.15
      vertex 19.5386 84.102 0
      vertex 19.5386 84.102 -1.15
    endloop
  endfacet
  facet normal -0.989183 0.146688 0
    outer loop
      vertex 19.5386 84.102 0
      vertex 19.4587 83.5632 -1.15
      vertex 19.4587 83.5632 0
    endloop
  endfacet
  facet normal -0.998796 0.0490489 0
    outer loop
      vertex 19.432 83.0195 -1.15
      vertex 19.4587 83.5632 0
      vertex 19.4587 83.5632 -1.15
    endloop
  endfacet
  facet normal -0.998796 0.0490489 0
    outer loop
      vertex 19.4587 83.5632 0
      vertex 19.432 83.0195 -1.15
      vertex 19.432 83.0195 0
    endloop
  endfacet
  facet normal -0.998797 -0.0490399 0
    outer loop
      vertex 19.4587 82.4757 -1.15
      vertex 19.432 83.0195 0
      vertex 19.432 83.0195 -1.15
    endloop
  endfacet
  facet normal -0.998797 -0.0490399 0
    outer loop
      vertex 19.432 83.0195 0
      vertex 19.4587 82.4757 -1.15
      vertex 19.4587 82.4757 0
    endloop
  endfacet
  facet normal -0.989183 -0.146688 0
    outer loop
      vertex 19.5386 81.9369 -1.15
      vertex 19.4587 82.4757 0
      vertex 19.4587 82.4757 -1.15
    endloop
  endfacet
  facet normal -0.989183 -0.146688 0
    outer loop
      vertex 19.4587 82.4757 0
      vertex 19.5386 81.9369 -1.15
      vertex 19.5386 81.9369 0
    endloop
  endfacet
  facet normal -0.970024 -0.243011 0
    outer loop
      vertex 19.6709 81.4088 -1.15
      vertex 19.5386 81.9369 0
      vertex 19.5386 81.9369 -1.15
    endloop
  endfacet
  facet normal -0.970024 -0.243011 0
    outer loop
      vertex 19.5386 81.9369 0
      vertex 19.6709 81.4088 -1.15
      vertex 19.6709 81.4088 0
    endloop
  endfacet
  facet normal -0.941551 -0.336872 0
    outer loop
      vertex 19.8543 80.8962 -1.15
      vertex 19.6709 81.4088 0
      vertex 19.6709 81.4088 -1.15
    endloop
  endfacet
  facet normal -0.941551 -0.336872 0
    outer loop
      vertex 19.6709 81.4088 0
      vertex 19.8543 80.8962 -1.15
      vertex 19.8543 80.8962 0
    endloop
  endfacet
  facet normal -0.903947 -0.427644 0
    outer loop
      vertex 20.0872 80.4039 -1.15
      vertex 19.8543 80.8962 0
      vertex 19.8543 80.8962 -1.15
    endloop
  endfacet
  facet normal -0.903947 -0.427644 0
    outer loop
      vertex 19.8543 80.8962 0
      vertex 20.0872 80.4039 -1.15
      vertex 20.0872 80.4039 0
    endloop
  endfacet
  facet normal -0.857784 -0.51401 0
    outer loop
      vertex 20.3671 79.9368 -1.15
      vertex 20.0872 80.4039 0
      vertex 20.0872 80.4039 -1.15
    endloop
  endfacet
  facet normal -0.857784 -0.51401 0
    outer loop
      vertex 20.0872 80.4039 0
      vertex 20.3671 79.9368 -1.15
      vertex 20.3671 79.9368 0
    endloop
  endfacet
  facet normal -0.803228 -0.595671 0
    outer loop
      vertex 20.6914 79.4995 -1.15
      vertex 20.3671 79.9368 0
      vertex 20.3671 79.9368 -1.15
    endloop
  endfacet
  facet normal -0.803228 -0.595671 0
    outer loop
      vertex 20.3671 79.9368 0
      vertex 20.6914 79.4995 -1.15
      vertex 20.6914 79.4995 0
    endloop
  endfacet
  facet normal -0.740878 -0.671639 0
    outer loop
      vertex 21.0571 79.0961 -1.15
      vertex 20.6914 79.4995 0
      vertex 20.6914 79.4995 -1.15
    endloop
  endfacet
  facet normal -0.740878 -0.671639 0
    outer loop
      vertex 20.6914 79.4995 0
      vertex 21.0571 79.0961 -1.15
      vertex 21.0571 79.0961 0
    endloop
  endfacet
  facet normal -0.671649 -0.74087 0
    outer loop
      vertex 21.0571 79.0961 -1.15
      vertex 21.4606 78.7303 0
      vertex 21.0571 79.0961 0
    endloop
  endfacet
  facet normal -0.671649 -0.74087 -0
    outer loop
      vertex 21.4606 78.7303 0
      vertex 21.0571 79.0961 -1.15
      vertex 21.4606 78.7303 -1.15
    endloop
  endfacet
  facet normal -0.595671 -0.803228 0
    outer loop
      vertex 21.4606 78.7303 -1.15
      vertex 21.8979 78.406 0
      vertex 21.4606 78.7303 0
    endloop
  endfacet
  facet normal -0.595671 -0.803228 -0
    outer loop
      vertex 21.8979 78.406 0
      vertex 21.4606 78.7303 -1.15
      vertex 21.8979 78.406 -1.15
    endloop
  endfacet
  facet normal -0.514091 -0.857736 0
    outer loop
      vertex 21.8979 78.406 -1.15
      vertex 22.3649 78.1261 0
      vertex 21.8979 78.406 0
    endloop
  endfacet
  facet normal -0.514091 -0.857736 -0
    outer loop
      vertex 22.3649 78.1261 0
      vertex 21.8979 78.406 -1.15
      vertex 22.3649 78.1261 -1.15
    endloop
  endfacet
  facet normal -0.427494 -0.904018 0
    outer loop
      vertex 22.3649 78.1261 -1.15
      vertex 22.8572 77.8933 0
      vertex 22.3649 78.1261 0
    endloop
  endfacet
  facet normal -0.427494 -0.904018 -0
    outer loop
      vertex 22.8572 77.8933 0
      vertex 22.3649 78.1261 -1.15
      vertex 22.8572 77.8933 -1.15
    endloop
  endfacet
  facet normal -0.336976 -0.941513 0
    outer loop
      vertex 22.8572 77.8933 -1.15
      vertex 23.3699 77.7098 0
      vertex 22.8572 77.8933 0
    endloop
  endfacet
  facet normal -0.336976 -0.941513 -0
    outer loop
      vertex 23.3699 77.7098 0
      vertex 22.8572 77.8933 -1.15
      vertex 23.3699 77.7098 -1.15
    endloop
  endfacet
  facet normal -0.24299 -0.970029 0
    outer loop
      vertex 23.3699 77.7098 -1.15
      vertex 23.9224 77.5714 0
      vertex 23.3699 77.7098 0
    endloop
  endfacet
  facet normal -0.24299 -0.970029 -0
    outer loop
      vertex 23.9224 77.5714 0
      vertex 23.3699 77.7098 -1.15
      vertex 23.9224 77.5714 -1.15
    endloop
  endfacet
  facet normal -0.194121 -0.980978 0
    outer loop
      vertex 23.9224 77.5714 -1.15
      vertex 23.9886 77.5583 0
      vertex 23.9224 77.5714 0
    endloop
  endfacet
  facet normal -0.194121 -0.980978 -0
    outer loop
      vertex 23.9886 77.5583 0
      vertex 23.9224 77.5714 -1.15
      vertex 23.9886 77.5583 -1.15
    endloop
  endfacet
  facet normal -0.290384 -0.95691 0
    outer loop
      vertex 23.9886 77.5583 -1.15
      vertex 24.1013 77.5241 0
      vertex 23.9886 77.5583 0
    endloop
  endfacet
  facet normal -0.290384 -0.95691 -0
    outer loop
      vertex 24.1013 77.5241 0
      vertex 23.9886 77.5583 -1.15
      vertex 24.1013 77.5241 -1.15
    endloop
  endfacet
  facet normal -0.382927 -0.923779 0
    outer loop
      vertex 24.1013 77.5241 -1.15
      vertex 24.2101 77.479 0
      vertex 24.1013 77.5241 0
    endloop
  endfacet
  facet normal -0.382927 -0.923779 -0
    outer loop
      vertex 24.2101 77.479 0
      vertex 24.1013 77.5241 -1.15
      vertex 24.2101 77.479 -1.15
    endloop
  endfacet
  facet normal -0.471514 -0.881859 0
    outer loop
      vertex 24.2101 77.479 -1.15
      vertex 24.3139 77.4235 0
      vertex 24.2101 77.479 0
    endloop
  endfacet
  facet normal -0.471514 -0.881859 -0
    outer loop
      vertex 24.3139 77.4235 0
      vertex 24.2101 77.479 -1.15
      vertex 24.3139 77.4235 -1.15
    endloop
  endfacet
  facet normal -0.555484 -0.831527 0
    outer loop
      vertex 24.3139 77.4235 -1.15
      vertex 24.4118 77.3581 0
      vertex 24.3139 77.4235 0
    endloop
  endfacet
  facet normal -0.555484 -0.831527 -0
    outer loop
      vertex 24.4118 77.3581 0
      vertex 24.3139 77.4235 -1.15
      vertex 24.4118 77.3581 -1.15
    endloop
  endfacet
  facet normal -0.634069 -0.773276 0
    outer loop
      vertex 24.4118 77.3581 -1.15
      vertex 24.5029 77.2834 0
      vertex 24.4118 77.3581 0
    endloop
  endfacet
  facet normal -0.634069 -0.773276 -0
    outer loop
      vertex 24.5029 77.2834 0
      vertex 24.4118 77.3581 -1.15
      vertex 24.5029 77.2834 -1.15
    endloop
  endfacet
  facet normal -0.707107 -0.707107 0
    outer loop
      vertex 24.5029 77.2834 -1.15
      vertex 24.5862 77.2001 0
      vertex 24.5029 77.2834 0
    endloop
  endfacet
  facet normal -0.707107 -0.707107 -0
    outer loop
      vertex 24.5862 77.2001 0
      vertex 24.5029 77.2834 -1.15
      vertex 24.5862 77.2001 -1.15
    endloop
  endfacet
  facet normal -0.772935 -0.634486 0
    outer loop
      vertex 24.6609 77.1091 -1.15
      vertex 24.5862 77.2001 0
      vertex 24.5862 77.2001 -1.15
    endloop
  endfacet
  facet normal -0.772935 -0.634486 0
    outer loop
      vertex 24.5862 77.2001 0
      vertex 24.6609 77.1091 -1.15
      vertex 24.6609 77.1091 0
    endloop
  endfacet
  facet normal -0.831789 -0.555092 0
    outer loop
      vertex 24.7263 77.0111 -1.15
      vertex 24.6609 77.1091 0
      vertex 24.6609 77.1091 -1.15
    endloop
  endfacet
  facet normal -0.831789 -0.555092 0
    outer loop
      vertex 24.6609 77.1091 0
      vertex 24.7263 77.0111 -1.15
      vertex 24.7263 77.0111 0
    endloop
  endfacet
  facet normal -0.881859 -0.471514 0
    outer loop
      vertex 24.7818 76.9073 -1.15
      vertex 24.7263 77.0111 0
      vertex 24.7263 77.0111 -1.15
    endloop
  endfacet
  facet normal -0.881859 -0.471514 0
    outer loop
      vertex 24.7263 77.0111 0
      vertex 24.7818 76.9073 -1.15
      vertex 24.7818 76.9073 0
    endloop
  endfacet
  facet normal -0.924079 -0.382202 0
    outer loop
      vertex 24.8268 76.7985 -1.15
      vertex 24.7818 76.9073 0
      vertex 24.7818 76.9073 -1.15
    endloop
  endfacet
  facet normal -0.924079 -0.382202 0
    outer loop
      vertex 24.7818 76.9073 0
      vertex 24.8268 76.7985 -1.15
      vertex 24.8268 76.7985 0
    endloop
  endfacet
  facet normal -0.95691 -0.290384 0
    outer loop
      vertex 24.861 76.6858 -1.15
      vertex 24.8268 76.7985 0
      vertex 24.8268 76.7985 -1.15
    endloop
  endfacet
  facet normal -0.95691 -0.290384 0
    outer loop
      vertex 24.8268 76.7985 0
      vertex 24.861 76.6858 -1.15
      vertex 24.861 76.6858 0
    endloop
  endfacet
  facet normal -0.980744 -0.1953 0
    outer loop
      vertex 24.884 76.5703 -1.15
      vertex 24.861 76.6858 0
      vertex 24.861 76.6858 -1.15
    endloop
  endfacet
  facet normal -0.980744 -0.1953 0
    outer loop
      vertex 24.861 76.6858 0
      vertex 24.884 76.5703 -1.15
      vertex 24.884 76.5703 0
    endloop
  endfacet
  facet normal -0.997286 -0.0736214 0
    outer loop
      vertex 24.897 76.3942 -1.15
      vertex 24.884 76.5703 0
      vertex 24.884 76.5703 -1.15
    endloop
  endfacet
  facet normal -0.997286 -0.0736214 0
    outer loop
      vertex 24.884 76.5703 0
      vertex 24.897 76.3942 -1.15
      vertex 24.897 76.3942 0
    endloop
  endfacet
  facet normal -1 0 0
    outer loop
      vertex 24.897 32.6058 -1.15
      vertex 24.897 76.3942 0
      vertex 24.897 76.3942 -1.15
    endloop
  endfacet
  facet normal -1 -0 0
    outer loop
      vertex 24.897 76.3942 0
      vertex 24.897 32.6058 -1.15
      vertex 24.897 32.6058 0
    endloop
  endfacet
  facet normal -0.998788 0.0492181 0
    outer loop
      vertex 24.8912 32.4881 -1.15
      vertex 24.897 32.6058 0
      vertex 24.897 32.6058 -1.15
    endloop
  endfacet
  facet normal -0.998788 0.0492181 0
    outer loop
      vertex 24.897 32.6058 0
      vertex 24.8912 32.4881 -1.15
      vertex 24.8912 32.4881 0
    endloop
  endfacet
  facet normal -0.989153 0.146887 0
    outer loop
      vertex 24.8739 32.3716 -1.15
      vertex 24.8912 32.4881 0
      vertex 24.8912 32.4881 -1.15
    endloop
  endfacet
  facet normal -0.989153 0.146887 0
    outer loop
      vertex 24.8912 32.4881 0
      vertex 24.8739 32.3716 -1.15
      vertex 24.8739 32.3716 0
    endloop
  endfacet
  facet normal -0.970042 0.242935 0
    outer loop
      vertex 24.8453 32.2574 -1.15
      vertex 24.8739 32.3716 0
      vertex 24.8739 32.3716 -1.15
    endloop
  endfacet
  facet normal -0.970042 0.242935 0
    outer loop
      vertex 24.8739 32.3716 0
      vertex 24.8453 32.2574 -1.15
      vertex 24.8453 32.2574 0
    endloop
  endfacet
  facet normal -0.941492 0.337035 0
    outer loop
      vertex 24.8056 32.1465 -1.15
      vertex 24.8453 32.2574 0
      vertex 24.8453 32.2574 -1.15
    endloop
  endfacet
  facet normal -0.941492 0.337035 0
    outer loop
      vertex 24.8453 32.2574 0
      vertex 24.8056 32.1465 -1.15
      vertex 24.8056 32.1465 0
    endloop
  endfacet
  facet normal -0.904066 0.427392 0
    outer loop
      vertex 24.7553 32.0401 -1.15
      vertex 24.8056 32.1465 0
      vertex 24.8056 32.1465 -1.15
    endloop
  endfacet
  facet normal -0.904066 0.427392 0
    outer loop
      vertex 24.8056 32.1465 0
      vertex 24.7553 32.0401 -1.15
      vertex 24.7553 32.0401 0
    endloop
  endfacet
  facet normal -0.857493 0.514496 0
    outer loop
      vertex 24.6947 31.9391 -1.15
      vertex 24.7553 32.0401 0
      vertex 24.7553 32.0401 -1.15
    endloop
  endfacet
  facet normal -0.857493 0.514496 0
    outer loop
      vertex 24.7553 32.0401 0
      vertex 24.6947 31.9391 -1.15
      vertex 24.6947 31.9391 0
    endloop
  endfacet
  facet normal -0.803452 0.59537 0
    outer loop
      vertex 24.6246 31.8445 -1.15
      vertex 24.6947 31.9391 0
      vertex 24.6947 31.9391 -1.15
    endloop
  endfacet
  facet normal -0.803452 0.59537 0
    outer loop
      vertex 24.6947 31.9391 0
      vertex 24.6246 31.8445 -1.15
      vertex 24.6246 31.8445 0
    endloop
  endfacet
  facet normal -0.741053 0.671447 0
    outer loop
      vertex 24.5455 31.7572 -1.15
      vertex 24.6246 31.8445 0
      vertex 24.6246 31.8445 -1.15
    endloop
  endfacet
  facet normal -0.741053 0.671447 0
    outer loop
      vertex 24.6246 31.8445 0
      vertex 24.5455 31.7572 -1.15
      vertex 24.5455 31.7572 0
    endloop
  endfacet
  facet normal -0.671869 0.74067 0
    outer loop
      vertex 24.5455 31.7572 -1.15
      vertex 24.4583 31.6781 0
      vertex 24.5455 31.7572 0
    endloop
  endfacet
  facet normal -0.671869 0.74067 0
    outer loop
      vertex 24.4583 31.6781 0
      vertex 24.5455 31.7572 -1.15
      vertex 24.4583 31.6781 -1.15
    endloop
  endfacet
  facet normal -0.59537 0.803452 0
    outer loop
      vertex 24.4583 31.6781 -1.15
      vertex 24.3637 31.608 0
      vertex 24.4583 31.6781 0
    endloop
  endfacet
  facet normal -0.59537 0.803452 0
    outer loop
      vertex 24.3637 31.608 0
      vertex 24.4583 31.6781 -1.15
      vertex 24.3637 31.608 -1.15
    endloop
  endfacet
  facet normal -0.513871 0.857867 0
    outer loop
      vertex 24.3637 31.608 -1.15
      vertex 24.2627 31.5475 0
      vertex 24.3637 31.608 0
    endloop
  endfacet
  facet normal -0.513871 0.857867 0
    outer loop
      vertex 24.2627 31.5475 0
      vertex 24.3637 31.608 -1.15
      vertex 24.2627 31.5475 -1.15
    endloop
  endfacet
  facet normal -0.427758 0.903893 0
    outer loop
      vertex 24.2627 31.5475 -1.15
      vertex 24.1562 31.4971 0
      vertex 24.2627 31.5475 0
    endloop
  endfacet
  facet normal -0.427758 0.903893 0
    outer loop
      vertex 24.1562 31.4971 0
      vertex 24.2627 31.5475 -1.15
      vertex 24.1562 31.4971 -1.15
    endloop
  endfacet
  facet normal -0.337035 0.941492 0
    outer loop
      vertex 24.1562 31.4971 -1.15
      vertex 24.0453 31.4574 0
      vertex 24.1562 31.4971 0
    endloop
  endfacet
  facet normal -0.337035 0.941492 0
    outer loop
      vertex 24.0453 31.4574 0
      vertex 24.1562 31.4971 -1.15
      vertex 24.0453 31.4574 -1.15
    endloop
  endfacet
  facet normal -0.218534 0.975829 0
    outer loop
      vertex 24.0453 31.4574 -1.15
      vertex 23.9551 31.4372 0
      vertex 24.0453 31.4574 0
    endloop
  endfacet
  facet normal -0.218534 0.975829 0
    outer loop
      vertex 23.9551 31.4372 0
      vertex 24.0453 31.4574 -1.15
      vertex 23.9551 31.4372 -1.15
    endloop
  endfacet
  facet normal -0.970143 -0.242536 0
    outer loop
      vertex 23.9552 31.4368 -1.15
      vertex 23.9551 31.4372 0
      vertex 23.9551 31.4372 -1.15
    endloop
  endfacet
  facet normal -0.970143 -0.242536 0
    outer loop
      vertex 23.9551 31.4372 0
      vertex 23.9552 31.4368 -1.15
      vertex 23.9552 31.4368 0
    endloop
  endfacet
  facet normal -0.242965 0.970035 0
    outer loop
      vertex 23.9552 31.4368 -1.15
      vertex 23.3699 31.2902 0
      vertex 23.9552 31.4368 0
    endloop
  endfacet
  facet normal -0.242965 0.970035 0
    outer loop
      vertex 23.3699 31.2902 0
      vertex 23.9552 31.4368 -1.15
      vertex 23.3699 31.2902 -1.15
    endloop
  endfacet
  facet normal -0.336976 0.941513 0
    outer loop
      vertex 23.3699 31.2902 -1.15
      vertex 22.8572 31.1067 0
      vertex 23.3699 31.2902 0
    endloop
  endfacet
  facet normal -0.336976 0.941513 0
    outer loop
      vertex 22.8572 31.1067 0
      vertex 23.3699 31.2902 -1.15
      vertex 22.8572 31.1067 -1.15
    endloop
  endfacet
  facet normal -0.427494 0.904018 0
    outer loop
      vertex 22.8572 31.1067 -1.15
      vertex 22.3649 30.8739 0
      vertex 22.8572 31.1067 0
    endloop
  endfacet
  facet normal -0.427494 0.904018 0
    outer loop
      vertex 22.3649 30.8739 0
      vertex 22.8572 31.1067 -1.15
      vertex 22.3649 30.8739 -1.15
    endloop
  endfacet
  facet normal -0.514091 0.857736 0
    outer loop
      vertex 22.3649 30.8739 -1.15
      vertex 21.8979 30.594 0
      vertex 22.3649 30.8739 0
    endloop
  endfacet
  facet normal -0.514091 0.857736 0
    outer loop
      vertex 21.8979 30.594 0
      vertex 22.3649 30.8739 -1.15
      vertex 21.8979 30.594 -1.15
    endloop
  endfacet
  facet normal -0.59579 0.803141 0
    outer loop
      vertex 21.8979 30.594 -1.15
      vertex 21.4606 30.2696 0
      vertex 21.8979 30.594 0
    endloop
  endfacet
  facet normal -0.59579 0.803141 0
    outer loop
      vertex 21.4606 30.2696 0
      vertex 21.8979 30.594 -1.15
      vertex 21.4606 30.2696 -1.15
    endloop
  endfacet
  facet normal -0.671548 0.740961 0
    outer loop
      vertex 21.4606 30.2696 -1.15
      vertex 21.0571 29.9039 0
      vertex 21.4606 30.2696 0
    endloop
  endfacet
  facet normal -0.671548 0.740961 0
    outer loop
      vertex 21.0571 29.9039 0
      vertex 21.4606 30.2696 -1.15
      vertex 21.0571 29.9039 -1.15
    endloop
  endfacet
  facet normal -0.740878 0.671639 0
    outer loop
      vertex 20.6914 29.5005 -1.15
      vertex 21.0571 29.9039 0
      vertex 21.0571 29.9039 -1.15
    endloop
  endfacet
  facet normal -0.740878 0.671639 0
    outer loop
      vertex 21.0571 29.9039 0
      vertex 20.6914 29.5005 -1.15
      vertex 20.6914 29.5005 0
    endloop
  endfacet
  facet normal -0.803228 0.595671 0
    outer loop
      vertex 20.3671 29.0632 -1.15
      vertex 20.6914 29.5005 0
      vertex 20.6914 29.5005 -1.15
    endloop
  endfacet
  facet normal -0.803228 0.595671 0
    outer loop
      vertex 20.6914 29.5005 0
      vertex 20.3671 29.0632 -1.15
      vertex 20.3671 29.0632 0
    endloop
  endfacet
  facet normal -0.857784 0.51401 0
    outer loop
      vertex 20.0872 28.5961 -1.15
      vertex 20.3671 29.0632 0
      vertex 20.3671 29.0632 -1.15
    endloop
  endfacet
  facet normal -0.857784 0.51401 0
    outer loop
      vertex 20.3671 29.0632 0
      vertex 20.0872 28.5961 -1.15
      vertex 20.0872 28.5961 0
    endloop
  endfacet
  facet normal -0.903947 0.427644 0
    outer loop
      vertex 19.8543 28.1038 -1.15
      vertex 20.0872 28.5961 0
      vertex 20.0872 28.5961 -1.15
    endloop
  endfacet
  facet normal -0.903947 0.427644 0
    outer loop
      vertex 20.0872 28.5961 0
      vertex 19.8543 28.1038 -1.15
      vertex 19.8543 28.1038 0
    endloop
  endfacet
  facet normal -0.941571 0.336813 0
    outer loop
      vertex 19.6709 27.5911 -1.15
      vertex 19.8543 28.1038 0
      vertex 19.8543 28.1038 -1.15
    endloop
  endfacet
  facet normal -0.941571 0.336813 0
    outer loop
      vertex 19.8543 28.1038 0
      vertex 19.6709 27.5911 -1.15
      vertex 19.6709 27.5911 0
    endloop
  endfacet
  facet normal -0.970013 0.243054 0
    outer loop
      vertex 19.5386 27.0631 -1.15
      vertex 19.6709 27.5911 0
      vertex 19.6709 27.5911 -1.15
    endloop
  endfacet
  facet normal -0.970013 0.243054 0
    outer loop
      vertex 19.6709 27.5911 0
      vertex 19.5386 27.0631 -1.15
      vertex 19.5386 27.0631 0
    endloop
  endfacet
  facet normal -0.989183 0.146688 0
    outer loop
      vertex 19.4587 26.5243 -1.15
      vertex 19.5386 27.0631 0
      vertex 19.5386 27.0631 -1.15
    endloop
  endfacet
  facet normal -0.989183 0.146688 0
    outer loop
      vertex 19.5386 27.0631 0
      vertex 19.4587 26.5243 -1.15
      vertex 19.4587 26.5243 0
    endloop
  endfacet
  facet normal -0.998797 0.0490399 0
    outer loop
      vertex 19.432 25.9805 -1.15
      vertex 19.4587 26.5243 0
      vertex 19.4587 26.5243 -1.15
    endloop
  endfacet
  facet normal -0.998797 0.0490399 0
    outer loop
      vertex 19.4587 26.5243 0
      vertex 19.432 25.9805 -1.15
      vertex 19.432 25.9805 0
    endloop
  endfacet
  facet normal -0.998796 -0.0490489 0
    outer loop
      vertex 19.4587 25.4368 -1.15
      vertex 19.432 25.9805 0
      vertex 19.432 25.9805 -1.15
    endloop
  endfacet
  facet normal -0.998796 -0.0490489 0
    outer loop
      vertex 19.432 25.9805 0
      vertex 19.4587 25.4368 -1.15
      vertex 19.4587 25.4368 0
    endloop
  endfacet
  facet normal -0.989183 -0.146688 0
    outer loop
      vertex 19.5386 24.898 -1.15
      vertex 19.4587 25.4368 0
      vertex 19.4587 25.4368 -1.15
    endloop
  endfacet
  facet normal -0.989183 -0.146688 0
    outer loop
      vertex 19.4587 25.4368 0
      vertex 19.5386 24.898 -1.15
      vertex 19.5386 24.898 0
    endloop
  endfacet
  facet normal -0.970056 -0.242881 0
    outer loop
      vertex 19.6708 24.37 -1.15
      vertex 19.5386 24.898 0
      vertex 19.5386 24.898 -1.15
    endloop
  endfacet
  facet normal -0.970056 -0.242881 0
    outer loop
      vertex 19.5386 24.898 0
      vertex 19.6708 24.37 -1.15
      vertex 19.6708 24.37 0
    endloop
  endfacet
  facet normal -0.941534 -0.336918 0
    outer loop
      vertex 19.8543 23.8572 -1.15
      vertex 19.6708 24.37 0
      vertex 19.6708 24.37 -1.15
    endloop
  endfacet
  facet normal -0.941534 -0.336918 0
    outer loop
      vertex 19.6708 24.37 0
      vertex 19.8543 23.8572 -1.15
      vertex 19.8543 23.8572 0
    endloop
  endfacet
  facet normal -0.903947 -0.427644 0
    outer loop
      vertex 20.0872 23.3649 -1.15
      vertex 19.8543 23.8572 0
      vertex 19.8543 23.8572 -1.15
    endloop
  endfacet
  facet normal -0.903947 -0.427644 0
    outer loop
      vertex 19.8543 23.8572 0
      vertex 20.0872 23.3649 -1.15
      vertex 20.0872 23.3649 0
    endloop
  endfacet
  facet normal -0.857736 -0.514091 0
    outer loop
      vertex 20.3671 22.8979 -1.15
      vertex 20.0872 23.3649 0
      vertex 20.0872 23.3649 -1.15
    endloop
  endfacet
  facet normal -0.857736 -0.514091 0
    outer loop
      vertex 20.0872 23.3649 0
      vertex 20.3671 22.8979 -1.15
      vertex 20.3671 22.8979 0
    endloop
  endfacet
  facet normal -0.803228 -0.595671 0
    outer loop
      vertex 20.6914 22.4606 -1.15
      vertex 20.3671 22.8979 0
      vertex 20.3671 22.8979 -1.15
    endloop
  endfacet
  facet normal -0.803228 -0.595671 0
    outer loop
      vertex 20.3671 22.8979 0
      vertex 20.6914 22.4606 -1.15
      vertex 20.6914 22.4606 0
    endloop
  endfacet
  facet normal -0.740961 -0.671548 0
    outer loop
      vertex 21.0571 22.0571 -1.15
      vertex 20.6914 22.4606 0
      vertex 20.6914 22.4606 -1.15
    endloop
  endfacet
  facet normal -0.740961 -0.671548 0
    outer loop
      vertex 20.6914 22.4606 0
      vertex 21.0571 22.0571 -1.15
      vertex 21.0571 22.0571 0
    endloop
  endfacet
  facet normal -0.671548 -0.740961 0
    outer loop
      vertex 21.0571 22.0571 -1.15
      vertex 21.4606 21.6914 0
      vertex 21.0571 22.0571 0
    endloop
  endfacet
  facet normal -0.671548 -0.740961 -0
    outer loop
      vertex 21.4606 21.6914 0
      vertex 21.0571 22.0571 -1.15
      vertex 21.4606 21.6914 -1.15
    endloop
  endfacet
  facet normal -0.595671 -0.803228 0
    outer loop
      vertex 21.4606 21.6914 -1.15
      vertex 21.8979 21.3671 0
      vertex 21.4606 21.6914 0
    endloop
  endfacet
  facet normal -0.595671 -0.803228 -0
    outer loop
      vertex 21.8979 21.3671 0
      vertex 21.4606 21.6914 -1.15
      vertex 21.8979 21.3671 -1.15
    endloop
  endfacet
  facet normal -0.514091 -0.857736 0
    outer loop
      vertex 21.8979 21.3671 -1.15
      vertex 22.3649 21.0872 0
      vertex 21.8979 21.3671 0
    endloop
  endfacet
  facet normal -0.514091 -0.857736 -0
    outer loop
      vertex 22.3649 21.0872 0
      vertex 21.8979 21.3671 -1.15
      vertex 22.3649 21.0872 -1.15
    endloop
  endfacet
  facet normal -0.427644 -0.903947 0
    outer loop
      vertex 22.3649 21.0872 -1.15
      vertex 22.8572 20.8543 0
      vertex 22.3649 21.0872 0
    endloop
  endfacet
  facet normal -0.427644 -0.903947 -0
    outer loop
      vertex 22.8572 20.8543 0
      vertex 22.3649 21.0872 -1.15
      vertex 22.8572 20.8543 -1.15
    endloop
  endfacet
  facet normal -0.336918 -0.941534 0
    outer loop
      vertex 22.8572 20.8543 -1.15
      vertex 23.37 20.6708 0
      vertex 22.8572 20.8543 0
    endloop
  endfacet
  facet normal -0.336918 -0.941534 -0
    outer loop
      vertex 23.37 20.6708 0
      vertex 22.8572 20.8543 -1.15
      vertex 23.37 20.6708 -1.15
    endloop
  endfacet
  facet normal -0.242881 -0.970056 0
    outer loop
      vertex 23.37 20.6708 -1.15
      vertex 23.898 20.5386 0
      vertex 23.37 20.6708 0
    endloop
  endfacet
  facet normal -0.242881 -0.970056 -0
    outer loop
      vertex 23.898 20.5386 0
      vertex 23.37 20.6708 -1.15
      vertex 23.898 20.5386 -1.15
    endloop
  endfacet
  facet normal -0.146688 -0.989183 0
    outer loop
      vertex 23.898 20.5386 -1.15
      vertex 24.4368 20.4587 0
      vertex 23.898 20.5386 0
    endloop
  endfacet
  facet normal -0.146688 -0.989183 -0
    outer loop
      vertex 24.4368 20.4587 0
      vertex 23.898 20.5386 -1.15
      vertex 24.4368 20.4587 -1.15
    endloop
  endfacet
  facet normal -0.0490489 -0.998796 0
    outer loop
      vertex 24.4368 20.4587 -1.15
      vertex 24.9805 20.432 0
      vertex 24.4368 20.4587 0
    endloop
  endfacet
  facet normal -0.0490489 -0.998796 -0
    outer loop
      vertex 24.9805 20.432 0
      vertex 24.4368 20.4587 -1.15
      vertex 24.9805 20.432 -1.15
    endloop
  endfacet
  facet normal 0.0490399 -0.998797 0
    outer loop
      vertex 24.9805 20.432 -1.15
      vertex 25.5243 20.4587 0
      vertex 24.9805 20.432 0
    endloop
  endfacet
  facet normal 0.0490399 -0.998797 0
    outer loop
      vertex 25.5243 20.4587 0
      vertex 24.9805 20.432 -1.15
      vertex 25.5243 20.4587 -1.15
    endloop
  endfacet
  facet normal 0.146688 -0.989183 0
    outer loop
      vertex 25.5243 20.4587 -1.15
      vertex 26.0631 20.5386 0
      vertex 25.5243 20.4587 0
    endloop
  endfacet
  facet normal 0.146688 -0.989183 0
    outer loop
      vertex 26.0631 20.5386 0
      vertex 25.5243 20.4587 -1.15
      vertex 26.0631 20.5386 -1.15
    endloop
  endfacet
  facet normal 0.243054 -0.970013 0
    outer loop
      vertex 26.0631 20.5386 -1.15
      vertex 26.5911 20.6709 0
      vertex 26.0631 20.5386 0
    endloop
  endfacet
  facet normal 0.243054 -0.970013 0
    outer loop
      vertex 26.5911 20.6709 0
      vertex 26.0631 20.5386 -1.15
      vertex 26.5911 20.6709 -1.15
    endloop
  endfacet
  facet normal 0.336813 -0.941571 0
    outer loop
      vertex 26.5911 20.6709 -1.15
      vertex 27.1038 20.8543 0
      vertex 26.5911 20.6709 0
    endloop
  endfacet
  facet normal 0.336813 -0.941571 0
    outer loop
      vertex 27.1038 20.8543 0
      vertex 26.5911 20.6709 -1.15
      vertex 27.1038 20.8543 -1.15
    endloop
  endfacet
  facet normal 0.427644 -0.903947 0
    outer loop
      vertex 27.1038 20.8543 -1.15
      vertex 27.5961 21.0872 0
      vertex 27.1038 20.8543 0
    endloop
  endfacet
  facet normal 0.427644 -0.903947 0
    outer loop
      vertex 27.5961 21.0872 0
      vertex 27.1038 20.8543 -1.15
      vertex 27.5961 21.0872 -1.15
    endloop
  endfacet
  facet normal 0.51401 -0.857784 0
    outer loop
      vertex 27.5961 21.0872 -1.15
      vertex 28.0632 21.3671 0
      vertex 27.5961 21.0872 0
    endloop
  endfacet
  facet normal 0.51401 -0.857784 0
    outer loop
      vertex 28.0632 21.3671 0
      vertex 27.5961 21.0872 -1.15
      vertex 28.0632 21.3671 -1.15
    endloop
  endfacet
  facet normal 0.595671 -0.803228 0
    outer loop
      vertex 28.0632 21.3671 -1.15
      vertex 28.5005 21.6914 0
      vertex 28.0632 21.3671 0
    endloop
  endfacet
  facet normal 0.595671 -0.803228 0
    outer loop
      vertex 28.5005 21.6914 0
      vertex 28.0632 21.3671 -1.15
      vertex 28.5005 21.6914 -1.15
    endloop
  endfacet
  facet normal 0.671639 -0.740878 0
    outer loop
      vertex 28.5005 21.6914 -1.15
      vertex 28.9039 22.0571 0
      vertex 28.5005 21.6914 0
    endloop
  endfacet
  facet normal 0.671639 -0.740878 0
    outer loop
      vertex 28.9039 22.0571 0
      vertex 28.5005 21.6914 -1.15
      vertex 28.9039 22.0571 -1.15
    endloop
  endfacet
  facet normal 0.740961 -0.671548 0
    outer loop
      vertex 28.9039 22.0571 0
      vertex 29.2696 22.4606 -1.15
      vertex 29.2696 22.4606 0
    endloop
  endfacet
  facet normal 0.740961 -0.671548 0
    outer loop
      vertex 29.2696 22.4606 -1.15
      vertex 28.9039 22.0571 0
      vertex 28.9039 22.0571 -1.15
    endloop
  endfacet
  facet normal 0.803141 -0.59579 0
    outer loop
      vertex 29.2696 22.4606 0
      vertex 29.594 22.8979 -1.15
      vertex 29.594 22.8979 0
    endloop
  endfacet
  facet normal 0.803141 -0.59579 0
    outer loop
      vertex 29.594 22.8979 -1.15
      vertex 29.2696 22.4606 0
      vertex 29.2696 22.4606 -1.15
    endloop
  endfacet
  facet normal 0.857736 -0.514091 0
    outer loop
      vertex 29.594 22.8979 0
      vertex 29.8739 23.3649 -1.15
      vertex 29.8739 23.3649 0
    endloop
  endfacet
  facet normal 0.857736 -0.514091 0
    outer loop
      vertex 29.8739 23.3649 -1.15
      vertex 29.594 22.8979 0
      vertex 29.594 22.8979 -1.15
    endloop
  endfacet
  facet normal 0.904018 -0.427494 0
    outer loop
      vertex 29.8739 23.3649 0
      vertex 30.1067 23.8572 -1.15
      vertex 30.1067 23.8572 0
    endloop
  endfacet
  facet normal 0.904018 -0.427494 0
    outer loop
      vertex 30.1067 23.8572 -1.15
      vertex 29.8739 23.3649 0
      vertex 29.8739 23.3649 -1.15
    endloop
  endfacet
  facet normal 0.941513 -0.336976 0
    outer loop
      vertex 30.1067 23.8572 0
      vertex 30.2902 24.3699 -1.15
      vertex 30.2902 24.3699 0
    endloop
  endfacet
  facet normal 0.941513 -0.336976 0
    outer loop
      vertex 30.2902 24.3699 -1.15
      vertex 30.1067 23.8572 0
      vertex 30.1067 23.8572 -1.15
    endloop
  endfacet
  facet normal 0.970029 -0.24299 0
    outer loop
      vertex 30.2902 24.3699 0
      vertex 30.4286 24.9224 -1.15
      vertex 30.4286 24.9224 0
    endloop
  endfacet
  facet normal 0.970029 -0.24299 0
    outer loop
      vertex 30.4286 24.9224 -1.15
      vertex 30.2902 24.3699 0
      vertex 30.2902 24.3699 -1.15
    endloop
  endfacet
  facet normal 0.980978 -0.194121 0
    outer loop
      vertex 30.4286 24.9224 0
      vertex 30.4417 24.9886 -1.15
      vertex 30.4417 24.9886 0
    endloop
  endfacet
  facet normal 0.980978 -0.194121 0
    outer loop
      vertex 30.4417 24.9886 -1.15
      vertex 30.4286 24.9224 0
      vertex 30.4286 24.9224 -1.15
    endloop
  endfacet
  facet normal 0.95691 -0.290384 0
    outer loop
      vertex 30.4417 24.9886 0
      vertex 30.4759 25.1013 -1.15
      vertex 30.4759 25.1013 0
    endloop
  endfacet
  facet normal 0.95691 -0.290384 0
    outer loop
      vertex 30.4759 25.1013 -1.15
      vertex 30.4417 24.9886 0
      vertex 30.4417 24.9886 -1.15
    endloop
  endfacet
  facet normal 0.923779 -0.382927 0
    outer loop
      vertex 30.4759 25.1013 0
      vertex 30.521 25.2101 -1.15
      vertex 30.521 25.2101 0
    endloop
  endfacet
  facet normal 0.923779 -0.382927 0
    outer loop
      vertex 30.521 25.2101 -1.15
      vertex 30.4759 25.1013 0
      vertex 30.4759 25.1013 -1.15
    endloop
  endfacet
  facet normal 0.881859 -0.471514 0
    outer loop
      vertex 30.521 25.2101 0
      vertex 30.5765 25.3139 -1.15
      vertex 30.5765 25.3139 0
    endloop
  endfacet
  facet normal 0.881859 -0.471514 0
    outer loop
      vertex 30.5765 25.3139 -1.15
      vertex 30.521 25.2101 0
      vertex 30.521 25.2101 -1.15
    endloop
  endfacet
  facet normal 0.831527 -0.555484 0
    outer loop
      vertex 30.5765 25.3139 0
      vertex 30.6419 25.4118 -1.15
      vertex 30.6419 25.4118 0
    endloop
  endfacet
  facet normal 0.831527 -0.555484 0
    outer loop
      vertex 30.6419 25.4118 -1.15
      vertex 30.5765 25.3139 0
      vertex 30.5765 25.3139 -1.15
    endloop
  endfacet
  facet normal 0.773276 -0.634069 0
    outer loop
      vertex 30.6419 25.4118 0
      vertex 30.7166 25.5029 -1.15
      vertex 30.7166 25.5029 0
    endloop
  endfacet
  facet normal 0.773276 -0.634069 0
    outer loop
      vertex 30.7166 25.5029 -1.15
      vertex 30.6419 25.4118 0
      vertex 30.6419 25.4118 -1.15
    endloop
  endfacet
  facet normal 0.707107 -0.707107 0
    outer loop
      vertex 30.7166 25.5029 0
      vertex 30.7999 25.5862 -1.15
      vertex 30.7999 25.5862 0
    endloop
  endfacet
  facet normal 0.707107 -0.707107 0
    outer loop
      vertex 30.7999 25.5862 -1.15
      vertex 30.7166 25.5029 0
      vertex 30.7166 25.5029 -1.15
    endloop
  endfacet
  facet normal 0.634486 -0.772935 0
    outer loop
      vertex 30.7999 25.5862 -1.15
      vertex 30.8909 25.6609 0
      vertex 30.7999 25.5862 0
    endloop
  endfacet
  facet normal 0.634486 -0.772935 0
    outer loop
      vertex 30.8909 25.6609 0
      vertex 30.7999 25.5862 -1.15
      vertex 30.8909 25.6609 -1.15
    endloop
  endfacet
  facet normal 0.555484 -0.831527 0
    outer loop
      vertex 30.8909 25.6609 -1.15
      vertex 30.9888 25.7263 0
      vertex 30.8909 25.6609 0
    endloop
  endfacet
  facet normal 0.555484 -0.831527 0
    outer loop
      vertex 30.9888 25.7263 0
      vertex 30.8909 25.6609 -1.15
      vertex 30.9888 25.7263 -1.15
    endloop
  endfacet
  facet normal 0.471161 -0.882047 0
    outer loop
      vertex 30.9888 25.7263 -1.15
      vertex 31.0927 25.7818 0
      vertex 30.9888 25.7263 0
    endloop
  endfacet
  facet normal 0.471161 -0.882047 0
    outer loop
      vertex 31.0927 25.7818 0
      vertex 30.9888 25.7263 -1.15
      vertex 31.0927 25.7818 -1.15
    endloop
  endfacet
  facet normal 0.382202 -0.924079 0
    outer loop
      vertex 31.0927 25.7818 -1.15
      vertex 31.2015 25.8268 0
      vertex 31.0927 25.7818 0
    endloop
  endfacet
  facet normal 0.382202 -0.924079 0
    outer loop
      vertex 31.2015 25.8268 0
      vertex 31.0927 25.7818 -1.15
      vertex 31.2015 25.8268 -1.15
    endloop
  endfacet
  facet normal 0.290384 -0.95691 0
    outer loop
      vertex 31.2015 25.8268 -1.15
      vertex 31.3142 25.861 0
      vertex 31.2015 25.8268 0
    endloop
  endfacet
  facet normal 0.290384 -0.95691 0
    outer loop
      vertex 31.3142 25.861 0
      vertex 31.2015 25.8268 -1.15
      vertex 31.3142 25.861 -1.15
    endloop
  endfacet
  facet normal 0.1953 -0.980744 0
    outer loop
      vertex 31.3142 25.861 -1.15
      vertex 31.4297 25.884 0
      vertex 31.3142 25.861 0
    endloop
  endfacet
  facet normal 0.1953 -0.980744 0
    outer loop
      vertex 31.4297 25.884 0
      vertex 31.3142 25.861 -1.15
      vertex 31.4297 25.884 -1.15
    endloop
  endfacet
  facet normal 0.0736214 -0.997286 0
    outer loop
      vertex 31.4297 25.884 -1.15
      vertex 31.6058 25.897 0
      vertex 31.4297 25.884 0
    endloop
  endfacet
  facet normal 0.0736214 -0.997286 0
    outer loop
      vertex 31.6058 25.897 0
      vertex 31.4297 25.884 -1.15
      vertex 31.6058 25.897 -1.15
    endloop
  endfacet
  facet normal 0 -1 0
    outer loop
      vertex 31.6058 25.897 -1.15
      vertex 75.4912 25.897 0
      vertex 31.6058 25.897 0
    endloop
  endfacet
  facet normal 0 -1 -0
    outer loop
      vertex 75.4912 25.897 0
      vertex 31.6058 25.897 -1.15
      vertex 75.4912 25.897 -1.15
    endloop
  endfacet
  facet normal -0.0492599 -0.998786 0
    outer loop
      vertex 75.4912 25.897 -1.15
      vertex 75.6088 25.8912 0
      vertex 75.4912 25.897 0
    endloop
  endfacet
  facet normal -0.0492599 -0.998786 -0
    outer loop
      vertex 75.6088 25.8912 0
      vertex 75.4912 25.897 -1.15
      vertex 75.6088 25.8912 -1.15
    endloop
  endfacet
  facet normal -0.146887 -0.989153 0
    outer loop
      vertex 75.6088 25.8912 -1.15
      vertex 75.7253 25.8739 0
      vertex 75.6088 25.8912 0
    endloop
  endfacet
  facet normal -0.146887 -0.989153 -0
    outer loop
      vertex 75.7253 25.8739 0
      vertex 75.6088 25.8912 -1.15
      vertex 75.7253 25.8739 -1.15
    endloop
  endfacet
  facet normal -0.242735 -0.970093 0
    outer loop
      vertex 75.7253 25.8739 -1.15
      vertex 75.8396 25.8453 0
      vertex 75.7253 25.8739 0
    endloop
  endfacet
  facet normal -0.242735 -0.970093 -0
    outer loop
      vertex 75.8396 25.8453 0
      vertex 75.7253 25.8739 -1.15
      vertex 75.8396 25.8453 -1.15
    endloop
  endfacet
  facet normal -0.337305 -0.941395 0
    outer loop
      vertex 75.8396 25.8453 -1.15
      vertex 75.9504 25.8056 0
      vertex 75.8396 25.8453 0
    endloop
  endfacet
  facet normal -0.337305 -0.941395 -0
    outer loop
      vertex 75.9504 25.8056 0
      vertex 75.8396 25.8453 -1.15
      vertex 75.9504 25.8056 -1.15
    endloop
  endfacet
  facet normal -0.427064 -0.904221 0
    outer loop
      vertex 75.9504 25.8056 -1.15
      vertex 76.0569 25.7553 0
      vertex 75.9504 25.8056 0
    endloop
  endfacet
  facet normal -0.427064 -0.904221 -0
    outer loop
      vertex 76.0569 25.7553 0
      vertex 75.9504 25.8056 -1.15
      vertex 76.0569 25.7553 -1.15
    endloop
  endfacet
  facet normal -0.514496 -0.857493 0
    outer loop
      vertex 76.0569 25.7553 -1.15
      vertex 76.1579 25.6947 0
      vertex 76.0569 25.7553 0
    endloop
  endfacet
  facet normal -0.514496 -0.857493 -0
    outer loop
      vertex 76.1579 25.6947 0
      vertex 76.0569 25.7553 -1.15
      vertex 76.1579 25.6947 -1.15
    endloop
  endfacet
  facet normal -0.59537 -0.803452 0
    outer loop
      vertex 76.1579 25.6947 -1.15
      vertex 76.2525 25.6246 0
      vertex 76.1579 25.6947 0
    endloop
  endfacet
  facet normal -0.59537 -0.803452 -0
    outer loop
      vertex 76.2525 25.6246 0
      vertex 76.1579 25.6947 -1.15
      vertex 76.2525 25.6246 -1.15
    endloop
  endfacet
  facet normal -0.671447 -0.741053 0
    outer loop
      vertex 76.2525 25.6246 -1.15
      vertex 76.3398 25.5455 0
      vertex 76.2525 25.6246 0
    endloop
  endfacet
  facet normal -0.671447 -0.741053 -0
    outer loop
      vertex 76.3398 25.5455 0
      vertex 76.2525 25.6246 -1.15
      vertex 76.3398 25.5455 -1.15
    endloop
  endfacet
  facet normal -0.741093 -0.671403 0
    outer loop
      vertex 76.4188 25.4583 -1.15
      vertex 76.3398 25.5455 0
      vertex 76.3398 25.5455 -1.15
    endloop
  endfacet
  facet normal -0.741093 -0.671403 0
    outer loop
      vertex 76.3398 25.5455 0
      vertex 76.4188 25.4583 -1.15
      vertex 76.4188 25.4583 0
    endloop
  endfacet
  facet normal -0.803046 -0.595918 0
    outer loop
      vertex 76.489 25.3637 -1.15
      vertex 76.4188 25.4583 0
      vertex 76.4188 25.4583 -1.15
    endloop
  endfacet
  facet normal -0.803046 -0.595918 0
    outer loop
      vertex 76.4188 25.4583 0
      vertex 76.489 25.3637 -1.15
      vertex 76.489 25.3637 0
    endloop
  endfacet
  facet normal -0.857867 -0.513871 0
    outer loop
      vertex 76.5495 25.2627 -1.15
      vertex 76.489 25.3637 0
      vertex 76.489 25.3637 -1.15
    endloop
  endfacet
  facet normal -0.857867 -0.513871 0
    outer loop
      vertex 76.489 25.3637 0
      vertex 76.5495 25.2627 -1.15
      vertex 76.5495 25.2627 0
    endloop
  endfacet
  facet normal -0.903893 -0.427758 0
    outer loop
      vertex 76.5999 25.1562 -1.15
      vertex 76.5495 25.2627 0
      vertex 76.5495 25.2627 -1.15
    endloop
  endfacet
  facet normal -0.903893 -0.427758 0
    outer loop
      vertex 76.5495 25.2627 0
      vertex 76.5999 25.1562 -1.15
      vertex 76.5999 25.1562 0
    endloop
  endfacet
  facet normal -0.941492 -0.337035 0
    outer loop
      vertex 76.6396 25.0453 -1.15
      vertex 76.5999 25.1562 0
      vertex 76.5999 25.1562 -1.15
    endloop
  endfacet
  facet normal -0.941492 -0.337035 0
    outer loop
      vertex 76.5999 25.1562 0
      vertex 76.6396 25.0453 -1.15
      vertex 76.6396 25.0453 0
    endloop
  endfacet
  facet normal -0.975829 -0.218534 0
    outer loop
      vertex 76.6598 24.9551 -1.15
      vertex 76.6396 25.0453 0
      vertex 76.6396 25.0453 -1.15
    endloop
  endfacet
  facet normal -0.975829 -0.218534 0
    outer loop
      vertex 76.6396 25.0453 0
      vertex 76.6598 24.9551 -1.15
      vertex 76.6598 24.9551 0
    endloop
  endfacet
  facet normal 0.242536 -0.970143 0
    outer loop
      vertex 76.6598 24.9551 -1.15
      vertex 76.6602 24.9552 0
      vertex 76.6598 24.9551 0
    endloop
  endfacet
  facet normal 0.242536 -0.970143 0
    outer loop
      vertex 76.6602 24.9552 0
      vertex 76.6598 24.9551 -1.15
      vertex 76.6602 24.9552 -1.15
    endloop
  endfacet
  facet normal -0.970035 -0.242965 0
    outer loop
      vertex 76.8068 24.3699 -1.15
      vertex 76.6602 24.9552 0
      vertex 76.6602 24.9552 -1.15
    endloop
  endfacet
  facet normal -0.970035 -0.242965 0
    outer loop
      vertex 76.6602 24.9552 0
      vertex 76.8068 24.3699 -1.15
      vertex 76.8068 24.3699 0
    endloop
  endfacet
  facet normal -0.941513 -0.336976 0
    outer loop
      vertex 76.9903 23.8572 -1.15
      vertex 76.8068 24.3699 0
      vertex 76.8068 24.3699 -1.15
    endloop
  endfacet
  facet normal -0.941513 -0.336976 0
    outer loop
      vertex 76.8068 24.3699 0
      vertex 76.9903 23.8572 -1.15
      vertex 76.9903 23.8572 0
    endloop
  endfacet
  facet normal -0.904018 -0.427494 0
    outer loop
      vertex 77.2231 23.3649 -1.15
      vertex 76.9903 23.8572 0
      vertex 76.9903 23.8572 -1.15
    endloop
  endfacet
  facet normal -0.904018 -0.427494 0
    outer loop
      vertex 76.9903 23.8572 0
      vertex 77.2231 23.3649 -1.15
      vertex 77.2231 23.3649 0
    endloop
  endfacet
  facet normal -0.857736 -0.514091 0
    outer loop
      vertex 77.503 22.8979 -1.15
      vertex 77.2231 23.3649 0
      vertex 77.2231 23.3649 -1.15
    endloop
  endfacet
  facet normal -0.857736 -0.514091 0
    outer loop
      vertex 77.2231 23.3649 0
      vertex 77.503 22.8979 -1.15
      vertex 77.503 22.8979 0
    endloop
  endfacet
  facet normal -0.803228 -0.595671 0
    outer loop
      vertex 77.8273 22.4606 -1.15
      vertex 77.503 22.8979 0
      vertex 77.503 22.8979 -1.15
    endloop
  endfacet
  facet normal -0.803228 -0.595671 0
    outer loop
      vertex 77.503 22.8979 0
      vertex 77.8273 22.4606 -1.15
      vertex 77.8273 22.4606 0
    endloop
  endfacet
  facet normal -0.74087 -0.671649 0
    outer loop
      vertex 78.1931 22.0571 -1.15
      vertex 77.8273 22.4606 0
      vertex 77.8273 22.4606 -1.15
    endloop
  endfacet
  facet normal -0.74087 -0.671649 0
    outer loop
      vertex 77.8273 22.4606 0
      vertex 78.1931 22.0571 -1.15
      vertex 78.1931 22.0571 0
    endloop
  endfacet
  facet normal -0.671639 -0.740878 0
    outer loop
      vertex 78.1931 22.0571 -1.15
      vertex 78.5965 21.6914 0
      vertex 78.1931 22.0571 0
    endloop
  endfacet
  facet normal -0.671639 -0.740878 -0
    outer loop
      vertex 78.5965 21.6914 0
      vertex 78.1931 22.0571 -1.15
      vertex 78.5965 21.6914 -1.15
    endloop
  endfacet
  facet normal -0.595671 -0.803228 0
    outer loop
      vertex 78.5965 21.6914 -1.15
      vertex 79.0338 21.3671 0
      vertex 78.5965 21.6914 0
    endloop
  endfacet
  facet normal -0.595671 -0.803228 -0
    outer loop
      vertex 79.0338 21.3671 0
      vertex 78.5965 21.6914 -1.15
      vertex 79.0338 21.3671 -1.15
    endloop
  endfacet
  facet normal -0.51401 -0.857784 0
    outer loop
      vertex 79.0338 21.3671 -1.15
      vertex 79.5009 21.0872 0
      vertex 79.0338 21.3671 0
    endloop
  endfacet
  facet normal -0.51401 -0.857784 -0
    outer loop
      vertex 79.5009 21.0872 0
      vertex 79.0338 21.3671 -1.15
      vertex 79.5009 21.0872 -1.15
    endloop
  endfacet
  facet normal -0.427644 -0.903947 0
    outer loop
      vertex 79.5009 21.0872 -1.15
      vertex 79.9932 20.8543 0
      vertex 79.5009 21.0872 0
    endloop
  endfacet
  facet normal -0.427644 -0.903947 -0
    outer loop
      vertex 79.9932 20.8543 0
      vertex 79.5009 21.0872 -1.15
      vertex 79.9932 20.8543 -1.15
    endloop
  endfacet
  facet normal -0.336872 -0.941551 0
    outer loop
      vertex 79.9932 20.8543 -1.15
      vertex 80.5058 20.6709 0
      vertex 79.9932 20.8543 0
    endloop
  endfacet
  facet normal -0.336872 -0.941551 -0
    outer loop
      vertex 80.5058 20.6709 0
      vertex 79.9932 20.8543 -1.15
      vertex 80.5058 20.6709 -1.15
    endloop
  endfacet
  facet normal -0.243011 -0.970024 0
    outer loop
      vertex 80.5058 20.6709 -1.15
      vertex 81.0339 20.5386 0
      vertex 80.5058 20.6709 0
    endloop
  endfacet
  facet normal -0.243011 -0.970024 -0
    outer loop
      vertex 81.0339 20.5386 0
      vertex 80.5058 20.6709 -1.15
      vertex 81.0339 20.5386 -1.15
    endloop
  endfacet
  facet normal -0.146688 -0.989183 0
    outer loop
      vertex 81.0339 20.5386 -1.15
      vertex 81.5727 20.4587 0
      vertex 81.0339 20.5386 0
    endloop
  endfacet
  facet normal -0.146688 -0.989183 -0
    outer loop
      vertex 81.5727 20.4587 0
      vertex 81.0339 20.5386 -1.15
      vertex 81.5727 20.4587 -1.15
    endloop
  endfacet
  facet normal -0.0490399 -0.998797 0
    outer loop
      vertex 81.5727 20.4587 -1.15
      vertex 82.1165 20.432 0
      vertex 81.5727 20.4587 0
    endloop
  endfacet
  facet normal -0.0490399 -0.998797 -0
    outer loop
      vertex 82.1165 20.432 0
      vertex 81.5727 20.4587 -1.15
      vertex 82.1165 20.432 -1.15
    endloop
  endfacet
  facet normal 0.0490489 -0.998796 0
    outer loop
      vertex 82.1165 20.432 -1.15
      vertex 82.6602 20.4587 0
      vertex 82.1165 20.432 0
    endloop
  endfacet
  facet normal 0.0490489 -0.998796 0
    outer loop
      vertex 82.6602 20.4587 0
      vertex 82.1165 20.432 -1.15
      vertex 82.6602 20.4587 -1.15
    endloop
  endfacet
  facet normal 0.989246 0.14626 0
    outer loop
      vertex 23.8526 25.7562 1.2
      vertex 23.8361 25.8678 -1.15
      vertex 23.8361 25.8678 1.2
    endloop
  endfacet
  facet normal 0.989246 0.14626 0
    outer loop
      vertex 23.8361 25.8678 -1.15
      vertex 23.8526 25.7562 1.2
      vertex 23.8526 25.7562 -1.15
    endloop
  endfacet
  facet normal -0.740822 -0.671702 0
    outer loop
      vertex 25.8695 26.7101 -1.15
      vertex 25.7937 26.7937 1.2
      vertex 25.7937 26.7937 -1.15
    endloop
  endfacet
  facet normal -0.740822 -0.671702 0
    outer loop
      vertex 25.7937 26.7937 1.2
      vertex 25.8695 26.7101 -1.15
      vertex 25.8695 26.7101 1.2
    endloop
  endfacet
  facet normal -0.595884 0.803071 0
    outer loop
      vertex 25.7101 25.0916 -1.15
      vertex 25.6194 25.0243 1.2
      vertex 25.7101 25.0916 1.2
    endloop
  endfacet
  facet normal -0.595884 0.803071 0
    outer loop
      vertex 25.6194 25.0243 1.2
      vertex 25.7101 25.0916 -1.15
      vertex 25.6194 25.0243 -1.15
    endloop
  endfacet
  facet normal 0.97009 0.242744 0
    outer loop
      vertex 23.88 25.6467 1.2
      vertex 23.8526 25.7562 -1.15
      vertex 23.8526 25.7562 1.2
    endloop
  endfacet
  facet normal 0.97009 0.242744 0
    outer loop
      vertex 23.8526 25.7562 -1.15
      vertex 23.88 25.6467 1.2
      vertex 23.88 25.6467 -1.15
    endloop
  endfacet
  facet normal -0.989137 -0.146998 0
    outer loop
      vertex 26.125 26.0932 -1.15
      vertex 26.1084 26.2049 1.2
      vertex 26.1084 26.2049 -1.15
    endloop
  endfacet
  facet normal -0.989137 -0.146998 0
    outer loop
      vertex 26.1084 26.2049 1.2
      vertex 26.125 26.0932 -1.15
      vertex 26.125 26.0932 1.2
    endloop
  endfacet
  facet normal -0.336898 -0.941541 0
    outer loop
      vertex 25.3144 27.081 -1.15
      vertex 25.4206 27.043 1.2
      vertex 25.3144 27.081 1.2
    endloop
  endfacet
  facet normal -0.336898 -0.941541 -0
    outer loop
      vertex 25.4206 27.043 1.2
      vertex 25.3144 27.081 -1.15
      vertex 25.4206 27.043 -1.15
    endloop
  endfacet
  facet normal 0.337402 0.941361 -0
    outer loop
      vertex 24.6467 24.88 -1.15
      vertex 24.5404 24.9181 1.2
      vertex 24.6467 24.88 1.2
    endloop
  endfacet
  facet normal 0.337402 0.941361 0
    outer loop
      vertex 24.5404 24.9181 1.2
      vertex 24.6467 24.88 -1.15
      vertex 24.5404 24.9181 -1.15
    endloop
  endfacet
  facet normal 0.803071 -0.595884 0
    outer loop
      vertex 24.0243 26.6194 1.2
      vertex 24.0916 26.7101 -1.15
      vertex 24.0916 26.7101 1.2
    endloop
  endfacet
  facet normal 0.803071 -0.595884 0
    outer loop
      vertex 24.0916 26.7101 -1.15
      vertex 24.0243 26.6194 1.2
      vertex 24.0243 26.6194 -1.15
    endloop
  endfacet
  facet normal -0.0487441 -0.998811 0
    outer loop
      vertex 24.9805 27.1305 -1.15
      vertex 25.0932 27.125 1.2
      vertex 24.9805 27.1305 1.2
    endloop
  endfacet
  facet normal -0.0487441 -0.998811 -0
    outer loop
      vertex 25.0932 27.125 1.2
      vertex 24.9805 27.1305 -1.15
      vertex 25.0932 27.125 -1.15
    endloop
  endfacet
  facet normal 0.998768 -0.0496282 0
    outer loop
      vertex 23.8305 25.9805 1.2
      vertex 23.8361 26.0932 -1.15
      vertex 23.8361 26.0932 1.2
    endloop
  endfacet
  facet normal 0.998768 -0.0496282 0
    outer loop
      vertex 23.8361 26.0932 -1.15
      vertex 23.8305 25.9805 1.2
      vertex 23.8305 25.9805 -1.15
    endloop
  endfacet
  facet normal -0.998811 -0.0487441 0
    outer loop
      vertex 26.1305 25.9805 -1.15
      vertex 26.125 26.0932 1.2
      vertex 26.125 26.0932 -1.15
    endloop
  endfacet
  facet normal -0.998811 -0.0487441 0
    outer loop
      vertex 26.125 26.0932 1.2
      vertex 26.1305 25.9805 -1.15
      vertex 26.1305 25.9805 1.2
    endloop
  endfacet
  facet normal -0.80318 0.595736 0
    outer loop
      vertex 25.8695 25.251 -1.15
      vertex 25.9367 25.3416 1.2
      vertex 25.9367 25.3416 -1.15
    endloop
  endfacet
  facet normal -0.80318 0.595736 0
    outer loop
      vertex 25.9367 25.3416 1.2
      vertex 25.8695 25.251 -1.15
      vertex 25.8695 25.251 1.2
    endloop
  endfacet
  facet normal 0.513974 0.857806 -0
    outer loop
      vertex 24.4384 24.9663 -1.15
      vertex 24.3416 25.0243 1.2
      vertex 24.4384 24.9663 1.2
    endloop
  endfacet
  facet normal 0.513974 0.857806 0
    outer loop
      vertex 24.3416 25.0243 1.2
      vertex 24.4384 24.9663 -1.15
      vertex 24.3416 25.0243 -1.15
    endloop
  endfacet
  facet normal -0.0496282 0.998768 0
    outer loop
      vertex 25.0932 24.8361 -1.15
      vertex 24.9805 24.8305 1.2
      vertex 25.0932 24.8361 1.2
    endloop
  endfacet
  facet normal -0.0496282 0.998768 0
    outer loop
      vertex 24.9805 24.8305 1.2
      vertex 25.0932 24.8361 -1.15
      vertex 24.9805 24.8305 -1.15
    endloop
  endfacet
  facet normal 0.513974 -0.857806 0
    outer loop
      vertex 24.3416 26.9367 -1.15
      vertex 24.4384 26.9947 1.2
      vertex 24.3416 26.9367 1.2
    endloop
  endfacet
  facet normal 0.513974 -0.857806 0
    outer loop
      vertex 24.4384 26.9947 1.2
      vertex 24.3416 26.9367 -1.15
      vertex 24.4384 26.9947 -1.15
    endloop
  endfacet
  facet normal 0.427972 -0.903792 0
    outer loop
      vertex 24.4384 26.9947 -1.15
      vertex 24.5404 27.043 1.2
      vertex 24.4384 26.9947 1.2
    endloop
  endfacet
  facet normal 0.427972 -0.903792 0
    outer loop
      vertex 24.5404 27.043 1.2
      vertex 24.4384 26.9947 -1.15
      vertex 24.5404 27.043 -1.15
    endloop
  endfacet
  facet normal 0.671702 -0.740822 0
    outer loop
      vertex 24.1674 26.7937 -1.15
      vertex 24.251 26.8695 1.2
      vertex 24.1674 26.7937 1.2
    endloop
  endfacet
  facet normal 0.671702 -0.740822 0
    outer loop
      vertex 24.251 26.8695 1.2
      vertex 24.1674 26.7937 -1.15
      vertex 24.251 26.8695 -1.15
    endloop
  endfacet
  facet normal 0.427248 0.904135 -0
    outer loop
      vertex 24.5404 24.9181 -1.15
      vertex 24.4384 24.9663 1.2
      vertex 24.5404 24.9181 1.2
    endloop
  endfacet
  facet normal 0.427248 0.904135 0
    outer loop
      vertex 24.4384 24.9663 1.2
      vertex 24.5404 24.9181 -1.15
      vertex 24.4384 24.9663 -1.15
    endloop
  endfacet
  facet normal -0.989118 0.147127 0
    outer loop
      vertex 26.1084 25.7562 -1.15
      vertex 26.125 25.8678 1.2
      vertex 26.125 25.8678 -1.15
    endloop
  endfacet
  facet normal -0.989118 0.147127 0
    outer loop
      vertex 26.125 25.8678 1.2
      vertex 26.1084 25.7562 -1.15
      vertex 26.1084 25.7562 1.2
    endloop
  endfacet
  facet normal 0.97009 -0.242744 0
    outer loop
      vertex 23.8526 26.2049 1.2
      vertex 23.88 26.3144 -1.15
      vertex 23.88 26.3144 1.2
    endloop
  endfacet
  facet normal 0.97009 -0.242744 0
    outer loop
      vertex 23.88 26.3144 -1.15
      vertex 23.8526 26.2049 1.2
      vertex 23.8526 26.2049 -1.15
    endloop
  endfacet
  facet normal -0.97009 -0.242744 0
    outer loop
      vertex 26.1084 26.2049 -1.15
      vertex 26.081 26.3144 1.2
      vertex 26.081 26.3144 -1.15
    endloop
  endfacet
  facet normal -0.97009 -0.242744 0
    outer loop
      vertex 26.081 26.3144 1.2
      vertex 26.1084 26.2049 -1.15
      vertex 26.1084 26.2049 1.2
    endloop
  endfacet
  facet normal 0.998768 0.0496282 0
    outer loop
      vertex 23.8361 25.8678 1.2
      vertex 23.8305 25.9805 -1.15
      vertex 23.8305 25.9805 1.2
    endloop
  endfacet
  facet normal 0.998768 0.0496282 0
    outer loop
      vertex 23.8305 25.9805 -1.15
      vertex 23.8361 25.8678 1.2
      vertex 23.8361 25.8678 -1.15
    endloop
  endfacet
  facet normal -0.671702 -0.740822 0
    outer loop
      vertex 25.7101 26.8695 -1.15
      vertex 25.7937 26.7937 1.2
      vertex 25.7101 26.8695 1.2
    endloop
  endfacet
  facet normal -0.671702 -0.740822 -0
    outer loop
      vertex 25.7937 26.7937 1.2
      vertex 25.7101 26.8695 -1.15
      vertex 25.7937 26.7937 -1.15
    endloop
  endfacet
  facet normal -0.740822 0.671702 0
    outer loop
      vertex 25.7937 25.1674 -1.15
      vertex 25.8695 25.251 1.2
      vertex 25.8695 25.251 -1.15
    endloop
  endfacet
  facet normal -0.740822 0.671702 0
    outer loop
      vertex 25.8695 25.251 1.2
      vertex 25.7937 25.1674 -1.15
      vertex 25.7937 25.1674 1.2
    endloop
  endfacet
  facet normal -0.941642 0.336617 0
    outer loop
      vertex 26.043 25.5404 -1.15
      vertex 26.081 25.6467 1.2
      vertex 26.081 25.6467 -1.15
    endloop
  endfacet
  facet normal -0.941642 0.336617 0
    outer loop
      vertex 26.081 25.6467 1.2
      vertex 26.043 25.5404 -1.15
      vertex 26.043 25.5404 1.2
    endloop
  endfacet
  facet normal -0.146131 0.989265 0
    outer loop
      vertex 25.2049 24.8526 -1.15
      vertex 25.0932 24.8361 1.2
      vertex 25.2049 24.8526 1.2
    endloop
  endfacet
  facet normal -0.146131 0.989265 0
    outer loop
      vertex 25.0932 24.8361 1.2
      vertex 25.2049 24.8526 -1.15
      vertex 25.0932 24.8361 -1.15
    endloop
  endfacet
  facet normal 0.0487441 -0.998811 0
    outer loop
      vertex 24.8678 27.125 -1.15
      vertex 24.9805 27.1305 1.2
      vertex 24.8678 27.125 1.2
    endloop
  endfacet
  facet normal 0.0487441 -0.998811 0
    outer loop
      vertex 24.9805 27.1305 1.2
      vertex 24.8678 27.125 -1.15
      vertex 24.9805 27.1305 -1.15
    endloop
  endfacet
  facet normal 0.242744 -0.97009 0
    outer loop
      vertex 24.6467 27.081 -1.15
      vertex 24.7562 27.1084 1.2
      vertex 24.6467 27.081 1.2
    endloop
  endfacet
  facet normal 0.242744 -0.97009 0
    outer loop
      vertex 24.7562 27.1084 1.2
      vertex 24.6467 27.081 -1.15
      vertex 24.7562 27.1084 -1.15
    endloop
  endfacet
  facet normal -0.427972 -0.903792 0
    outer loop
      vertex 25.4206 27.043 -1.15
      vertex 25.5226 26.9947 1.2
      vertex 25.4206 27.043 1.2
    endloop
  endfacet
  facet normal -0.427972 -0.903792 -0
    outer loop
      vertex 25.5226 26.9947 1.2
      vertex 25.4206 27.043 -1.15
      vertex 25.5226 26.9947 -1.15
    endloop
  endfacet
  facet normal -0.857806 -0.513974 0
    outer loop
      vertex 25.9947 26.5226 -1.15
      vertex 25.9367 26.6194 1.2
      vertex 25.9367 26.6194 -1.15
    endloop
  endfacet
  facet normal -0.857806 -0.513974 0
    outer loop
      vertex 25.9367 26.6194 1.2
      vertex 25.9947 26.5226 -1.15
      vertex 25.9947 26.5226 1.2
    endloop
  endfacet
  facet normal -0.941541 -0.336898 0
    outer loop
      vertex 26.081 26.3144 -1.15
      vertex 26.043 26.4206 1.2
      vertex 26.043 26.4206 -1.15
    endloop
  endfacet
  facet normal -0.941541 -0.336898 0
    outer loop
      vertex 26.043 26.4206 1.2
      vertex 26.081 26.3144 -1.15
      vertex 26.081 26.3144 1.2
    endloop
  endfacet
  facet normal -0.146998 -0.989137 0
    outer loop
      vertex 25.0932 27.125 -1.15
      vertex 25.2049 27.1084 1.2
      vertex 25.0932 27.125 1.2
    endloop
  endfacet
  facet normal -0.146998 -0.989137 -0
    outer loop
      vertex 25.2049 27.1084 1.2
      vertex 25.0932 27.125 -1.15
      vertex 25.2049 27.1084 -1.15
    endloop
  endfacet
  facet normal -0.903792 -0.427972 0
    outer loop
      vertex 26.043 26.4206 -1.15
      vertex 25.9947 26.5226 1.2
      vertex 25.9947 26.5226 -1.15
    endloop
  endfacet
  facet normal -0.903792 -0.427972 0
    outer loop
      vertex 25.9947 26.5226 1.2
      vertex 26.043 26.4206 -1.15
      vertex 26.043 26.4206 1.2
    endloop
  endfacet
  facet normal 0.671702 0.740822 -0
    outer loop
      vertex 24.251 25.0916 -1.15
      vertex 24.1674 25.1674 1.2
      vertex 24.251 25.0916 1.2
    endloop
  endfacet
  facet normal 0.671702 0.740822 0
    outer loop
      vertex 24.1674 25.1674 1.2
      vertex 24.251 25.0916 -1.15
      vertex 24.1674 25.1674 -1.15
    endloop
  endfacet
  facet normal -0.513974 0.857806 0
    outer loop
      vertex 25.6194 25.0243 -1.15
      vertex 25.5226 24.9663 1.2
      vertex 25.6194 25.0243 1.2
    endloop
  endfacet
  facet normal -0.513974 0.857806 0
    outer loop
      vertex 25.5226 24.9663 1.2
      vertex 25.6194 25.0243 -1.15
      vertex 25.5226 24.9663 -1.15
    endloop
  endfacet
  facet normal -0.903792 0.427972 0
    outer loop
      vertex 25.9947 25.4384 -1.15
      vertex 26.043 25.5404 1.2
      vertex 26.043 25.5404 -1.15
    endloop
  endfacet
  facet normal -0.903792 0.427972 0
    outer loop
      vertex 26.043 25.5404 1.2
      vertex 25.9947 25.4384 -1.15
      vertex 25.9947 25.4384 1.2
    endloop
  endfacet
  facet normal 0.595736 -0.80318 0
    outer loop
      vertex 24.251 26.8695 -1.15
      vertex 24.3416 26.9367 1.2
      vertex 24.251 26.8695 1.2
    endloop
  endfacet
  facet normal 0.595736 -0.80318 0
    outer loop
      vertex 24.3416 26.9367 1.2
      vertex 24.251 26.8695 -1.15
      vertex 24.3416 26.9367 -1.15
    endloop
  endfacet
  facet normal -0.857806 0.513974 0
    outer loop
      vertex 25.9367 25.3416 -1.15
      vertex 25.9947 25.4384 1.2
      vertex 25.9947 25.4384 -1.15
    endloop
  endfacet
  facet normal -0.857806 0.513974 0
    outer loop
      vertex 25.9947 25.4384 1.2
      vertex 25.9367 25.3416 -1.15
      vertex 25.9367 25.3416 1.2
    endloop
  endfacet
  facet normal 0.857806 0.513974 0
    outer loop
      vertex 24.0243 25.3416 1.2
      vertex 23.9663 25.4384 -1.15
      vertex 23.9663 25.4384 1.2
    endloop
  endfacet
  facet normal 0.857806 0.513974 0
    outer loop
      vertex 23.9663 25.4384 -1.15
      vertex 24.0243 25.3416 1.2
      vertex 24.0243 25.3416 -1.15
    endloop
  endfacet
  facet normal 0.596308 0.802756 -0
    outer loop
      vertex 24.3416 25.0243 -1.15
      vertex 24.251 25.0916 1.2
      vertex 24.3416 25.0243 1.2
    endloop
  endfacet
  facet normal 0.596308 0.802756 0
    outer loop
      vertex 24.251 25.0916 1.2
      vertex 24.3416 25.0243 -1.15
      vertex 24.251 25.0916 -1.15
    endloop
  endfacet
  facet normal -0.97009 0.242744 0
    outer loop
      vertex 26.081 25.6467 -1.15
      vertex 26.1084 25.7562 1.2
      vertex 26.1084 25.7562 -1.15
    endloop
  endfacet
  facet normal -0.97009 0.242744 0
    outer loop
      vertex 26.1084 25.7562 1.2
      vertex 26.081 25.6467 -1.15
      vertex 26.081 25.6467 1.2
    endloop
  endfacet
  facet normal 0.0496282 0.998768 -0
    outer loop
      vertex 24.9805 24.8305 -1.15
      vertex 24.8678 24.8361 1.2
      vertex 24.9805 24.8305 1.2
    endloop
  endfacet
  facet normal 0.0496282 0.998768 0
    outer loop
      vertex 24.8678 24.8361 1.2
      vertex 24.9805 24.8305 -1.15
      vertex 24.8678 24.8361 -1.15
    endloop
  endfacet
  facet normal 0.904135 -0.427248 0
    outer loop
      vertex 23.9181 26.4206 1.2
      vertex 23.9663 26.5226 -1.15
      vertex 23.9663 26.5226 1.2
    endloop
  endfacet
  facet normal 0.904135 -0.427248 0
    outer loop
      vertex 23.9663 26.5226 -1.15
      vertex 23.9181 26.4206 1.2
      vertex 23.9181 26.4206 -1.15
    endloop
  endfacet
  facet normal -0.513974 -0.857806 0
    outer loop
      vertex 25.5226 26.9947 -1.15
      vertex 25.6194 26.9367 1.2
      vertex 25.5226 26.9947 1.2
    endloop
  endfacet
  facet normal -0.513974 -0.857806 -0
    outer loop
      vertex 25.6194 26.9367 1.2
      vertex 25.5226 26.9947 -1.15
      vertex 25.6194 26.9367 -1.15
    endloop
  endfacet
  facet normal 0.242744 0.97009 -0
    outer loop
      vertex 24.7562 24.8526 -1.15
      vertex 24.6467 24.88 1.2
      vertex 24.7562 24.8526 1.2
    endloop
  endfacet
  facet normal 0.242744 0.97009 0
    outer loop
      vertex 24.6467 24.88 1.2
      vertex 24.7562 24.8526 -1.15
      vertex 24.6467 24.88 -1.15
    endloop
  endfacet
  facet normal -0.803494 -0.595312 0
    outer loop
      vertex 25.9367 26.6194 -1.15
      vertex 25.8695 26.7101 1.2
      vertex 25.8695 26.7101 -1.15
    endloop
  endfacet
  facet normal -0.803494 -0.595312 0
    outer loop
      vertex 25.8695 26.7101 1.2
      vertex 25.9367 26.6194 -1.15
      vertex 25.9367 26.6194 1.2
    endloop
  endfacet
  facet normal 0.941361 0.337402 0
    outer loop
      vertex 23.9181 25.5404 1.2
      vertex 23.88 25.6467 -1.15
      vertex 23.88 25.6467 1.2
    endloop
  endfacet
  facet normal 0.941361 0.337402 0
    outer loop
      vertex 23.88 25.6467 -1.15
      vertex 23.9181 25.5404 1.2
      vertex 23.9181 25.5404 -1.15
    endloop
  endfacet
  facet normal 0.147127 -0.989118 0
    outer loop
      vertex 24.7562 27.1084 -1.15
      vertex 24.8678 27.125 1.2
      vertex 24.7562 27.1084 1.2
    endloop
  endfacet
  facet normal 0.147127 -0.989118 0
    outer loop
      vertex 24.8678 27.125 1.2
      vertex 24.7562 27.1084 -1.15
      vertex 24.8678 27.125 -1.15
    endloop
  endfacet
  facet normal -0.595312 -0.803494 0
    outer loop
      vertex 25.6194 26.9367 -1.15
      vertex 25.7101 26.8695 1.2
      vertex 25.6194 26.9367 1.2
    endloop
  endfacet
  facet normal -0.595312 -0.803494 -0
    outer loop
      vertex 25.7101 26.8695 1.2
      vertex 25.6194 26.9367 -1.15
      vertex 25.7101 26.8695 -1.15
    endloop
  endfacet
  facet normal 0.336617 -0.941642 0
    outer loop
      vertex 24.5404 27.043 -1.15
      vertex 24.6467 27.081 1.2
      vertex 24.5404 27.043 1.2
    endloop
  endfacet
  facet normal 0.336617 -0.941642 0
    outer loop
      vertex 24.6467 27.081 1.2
      vertex 24.5404 27.043 -1.15
      vertex 24.6467 27.081 -1.15
    endloop
  endfacet
  facet normal 0.802756 0.596308 0
    outer loop
      vertex 24.0916 25.251 1.2
      vertex 24.0243 25.3416 -1.15
      vertex 24.0243 25.3416 1.2
    endloop
  endfacet
  facet normal 0.802756 0.596308 0
    outer loop
      vertex 24.0243 25.3416 -1.15
      vertex 24.0916 25.251 1.2
      vertex 24.0916 25.251 -1.15
    endloop
  endfacet
  facet normal -0.998811 0.0487441 0
    outer loop
      vertex 26.125 25.8678 -1.15
      vertex 26.1305 25.9805 1.2
      vertex 26.1305 25.9805 -1.15
    endloop
  endfacet
  facet normal -0.998811 0.0487441 0
    outer loop
      vertex 26.1305 25.9805 1.2
      vertex 26.125 25.8678 -1.15
      vertex 26.125 25.8678 1.2
    endloop
  endfacet
  facet normal 0.740822 0.671702 0
    outer loop
      vertex 24.1674 25.1674 1.2
      vertex 24.0916 25.251 -1.15
      vertex 24.0916 25.251 1.2
    endloop
  endfacet
  facet normal 0.740822 0.671702 0
    outer loop
      vertex 24.0916 25.251 -1.15
      vertex 24.1674 25.1674 1.2
      vertex 24.1674 25.1674 -1.15
    endloop
  endfacet
  facet normal 0.94126 -0.337684 0
    outer loop
      vertex 23.88 26.3144 1.2
      vertex 23.9181 26.4206 -1.15
      vertex 23.9181 26.4206 1.2
    endloop
  endfacet
  facet normal 0.94126 -0.337684 0
    outer loop
      vertex 23.9181 26.4206 -1.15
      vertex 23.88 26.3144 1.2
      vertex 23.88 26.3144 -1.15
    endloop
  endfacet
  facet normal -0.242744 0.97009 0
    outer loop
      vertex 25.3144 24.88 -1.15
      vertex 25.2049 24.8526 1.2
      vertex 25.3144 24.88 1.2
    endloop
  endfacet
  facet normal -0.242744 0.97009 0
    outer loop
      vertex 25.2049 24.8526 1.2
      vertex 25.3144 24.88 -1.15
      vertex 25.2049 24.8526 -1.15
    endloop
  endfacet
  facet normal -0.337684 0.94126 0
    outer loop
      vertex 25.4206 24.9181 -1.15
      vertex 25.3144 24.88 1.2
      vertex 25.4206 24.9181 1.2
    endloop
  endfacet
  facet normal -0.337684 0.94126 0
    outer loop
      vertex 25.3144 24.88 1.2
      vertex 25.4206 24.9181 -1.15
      vertex 25.3144 24.88 -1.15
    endloop
  endfacet
  facet normal 0.904135 0.427248 0
    outer loop
      vertex 23.9663 25.4384 1.2
      vertex 23.9181 25.5404 -1.15
      vertex 23.9181 25.5404 1.2
    endloop
  endfacet
  facet normal 0.904135 0.427248 0
    outer loop
      vertex 23.9181 25.5404 -1.15
      vertex 23.9663 25.4384 1.2
      vertex 23.9663 25.4384 -1.15
    endloop
  endfacet
  facet normal 0.989265 -0.146131 0
    outer loop
      vertex 23.8361 26.0932 1.2
      vertex 23.8526 26.2049 -1.15
      vertex 23.8526 26.2049 1.2
    endloop
  endfacet
  facet normal 0.989265 -0.146131 0
    outer loop
      vertex 23.8526 26.2049 -1.15
      vertex 23.8361 26.0932 1.2
      vertex 23.8361 26.0932 -1.15
    endloop
  endfacet
  facet normal -0.427248 0.904135 0
    outer loop
      vertex 25.5226 24.9663 -1.15
      vertex 25.4206 24.9181 1.2
      vertex 25.5226 24.9663 1.2
    endloop
  endfacet
  facet normal -0.427248 0.904135 0
    outer loop
      vertex 25.4206 24.9181 1.2
      vertex 25.5226 24.9663 -1.15
      vertex 25.4206 24.9181 -1.15
    endloop
  endfacet
  facet normal -0.242744 -0.97009 0
    outer loop
      vertex 25.2049 27.1084 -1.15
      vertex 25.3144 27.081 1.2
      vertex 25.2049 27.1084 1.2
    endloop
  endfacet
  facet normal -0.242744 -0.97009 -0
    outer loop
      vertex 25.3144 27.081 1.2
      vertex 25.2049 27.1084 -1.15
      vertex 25.3144 27.081 -1.15
    endloop
  endfacet
  facet normal 0.14626 0.989246 -0
    outer loop
      vertex 24.8678 24.8361 -1.15
      vertex 24.7562 24.8526 1.2
      vertex 24.8678 24.8361 1.2
    endloop
  endfacet
  facet normal 0.14626 0.989246 0
    outer loop
      vertex 24.7562 24.8526 1.2
      vertex 24.8678 24.8361 -1.15
      vertex 24.7562 24.8526 -1.15
    endloop
  endfacet
  facet normal -0.671702 0.740822 0
    outer loop
      vertex 25.7937 25.1674 -1.15
      vertex 25.7101 25.0916 1.2
      vertex 25.7937 25.1674 1.2
    endloop
  endfacet
  facet normal -0.671702 0.740822 0
    outer loop
      vertex 25.7101 25.0916 1.2
      vertex 25.7937 25.1674 -1.15
      vertex 25.7101 25.0916 -1.15
    endloop
  endfacet
  facet normal 0.857806 -0.513974 0
    outer loop
      vertex 23.9663 26.5226 1.2
      vertex 24.0243 26.6194 -1.15
      vertex 24.0243 26.6194 1.2
    endloop
  endfacet
  facet normal 0.857806 -0.513974 0
    outer loop
      vertex 24.0243 26.6194 -1.15
      vertex 23.9663 26.5226 1.2
      vertex 23.9663 26.5226 -1.15
    endloop
  endfacet
  facet normal 0.740822 -0.671702 0
    outer loop
      vertex 24.0916 26.7101 1.2
      vertex 24.1674 26.7937 -1.15
      vertex 24.1674 26.7937 1.2
    endloop
  endfacet
  facet normal 0.740822 -0.671702 0
    outer loop
      vertex 24.1674 26.7937 -1.15
      vertex 24.0916 26.7101 1.2
      vertex 24.0916 26.7101 -1.15
    endloop
  endfacet
  facet normal -0.802756 0.596308 0
    outer loop
      vertex 83.0054 25.251 -1.15
      vertex 83.0727 25.3416 1.2
      vertex 83.0727 25.3416 -1.15
    endloop
  endfacet
  facet normal -0.802756 0.596308 0
    outer loop
      vertex 83.0727 25.3416 1.2
      vertex 83.0054 25.251 -1.15
      vertex 83.0054 25.251 1.2
    endloop
  endfacet
  facet normal -0.998768 -0.0496282 0
    outer loop
      vertex 83.2665 25.9805 -1.15
      vertex 83.2609 26.0932 1.2
      vertex 83.2609 26.0932 -1.15
    endloop
  endfacet
  facet normal -0.998768 -0.0496282 0
    outer loop
      vertex 83.2609 26.0932 1.2
      vertex 83.2665 25.9805 -1.15
      vertex 83.2665 25.9805 1.2
    endloop
  endfacet
  facet normal 0.242744 -0.97009 0
    outer loop
      vertex 81.7826 27.081 -1.15
      vertex 81.8921 27.1084 1.2
      vertex 81.7826 27.081 1.2
    endloop
  endfacet
  facet normal 0.242744 -0.97009 0
    outer loop
      vertex 81.8921 27.1084 1.2
      vertex 81.7826 27.081 -1.15
      vertex 81.8921 27.1084 -1.15
    endloop
  endfacet
  facet normal -0.337402 0.941361 0
    outer loop
      vertex 82.5566 24.9181 -1.15
      vertex 82.4503 24.88 1.2
      vertex 82.5566 24.9181 1.2
    endloop
  endfacet
  facet normal -0.337402 0.941361 0
    outer loop
      vertex 82.4503 24.88 1.2
      vertex 82.5566 24.9181 -1.15
      vertex 82.4503 24.88 -1.15
    endloop
  endfacet
  facet normal -0.989265 -0.146131 0
    outer loop
      vertex 83.2609 26.0932 -1.15
      vertex 83.2444 26.2049 1.2
      vertex 83.2444 26.2049 -1.15
    endloop
  endfacet
  facet normal -0.989265 -0.146131 0
    outer loop
      vertex 83.2444 26.2049 1.2
      vertex 83.2609 26.0932 -1.15
      vertex 83.2609 26.0932 1.2
    endloop
  endfacet
  facet normal 0.903792 -0.427972 0
    outer loop
      vertex 81.054 26.4206 1.2
      vertex 81.1023 26.5226 -1.15
      vertex 81.1023 26.5226 1.2
    endloop
  endfacet
  facet normal 0.903792 -0.427972 0
    outer loop
      vertex 81.1023 26.5226 -1.15
      vertex 81.054 26.4206 1.2
      vertex 81.054 26.4206 -1.15
    endloop
  endfacet
  facet normal -0.671702 -0.740822 0
    outer loop
      vertex 82.846 26.8695 -1.15
      vertex 82.9296 26.7937 1.2
      vertex 82.846 26.8695 1.2
    endloop
  endfacet
  facet normal -0.671702 -0.740822 -0
    outer loop
      vertex 82.9296 26.7937 1.2
      vertex 82.846 26.8695 -1.15
      vertex 82.9296 26.7937 -1.15
    endloop
  endfacet
  facet normal -0.857806 -0.513974 0
    outer loop
      vertex 83.1307 26.5226 -1.15
      vertex 83.0727 26.6194 1.2
      vertex 83.0727 26.6194 -1.15
    endloop
  endfacet
  facet normal -0.857806 -0.513974 0
    outer loop
      vertex 83.0727 26.6194 1.2
      vertex 83.1307 26.5226 -1.15
      vertex 83.1307 26.5226 1.2
    endloop
  endfacet
  facet normal -0.740822 -0.671702 0
    outer loop
      vertex 83.0054 26.7101 -1.15
      vertex 82.9296 26.7937 1.2
      vertex 82.9296 26.7937 -1.15
    endloop
  endfacet
  facet normal -0.740822 -0.671702 0
    outer loop
      vertex 82.9296 26.7937 1.2
      vertex 83.0054 26.7101 -1.15
      vertex 83.0054 26.7101 1.2
    endloop
  endfacet
  facet normal -0.97009 0.242744 0
    outer loop
      vertex 83.217 25.6467 -1.15
      vertex 83.2444 25.7562 1.2
      vertex 83.2444 25.7562 -1.15
    endloop
  endfacet
  facet normal -0.97009 0.242744 0
    outer loop
      vertex 83.2444 25.7562 1.2
      vertex 83.217 25.6467 -1.15
      vertex 83.217 25.6467 1.2
    endloop
  endfacet
  facet normal -0.740822 0.671702 0
    outer loop
      vertex 82.9296 25.1674 -1.15
      vertex 83.0054 25.251 1.2
      vertex 83.0054 25.251 -1.15
    endloop
  endfacet
  facet normal -0.740822 0.671702 0
    outer loop
      vertex 83.0054 25.251 1.2
      vertex 82.9296 25.1674 -1.15
      vertex 82.9296 25.1674 1.2
    endloop
  endfacet
  facet normal 0.97009 0.242744 0
    outer loop
      vertex 81.016 25.6467 1.2
      vertex 80.9886 25.7562 -1.15
      vertex 80.9886 25.7562 1.2
    endloop
  endfacet
  facet normal 0.97009 0.242744 0
    outer loop
      vertex 80.9886 25.7562 -1.15
      vertex 81.016 25.6467 1.2
      vertex 81.016 25.6467 -1.15
    endloop
  endfacet
  facet normal 0.0496282 0.998768 -0
    outer loop
      vertex 82.1165 24.8305 -1.15
      vertex 82.0038 24.8361 1.2
      vertex 82.1165 24.8305 1.2
    endloop
  endfacet
  facet normal 0.0496282 0.998768 0
    outer loop
      vertex 82.0038 24.8361 1.2
      vertex 82.1165 24.8305 -1.15
      vertex 82.0038 24.8361 -1.15
    endloop
  endfacet
  facet normal 0.595884 0.803071 -0
    outer loop
      vertex 81.4776 25.0243 -1.15
      vertex 81.3869 25.0916 1.2
      vertex 81.4776 25.0243 1.2
    endloop
  endfacet
  facet normal 0.595884 0.803071 0
    outer loop
      vertex 81.3869 25.0916 1.2
      vertex 81.4776 25.0243 -1.15
      vertex 81.3869 25.0916 -1.15
    endloop
  endfacet
  facet normal -0.671702 0.740822 0
    outer loop
      vertex 82.9296 25.1674 -1.15
      vertex 82.846 25.0916 1.2
      vertex 82.9296 25.1674 1.2
    endloop
  endfacet
  facet normal -0.671702 0.740822 0
    outer loop
      vertex 82.846 25.0916 1.2
      vertex 82.9296 25.1674 -1.15
      vertex 82.846 25.0916 -1.15
    endloop
  endfacet
  facet normal 0.671702 -0.740822 0
    outer loop
      vertex 81.3033 26.7937 -1.15
      vertex 81.3869 26.8695 1.2
      vertex 81.3033 26.7937 1.2
    endloop
  endfacet
  facet normal 0.671702 -0.740822 0
    outer loop
      vertex 81.3869 26.8695 1.2
      vertex 81.3033 26.7937 -1.15
      vertex 81.3869 26.8695 -1.15
    endloop
  endfacet
  facet normal -0.941361 0.337402 0
    outer loop
      vertex 83.1789 25.5404 -1.15
      vertex 83.217 25.6467 1.2
      vertex 83.217 25.6467 -1.15
    endloop
  endfacet
  facet normal -0.941361 0.337402 0
    outer loop
      vertex 83.217 25.6467 1.2
      vertex 83.1789 25.5404 -1.15
      vertex 83.1789 25.5404 1.2
    endloop
  endfacet
  facet normal -0.147127 -0.989118 0
    outer loop
      vertex 82.2292 27.125 -1.15
      vertex 82.3408 27.1084 1.2
      vertex 82.2292 27.125 1.2
    endloop
  endfacet
  facet normal -0.147127 -0.989118 -0
    outer loop
      vertex 82.3408 27.1084 1.2
      vertex 82.2292 27.125 -1.15
      vertex 82.3408 27.1084 -1.15
    endloop
  endfacet
  facet normal -0.427972 -0.903792 0
    outer loop
      vertex 82.5566 27.043 -1.15
      vertex 82.6586 26.9947 1.2
      vertex 82.5566 27.043 1.2
    endloop
  endfacet
  facet normal -0.427972 -0.903792 -0
    outer loop
      vertex 82.6586 26.9947 1.2
      vertex 82.5566 27.043 -1.15
      vertex 82.6586 26.9947 -1.15
    endloop
  endfacet
  facet normal -0.94126 -0.337684 0
    outer loop
      vertex 83.217 26.3144 -1.15
      vertex 83.1789 26.4206 1.2
      vertex 83.1789 26.4206 -1.15
    endloop
  endfacet
  facet normal -0.94126 -0.337684 0
    outer loop
      vertex 83.1789 26.4206 1.2
      vertex 83.217 26.3144 -1.15
      vertex 83.217 26.3144 1.2
    endloop
  endfacet
  facet normal -0.97009 -0.242744 0
    outer loop
      vertex 83.2444 26.2049 -1.15
      vertex 83.217 26.3144 1.2
      vertex 83.217 26.3144 -1.15
    endloop
  endfacet
  facet normal -0.97009 -0.242744 0
    outer loop
      vertex 83.217 26.3144 1.2
      vertex 83.2444 26.2049 -1.15
      vertex 83.2444 26.2049 1.2
    endloop
  endfacet
  facet normal -0.14626 0.989246 0
    outer loop
      vertex 82.3408 24.8526 -1.15
      vertex 82.2292 24.8361 1.2
      vertex 82.3408 24.8526 1.2
    endloop
  endfacet
  facet normal -0.14626 0.989246 0
    outer loop
      vertex 82.2292 24.8361 1.2
      vertex 82.3408 24.8526 -1.15
      vertex 82.2292 24.8361 -1.15
    endloop
  endfacet
  facet normal -0.596308 0.802756 0
    outer loop
      vertex 82.846 25.0916 -1.15
      vertex 82.7554 25.0243 1.2
      vertex 82.846 25.0916 1.2
    endloop
  endfacet
  facet normal -0.596308 0.802756 0
    outer loop
      vertex 82.7554 25.0243 1.2
      vertex 82.846 25.0916 -1.15
      vertex 82.7554 25.0243 -1.15
    endloop
  endfacet
  facet normal -0.336617 -0.941642 0
    outer loop
      vertex 82.4503 27.081 -1.15
      vertex 82.5566 27.043 1.2
      vertex 82.4503 27.081 1.2
    endloop
  endfacet
  facet normal -0.336617 -0.941642 -0
    outer loop
      vertex 82.5566 27.043 1.2
      vertex 82.4503 27.081 -1.15
      vertex 82.5566 27.043 -1.15
    endloop
  endfacet
  facet normal 0.242744 0.97009 -0
    outer loop
      vertex 81.8921 24.8526 -1.15
      vertex 81.7826 24.88 1.2
      vertex 81.8921 24.8526 1.2
    endloop
  endfacet
  facet normal 0.242744 0.97009 0
    outer loop
      vertex 81.7826 24.88 1.2
      vertex 81.8921 24.8526 -1.15
      vertex 81.7826 24.88 -1.15
    endloop
  endfacet
  facet normal -0.595736 -0.80318 0
    outer loop
      vertex 82.7554 26.9367 -1.15
      vertex 82.846 26.8695 1.2
      vertex 82.7554 26.9367 1.2
    endloop
  endfacet
  facet normal -0.595736 -0.80318 -0
    outer loop
      vertex 82.846 26.8695 1.2
      vertex 82.7554 26.9367 -1.15
      vertex 82.846 26.8695 -1.15
    endloop
  endfacet
  facet normal -0.427248 0.904135 0
    outer loop
      vertex 82.6586 24.9663 -1.15
      vertex 82.5566 24.9181 1.2
      vertex 82.6586 24.9663 1.2
    endloop
  endfacet
  facet normal -0.427248 0.904135 0
    outer loop
      vertex 82.5566 24.9181 1.2
      vertex 82.6586 24.9663 -1.15
      vertex 82.5566 24.9181 -1.15
    endloop
  endfacet
  facet normal 0.146998 -0.989137 0
    outer loop
      vertex 81.8921 27.1084 -1.15
      vertex 82.0038 27.125 1.2
      vertex 81.8921 27.1084 1.2
    endloop
  endfacet
  facet normal 0.146998 -0.989137 0
    outer loop
      vertex 82.0038 27.125 1.2
      vertex 81.8921 27.1084 -1.15
      vertex 82.0038 27.125 -1.15
    endloop
  endfacet
  facet normal 0.903792 0.427972 0
    outer loop
      vertex 81.1023 25.4384 1.2
      vertex 81.054 25.5404 -1.15
      vertex 81.054 25.5404 1.2
    endloop
  endfacet
  facet normal 0.903792 0.427972 0
    outer loop
      vertex 81.054 25.5404 -1.15
      vertex 81.1023 25.4384 1.2
      vertex 81.1023 25.4384 -1.15
    endloop
  endfacet
  facet normal 0.857806 0.513974 0
    outer loop
      vertex 81.1603 25.3416 1.2
      vertex 81.1023 25.4384 -1.15
      vertex 81.1023 25.4384 1.2
    endloop
  endfacet
  facet normal 0.857806 0.513974 0
    outer loop
      vertex 81.1023 25.4384 -1.15
      vertex 81.1603 25.3416 1.2
      vertex 81.1603 25.3416 -1.15
    endloop
  endfacet
  facet normal 0.427972 -0.903792 0
    outer loop
      vertex 81.5744 26.9947 -1.15
      vertex 81.6764 27.043 1.2
      vertex 81.5744 26.9947 1.2
    endloop
  endfacet
  facet normal 0.427972 -0.903792 0
    outer loop
      vertex 81.6764 27.043 1.2
      vertex 81.5744 26.9947 -1.15
      vertex 81.6764 27.043 -1.15
    endloop
  endfacet
  facet normal -0.904135 -0.427248 0
    outer loop
      vertex 83.1789 26.4206 -1.15
      vertex 83.1307 26.5226 1.2
      vertex 83.1307 26.5226 -1.15
    endloop
  endfacet
  facet normal -0.904135 -0.427248 0
    outer loop
      vertex 83.1307 26.5226 1.2
      vertex 83.1789 26.4206 -1.15
      vertex 83.1789 26.4206 1.2
    endloop
  endfacet
  facet normal 0.427248 0.904135 -0
    outer loop
      vertex 81.6764 24.9181 -1.15
      vertex 81.5744 24.9663 1.2
      vertex 81.6764 24.9181 1.2
    endloop
  endfacet
  facet normal 0.427248 0.904135 0
    outer loop
      vertex 81.5744 24.9663 1.2
      vertex 81.6764 24.9181 -1.15
      vertex 81.5744 24.9663 -1.15
    endloop
  endfacet
  facet normal -0.242744 -0.97009 0
    outer loop
      vertex 82.3408 27.1084 -1.15
      vertex 82.4503 27.081 1.2
      vertex 82.3408 27.1084 1.2
    endloop
  endfacet
  facet normal -0.242744 -0.97009 -0
    outer loop
      vertex 82.4503 27.081 1.2
      vertex 82.3408 27.1084 -1.15
      vertex 82.4503 27.081 -1.15
    endloop
  endfacet
  facet normal 0.336898 -0.941541 0
    outer loop
      vertex 81.6764 27.043 -1.15
      vertex 81.7826 27.081 1.2
      vertex 81.6764 27.043 1.2
    endloop
  endfacet
  facet normal 0.336898 -0.941541 0
    outer loop
      vertex 81.7826 27.081 1.2
      vertex 81.6764 27.043 -1.15
      vertex 81.7826 27.081 -1.15
    endloop
  endfacet
  facet normal -0.989246 0.14626 0
    outer loop
      vertex 83.2444 25.7562 -1.15
      vertex 83.2609 25.8678 1.2
      vertex 83.2609 25.8678 -1.15
    endloop
  endfacet
  facet normal -0.989246 0.14626 0
    outer loop
      vertex 83.2609 25.8678 1.2
      vertex 83.2444 25.7562 -1.15
      vertex 83.2444 25.7562 1.2
    endloop
  endfacet
  facet normal 0.97009 -0.242744 0
    outer loop
      vertex 80.9886 26.2049 1.2
      vertex 81.016 26.3144 -1.15
      vertex 81.016 26.3144 1.2
    endloop
  endfacet
  facet normal 0.97009 -0.242744 0
    outer loop
      vertex 81.016 26.3144 -1.15
      vertex 80.9886 26.2049 1.2
      vertex 80.9886 26.2049 -1.15
    endloop
  endfacet
  facet normal -0.803071 -0.595884 0
    outer loop
      vertex 83.0727 26.6194 -1.15
      vertex 83.0054 26.7101 1.2
      vertex 83.0054 26.7101 -1.15
    endloop
  endfacet
  facet normal -0.803071 -0.595884 0
    outer loop
      vertex 83.0054 26.7101 1.2
      vertex 83.0727 26.6194 -1.15
      vertex 83.0727 26.6194 1.2
    endloop
  endfacet
  facet normal 0.941642 0.336617 0
    outer loop
      vertex 81.054 25.5404 1.2
      vertex 81.016 25.6467 -1.15
      vertex 81.016 25.6467 1.2
    endloop
  endfacet
  facet normal 0.941642 0.336617 0
    outer loop
      vertex 81.016 25.6467 -1.15
      vertex 81.054 25.5404 1.2
      vertex 81.054 25.5404 -1.15
    endloop
  endfacet
  facet normal 0.989118 0.147127 0
    outer loop
      vertex 80.9886 25.7562 1.2
      vertex 80.972 25.8678 -1.15
      vertex 80.972 25.8678 1.2
    endloop
  endfacet
  facet normal 0.989118 0.147127 0
    outer loop
      vertex 80.972 25.8678 -1.15
      vertex 80.9886 25.7562 1.2
      vertex 80.9886 25.7562 -1.15
    endloop
  endfacet
  facet normal 0.146131 0.989265 -0
    outer loop
      vertex 82.0038 24.8361 -1.15
      vertex 81.8921 24.8526 1.2
      vertex 82.0038 24.8361 1.2
    endloop
  endfacet
  facet normal 0.146131 0.989265 0
    outer loop
      vertex 81.8921 24.8526 1.2
      vertex 82.0038 24.8361 -1.15
      vertex 81.8921 24.8526 -1.15
    endloop
  endfacet
  facet normal 0.941541 -0.336898 0
    outer loop
      vertex 81.016 26.3144 1.2
      vertex 81.054 26.4206 -1.15
      vertex 81.054 26.4206 1.2
    endloop
  endfacet
  facet normal 0.941541 -0.336898 0
    outer loop
      vertex 81.054 26.4206 -1.15
      vertex 81.016 26.3144 1.2
      vertex 81.016 26.3144 -1.15
    endloop
  endfacet
  facet normal -0.0496282 0.998768 0
    outer loop
      vertex 82.2292 24.8361 -1.15
      vertex 82.1165 24.8305 1.2
      vertex 82.2292 24.8361 1.2
    endloop
  endfacet
  facet normal -0.0496282 0.998768 0
    outer loop
      vertex 82.1165 24.8305 1.2
      vertex 82.2292 24.8361 -1.15
      vertex 82.1165 24.8305 -1.15
    endloop
  endfacet
  facet normal -0.513974 -0.857806 0
    outer loop
      vertex 82.6586 26.9947 -1.15
      vertex 82.7554 26.9367 1.2
      vertex 82.6586 26.9947 1.2
    endloop
  endfacet
  facet normal -0.513974 -0.857806 -0
    outer loop
      vertex 82.7554 26.9367 1.2
      vertex 82.6586 26.9947 -1.15
      vertex 82.7554 26.9367 -1.15
    endloop
  endfacet
  facet normal -0.0487441 -0.998811 0
    outer loop
      vertex 82.1165 27.1305 -1.15
      vertex 82.2292 27.125 1.2
      vertex 82.1165 27.1305 1.2
    endloop
  endfacet
  facet normal -0.0487441 -0.998811 -0
    outer loop
      vertex 82.2292 27.125 1.2
      vertex 82.1165 27.1305 -1.15
      vertex 82.2292 27.125 -1.15
    endloop
  endfacet
  facet normal -0.513974 0.857806 0
    outer loop
      vertex 82.7554 25.0243 -1.15
      vertex 82.6586 24.9663 1.2
      vertex 82.7554 25.0243 1.2
    endloop
  endfacet
  facet normal -0.513974 0.857806 0
    outer loop
      vertex 82.6586 24.9663 1.2
      vertex 82.7554 25.0243 -1.15
      vertex 82.6586 24.9663 -1.15
    endloop
  endfacet
  facet normal 0.740822 -0.671702 0
    outer loop
      vertex 81.2275 26.7101 1.2
      vertex 81.3033 26.7937 -1.15
      vertex 81.3033 26.7937 1.2
    endloop
  endfacet
  facet normal 0.740822 -0.671702 0
    outer loop
      vertex 81.3033 26.7937 -1.15
      vertex 81.2275 26.7101 1.2
      vertex 81.2275 26.7101 -1.15
    endloop
  endfacet
  facet normal 0.513974 -0.857806 0
    outer loop
      vertex 81.4776 26.9367 -1.15
      vertex 81.5744 26.9947 1.2
      vertex 81.4776 26.9367 1.2
    endloop
  endfacet
  facet normal 0.513974 -0.857806 0
    outer loop
      vertex 81.5744 26.9947 1.2
      vertex 81.4776 26.9367 -1.15
      vertex 81.5744 26.9947 -1.15
    endloop
  endfacet
  facet normal 0.595312 -0.803494 0
    outer loop
      vertex 81.3869 26.8695 -1.15
      vertex 81.4776 26.9367 1.2
      vertex 81.3869 26.8695 1.2
    endloop
  endfacet
  facet normal 0.595312 -0.803494 0
    outer loop
      vertex 81.4776 26.9367 1.2
      vertex 81.3869 26.8695 -1.15
      vertex 81.4776 26.9367 -1.15
    endloop
  endfacet
  facet normal 0.803494 -0.595312 0
    outer loop
      vertex 81.1603 26.6194 1.2
      vertex 81.2275 26.7101 -1.15
      vertex 81.2275 26.7101 1.2
    endloop
  endfacet
  facet normal 0.803494 -0.595312 0
    outer loop
      vertex 81.2275 26.7101 -1.15
      vertex 81.1603 26.6194 1.2
      vertex 81.1603 26.6194 -1.15
    endloop
  endfacet
  facet normal 0.337684 0.94126 -0
    outer loop
      vertex 81.7826 24.88 -1.15
      vertex 81.6764 24.9181 1.2
      vertex 81.7826 24.88 1.2
    endloop
  endfacet
  facet normal 0.337684 0.94126 0
    outer loop
      vertex 81.6764 24.9181 1.2
      vertex 81.7826 24.88 -1.15
      vertex 81.6764 24.9181 -1.15
    endloop
  endfacet
  facet normal 0.80318 0.595736 0
    outer loop
      vertex 81.2275 25.251 1.2
      vertex 81.1603 25.3416 -1.15
      vertex 81.1603 25.3416 1.2
    endloop
  endfacet
  facet normal 0.80318 0.595736 0
    outer loop
      vertex 81.1603 25.3416 -1.15
      vertex 81.2275 25.251 1.2
      vertex 81.2275 25.251 -1.15
    endloop
  endfacet
  facet normal 0.740822 0.671702 0
    outer loop
      vertex 81.3033 25.1674 1.2
      vertex 81.2275 25.251 -1.15
      vertex 81.2275 25.251 1.2
    endloop
  endfacet
  facet normal 0.740822 0.671702 0
    outer loop
      vertex 81.2275 25.251 -1.15
      vertex 81.3033 25.1674 1.2
      vertex 81.3033 25.1674 -1.15
    endloop
  endfacet
  facet normal 0.998811 0.0487441 0
    outer loop
      vertex 80.972 25.8678 1.2
      vertex 80.9665 25.9805 -1.15
      vertex 80.9665 25.9805 1.2
    endloop
  endfacet
  facet normal 0.998811 0.0487441 0
    outer loop
      vertex 80.9665 25.9805 -1.15
      vertex 80.972 25.8678 1.2
      vertex 80.972 25.8678 -1.15
    endloop
  endfacet
  facet normal -0.998768 0.0496282 0
    outer loop
      vertex 83.2609 25.8678 -1.15
      vertex 83.2665 25.9805 1.2
      vertex 83.2665 25.9805 -1.15
    endloop
  endfacet
  facet normal -0.998768 0.0496282 0
    outer loop
      vertex 83.2665 25.9805 1.2
      vertex 83.2609 25.8678 -1.15
      vertex 83.2609 25.8678 1.2
    endloop
  endfacet
  facet normal -0.242744 0.97009 0
    outer loop
      vertex 82.4503 24.88 -1.15
      vertex 82.3408 24.8526 1.2
      vertex 82.4503 24.88 1.2
    endloop
  endfacet
  facet normal -0.242744 0.97009 0
    outer loop
      vertex 82.3408 24.8526 1.2
      vertex 82.4503 24.88 -1.15
      vertex 82.3408 24.8526 -1.15
    endloop
  endfacet
  facet normal -0.857806 0.513974 0
    outer loop
      vertex 83.0727 25.3416 -1.15
      vertex 83.1307 25.4384 1.2
      vertex 83.1307 25.4384 -1.15
    endloop
  endfacet
  facet normal -0.857806 0.513974 0
    outer loop
      vertex 83.1307 25.4384 1.2
      vertex 83.0727 25.3416 -1.15
      vertex 83.0727 25.3416 1.2
    endloop
  endfacet
  facet normal -0.904135 0.427248 0
    outer loop
      vertex 83.1307 25.4384 -1.15
      vertex 83.1789 25.5404 1.2
      vertex 83.1789 25.5404 -1.15
    endloop
  endfacet
  facet normal -0.904135 0.427248 0
    outer loop
      vertex 83.1789 25.5404 1.2
      vertex 83.1307 25.4384 -1.15
      vertex 83.1307 25.4384 1.2
    endloop
  endfacet
  facet normal 0.671702 0.740822 -0
    outer loop
      vertex 81.3869 25.0916 -1.15
      vertex 81.3033 25.1674 1.2
      vertex 81.3869 25.0916 1.2
    endloop
  endfacet
  facet normal 0.671702 0.740822 0
    outer loop
      vertex 81.3033 25.1674 1.2
      vertex 81.3869 25.0916 -1.15
      vertex 81.3033 25.1674 -1.15
    endloop
  endfacet
  facet normal 0.0487441 -0.998811 0
    outer loop
      vertex 82.0038 27.125 -1.15
      vertex 82.1165 27.1305 1.2
      vertex 82.0038 27.125 1.2
    endloop
  endfacet
  facet normal 0.0487441 -0.998811 0
    outer loop
      vertex 82.1165 27.1305 1.2
      vertex 82.0038 27.125 -1.15
      vertex 82.1165 27.1305 -1.15
    endloop
  endfacet
  facet normal 0.513974 0.857806 -0
    outer loop
      vertex 81.5744 24.9663 -1.15
      vertex 81.4776 25.0243 1.2
      vertex 81.5744 24.9663 1.2
    endloop
  endfacet
  facet normal 0.513974 0.857806 0
    outer loop
      vertex 81.4776 25.0243 1.2
      vertex 81.5744 24.9663 -1.15
      vertex 81.4776 25.0243 -1.15
    endloop
  endfacet
  facet normal 0.989137 -0.146998 0
    outer loop
      vertex 80.972 26.0932 1.2
      vertex 80.9886 26.2049 -1.15
      vertex 80.9886 26.2049 1.2
    endloop
  endfacet
  facet normal 0.989137 -0.146998 0
    outer loop
      vertex 80.9886 26.2049 -1.15
      vertex 80.972 26.0932 1.2
      vertex 80.972 26.0932 -1.15
    endloop
  endfacet
  facet normal 0.998811 -0.0487441 0
    outer loop
      vertex 80.9665 25.9805 1.2
      vertex 80.972 26.0932 -1.15
      vertex 80.972 26.0932 1.2
    endloop
  endfacet
  facet normal 0.998811 -0.0487441 0
    outer loop
      vertex 80.972 26.0932 -1.15
      vertex 80.9665 25.9805 1.2
      vertex 80.9665 25.9805 -1.15
    endloop
  endfacet
  facet normal 0.857806 -0.513974 0
    outer loop
      vertex 81.1023 26.5226 1.2
      vertex 81.1603 26.6194 -1.15
      vertex 81.1603 26.6194 1.2
    endloop
  endfacet
  facet normal 0.857806 -0.513974 0
    outer loop
      vertex 81.1603 26.6194 -1.15
      vertex 81.1023 26.5226 1.2
      vertex 81.1023 26.5226 -1.15
    endloop
  endfacet
  facet normal -0.989246 -0.14626 0
    outer loop
      vertex 83.2609 83.1322 -1.15
      vertex 83.2444 83.2438 1.2
      vertex 83.2444 83.2438 -1.15
    endloop
  endfacet
  facet normal -0.989246 -0.14626 0
    outer loop
      vertex 83.2444 83.2438 1.2
      vertex 83.2609 83.1322 -1.15
      vertex 83.2609 83.1322 1.2
    endloop
  endfacet
  facet normal -0.998768 -0.0496282 0
    outer loop
      vertex 83.2665 83.0195 -1.15
      vertex 83.2609 83.1322 1.2
      vertex 83.2609 83.1322 -1.15
    endloop
  endfacet
  facet normal -0.998768 -0.0496282 0
    outer loop
      vertex 83.2609 83.1322 1.2
      vertex 83.2665 83.0195 -1.15
      vertex 83.2665 83.0195 1.2
    endloop
  endfacet
  facet normal 0.998811 -0.0487441 0
    outer loop
      vertex 80.9665 83.0195 1.2
      vertex 80.972 83.1322 -1.15
      vertex 80.972 83.1322 1.2
    endloop
  endfacet
  facet normal 0.998811 -0.0487441 0
    outer loop
      vertex 80.972 83.1322 -1.15
      vertex 80.9665 83.0195 1.2
      vertex 80.9665 83.0195 -1.15
    endloop
  endfacet
  facet normal -0.857806 -0.513974 0
    outer loop
      vertex 83.1307 83.5616 -1.15
      vertex 83.0727 83.6584 1.2
      vertex 83.0727 83.6584 -1.15
    endloop
  endfacet
  facet normal -0.857806 -0.513974 0
    outer loop
      vertex 83.0727 83.6584 1.2
      vertex 83.1307 83.5616 -1.15
      vertex 83.1307 83.5616 1.2
    endloop
  endfacet
  facet normal -0.0487441 0.998811 0
    outer loop
      vertex 82.2292 81.875 -1.15
      vertex 82.1165 81.8695 1.2
      vertex 82.2292 81.875 1.2
    endloop
  endfacet
  facet normal -0.0487441 0.998811 0
    outer loop
      vertex 82.1165 81.8695 1.2
      vertex 82.2292 81.875 -1.15
      vertex 82.1165 81.8695 -1.15
    endloop
  endfacet
  facet normal 0.857806 -0.513974 0
    outer loop
      vertex 81.1023 83.5616 1.2
      vertex 81.1603 83.6584 -1.15
      vertex 81.1603 83.6584 1.2
    endloop
  endfacet
  facet normal 0.857806 -0.513974 0
    outer loop
      vertex 81.1603 83.6584 -1.15
      vertex 81.1023 83.5616 1.2
      vertex 81.1023 83.5616 -1.15
    endloop
  endfacet
  facet normal -0.94126 0.337684 0
    outer loop
      vertex 83.1789 82.5794 -1.15
      vertex 83.217 82.6856 1.2
      vertex 83.217 82.6856 -1.15
    endloop
  endfacet
  facet normal -0.94126 0.337684 0
    outer loop
      vertex 83.217 82.6856 1.2
      vertex 83.1789 82.5794 -1.15
      vertex 83.1789 82.5794 1.2
    endloop
  endfacet
  facet normal 0.989118 -0.147127 0
    outer loop
      vertex 80.972 83.1322 1.2
      vertex 80.9886 83.2438 -1.15
      vertex 80.9886 83.2438 1.2
    endloop
  endfacet
  facet normal 0.989118 -0.147127 0
    outer loop
      vertex 80.9886 83.2438 -1.15
      vertex 80.972 83.1322 1.2
      vertex 80.972 83.1322 -1.15
    endloop
  endfacet
  facet normal -0.595736 0.80318 0
    outer loop
      vertex 82.846 82.1305 -1.15
      vertex 82.7554 82.0633 1.2
      vertex 82.846 82.1305 1.2
    endloop
  endfacet
  facet normal -0.595736 0.80318 0
    outer loop
      vertex 82.7554 82.0633 1.2
      vertex 82.846 82.1305 -1.15
      vertex 82.7554 82.0633 -1.15
    endloop
  endfacet
  facet normal 0.903792 -0.427972 0
    outer loop
      vertex 81.054 83.4596 1.2
      vertex 81.1023 83.5616 -1.15
      vertex 81.1023 83.5616 1.2
    endloop
  endfacet
  facet normal 0.903792 -0.427972 0
    outer loop
      vertex 81.1023 83.5616 -1.15
      vertex 81.054 83.4596 1.2
      vertex 81.054 83.4596 -1.15
    endloop
  endfacet
  facet normal 0.97009 -0.242744 0
    outer loop
      vertex 80.9886 83.2438 1.2
      vertex 81.016 83.3533 -1.15
      vertex 81.016 83.3533 1.2
    endloop
  endfacet
  facet normal 0.97009 -0.242744 0
    outer loop
      vertex 81.016 83.3533 -1.15
      vertex 80.9886 83.2438 1.2
      vertex 80.9886 83.2438 -1.15
    endloop
  endfacet
  facet normal -0.989265 0.146131 0
    outer loop
      vertex 83.2444 82.7951 -1.15
      vertex 83.2609 82.9068 1.2
      vertex 83.2609 82.9068 -1.15
    endloop
  endfacet
  facet normal -0.989265 0.146131 0
    outer loop
      vertex 83.2609 82.9068 1.2
      vertex 83.2444 82.7951 -1.15
      vertex 83.2444 82.7951 1.2
    endloop
  endfacet
  facet normal 0.513974 -0.857806 0
    outer loop
      vertex 81.4776 83.9757 -1.15
      vertex 81.5744 84.0337 1.2
      vertex 81.4776 83.9757 1.2
    endloop
  endfacet
  facet normal 0.513974 -0.857806 0
    outer loop
      vertex 81.5744 84.0337 1.2
      vertex 81.4776 83.9757 -1.15
      vertex 81.5744 84.0337 -1.15
    endloop
  endfacet
  facet normal -0.513974 -0.857806 0
    outer loop
      vertex 82.6586 84.0337 -1.15
      vertex 82.7554 83.9757 1.2
      vertex 82.6586 84.0337 1.2
    endloop
  endfacet
  facet normal -0.513974 -0.857806 -0
    outer loop
      vertex 82.7554 83.9757 1.2
      vertex 82.6586 84.0337 -1.15
      vertex 82.7554 83.9757 -1.15
    endloop
  endfacet
  facet normal 0.427248 -0.904135 0
    outer loop
      vertex 81.5744 84.0337 -1.15
      vertex 81.6764 84.0819 1.2
      vertex 81.5744 84.0337 1.2
    endloop
  endfacet
  facet normal 0.427248 -0.904135 0
    outer loop
      vertex 81.6764 84.0819 1.2
      vertex 81.5744 84.0337 -1.15
      vertex 81.6764 84.0819 -1.15
    endloop
  endfacet
  facet normal -0.147127 0.989118 0
    outer loop
      vertex 82.3408 81.8916 -1.15
      vertex 82.2292 81.875 1.2
      vertex 82.3408 81.8916 1.2
    endloop
  endfacet
  facet normal -0.147127 0.989118 0
    outer loop
      vertex 82.2292 81.875 1.2
      vertex 82.3408 81.8916 -1.15
      vertex 82.2292 81.875 -1.15
    endloop
  endfacet
  facet normal 0.242744 -0.97009 0
    outer loop
      vertex 81.7826 84.12 -1.15
      vertex 81.8921 84.1474 1.2
      vertex 81.7826 84.12 1.2
    endloop
  endfacet
  facet normal 0.242744 -0.97009 0
    outer loop
      vertex 81.8921 84.1474 1.2
      vertex 81.7826 84.12 -1.15
      vertex 81.8921 84.1474 -1.15
    endloop
  endfacet
  facet normal -0.671702 0.740822 0
    outer loop
      vertex 82.9296 82.2063 -1.15
      vertex 82.846 82.1305 1.2
      vertex 82.9296 82.2063 1.2
    endloop
  endfacet
  facet normal -0.671702 0.740822 0
    outer loop
      vertex 82.846 82.1305 1.2
      vertex 82.9296 82.2063 -1.15
      vertex 82.846 82.1305 -1.15
    endloop
  endfacet
  facet normal -0.427248 -0.904135 0
    outer loop
      vertex 82.5566 84.0819 -1.15
      vertex 82.6586 84.0337 1.2
      vertex 82.5566 84.0819 1.2
    endloop
  endfacet
  facet normal -0.427248 -0.904135 -0
    outer loop
      vertex 82.6586 84.0337 1.2
      vertex 82.5566 84.0819 -1.15
      vertex 82.6586 84.0337 -1.15
    endloop
  endfacet
  facet normal -0.596308 -0.802756 0
    outer loop
      vertex 82.7554 83.9757 -1.15
      vertex 82.846 83.9084 1.2
      vertex 82.7554 83.9757 1.2
    endloop
  endfacet
  facet normal -0.596308 -0.802756 -0
    outer loop
      vertex 82.846 83.9084 1.2
      vertex 82.7554 83.9757 -1.15
      vertex 82.846 83.9084 -1.15
    endloop
  endfacet
  facet normal -0.671702 -0.740822 0
    outer loop
      vertex 82.846 83.9084 -1.15
      vertex 82.9296 83.8326 1.2
      vertex 82.846 83.9084 1.2
    endloop
  endfacet
  facet normal -0.671702 -0.740822 -0
    outer loop
      vertex 82.9296 83.8326 1.2
      vertex 82.846 83.9084 -1.15
      vertex 82.9296 83.8326 -1.15
    endloop
  endfacet
  facet normal -0.904135 -0.427248 0
    outer loop
      vertex 83.1789 83.4596 -1.15
      vertex 83.1307 83.5616 1.2
      vertex 83.1307 83.5616 -1.15
    endloop
  endfacet
  facet normal -0.904135 -0.427248 0
    outer loop
      vertex 83.1307 83.5616 1.2
      vertex 83.1789 83.4596 -1.15
      vertex 83.1789 83.4596 1.2
    endloop
  endfacet
  facet normal -0.513974 0.857806 0
    outer loop
      vertex 82.7554 82.0633 -1.15
      vertex 82.6586 82.0053 1.2
      vertex 82.7554 82.0633 1.2
    endloop
  endfacet
  facet normal -0.513974 0.857806 0
    outer loop
      vertex 82.6586 82.0053 1.2
      vertex 82.7554 82.0633 -1.15
      vertex 82.6586 82.0053 -1.15
    endloop
  endfacet
  facet normal -0.242744 0.97009 0
    outer loop
      vertex 82.4503 81.919 -1.15
      vertex 82.3408 81.8916 1.2
      vertex 82.4503 81.919 1.2
    endloop
  endfacet
  facet normal -0.242744 0.97009 0
    outer loop
      vertex 82.3408 81.8916 1.2
      vertex 82.4503 81.919 -1.15
      vertex 82.3408 81.8916 -1.15
    endloop
  endfacet
  facet normal 0.242744 0.97009 -0
    outer loop
      vertex 81.8921 81.8916 -1.15
      vertex 81.7826 81.919 1.2
      vertex 81.8921 81.8916 1.2
    endloop
  endfacet
  facet normal 0.242744 0.97009 0
    outer loop
      vertex 81.7826 81.919 1.2
      vertex 81.8921 81.8916 -1.15
      vertex 81.7826 81.919 -1.15
    endloop
  endfacet
  facet normal -0.803071 0.595884 0
    outer loop
      vertex 83.0054 82.2899 -1.15
      vertex 83.0727 82.3806 1.2
      vertex 83.0727 82.3806 -1.15
    endloop
  endfacet
  facet normal -0.803071 0.595884 0
    outer loop
      vertex 83.0727 82.3806 1.2
      vertex 83.0054 82.2899 -1.15
      vertex 83.0054 82.2899 1.2
    endloop
  endfacet
  facet normal 0.427972 0.903792 -0
    outer loop
      vertex 81.6764 81.957 -1.15
      vertex 81.5744 82.0053 1.2
      vertex 81.6764 81.957 1.2
    endloop
  endfacet
  facet normal 0.427972 0.903792 0
    outer loop
      vertex 81.5744 82.0053 1.2
      vertex 81.6764 81.957 -1.15
      vertex 81.5744 82.0053 -1.15
    endloop
  endfacet
  facet normal -0.998768 0.0496282 0
    outer loop
      vertex 83.2609 82.9068 -1.15
      vertex 83.2665 83.0195 1.2
      vertex 83.2665 83.0195 -1.15
    endloop
  endfacet
  facet normal -0.998768 0.0496282 0
    outer loop
      vertex 83.2665 83.0195 1.2
      vertex 83.2609 82.9068 -1.15
      vertex 83.2609 82.9068 1.2
    endloop
  endfacet
  facet normal -0.802756 -0.596308 0
    outer loop
      vertex 83.0727 83.6584 -1.15
      vertex 83.0054 83.749 1.2
      vertex 83.0054 83.749 -1.15
    endloop
  endfacet
  facet normal -0.802756 -0.596308 0
    outer loop
      vertex 83.0054 83.749 1.2
      vertex 83.0727 83.6584 -1.15
      vertex 83.0727 83.6584 1.2
    endloop
  endfacet
  facet normal 0.337684 -0.94126 0
    outer loop
      vertex 81.6764 84.0819 -1.15
      vertex 81.7826 84.12 1.2
      vertex 81.6764 84.0819 1.2
    endloop
  endfacet
  facet normal 0.337684 -0.94126 0
    outer loop
      vertex 81.7826 84.12 1.2
      vertex 81.6764 84.0819 -1.15
      vertex 81.7826 84.12 -1.15
    endloop
  endfacet
  facet normal 0.146998 0.989137 -0
    outer loop
      vertex 82.0038 81.875 -1.15
      vertex 81.8921 81.8916 1.2
      vertex 82.0038 81.875 1.2
    endloop
  endfacet
  facet normal 0.146998 0.989137 0
    outer loop
      vertex 81.8921 81.8916 1.2
      vertex 82.0038 81.875 -1.15
      vertex 81.8921 81.8916 -1.15
    endloop
  endfacet
  facet normal -0.740822 0.671702 0
    outer loop
      vertex 82.9296 82.2063 -1.15
      vertex 83.0054 82.2899 1.2
      vertex 83.0054 82.2899 -1.15
    endloop
  endfacet
  facet normal -0.740822 0.671702 0
    outer loop
      vertex 83.0054 82.2899 1.2
      vertex 82.9296 82.2063 -1.15
      vertex 82.9296 82.2063 1.2
    endloop
  endfacet
  facet normal 0.336898 0.941541 -0
    outer loop
      vertex 81.7826 81.919 -1.15
      vertex 81.6764 81.957 1.2
      vertex 81.7826 81.919 1.2
    endloop
  endfacet
  facet normal 0.336898 0.941541 0
    outer loop
      vertex 81.6764 81.957 1.2
      vertex 81.7826 81.919 -1.15
      vertex 81.6764 81.957 -1.15
    endloop
  endfacet
  facet normal 0.97009 0.242744 0
    outer loop
      vertex 81.016 82.6856 1.2
      vertex 80.9886 82.7951 -1.15
      vertex 80.9886 82.7951 1.2
    endloop
  endfacet
  facet normal 0.97009 0.242744 0
    outer loop
      vertex 80.9886 82.7951 -1.15
      vertex 81.016 82.6856 1.2
      vertex 81.016 82.6856 -1.15
    endloop
  endfacet
  facet normal 0.740822 0.671702 0
    outer loop
      vertex 81.3033 82.2063 1.2
      vertex 81.2275 82.2899 -1.15
      vertex 81.2275 82.2899 1.2
    endloop
  endfacet
  facet normal 0.740822 0.671702 0
    outer loop
      vertex 81.2275 82.2899 -1.15
      vertex 81.3033 82.2063 1.2
      vertex 81.3033 82.2063 -1.15
    endloop
  endfacet
  facet normal 0.803494 0.595312 0
    outer loop
      vertex 81.2275 82.2899 1.2
      vertex 81.1603 82.3806 -1.15
      vertex 81.1603 82.3806 1.2
    endloop
  endfacet
  facet normal 0.803494 0.595312 0
    outer loop
      vertex 81.1603 82.3806 -1.15
      vertex 81.2275 82.2899 1.2
      vertex 81.2275 82.2899 -1.15
    endloop
  endfacet
  facet normal 0.857806 0.513974 0
    outer loop
      vertex 81.1603 82.3806 1.2
      vertex 81.1023 82.4774 -1.15
      vertex 81.1023 82.4774 1.2
    endloop
  endfacet
  facet normal 0.857806 0.513974 0
    outer loop
      vertex 81.1023 82.4774 -1.15
      vertex 81.1603 82.3806 1.2
      vertex 81.1603 82.3806 -1.15
    endloop
  endfacet
  facet normal -0.97009 -0.242744 0
    outer loop
      vertex 83.2444 83.2438 -1.15
      vertex 83.217 83.3533 1.2
      vertex 83.217 83.3533 -1.15
    endloop
  endfacet
  facet normal -0.97009 -0.242744 0
    outer loop
      vertex 83.217 83.3533 1.2
      vertex 83.2444 83.2438 -1.15
      vertex 83.2444 83.2438 1.2
    endloop
  endfacet
  facet normal -0.904135 0.427248 0
    outer loop
      vertex 83.1307 82.4774 -1.15
      vertex 83.1789 82.5794 1.2
      vertex 83.1789 82.5794 -1.15
    endloop
  endfacet
  facet normal -0.904135 0.427248 0
    outer loop
      vertex 83.1789 82.5794 1.2
      vertex 83.1307 82.4774 -1.15
      vertex 83.1307 82.4774 1.2
    endloop
  endfacet
  facet normal 0.146131 -0.989265 0
    outer loop
      vertex 81.8921 84.1474 -1.15
      vertex 82.0038 84.1639 1.2
      vertex 81.8921 84.1474 1.2
    endloop
  endfacet
  facet normal 0.146131 -0.989265 0
    outer loop
      vertex 82.0038 84.1639 1.2
      vertex 81.8921 84.1474 -1.15
      vertex 82.0038 84.1639 -1.15
    endloop
  endfacet
  facet normal -0.941361 -0.337402 0
    outer loop
      vertex 83.217 83.3533 -1.15
      vertex 83.1789 83.4596 1.2
      vertex 83.1789 83.4596 -1.15
    endloop
  endfacet
  facet normal -0.941361 -0.337402 0
    outer loop
      vertex 83.1789 83.4596 1.2
      vertex 83.217 83.3533 -1.15
      vertex 83.217 83.3533 1.2
    endloop
  endfacet
  facet normal -0.14626 -0.989246 0
    outer loop
      vertex 82.2292 84.1639 -1.15
      vertex 82.3408 84.1474 1.2
      vertex 82.2292 84.1639 1.2
    endloop
  endfacet
  facet normal -0.14626 -0.989246 -0
    outer loop
      vertex 82.3408 84.1474 1.2
      vertex 82.2292 84.1639 -1.15
      vertex 82.3408 84.1474 -1.15
    endloop
  endfacet
  facet normal 0.595884 -0.803071 0
    outer loop
      vertex 81.3869 83.9084 -1.15
      vertex 81.4776 83.9757 1.2
      vertex 81.3869 83.9084 1.2
    endloop
  endfacet
  facet normal 0.595884 -0.803071 0
    outer loop
      vertex 81.4776 83.9757 1.2
      vertex 81.3869 83.9084 -1.15
      vertex 81.4776 83.9757 -1.15
    endloop
  endfacet
  facet normal 0.671702 -0.740822 0
    outer loop
      vertex 81.3033 83.8326 -1.15
      vertex 81.3869 83.9084 1.2
      vertex 81.3033 83.8326 1.2
    endloop
  endfacet
  facet normal 0.671702 -0.740822 0
    outer loop
      vertex 81.3869 83.9084 1.2
      vertex 81.3033 83.8326 -1.15
      vertex 81.3869 83.9084 -1.15
    endloop
  endfacet
  facet normal -0.97009 0.242744 0
    outer loop
      vertex 83.217 82.6856 -1.15
      vertex 83.2444 82.7951 1.2
      vertex 83.2444 82.7951 -1.15
    endloop
  endfacet
  facet normal -0.97009 0.242744 0
    outer loop
      vertex 83.2444 82.7951 1.2
      vertex 83.217 82.6856 -1.15
      vertex 83.217 82.6856 1.2
    endloop
  endfacet
  facet normal 0.989137 0.146998 0
    outer loop
      vertex 80.9886 82.7951 1.2
      vertex 80.972 82.9068 -1.15
      vertex 80.972 82.9068 1.2
    endloop
  endfacet
  facet normal 0.989137 0.146998 0
    outer loop
      vertex 80.972 82.9068 -1.15
      vertex 80.9886 82.7951 1.2
      vertex 80.9886 82.7951 -1.15
    endloop
  endfacet
  facet normal -0.242744 -0.97009 0
    outer loop
      vertex 82.3408 84.1474 -1.15
      vertex 82.4503 84.12 1.2
      vertex 82.3408 84.1474 1.2
    endloop
  endfacet
  facet normal -0.242744 -0.97009 -0
    outer loop
      vertex 82.4503 84.12 1.2
      vertex 82.3408 84.1474 -1.15
      vertex 82.4503 84.12 -1.15
    endloop
  endfacet
  facet normal 0.0496282 -0.998768 0
    outer loop
      vertex 82.0038 84.1639 -1.15
      vertex 82.1165 84.1695 1.2
      vertex 82.0038 84.1639 1.2
    endloop
  endfacet
  facet normal 0.0496282 -0.998768 0
    outer loop
      vertex 82.1165 84.1695 1.2
      vertex 82.0038 84.1639 -1.15
      vertex 82.1165 84.1695 -1.15
    endloop
  endfacet
  facet normal -0.0496282 -0.998768 0
    outer loop
      vertex 82.1165 84.1695 -1.15
      vertex 82.2292 84.1639 1.2
      vertex 82.1165 84.1695 1.2
    endloop
  endfacet
  facet normal -0.0496282 -0.998768 -0
    outer loop
      vertex 82.2292 84.1639 1.2
      vertex 82.1165 84.1695 -1.15
      vertex 82.2292 84.1639 -1.15
    endloop
  endfacet
  facet normal 0.941541 0.336898 0
    outer loop
      vertex 81.054 82.5794 1.2
      vertex 81.016 82.6856 -1.15
      vertex 81.016 82.6856 1.2
    endloop
  endfacet
  facet normal 0.941541 0.336898 0
    outer loop
      vertex 81.016 82.6856 -1.15
      vertex 81.054 82.5794 1.2
      vertex 81.054 82.5794 -1.15
    endloop
  endfacet
  facet normal 0.998811 0.0487441 0
    outer loop
      vertex 80.972 82.9068 1.2
      vertex 80.9665 83.0195 -1.15
      vertex 80.9665 83.0195 1.2
    endloop
  endfacet
  facet normal 0.998811 0.0487441 0
    outer loop
      vertex 80.9665 83.0195 -1.15
      vertex 80.972 82.9068 1.2
      vertex 80.972 82.9068 -1.15
    endloop
  endfacet
  facet normal 0.513974 0.857806 -0
    outer loop
      vertex 81.5744 82.0053 -1.15
      vertex 81.4776 82.0633 1.2
      vertex 81.5744 82.0053 1.2
    endloop
  endfacet
  facet normal 0.513974 0.857806 0
    outer loop
      vertex 81.4776 82.0633 1.2
      vertex 81.5744 82.0053 -1.15
      vertex 81.4776 82.0633 -1.15
    endloop
  endfacet
  facet normal -0.740822 -0.671702 0
    outer loop
      vertex 83.0054 83.749 -1.15
      vertex 82.9296 83.8326 1.2
      vertex 82.9296 83.8326 -1.15
    endloop
  endfacet
  facet normal -0.740822 -0.671702 0
    outer loop
      vertex 82.9296 83.8326 1.2
      vertex 83.0054 83.749 -1.15
      vertex 83.0054 83.749 1.2
    endloop
  endfacet
  facet normal -0.427972 0.903792 0
    outer loop
      vertex 82.6586 82.0053 -1.15
      vertex 82.5566 81.957 1.2
      vertex 82.6586 82.0053 1.2
    endloop
  endfacet
  facet normal -0.427972 0.903792 0
    outer loop
      vertex 82.5566 81.957 1.2
      vertex 82.6586 82.0053 -1.15
      vertex 82.5566 81.957 -1.15
    endloop
  endfacet
  facet normal 0.941642 -0.336617 0
    outer loop
      vertex 81.016 83.3533 1.2
      vertex 81.054 83.4596 -1.15
      vertex 81.054 83.4596 1.2
    endloop
  endfacet
  facet normal 0.941642 -0.336617 0
    outer loop
      vertex 81.054 83.4596 -1.15
      vertex 81.016 83.3533 1.2
      vertex 81.016 83.3533 -1.15
    endloop
  endfacet
  facet normal -0.336617 0.941642 0
    outer loop
      vertex 82.5566 81.957 -1.15
      vertex 82.4503 81.919 1.2
      vertex 82.5566 81.957 1.2
    endloop
  endfacet
  facet normal -0.336617 0.941642 0
    outer loop
      vertex 82.4503 81.919 1.2
      vertex 82.5566 81.957 -1.15
      vertex 82.4503 81.919 -1.15
    endloop
  endfacet
  facet normal 0.903792 0.427972 0
    outer loop
      vertex 81.1023 82.4774 1.2
      vertex 81.054 82.5794 -1.15
      vertex 81.054 82.5794 1.2
    endloop
  endfacet
  facet normal 0.903792 0.427972 0
    outer loop
      vertex 81.054 82.5794 -1.15
      vertex 81.1023 82.4774 1.2
      vertex 81.1023 82.4774 -1.15
    endloop
  endfacet
  facet normal 0.0487441 0.998811 -0
    outer loop
      vertex 82.1165 81.8695 -1.15
      vertex 82.0038 81.875 1.2
      vertex 82.1165 81.8695 1.2
    endloop
  endfacet
  facet normal 0.0487441 0.998811 0
    outer loop
      vertex 82.0038 81.875 1.2
      vertex 82.1165 81.8695 -1.15
      vertex 82.0038 81.875 -1.15
    endloop
  endfacet
  facet normal 0.671702 0.740822 -0
    outer loop
      vertex 81.3869 82.1305 -1.15
      vertex 81.3033 82.2063 1.2
      vertex 81.3869 82.1305 1.2
    endloop
  endfacet
  facet normal 0.671702 0.740822 0
    outer loop
      vertex 81.3033 82.2063 1.2
      vertex 81.3869 82.1305 -1.15
      vertex 81.3033 82.2063 -1.15
    endloop
  endfacet
  facet normal -0.857806 0.513974 0
    outer loop
      vertex 83.0727 82.3806 -1.15
      vertex 83.1307 82.4774 1.2
      vertex 83.1307 82.4774 -1.15
    endloop
  endfacet
  facet normal -0.857806 0.513974 0
    outer loop
      vertex 83.1307 82.4774 1.2
      vertex 83.0727 82.3806 -1.15
      vertex 83.0727 82.3806 1.2
    endloop
  endfacet
  facet normal 0.740822 -0.671702 0
    outer loop
      vertex 81.2275 83.749 1.2
      vertex 81.3033 83.8326 -1.15
      vertex 81.3033 83.8326 1.2
    endloop
  endfacet
  facet normal 0.740822 -0.671702 0
    outer loop
      vertex 81.3033 83.8326 -1.15
      vertex 81.2275 83.749 1.2
      vertex 81.2275 83.749 -1.15
    endloop
  endfacet
  facet normal -0.337402 -0.941361 0
    outer loop
      vertex 82.4503 84.12 -1.15
      vertex 82.5566 84.0819 1.2
      vertex 82.4503 84.12 1.2
    endloop
  endfacet
  facet normal -0.337402 -0.941361 -0
    outer loop
      vertex 82.5566 84.0819 1.2
      vertex 82.4503 84.12 -1.15
      vertex 82.5566 84.0819 -1.15
    endloop
  endfacet
  facet normal 0.80318 -0.595736 0
    outer loop
      vertex 81.1603 83.6584 1.2
      vertex 81.2275 83.749 -1.15
      vertex 81.2275 83.749 1.2
    endloop
  endfacet
  facet normal 0.80318 -0.595736 0
    outer loop
      vertex 81.2275 83.749 -1.15
      vertex 81.1603 83.6584 1.2
      vertex 81.1603 83.6584 -1.15
    endloop
  endfacet
  facet normal 0.595312 0.803494 -0
    outer loop
      vertex 81.4776 82.0633 -1.15
      vertex 81.3869 82.1305 1.2
      vertex 81.4776 82.0633 1.2
    endloop
  endfacet
  facet normal 0.595312 0.803494 0
    outer loop
      vertex 81.3869 82.1305 1.2
      vertex 81.4776 82.0633 -1.15
      vertex 81.3869 82.1305 -1.15
    endloop
  endfacet
  facet normal -0.998811 -0.0487441 0
    outer loop
      vertex 26.1305 83.0195 -1.15
      vertex 26.125 83.1322 1.2
      vertex 26.125 83.1322 -1.15
    endloop
  endfacet
  facet normal -0.998811 -0.0487441 0
    outer loop
      vertex 26.125 83.1322 1.2
      vertex 26.1305 83.0195 -1.15
      vertex 26.1305 83.0195 1.2
    endloop
  endfacet
  facet normal -0.336898 0.941541 0
    outer loop
      vertex 25.4206 81.957 -1.15
      vertex 25.3144 81.919 1.2
      vertex 25.4206 81.957 1.2
    endloop
  endfacet
  facet normal -0.336898 0.941541 0
    outer loop
      vertex 25.3144 81.919 1.2
      vertex 25.4206 81.957 -1.15
      vertex 25.3144 81.919 -1.15
    endloop
  endfacet
  facet normal -0.97009 -0.242744 0
    outer loop
      vertex 26.1084 83.2438 -1.15
      vertex 26.081 83.3533 1.2
      vertex 26.081 83.3533 -1.15
    endloop
  endfacet
  facet normal -0.97009 -0.242744 0
    outer loop
      vertex 26.081 83.3533 1.2
      vertex 26.1084 83.2438 -1.15
      vertex 26.1084 83.2438 1.2
    endloop
  endfacet
  facet normal -0.989137 0.146998 0
    outer loop
      vertex 26.1084 82.7951 -1.15
      vertex 26.125 82.9068 1.2
      vertex 26.125 82.9068 -1.15
    endloop
  endfacet
  facet normal -0.989137 0.146998 0
    outer loop
      vertex 26.125 82.9068 1.2
      vertex 26.1084 82.7951 -1.15
      vertex 26.1084 82.7951 1.2
    endloop
  endfacet
  facet normal 0.94126 0.337684 0
    outer loop
      vertex 23.9181 82.5794 1.2
      vertex 23.88 82.6856 -1.15
      vertex 23.88 82.6856 1.2
    endloop
  endfacet
  facet normal 0.94126 0.337684 0
    outer loop
      vertex 23.88 82.6856 -1.15
      vertex 23.9181 82.5794 1.2
      vertex 23.9181 82.5794 -1.15
    endloop
  endfacet
  facet normal 0.596308 -0.802756 0
    outer loop
      vertex 24.251 83.9084 -1.15
      vertex 24.3416 83.9757 1.2
      vertex 24.251 83.9084 1.2
    endloop
  endfacet
  facet normal 0.596308 -0.802756 0
    outer loop
      vertex 24.3416 83.9757 1.2
      vertex 24.251 83.9084 -1.15
      vertex 24.3416 83.9757 -1.15
    endloop
  endfacet
  facet normal 0.0496282 -0.998768 0
    outer loop
      vertex 24.8678 84.1639 -1.15
      vertex 24.9805 84.1695 1.2
      vertex 24.8678 84.1639 1.2
    endloop
  endfacet
  facet normal 0.0496282 -0.998768 0
    outer loop
      vertex 24.9805 84.1695 1.2
      vertex 24.8678 84.1639 -1.15
      vertex 24.9805 84.1695 -1.15
    endloop
  endfacet
  facet normal 0.513974 0.857806 -0
    outer loop
      vertex 24.4384 82.0053 -1.15
      vertex 24.3416 82.0633 1.2
      vertex 24.4384 82.0053 1.2
    endloop
  endfacet
  facet normal 0.513974 0.857806 0
    outer loop
      vertex 24.3416 82.0633 1.2
      vertex 24.4384 82.0053 -1.15
      vertex 24.3416 82.0633 -1.15
    endloop
  endfacet
  facet normal -0.80318 -0.595736 0
    outer loop
      vertex 25.9367 83.6584 -1.15
      vertex 25.8695 83.749 1.2
      vertex 25.8695 83.749 -1.15
    endloop
  endfacet
  facet normal -0.80318 -0.595736 0
    outer loop
      vertex 25.8695 83.749 1.2
      vertex 25.9367 83.6584 -1.15
      vertex 25.9367 83.6584 1.2
    endloop
  endfacet
  facet normal -0.857806 -0.513974 0
    outer loop
      vertex 25.9947 83.5616 -1.15
      vertex 25.9367 83.6584 1.2
      vertex 25.9367 83.6584 -1.15
    endloop
  endfacet
  facet normal -0.857806 -0.513974 0
    outer loop
      vertex 25.9367 83.6584 1.2
      vertex 25.9947 83.5616 -1.15
      vertex 25.9947 83.5616 1.2
    endloop
  endfacet
  facet normal -0.513974 -0.857806 0
    outer loop
      vertex 25.5226 84.0337 -1.15
      vertex 25.6194 83.9757 1.2
      vertex 25.5226 84.0337 1.2
    endloop
  endfacet
  facet normal -0.513974 -0.857806 -0
    outer loop
      vertex 25.6194 83.9757 1.2
      vertex 25.5226 84.0337 -1.15
      vertex 25.6194 83.9757 -1.15
    endloop
  endfacet
  facet normal -0.427248 -0.904135 0
    outer loop
      vertex 25.4206 84.0819 -1.15
      vertex 25.5226 84.0337 1.2
      vertex 25.4206 84.0819 1.2
    endloop
  endfacet
  facet normal -0.427248 -0.904135 -0
    outer loop
      vertex 25.5226 84.0337 1.2
      vertex 25.4206 84.0819 -1.15
      vertex 25.5226 84.0337 -1.15
    endloop
  endfacet
  facet normal 0.989246 -0.14626 0
    outer loop
      vertex 23.8361 83.1322 1.2
      vertex 23.8526 83.2438 -1.15
      vertex 23.8526 83.2438 1.2
    endloop
  endfacet
  facet normal 0.989246 -0.14626 0
    outer loop
      vertex 23.8526 83.2438 -1.15
      vertex 23.8361 83.1322 1.2
      vertex 23.8361 83.1322 -1.15
    endloop
  endfacet
  facet normal -0.595312 0.803494 0
    outer loop
      vertex 25.7101 82.1305 -1.15
      vertex 25.6194 82.0633 1.2
      vertex 25.7101 82.1305 1.2
    endloop
  endfacet
  facet normal -0.595312 0.803494 0
    outer loop
      vertex 25.6194 82.0633 1.2
      vertex 25.7101 82.1305 -1.15
      vertex 25.6194 82.0633 -1.15
    endloop
  endfacet
  facet normal -0.989118 -0.147127 0
    outer loop
      vertex 26.125 83.1322 -1.15
      vertex 26.1084 83.2438 1.2
      vertex 26.1084 83.2438 -1.15
    endloop
  endfacet
  facet normal -0.989118 -0.147127 0
    outer loop
      vertex 26.1084 83.2438 1.2
      vertex 26.125 83.1322 -1.15
      vertex 26.125 83.1322 1.2
    endloop
  endfacet
  facet normal 0.337402 -0.941361 0
    outer loop
      vertex 24.5404 84.0819 -1.15
      vertex 24.6467 84.12 1.2
      vertex 24.5404 84.0819 1.2
    endloop
  endfacet
  facet normal 0.337402 -0.941361 0
    outer loop
      vertex 24.6467 84.12 1.2
      vertex 24.5404 84.0819 -1.15
      vertex 24.6467 84.12 -1.15
    endloop
  endfacet
  facet normal -0.903792 -0.427972 0
    outer loop
      vertex 26.043 83.4596 -1.15
      vertex 25.9947 83.5616 1.2
      vertex 25.9947 83.5616 -1.15
    endloop
  endfacet
  facet normal -0.903792 -0.427972 0
    outer loop
      vertex 25.9947 83.5616 1.2
      vertex 26.043 83.4596 -1.15
      vertex 26.043 83.4596 1.2
    endloop
  endfacet
  facet normal 0.97009 0.242744 0
    outer loop
      vertex 23.88 82.6856 1.2
      vertex 23.8526 82.7951 -1.15
      vertex 23.8526 82.7951 1.2
    endloop
  endfacet
  facet normal 0.97009 0.242744 0
    outer loop
      vertex 23.8526 82.7951 -1.15
      vertex 23.88 82.6856 1.2
      vertex 23.88 82.6856 -1.15
    endloop
  endfacet
  facet normal -0.903792 0.427972 0
    outer loop
      vertex 25.9947 82.4774 -1.15
      vertex 26.043 82.5794 1.2
      vertex 26.043 82.5794 -1.15
    endloop
  endfacet
  facet normal -0.903792 0.427972 0
    outer loop
      vertex 26.043 82.5794 1.2
      vertex 25.9947 82.4774 -1.15
      vertex 25.9947 82.4774 1.2
    endloop
  endfacet
  facet normal -0.740822 -0.671702 0
    outer loop
      vertex 25.8695 83.749 -1.15
      vertex 25.7937 83.8326 1.2
      vertex 25.7937 83.8326 -1.15
    endloop
  endfacet
  facet normal -0.740822 -0.671702 0
    outer loop
      vertex 25.7937 83.8326 1.2
      vertex 25.8695 83.749 -1.15
      vertex 25.8695 83.749 1.2
    endloop
  endfacet
  facet normal -0.671702 0.740822 0
    outer loop
      vertex 25.7937 82.2063 -1.15
      vertex 25.7101 82.1305 1.2
      vertex 25.7937 82.2063 1.2
    endloop
  endfacet
  facet normal -0.671702 0.740822 0
    outer loop
      vertex 25.7101 82.1305 1.2
      vertex 25.7937 82.2063 -1.15
      vertex 25.7101 82.1305 -1.15
    endloop
  endfacet
  facet normal -0.740822 0.671702 0
    outer loop
      vertex 25.7937 82.2063 -1.15
      vertex 25.8695 82.2899 1.2
      vertex 25.8695 82.2899 -1.15
    endloop
  endfacet
  facet normal -0.740822 0.671702 0
    outer loop
      vertex 25.8695 82.2899 1.2
      vertex 25.7937 82.2063 -1.15
      vertex 25.7937 82.2063 1.2
    endloop
  endfacet
  facet normal -0.146998 0.989137 0
    outer loop
      vertex 25.2049 81.8916 -1.15
      vertex 25.0932 81.875 1.2
      vertex 25.2049 81.8916 1.2
    endloop
  endfacet
  facet normal -0.146998 0.989137 0
    outer loop
      vertex 25.0932 81.875 1.2
      vertex 25.2049 81.8916 -1.15
      vertex 25.0932 81.875 -1.15
    endloop
  endfacet
  facet normal -0.97009 0.242744 0
    outer loop
      vertex 26.081 82.6856 -1.15
      vertex 26.1084 82.7951 1.2
      vertex 26.1084 82.7951 -1.15
    endloop
  endfacet
  facet normal -0.97009 0.242744 0
    outer loop
      vertex 26.1084 82.7951 1.2
      vertex 26.081 82.6856 -1.15
      vertex 26.081 82.6856 1.2
    endloop
  endfacet
  facet normal -0.0487441 0.998811 0
    outer loop
      vertex 25.0932 81.875 -1.15
      vertex 24.9805 81.8695 1.2
      vertex 25.0932 81.875 1.2
    endloop
  endfacet
  facet normal -0.0487441 0.998811 0
    outer loop
      vertex 24.9805 81.8695 1.2
      vertex 25.0932 81.875 -1.15
      vertex 24.9805 81.8695 -1.15
    endloop
  endfacet
  facet normal 0.802756 -0.596308 0
    outer loop
      vertex 24.0243 83.6584 1.2
      vertex 24.0916 83.749 -1.15
      vertex 24.0916 83.749 1.2
    endloop
  endfacet
  facet normal 0.802756 -0.596308 0
    outer loop
      vertex 24.0916 83.749 -1.15
      vertex 24.0243 83.6584 1.2
      vertex 24.0243 83.6584 -1.15
    endloop
  endfacet
  facet normal 0.671702 -0.740822 0
    outer loop
      vertex 24.1674 83.8326 -1.15
      vertex 24.251 83.9084 1.2
      vertex 24.1674 83.8326 1.2
    endloop
  endfacet
  facet normal 0.671702 -0.740822 0
    outer loop
      vertex 24.251 83.9084 1.2
      vertex 24.1674 83.8326 -1.15
      vertex 24.251 83.9084 -1.15
    endloop
  endfacet
  facet normal -0.242744 0.97009 0
    outer loop
      vertex 25.3144 81.919 -1.15
      vertex 25.2049 81.8916 1.2
      vertex 25.3144 81.919 1.2
    endloop
  endfacet
  facet normal -0.242744 0.97009 0
    outer loop
      vertex 25.2049 81.8916 1.2
      vertex 25.3144 81.919 -1.15
      vertex 25.2049 81.8916 -1.15
    endloop
  endfacet
  facet normal 0.998768 -0.0496282 0
    outer loop
      vertex 23.8305 83.0195 1.2
      vertex 23.8361 83.1322 -1.15
      vertex 23.8361 83.1322 1.2
    endloop
  endfacet
  facet normal 0.998768 -0.0496282 0
    outer loop
      vertex 23.8361 83.1322 -1.15
      vertex 23.8305 83.0195 1.2
      vertex 23.8305 83.0195 -1.15
    endloop
  endfacet
  facet normal -0.146131 -0.989265 0
    outer loop
      vertex 25.0932 84.1639 -1.15
      vertex 25.2049 84.1474 1.2
      vertex 25.0932 84.1639 1.2
    endloop
  endfacet
  facet normal -0.146131 -0.989265 -0
    outer loop
      vertex 25.2049 84.1474 1.2
      vertex 25.0932 84.1639 -1.15
      vertex 25.2049 84.1474 -1.15
    endloop
  endfacet
  facet normal -0.671702 -0.740822 0
    outer loop
      vertex 25.7101 83.9084 -1.15
      vertex 25.7937 83.8326 1.2
      vertex 25.7101 83.9084 1.2
    endloop
  endfacet
  facet normal -0.671702 -0.740822 -0
    outer loop
      vertex 25.7937 83.8326 1.2
      vertex 25.7101 83.9084 -1.15
      vertex 25.7937 83.8326 -1.15
    endloop
  endfacet
  facet normal 0.941361 -0.337402 0
    outer loop
      vertex 23.88 83.3533 1.2
      vertex 23.9181 83.4596 -1.15
      vertex 23.9181 83.4596 1.2
    endloop
  endfacet
  facet normal 0.941361 -0.337402 0
    outer loop
      vertex 23.9181 83.4596 -1.15
      vertex 23.88 83.3533 1.2
      vertex 23.88 83.3533 -1.15
    endloop
  endfacet
  facet normal -0.857806 0.513974 0
    outer loop
      vertex 25.9367 82.3806 -1.15
      vertex 25.9947 82.4774 1.2
      vertex 25.9947 82.4774 -1.15
    endloop
  endfacet
  facet normal -0.857806 0.513974 0
    outer loop
      vertex 25.9947 82.4774 1.2
      vertex 25.9367 82.3806 -1.15
      vertex 25.9367 82.3806 1.2
    endloop
  endfacet
  facet normal 0.904135 -0.427248 0
    outer loop
      vertex 23.9181 83.4596 1.2
      vertex 23.9663 83.5616 -1.15
      vertex 23.9663 83.5616 1.2
    endloop
  endfacet
  facet normal 0.904135 -0.427248 0
    outer loop
      vertex 23.9663 83.5616 -1.15
      vertex 23.9181 83.4596 1.2
      vertex 23.9181 83.4596 -1.15
    endloop
  endfacet
  facet normal -0.941642 -0.336617 0
    outer loop
      vertex 26.081 83.3533 -1.15
      vertex 26.043 83.4596 1.2
      vertex 26.043 83.4596 -1.15
    endloop
  endfacet
  facet normal -0.941642 -0.336617 0
    outer loop
      vertex 26.043 83.4596 1.2
      vertex 26.081 83.3533 -1.15
      vertex 26.081 83.3533 1.2
    endloop
  endfacet
  facet normal 0.97009 -0.242744 0
    outer loop
      vertex 23.8526 83.2438 1.2
      vertex 23.88 83.3533 -1.15
      vertex 23.88 83.3533 1.2
    endloop
  endfacet
  facet normal 0.97009 -0.242744 0
    outer loop
      vertex 23.88 83.3533 -1.15
      vertex 23.8526 83.2438 1.2
      vertex 23.8526 83.2438 -1.15
    endloop
  endfacet
  facet normal -0.998811 0.0487441 0
    outer loop
      vertex 26.125 82.9068 -1.15
      vertex 26.1305 83.0195 1.2
      vertex 26.1305 83.0195 -1.15
    endloop
  endfacet
  facet normal -0.998811 0.0487441 0
    outer loop
      vertex 26.1305 83.0195 1.2
      vertex 26.125 82.9068 -1.15
      vertex 26.125 82.9068 1.2
    endloop
  endfacet
  facet normal 0.998768 0.0496282 0
    outer loop
      vertex 23.8361 82.9068 1.2
      vertex 23.8305 83.0195 -1.15
      vertex 23.8305 83.0195 1.2
    endloop
  endfacet
  facet normal 0.998768 0.0496282 0
    outer loop
      vertex 23.8305 83.0195 -1.15
      vertex 23.8361 82.9068 1.2
      vertex 23.8361 82.9068 -1.15
    endloop
  endfacet
  facet normal 0.989265 0.146131 0
    outer loop
      vertex 23.8526 82.7951 1.2
      vertex 23.8361 82.9068 -1.15
      vertex 23.8361 82.9068 1.2
    endloop
  endfacet
  facet normal 0.989265 0.146131 0
    outer loop
      vertex 23.8361 82.9068 -1.15
      vertex 23.8526 82.7951 1.2
      vertex 23.8526 82.7951 -1.15
    endloop
  endfacet
  facet normal 0.513974 -0.857806 0
    outer loop
      vertex 24.3416 83.9757 -1.15
      vertex 24.4384 84.0337 1.2
      vertex 24.3416 83.9757 1.2
    endloop
  endfacet
  facet normal 0.513974 -0.857806 0
    outer loop
      vertex 24.4384 84.0337 1.2
      vertex 24.3416 83.9757 -1.15
      vertex 24.4384 84.0337 -1.15
    endloop
  endfacet
  facet normal 0.242744 0.97009 -0
    outer loop
      vertex 24.7562 81.8916 -1.15
      vertex 24.6467 81.919 1.2
      vertex 24.7562 81.8916 1.2
    endloop
  endfacet
  facet normal 0.242744 0.97009 0
    outer loop
      vertex 24.6467 81.919 1.2
      vertex 24.7562 81.8916 -1.15
      vertex 24.6467 81.919 -1.15
    endloop
  endfacet
  facet normal 0.857806 -0.513974 0
    outer loop
      vertex 23.9663 83.5616 1.2
      vertex 24.0243 83.6584 -1.15
      vertex 24.0243 83.6584 1.2
    endloop
  endfacet
  facet normal 0.857806 -0.513974 0
    outer loop
      vertex 24.0243 83.6584 -1.15
      vertex 23.9663 83.5616 1.2
      vertex 23.9663 83.5616 -1.15
    endloop
  endfacet
  facet normal 0.336617 0.941642 -0
    outer loop
      vertex 24.6467 81.919 -1.15
      vertex 24.5404 81.957 1.2
      vertex 24.6467 81.919 1.2
    endloop
  endfacet
  facet normal 0.336617 0.941642 0
    outer loop
      vertex 24.5404 81.957 1.2
      vertex 24.6467 81.919 -1.15
      vertex 24.5404 81.957 -1.15
    endloop
  endfacet
  facet normal -0.513974 0.857806 0
    outer loop
      vertex 25.6194 82.0633 -1.15
      vertex 25.5226 82.0053 1.2
      vertex 25.6194 82.0633 1.2
    endloop
  endfacet
  facet normal -0.513974 0.857806 0
    outer loop
      vertex 25.5226 82.0053 1.2
      vertex 25.6194 82.0633 -1.15
      vertex 25.5226 82.0053 -1.15
    endloop
  endfacet
  facet normal -0.803494 0.595312 0
    outer loop
      vertex 25.8695 82.2899 -1.15
      vertex 25.9367 82.3806 1.2
      vertex 25.9367 82.3806 -1.15
    endloop
  endfacet
  facet normal -0.803494 0.595312 0
    outer loop
      vertex 25.9367 82.3806 1.2
      vertex 25.8695 82.2899 -1.15
      vertex 25.8695 82.2899 1.2
    endloop
  endfacet
  facet normal 0.0487441 0.998811 -0
    outer loop
      vertex 24.9805 81.8695 -1.15
      vertex 24.8678 81.875 1.2
      vertex 24.9805 81.8695 1.2
    endloop
  endfacet
  facet normal 0.0487441 0.998811 0
    outer loop
      vertex 24.8678 81.875 1.2
      vertex 24.9805 81.8695 -1.15
      vertex 24.8678 81.875 -1.15
    endloop
  endfacet
  facet normal -0.595884 -0.803071 0
    outer loop
      vertex 25.6194 83.9757 -1.15
      vertex 25.7101 83.9084 1.2
      vertex 25.6194 83.9757 1.2
    endloop
  endfacet
  facet normal -0.595884 -0.803071 -0
    outer loop
      vertex 25.7101 83.9084 1.2
      vertex 25.6194 83.9757 -1.15
      vertex 25.7101 83.9084 -1.15
    endloop
  endfacet
  facet normal 0.242744 -0.97009 0
    outer loop
      vertex 24.6467 84.12 -1.15
      vertex 24.7562 84.1474 1.2
      vertex 24.6467 84.12 1.2
    endloop
  endfacet
  facet normal 0.242744 -0.97009 0
    outer loop
      vertex 24.7562 84.1474 1.2
      vertex 24.6467 84.12 -1.15
      vertex 24.7562 84.1474 -1.15
    endloop
  endfacet
  facet normal 0.740822 0.671702 0
    outer loop
      vertex 24.1674 82.2063 1.2
      vertex 24.0916 82.2899 -1.15
      vertex 24.0916 82.2899 1.2
    endloop
  endfacet
  facet normal 0.740822 0.671702 0
    outer loop
      vertex 24.0916 82.2899 -1.15
      vertex 24.1674 82.2063 1.2
      vertex 24.1674 82.2063 -1.15
    endloop
  endfacet
  facet normal 0.671702 0.740822 -0
    outer loop
      vertex 24.251 82.1305 -1.15
      vertex 24.1674 82.2063 1.2
      vertex 24.251 82.1305 1.2
    endloop
  endfacet
  facet normal 0.671702 0.740822 0
    outer loop
      vertex 24.1674 82.2063 1.2
      vertex 24.251 82.1305 -1.15
      vertex 24.1674 82.2063 -1.15
    endloop
  endfacet
  facet normal -0.0496282 -0.998768 0
    outer loop
      vertex 24.9805 84.1695 -1.15
      vertex 25.0932 84.1639 1.2
      vertex 24.9805 84.1695 1.2
    endloop
  endfacet
  facet normal -0.0496282 -0.998768 -0
    outer loop
      vertex 25.0932 84.1639 1.2
      vertex 24.9805 84.1695 -1.15
      vertex 25.0932 84.1639 -1.15
    endloop
  endfacet
  facet normal 0.595736 0.80318 -0
    outer loop
      vertex 24.3416 82.0633 -1.15
      vertex 24.251 82.1305 1.2
      vertex 24.3416 82.0633 1.2
    endloop
  endfacet
  facet normal 0.595736 0.80318 0
    outer loop
      vertex 24.251 82.1305 1.2
      vertex 24.3416 82.0633 -1.15
      vertex 24.251 82.1305 -1.15
    endloop
  endfacet
  facet normal 0.14626 -0.989246 0
    outer loop
      vertex 24.7562 84.1474 -1.15
      vertex 24.8678 84.1639 1.2
      vertex 24.7562 84.1474 1.2
    endloop
  endfacet
  facet normal 0.14626 -0.989246 0
    outer loop
      vertex 24.8678 84.1639 1.2
      vertex 24.7562 84.1474 -1.15
      vertex 24.8678 84.1639 -1.15
    endloop
  endfacet
  facet normal -0.941541 0.336898 0
    outer loop
      vertex 26.043 82.5794 -1.15
      vertex 26.081 82.6856 1.2
      vertex 26.081 82.6856 -1.15
    endloop
  endfacet
  facet normal -0.941541 0.336898 0
    outer loop
      vertex 26.081 82.6856 1.2
      vertex 26.043 82.5794 -1.15
      vertex 26.043 82.5794 1.2
    endloop
  endfacet
  facet normal -0.427972 0.903792 0
    outer loop
      vertex 25.5226 82.0053 -1.15
      vertex 25.4206 81.957 1.2
      vertex 25.5226 82.0053 1.2
    endloop
  endfacet
  facet normal -0.427972 0.903792 0
    outer loop
      vertex 25.4206 81.957 1.2
      vertex 25.5226 82.0053 -1.15
      vertex 25.4206 81.957 -1.15
    endloop
  endfacet
  facet normal -0.337684 -0.94126 0
    outer loop
      vertex 25.3144 84.12 -1.15
      vertex 25.4206 84.0819 1.2
      vertex 25.3144 84.12 1.2
    endloop
  endfacet
  facet normal -0.337684 -0.94126 -0
    outer loop
      vertex 25.4206 84.0819 1.2
      vertex 25.3144 84.12 -1.15
      vertex 25.4206 84.0819 -1.15
    endloop
  endfacet
  facet normal 0.427248 -0.904135 0
    outer loop
      vertex 24.4384 84.0337 -1.15
      vertex 24.5404 84.0819 1.2
      vertex 24.4384 84.0337 1.2
    endloop
  endfacet
  facet normal 0.427248 -0.904135 0
    outer loop
      vertex 24.5404 84.0819 1.2
      vertex 24.4384 84.0337 -1.15
      vertex 24.5404 84.0819 -1.15
    endloop
  endfacet
  facet normal 0.803071 0.595884 0
    outer loop
      vertex 24.0916 82.2899 1.2
      vertex 24.0243 82.3806 -1.15
      vertex 24.0243 82.3806 1.2
    endloop
  endfacet
  facet normal 0.803071 0.595884 0
    outer loop
      vertex 24.0243 82.3806 -1.15
      vertex 24.0916 82.2899 1.2
      vertex 24.0916 82.2899 -1.15
    endloop
  endfacet
  facet normal 0.857806 0.513974 0
    outer loop
      vertex 24.0243 82.3806 1.2
      vertex 23.9663 82.4774 -1.15
      vertex 23.9663 82.4774 1.2
    endloop
  endfacet
  facet normal 0.857806 0.513974 0
    outer loop
      vertex 23.9663 82.4774 -1.15
      vertex 24.0243 82.3806 1.2
      vertex 24.0243 82.3806 -1.15
    endloop
  endfacet
  facet normal -0.242744 -0.97009 0
    outer loop
      vertex 25.2049 84.1474 -1.15
      vertex 25.3144 84.12 1.2
      vertex 25.2049 84.1474 1.2
    endloop
  endfacet
  facet normal -0.242744 -0.97009 -0
    outer loop
      vertex 25.3144 84.12 1.2
      vertex 25.2049 84.1474 -1.15
      vertex 25.3144 84.12 -1.15
    endloop
  endfacet
  facet normal 0.740822 -0.671702 0
    outer loop
      vertex 24.0916 83.749 1.2
      vertex 24.1674 83.8326 -1.15
      vertex 24.1674 83.8326 1.2
    endloop
  endfacet
  facet normal 0.740822 -0.671702 0
    outer loop
      vertex 24.1674 83.8326 -1.15
      vertex 24.0916 83.749 1.2
      vertex 24.0916 83.749 -1.15
    endloop
  endfacet
  facet normal 0.147127 0.989118 -0
    outer loop
      vertex 24.8678 81.875 -1.15
      vertex 24.7562 81.8916 1.2
      vertex 24.8678 81.875 1.2
    endloop
  endfacet
  facet normal 0.147127 0.989118 0
    outer loop
      vertex 24.7562 81.8916 1.2
      vertex 24.8678 81.875 -1.15
      vertex 24.7562 81.8916 -1.15
    endloop
  endfacet
  facet normal 0.427972 0.903792 -0
    outer loop
      vertex 24.5404 81.957 -1.15
      vertex 24.4384 82.0053 1.2
      vertex 24.5404 81.957 1.2
    endloop
  endfacet
  facet normal 0.427972 0.903792 0
    outer loop
      vertex 24.4384 82.0053 1.2
      vertex 24.5404 81.957 -1.15
      vertex 24.4384 82.0053 -1.15
    endloop
  endfacet
  facet normal 0.904135 0.427248 0
    outer loop
      vertex 23.9663 82.4774 1.2
      vertex 23.9181 82.5794 -1.15
      vertex 23.9181 82.5794 1.2
    endloop
  endfacet
  facet normal 0.904135 0.427248 0
    outer loop
      vertex 23.9181 82.5794 -1.15
      vertex 23.9663 82.4774 1.2
      vertex 23.9663 82.4774 -1.15
    endloop
  endfacet
  facet normal -0.746913 -0.036451 0.663922
    outer loop
      vertex 26.1305 25.9805 1.2
      vertex 26.841 25.993 2
      vertex 26.125 26.0932 1.2
    endloop
  endfacet
  facet normal -0.746934 -0.0358528 0.663931
    outer loop
      vertex 26.841 25.993 2
      vertex 26.1305 25.9805 1.2
      vertex 26.8416 25.9805 2
    endloop
  endfacet
  facet normal 0.739759 0.109373 0.663923
    outer loop
      vertex 23.1533 25.6298 2
      vertex 23.8526 25.7562 1.2
      vertex 23.8361 25.8678 1.2
    endloop
  endfacet
  facet normal 0.739124 0.113253 0.66398
    outer loop
      vertex 23.8526 25.7562 1.2
      vertex 23.1533 25.6298 2
      vertex 23.1552 25.6174 2
    endloop
  endfacet
  facet normal -0.72531 -0.181987 0.663932
    outer loop
      vertex 26.8059 26.3436 2
      vertex 26.7645 26.5086 2
      vertex 26.1084 26.2049 1.2
    endloop
  endfacet
  facet normal 0.739742 0.109445 0.66393
    outer loop
      vertex 23.1533 25.6298 2
      vertex 23.8361 25.8678 1.2
      vertex 23.1284 25.7981 2
    endloop
  endfacet
  facet normal 0.384359 0.641482 0.663904
    outer loop
      vertex 24.3416 25.0243 1.2
      vertex 23.9573 24.4266 2
      vertex 24.4384 24.9663 1.2
    endloop
  endfacet
  facet normal 0.385611 0.640707 0.663926
    outer loop
      vertex 23.9573 24.4266 2
      vertex 24.3416 25.0243 1.2
      vertex 23.9465 24.4331 2
    endloop
  endfacet
  facet normal -0.553964 0.502278 0.663958
    outer loop
      vertex 25.7937 25.1674 1.2
      vertex 26.305 24.6738 2
      vertex 25.8695 25.251 1.2
    endloop
  endfacet
  facet normal -0.551932 0.504454 0.664001
    outer loop
      vertex 26.305 24.6738 2
      vertex 25.7937 25.1674 1.2
      vertex 26.2965 24.6645 2
    endloop
  endfacet
  facet normal -0.109445 0.739742 0.66393
    outer loop
      vertex 25.1629 24.1284 2
      vertex 25.3312 24.1533 2
      vertex 25.0932 24.8361 1.2
    endloop
  endfacet
  facet normal -0.641482 0.384359 0.663904
    outer loop
      vertex 25.9367 25.3416 1.2
      vertex 26.5344 24.9573 2
      vertex 25.9947 25.4384 1.2
    endloop
  endfacet
  facet normal -0.643388 0.381267 0.663843
    outer loop
      vertex 26.5344 24.9573 2
      vertex 25.9367 25.3416 1.2
      vertex 26.528 24.9465 2
    endloop
  endfacet
  facet normal -0.725455 0.181529 0.663899
    outer loop
      vertex 26.081 25.6467 1.2
      vertex 26.7645 25.4524 2
      vertex 26.1084 25.7562 1.2
    endloop
  endfacet
  facet normal -0.725868 0.179967 0.663873
    outer loop
      vertex 26.7645 25.4524 2
      vertex 26.081 25.6467 1.2
      vertex 26.7615 25.4403 2
    endloop
  endfacet
  facet normal -0.113254 0.739131 0.663973
    outer loop
      vertex 25.2049 24.8526 1.2
      vertex 25.3312 24.1533 2
      vertex 25.3436 24.1552 2
    endloop
  endfacet
  facet normal -0.109278 0.739781 0.663914
    outer loop
      vertex 25.3312 24.1533 2
      vertex 25.2049 24.8526 1.2
      vertex 25.0932 24.8361 1.2
    endloop
  endfacet
  facet normal -0.251987 0.704067 0.663922
    outer loop
      vertex 25.5326 24.2038 2
      vertex 25.6927 24.2611 2
      vertex 25.4206 24.9181 1.2
    endloop
  endfacet
  facet normal 0.181984 -0.725299 0.663945
    outer loop
      vertex 24.7562 27.1084 1.2
      vertex 24.6174 27.8059 2
      vertex 24.4524 27.7645 2
    endloop
  endfacet
  facet normal 0.445451 0.600677 0.663898
    outer loop
      vertex 23.9465 24.4331 2
      vertex 24.3416 25.0243 1.2
      vertex 23.8099 24.5344 2
    endloop
  endfacet
  facet normal -0.181999 0.72536 0.663874
    outer loop
      vertex 25.3558 24.1582 2
      vertex 25.5208 24.1996 2
      vertex 25.3144 24.88 1.2
    endloop
  endfacet
  facet normal -0.726244 -0.178584 0.663836
    outer loop
      vertex 26.081 26.3144 1.2
      vertex 26.7645 26.5086 2
      vertex 26.7615 26.5208 2
    endloop
  endfacet
  facet normal -0.725466 -0.181532 0.663887
    outer loop
      vertex 26.7645 26.5086 2
      vertex 26.081 26.3144 1.2
      vertex 26.1084 26.2049 1.2
    endloop
  endfacet
  facet normal 0.250766 -0.704533 0.66389
    outer loop
      vertex 24.5404 27.043 1.2
      vertex 24.2801 27.7042 2
      vertex 24.2683 27.7 2
    endloop
  endfacet
  facet normal 0.251728 -0.704175 0.663906
    outer loop
      vertex 24.2801 27.7042 2
      vertex 24.5404 27.043 1.2
      vertex 24.6467 27.081 1.2
    endloop
  endfacet
  facet normal 0.674686 -0.322416 0.663962
    outer loop
      vertex 23.3338 26.8465 2
      vertex 23.9663 26.5226 1.2
      vertex 23.3392 26.8578 2
    endloop
  endfacet
  facet normal 0.67612 -0.3195 0.663914
    outer loop
      vertex 23.9663 26.5226 1.2
      vertex 23.3338 26.8465 2
      vertex 23.9181 26.4206 1.2
    endloop
  endfacet
  facet normal -0.725299 0.181984 0.663945
    outer loop
      vertex 26.7645 25.4524 2
      vertex 26.8059 25.6174 2
      vertex 26.1084 25.7562 1.2
    endloop
  endfacet
  facet normal -0.502188 0.554078 0.663932
    outer loop
      vertex 26.1705 24.5503 2
      vertex 26.2965 24.6645 2
      vertex 25.7937 25.1674 1.2
    endloop
  endfacet
  facet normal -0.0364885 -0.746914 0.663918
    outer loop
      vertex 25.0932 27.125 1.2
      vertex 25.1629 27.8327 2
      vertex 24.993 27.841 2
    endloop
  endfacet
  facet normal -0.445451 0.600677 0.663898
    outer loop
      vertex 26.0145 24.4331 2
      vertex 26.1511 24.5344 2
      vertex 25.6194 25.0243 1.2
    endloop
  endfacet
  facet normal -0.0369276 0.746905 0.663905
    outer loop
      vertex 25.1504 24.1278 2
      vertex 24.9805 24.8305 1.2
      vertex 24.9805 24.1194 2
    endloop
  endfacet
  facet normal 0.036451 -0.746913 0.663922
    outer loop
      vertex 24.9805 27.1305 1.2
      vertex 24.968 27.841 2
      vertex 24.8678 27.125 1.2
    endloop
  endfacet
  facet normal 0.0358528 -0.746934 0.663931
    outer loop
      vertex 24.968 27.841 2
      vertex 24.9805 27.1305 1.2
      vertex 24.9805 27.8416 2
    endloop
  endfacet
  facet normal -0.739688 -0.109876 0.663919
    outer loop
      vertex 26.8327 26.1629 2
      vertex 26.8077 26.3312 2
      vertex 26.125 26.0932 1.2
    endloop
  endfacet
  facet normal -0.600647 0.445429 0.66394
    outer loop
      vertex 26.4267 24.8099 2
      vertex 26.528 24.9465 2
      vertex 25.9367 25.3416 1.2
    endloop
  endfacet
  facet normal -0.641497 -0.384283 0.663934
    outer loop
      vertex 26.6154 26.8686 2
      vertex 26.528 27.0145 2
      vertex 25.9367 26.6194 1.2
    endloop
  endfacet
  facet normal -0.704073 -0.251989 0.663915
    outer loop
      vertex 26.7615 26.5208 2
      vertex 26.7042 26.6809 2
      vertex 26.081 26.3144 1.2
    endloop
  endfacet
  facet normal -0.504475 -0.551955 0.663966
    outer loop
      vertex 26.2872 27.305 2
      vertex 25.7937 26.7937 1.2
      vertex 26.2965 27.2965 2
    endloop
  endfacet
  facet normal -0.502299 -0.553987 0.663923
    outer loop
      vertex 25.7937 26.7937 1.2
      vertex 26.2872 27.305 2
      vertex 25.7101 26.8695 1.2
    endloop
  endfacet
  facet normal 0.445429 -0.600647 0.66394
    outer loop
      vertex 24.3416 26.9367 1.2
      vertex 23.9465 27.528 2
      vertex 23.8099 27.4267 2
    endloop
  endfacet
  facet normal 0.704067 -0.251987 0.663922
    outer loop
      vertex 23.9181 26.4206 1.2
      vertex 23.2611 26.6927 2
      vertex 23.2038 26.5326 2
    endloop
  endfacet
  facet normal -0.704533 -0.250766 0.66389
    outer loop
      vertex 26.043 26.4206 1.2
      vertex 26.7042 26.6809 2
      vertex 26.7 26.6927 2
    endloop
  endfacet
  facet normal -0.704097 -0.251937 0.66391
    outer loop
      vertex 26.7042 26.6809 2
      vertex 26.043 26.4206 1.2
      vertex 26.081 26.3144 1.2
    endloop
  endfacet
  facet normal 0.641482 0.384359 0.663904
    outer loop
      vertex 23.4266 24.9573 2
      vertex 24.0243 25.3416 1.2
      vertex 23.9663 25.4384 1.2
    endloop
  endfacet
  facet normal 0.640707 0.385611 0.663926
    outer loop
      vertex 24.0243 25.3416 1.2
      vertex 23.4266 24.9573 2
      vertex 23.4331 24.9465 2
    endloop
  endfacet
  facet normal -0.746914 0.0364885 0.663918
    outer loop
      vertex 26.8327 25.7981 2
      vertex 26.841 25.968 2
      vertex 26.125 25.8678 1.2
    endloop
  endfacet
  facet normal -0.739688 0.109876 0.663919
    outer loop
      vertex 26.8077 25.6298 2
      vertex 26.8327 25.7981 2
      vertex 26.125 25.8678 1.2
    endloop
  endfacet
  facet normal 0.181528 0.725449 0.663906
    outer loop
      vertex 24.6467 24.88 1.2
      vertex 24.6174 24.1552 2
      vertex 24.7562 24.8526 1.2
    endloop
  endfacet
  facet normal 0.179925 0.725697 0.664071
    outer loop
      vertex 24.6174 24.1552 2
      vertex 24.6467 24.88 1.2
      vertex 24.6053 24.1582 2
    endloop
  endfacet
  facet normal 0.10743 -0.740073 0.66389
    outer loop
      vertex 24.7562 27.1084 1.2
      vertex 24.6298 27.8077 2
      vertex 24.6174 27.8059 2
    endloop
  endfacet
  facet normal 0.11002 -0.739654 0.663933
    outer loop
      vertex 24.6298 27.8077 2
      vertex 24.7562 27.1084 1.2
      vertex 24.8678 27.125 1.2
    endloop
  endfacet
  facet normal -0.74008 -0.107431 0.663883
    outer loop
      vertex 26.1084 26.2049 1.2
      vertex 26.8077 26.3312 2
      vertex 26.8059 26.3436 2
    endloop
  endfacet
  facet normal -0.739676 -0.109925 0.663924
    outer loop
      vertex 26.8077 26.3312 2
      vertex 26.1084 26.2049 1.2
      vertex 26.125 26.0932 1.2
    endloop
  endfacet
  facet normal 0.72536 -0.181999 0.663874
    outer loop
      vertex 23.88 26.3144 1.2
      vertex 23.1996 26.5208 2
      vertex 23.1582 26.3558 2
    endloop
  endfacet
  facet normal -0.109876 -0.739688 0.663919
    outer loop
      vertex 25.3312 27.8077 2
      vertex 25.1629 27.8327 2
      vertex 25.0932 27.125 1.2
    endloop
  endfacet
  facet normal 0.600677 0.445451 0.663898
    outer loop
      vertex 23.5344 24.8099 2
      vertex 24.0243 25.3416 1.2
      vertex 23.4331 24.9465 2
    endloop
  endfacet
  facet normal 0.746959 -0.035854 0.663903
    outer loop
      vertex 23.1278 26.1504 2
      vertex 23.8361 26.0932 1.2
      vertex 23.1284 26.1629 2
    endloop
  endfacet
  facet normal 0.74688 -0.0371121 0.663922
    outer loop
      vertex 23.8361 26.0932 1.2
      vertex 23.1278 26.1504 2
      vertex 23.8305 25.9805 1.2
    endloop
  endfacet
  facet normal 0.676076 0.319575 0.663923
    outer loop
      vertex 23.3338 25.1145 2
      vertex 23.9181 25.5404 1.2
      vertex 23.2611 25.2683 2
    endloop
  endfacet
  facet normal -0.746914 -0.0364885 0.663918
    outer loop
      vertex 26.841 25.993 2
      vertex 26.8327 26.1629 2
      vertex 26.125 26.0932 1.2
    endloop
  endfacet
  facet normal -0.675981 -0.319739 0.66394
    outer loop
      vertex 26.6946 26.7041 2
      vertex 26.6219 26.8578 2
      vertex 25.9947 26.5226 1.2
    endloop
  endfacet
  facet normal 0.0364885 -0.746914 0.663918
    outer loop
      vertex 24.8678 27.125 1.2
      vertex 24.968 27.841 2
      vertex 24.7981 27.8327 2
    endloop
  endfacet
  facet normal 0.676076 -0.319575 0.663923
    outer loop
      vertex 23.9181 26.4206 1.2
      vertex 23.3338 26.8465 2
      vertex 23.2611 26.6927 2
    endloop
  endfacet
  facet normal -0.675867 0.320043 0.66391
    outer loop
      vertex 25.9947 25.4384 1.2
      vertex 26.7 25.2683 2
      vertex 26.043 25.5404 1.2
    endloop
  endfacet
  facet normal -0.67495 0.322542 0.663633
    outer loop
      vertex 26.7 25.2683 2
      vertex 25.9947 25.4384 1.2
      vertex 26.6946 25.257 2
    endloop
  endfacet
  facet normal 0.55399 -0.502302 0.663918
    outer loop
      vertex 23.5503 27.1705 2
      vertex 24.0916 26.7101 1.2
      vertex 24.1674 26.7937 1.2
    endloop
  endfacet
  facet normal 0.554934 -0.50123 0.66394
    outer loop
      vertex 24.0916 26.7101 1.2
      vertex 23.5503 27.1705 2
      vertex 23.5419 27.1612 2
    endloop
  endfacet
  facet normal 0.3195 0.67612 0.663914
    outer loop
      vertex 24.4384 24.9663 1.2
      vertex 24.1145 24.3338 2
      vertex 24.5404 24.9181 1.2
    endloop
  endfacet
  facet normal 0.322416 0.674686 0.663962
    outer loop
      vertex 24.1145 24.3338 2
      vertex 24.4384 24.9663 1.2
      vertex 24.1032 24.3392 2
    endloop
  endfacet
  facet normal 0.384359 -0.641482 0.663904
    outer loop
      vertex 23.9573 27.5344 2
      vertex 24.3416 26.9367 1.2
      vertex 24.4384 26.9947 1.2
    endloop
  endfacet
  facet normal 0.381267 -0.643388 0.663843
    outer loop
      vertex 24.3416 26.9367 1.2
      vertex 23.9573 27.5344 2
      vertex 23.9465 27.528 2
    endloop
  endfacet
  facet normal -0.676065 0.319571 0.663935
    outer loop
      vertex 26.6219 25.1032 2
      vertex 26.6946 25.257 2
      vertex 25.9947 25.4384 1.2
    endloop
  endfacet
  facet normal 0.109445 0.739742 0.66393
    outer loop
      vertex 24.7981 24.1284 2
      vertex 24.8678 24.8361 1.2
      vertex 24.6298 24.1533 2
    endloop
  endfacet
  facet normal -0.320043 -0.675867 0.66391
    outer loop
      vertex 25.5226 26.9947 1.2
      vertex 25.6927 27.7 2
      vertex 25.4206 27.043 1.2
    endloop
  endfacet
  facet normal -0.320132 -0.675834 0.6639
    outer loop
      vertex 25.6927 27.7 2
      vertex 25.5226 26.9947 1.2
      vertex 25.7041 27.6946 2
    endloop
  endfacet
  facet normal -0.178506 0.725926 0.664204
    outer loop
      vertex 25.3144 24.88 1.2
      vertex 25.3436 24.1552 2
      vertex 25.3558 24.1582 2
    endloop
  endfacet
  facet normal -0.181531 0.72546 0.663893
    outer loop
      vertex 25.3436 24.1552 2
      vertex 25.3144 24.88 1.2
      vertex 25.2049 24.8526 1.2
    endloop
  endfacet
  facet normal 0.501952 0.554257 0.66396
    outer loop
      vertex 23.7906 24.5503 2
      vertex 24.1674 25.1674 1.2
      vertex 23.6645 24.6645 2
    endloop
  endfacet
  facet normal 0.746905 -0.0369276 0.663905
    outer loop
      vertex 23.8305 25.9805 1.2
      vertex 23.1278 26.1504 2
      vertex 23.1194 25.9805 2
    endloop
  endfacet
  facet normal 0.319571 -0.676065 0.663935
    outer loop
      vertex 24.4384 26.9947 1.2
      vertex 24.257 27.6946 2
      vertex 24.1032 27.6219 2
    endloop
  endfacet
  facet normal -0.319575 0.676076 0.663923
    outer loop
      vertex 25.6927 24.2611 2
      vertex 25.8465 24.3338 2
      vertex 25.4206 24.9181 1.2
    endloop
  endfacet
  facet normal 0.554078 -0.502188 0.663932
    outer loop
      vertex 24.1674 26.7937 1.2
      vertex 23.6645 27.2965 2
      vertex 23.5503 27.1705 2
    endloop
  endfacet
  facet normal -0.739654 0.11002 0.663933
    outer loop
      vertex 26.1084 25.7562 1.2
      vertex 26.8077 25.6298 2
      vertex 26.125 25.8678 1.2
    endloop
  endfacet
  facet normal -0.740073 0.10743 0.66389
    outer loop
      vertex 26.8077 25.6298 2
      vertex 26.1084 25.7562 1.2
      vertex 26.8059 25.6174 2
    endloop
  endfacet
  facet normal -0.675834 -0.320132 0.6639
    outer loop
      vertex 25.9947 26.5226 1.2
      vertex 26.7 26.6927 2
      vertex 26.6946 26.7041 2
    endloop
  endfacet
  facet normal -0.675867 -0.320043 0.66391
    outer loop
      vertex 26.7 26.6927 2
      vertex 25.9947 26.5226 1.2
      vertex 26.043 26.4206 1.2
    endloop
  endfacet
  facet normal 0.64133 -0.384622 0.663898
    outer loop
      vertex 24.0243 26.6194 1.2
      vertex 23.4331 27.0145 2
      vertex 23.3456 26.8686 2
    endloop
  endfacet
  facet normal -0.322416 0.674686 0.663962
    outer loop
      vertex 25.5226 24.9663 1.2
      vertex 25.8465 24.3338 2
      vertex 25.8578 24.3392 2
    endloop
  endfacet
  facet normal -0.3195 0.67612 0.663914
    outer loop
      vertex 25.8465 24.3338 2
      vertex 25.5226 24.9663 1.2
      vertex 25.4206 24.9181 1.2
    endloop
  endfacet
  facet normal 0.181999 0.72536 0.663874
    outer loop
      vertex 24.6053 24.1582 2
      vertex 24.6467 24.88 1.2
      vertex 24.4403 24.1996 2
    endloop
  endfacet
  facet normal -0.641304 0.384607 0.663933
    outer loop
      vertex 26.5344 24.9573 2
      vertex 26.6219 25.1032 2
      vertex 25.9947 25.4384 1.2
    endloop
  endfacet
  facet normal -0.554092 -0.502201 0.663909
    outer loop
      vertex 26.4192 27.1612 2
      vertex 26.305 27.2872 2
      vertex 25.8695 26.7101 1.2
    endloop
  endfacet
  facet normal 0.319575 0.676076 0.663923
    outer loop
      vertex 24.2683 24.2611 2
      vertex 24.5404 24.9181 1.2
      vertex 24.1145 24.3338 2
    endloop
  endfacet
  facet normal 0.554257 0.501952 0.66396
    outer loop
      vertex 23.6645 24.6645 2
      vertex 24.1674 25.1674 1.2
      vertex 23.5503 24.7906 2
    endloop
  endfacet
  facet normal -0.502302 0.55399 0.663918
    outer loop
      vertex 25.7101 25.0916 1.2
      vertex 26.1705 24.5503 2
      vertex 25.7937 25.1674 1.2
    endloop
  endfacet
  facet normal -0.50123 0.554934 0.66394
    outer loop
      vertex 26.1705 24.5503 2
      vertex 25.7101 25.0916 1.2
      vertex 26.1612 24.5419 2
    endloop
  endfacet
  facet normal 0.109876 -0.739688 0.663919
    outer loop
      vertex 24.8678 27.125 1.2
      vertex 24.7981 27.8327 2
      vertex 24.6298 27.8077 2
    endloop
  endfacet
  facet normal 0.322542 -0.67495 0.663633
    outer loop
      vertex 24.4384 26.9947 1.2
      vertex 24.2683 27.7 2
      vertex 24.257 27.6946 2
    endloop
  endfacet
  facet normal 0.320043 -0.675867 0.66391
    outer loop
      vertex 24.2683 27.7 2
      vertex 24.4384 26.9947 1.2
      vertex 24.5404 27.043 1.2
    endloop
  endfacet
  facet normal -0.251937 -0.704097 0.66391
    outer loop
      vertex 25.4206 27.043 1.2
      vertex 25.6809 27.7042 2
      vertex 25.3144 27.081 1.2
    endloop
  endfacet
  facet normal -0.250766 -0.704533 0.66389
    outer loop
      vertex 25.6809 27.7042 2
      vertex 25.4206 27.043 1.2
      vertex 25.6927 27.7 2
    endloop
  endfacet
  facet normal -0.600647 -0.445429 0.66394
    outer loop
      vertex 26.528 27.0145 2
      vertex 26.4267 27.1511 2
      vertex 25.9367 26.6194 1.2
    endloop
  endfacet
  facet normal -0.746934 0.0358528 0.663931
    outer loop
      vertex 26.1305 25.9805 1.2
      vertex 26.841 25.968 2
      vertex 26.8416 25.9805 2
    endloop
  endfacet
  facet normal -0.746913 0.036451 0.663922
    outer loop
      vertex 26.841 25.968 2
      vertex 26.1305 25.9805 1.2
      vertex 26.125 25.8678 1.2
    endloop
  endfacet
  facet normal 0.746905 0.0369276 0.663905
    outer loop
      vertex 23.1278 25.8106 2
      vertex 23.8305 25.9805 1.2
      vertex 23.1194 25.9805 2
    endloop
  endfacet
  facet normal 0.739131 -0.113254 0.663973
    outer loop
      vertex 23.1533 26.3312 2
      vertex 23.8526 26.2049 1.2
      vertex 23.1552 26.3436 2
    endloop
  endfacet
  facet normal 0.739781 -0.109278 0.663914
    outer loop
      vertex 23.8526 26.2049 1.2
      vertex 23.1533 26.3312 2
      vertex 23.8361 26.0932 1.2
    endloop
  endfacet
  facet normal 0.739742 -0.109445 0.66393
    outer loop
      vertex 23.8361 26.0932 1.2
      vertex 23.1533 26.3312 2
      vertex 23.1284 26.1629 2
    endloop
  endfacet
  facet normal 0.704403 -0.25072 0.664045
    outer loop
      vertex 23.1996 26.5208 2
      vertex 23.9181 26.4206 1.2
      vertex 23.2038 26.5326 2
    endloop
  endfacet
  facet normal 0.703934 -0.252541 0.663852
    outer loop
      vertex 23.9181 26.4206 1.2
      vertex 23.1996 26.5208 2
      vertex 23.88 26.3144 1.2
    endloop
  endfacet
  facet normal 0.725926 -0.178506 0.664204
    outer loop
      vertex 23.1552 26.3436 2
      vertex 23.88 26.3144 1.2
      vertex 23.1582 26.3558 2
    endloop
  endfacet
  facet normal 0.72546 -0.181531 0.663893
    outer loop
      vertex 23.88 26.3144 1.2
      vertex 23.1552 26.3436 2
      vertex 23.8526 26.2049 1.2
    endloop
  endfacet
  facet normal -0.181987 -0.72531 0.663932
    outer loop
      vertex 25.5086 27.7645 2
      vertex 25.3436 27.8059 2
      vertex 25.2049 27.1084 1.2
    endloop
  endfacet
  facet normal -0.600602 0.44548 0.663946
    outer loop
      vertex 25.8695 25.251 1.2
      vertex 26.4267 24.8099 2
      vertex 25.9367 25.3416 1.2
    endloop
  endfacet
  facet normal -0.600353 0.445807 0.663952
    outer loop
      vertex 26.4267 24.8099 2
      vertex 25.8695 25.251 1.2
      vertex 26.4192 24.7998 2
    endloop
  endfacet
  facet normal 0.72536 0.181999 0.663874
    outer loop
      vertex 23.1996 25.4403 2
      vertex 23.88 25.6467 1.2
      vertex 23.1582 25.6053 2
    endloop
  endfacet
  facet normal 0.70412 0.251848 0.663918
    outer loop
      vertex 23.2611 25.2683 2
      vertex 23.9181 25.5404 1.2
      vertex 23.2038 25.4285 2
    endloop
  endfacet
  facet normal -0.035854 0.746959 0.663903
    outer loop
      vertex 25.0932 24.8361 1.2
      vertex 25.1504 24.1278 2
      vertex 25.1629 24.1284 2
    endloop
  endfacet
  facet normal -0.0371121 0.74688 0.663922
    outer loop
      vertex 25.1504 24.1278 2
      vertex 25.0932 24.8361 1.2
      vertex 24.9805 24.8305 1.2
    endloop
  endfacet
  facet normal -0.25072 0.704403 0.664045
    outer loop
      vertex 25.4206 24.9181 1.2
      vertex 25.5208 24.1996 2
      vertex 25.5326 24.2038 2
    endloop
  endfacet
  facet normal -0.252541 0.703934 0.663852
    outer loop
      vertex 25.5208 24.1996 2
      vertex 25.4206 24.9181 1.2
      vertex 25.3144 24.88 1.2
    endloop
  endfacet
  facet normal -0.445823 0.600375 0.663921
    outer loop
      vertex 25.7101 25.0916 1.2
      vertex 26.1511 24.5344 2
      vertex 26.1612 24.5419 2
    endloop
  endfacet
  facet normal -0.445606 0.600541 0.663917
    outer loop
      vertex 26.1511 24.5344 2
      vertex 25.7101 25.0916 1.2
      vertex 25.6194 25.0243 1.2
    endloop
  endfacet
  facet normal 0.502278 -0.553964 0.663958
    outer loop
      vertex 23.6738 27.305 2
      vertex 24.1674 26.7937 1.2
      vertex 24.251 26.8695 1.2
    endloop
  endfacet
  facet normal 0.504454 -0.551932 0.664001
    outer loop
      vertex 24.1674 26.7937 1.2
      vertex 23.6738 27.305 2
      vertex 23.6645 27.2965 2
    endloop
  endfacet
  facet normal 0.67612 0.3195 0.663914
    outer loop
      vertex 23.3338 25.1145 2
      vertex 23.9663 25.4384 1.2
      vertex 23.9181 25.5404 1.2
    endloop
  endfacet
  facet normal 0.674686 0.322416 0.663962
    outer loop
      vertex 23.9663 25.4384 1.2
      vertex 23.3338 25.1145 2
      vertex 23.3392 25.1032 2
    endloop
  endfacet
  facet normal 0.384607 -0.641304 0.663933
    outer loop
      vertex 24.4384 26.9947 1.2
      vertex 24.1032 27.6219 2
      vertex 23.9573 27.5344 2
    endloop
  endfacet
  facet normal 0.0369276 0.746905 0.663905
    outer loop
      vertex 24.9805 24.1194 2
      vertex 24.9805 24.8305 1.2
      vertex 24.8106 24.1278 2
    endloop
  endfacet
  facet normal 0.704005 0.252329 0.663857
    outer loop
      vertex 23.1996 25.4403 2
      vertex 23.9181 25.5404 1.2
      vertex 23.88 25.6467 1.2
    endloop
  endfacet
  facet normal 0.704418 0.250725 0.664027
    outer loop
      vertex 23.9181 25.5404 1.2
      vertex 23.1996 25.4403 2
      vertex 23.2038 25.4285 2
    endloop
  endfacet
  facet normal -0.70412 0.251848 0.663919
    outer loop
      vertex 26.7042 25.2801 2
      vertex 26.7615 25.4403 2
      vertex 26.081 25.6467 1.2
    endloop
  endfacet
  facet normal 0.0371121 0.74688 0.663922
    outer loop
      vertex 24.8678 24.8361 1.2
      vertex 24.8106 24.1278 2
      vertex 24.9805 24.8305 1.2
    endloop
  endfacet
  facet normal 0.035854 0.746959 0.663903
    outer loop
      vertex 24.8106 24.1278 2
      vertex 24.8678 24.8361 1.2
      vertex 24.7981 24.1284 2
    endloop
  endfacet
  facet normal -0.0358528 -0.746934 0.663931
    outer loop
      vertex 24.9805 27.1305 1.2
      vertex 24.993 27.841 2
      vertex 24.9805 27.8416 2
    endloop
  endfacet
  facet normal -0.036451 -0.746913 0.663922
    outer loop
      vertex 24.993 27.841 2
      vertex 24.9805 27.1305 1.2
      vertex 25.0932 27.125 1.2
    endloop
  endfacet
  facet normal 0.74688 0.0371121 0.663922
    outer loop
      vertex 23.1278 25.8106 2
      vertex 23.8361 25.8678 1.2
      vertex 23.8305 25.9805 1.2
    endloop
  endfacet
  facet normal 0.746959 0.035854 0.663903
    outer loop
      vertex 23.8361 25.8678 1.2
      vertex 23.1278 25.8106 2
      vertex 23.1284 25.7981 2
    endloop
  endfacet
  facet normal -0.704175 0.251728 0.663906
    outer loop
      vertex 26.043 25.5404 1.2
      vertex 26.7042 25.2801 2
      vertex 26.081 25.6467 1.2
    endloop
  endfacet
  facet normal -0.704533 0.250766 0.66389
    outer loop
      vertex 26.7042 25.2801 2
      vertex 26.043 25.5404 1.2
      vertex 26.7 25.2683 2
    endloop
  endfacet
  facet normal 0.55399 0.502302 0.663918
    outer loop
      vertex 24.0916 25.251 1.2
      vertex 23.5503 24.7906 2
      vertex 24.1674 25.1674 1.2
    endloop
  endfacet
  facet normal 0.552271 0.504248 0.663875
    outer loop
      vertex 23.5503 24.7906 2
      vertex 24.0916 25.251 1.2
      vertex 23.5419 24.7998 2
    endloop
  endfacet
  facet normal -0.109925 -0.739676 0.663924
    outer loop
      vertex 25.2049 27.1084 1.2
      vertex 25.3312 27.8077 2
      vertex 25.0932 27.125 1.2
    endloop
  endfacet
  facet normal -0.107431 -0.74008 0.663883
    outer loop
      vertex 25.3312 27.8077 2
      vertex 25.2049 27.1084 1.2
      vertex 25.3436 27.8059 2
    endloop
  endfacet
  facet normal -0.551955 -0.504475 0.663966
    outer loop
      vertex 25.7937 26.7937 1.2
      vertex 26.305 27.2872 2
      vertex 26.2965 27.2965 2
    endloop
  endfacet
  facet normal -0.553987 -0.502299 0.663923
    outer loop
      vertex 26.305 27.2872 2
      vertex 25.7937 26.7937 1.2
      vertex 25.8695 26.7101 1.2
    endloop
  endfacet
  facet normal -0.384622 0.64133 0.663898
    outer loop
      vertex 25.8686 24.3456 2
      vertex 26.0145 24.4331 2
      vertex 25.6194 25.0243 1.2
    endloop
  endfacet
  facet normal -0.384283 -0.641497 0.663934
    outer loop
      vertex 26.0145 27.528 2
      vertex 25.8686 27.6154 2
      vertex 25.6194 26.9367 1.2
    endloop
  endfacet
  facet normal -0.554069 0.50218 0.663944
    outer loop
      vertex 26.305 24.6738 2
      vertex 26.4192 24.7998 2
      vertex 25.8695 25.251 1.2
    endloop
  endfacet
  facet normal 0.50218 -0.554069 0.663944
    outer loop
      vertex 24.251 26.8695 1.2
      vertex 23.7998 27.4192 2
      vertex 23.6738 27.305 2
    endloop
  endfacet
  facet normal -0.502201 -0.554092 0.663909
    outer loop
      vertex 26.2872 27.305 2
      vertex 26.1612 27.4192 2
      vertex 25.7101 26.8695 1.2
    endloop
  endfacet
  facet normal 0.641465 -0.384349 0.663927
    outer loop
      vertex 23.3456 26.8686 2
      vertex 23.9663 26.5226 1.2
      vertex 24.0243 26.6194 1.2
    endloop
  endfacet
  facet normal 0.643284 -0.381205 0.663979
    outer loop
      vertex 23.9663 26.5226 1.2
      vertex 23.3456 26.8686 2
      vertex 23.3392 26.8578 2
    endloop
  endfacet
  facet normal 0.109373 0.739759 0.663923
    outer loop
      vertex 24.7562 24.8526 1.2
      vertex 24.6298 24.1533 2
      vertex 24.8678 24.8361 1.2
    endloop
  endfacet
  facet normal 0.113253 0.739124 0.66398
    outer loop
      vertex 24.6298 24.1533 2
      vertex 24.7562 24.8526 1.2
      vertex 24.6174 24.1552 2
    endloop
  endfacet
  facet normal 0.641525 0.3843 0.663897
    outer loop
      vertex 23.4266 24.9573 2
      vertex 23.9663 25.4384 1.2
      vertex 23.3392 25.1032 2
    endloop
  endfacet
  facet normal 0.600677 -0.445451 0.663898
    outer loop
      vertex 24.0243 26.6194 1.2
      vertex 23.5344 27.1511 2
      vertex 23.4331 27.0145 2
    endloop
  endfacet
  facet normal -0.445429 -0.600647 0.66394
    outer loop
      vertex 26.1511 27.4267 2
      vertex 26.0145 27.528 2
      vertex 25.6194 26.9367 1.2
    endloop
  endfacet
  facet normal 0.44548 -0.600602 0.663946
    outer loop
      vertex 23.8099 27.4267 2
      vertex 24.251 26.8695 1.2
      vertex 24.3416 26.9367 1.2
    endloop
  endfacet
  facet normal 0.445807 -0.600353 0.663952
    outer loop
      vertex 24.251 26.8695 1.2
      vertex 23.8099 27.4267 2
      vertex 23.7998 27.4192 2
    endloop
  endfacet
  facet normal 0.251848 0.70412 0.663918
    outer loop
      vertex 24.4285 24.2038 2
      vertex 24.5404 24.9181 1.2
      vertex 24.2683 24.2611 2
    endloop
  endfacet
  facet normal 0.252329 0.704005 0.663857
    outer loop
      vertex 24.5404 24.9181 1.2
      vertex 24.4403 24.1996 2
      vertex 24.6467 24.88 1.2
    endloop
  endfacet
  facet normal 0.250725 0.704418 0.664027
    outer loop
      vertex 24.4403 24.1996 2
      vertex 24.5404 24.9181 1.2
      vertex 24.4285 24.2038 2
    endloop
  endfacet
  facet normal 0.3843 0.641525 0.663897
    outer loop
      vertex 24.1032 24.3392 2
      vertex 24.4384 24.9663 1.2
      vertex 23.9573 24.4266 2
    endloop
  endfacet
  facet normal -0.319739 -0.675981 0.66394
    outer loop
      vertex 25.8578 27.6219 2
      vertex 25.7041 27.6946 2
      vertex 25.5226 26.9947 1.2
    endloop
  endfacet
  facet normal -0.640725 -0.385621 0.663904
    outer loop
      vertex 26.6154 26.8686 2
      vertex 25.9947 26.5226 1.2
      vertex 26.6219 26.8578 2
    endloop
  endfacet
  facet normal -0.641465 -0.384349 0.663927
    outer loop
      vertex 25.9947 26.5226 1.2
      vertex 26.6154 26.8686 2
      vertex 25.9367 26.6194 1.2
    endloop
  endfacet
  facet normal -0.600375 -0.445823 0.663921
    outer loop
      vertex 25.8695 26.7101 1.2
      vertex 26.4267 27.1511 2
      vertex 26.4192 27.1612 2
    endloop
  endfacet
  facet normal -0.600864 -0.445183 0.663909
    outer loop
      vertex 26.4267 27.1511 2
      vertex 25.8695 26.7101 1.2
      vertex 25.9367 26.6194 1.2
    endloop
  endfacet
  facet normal -0.384349 0.641465 0.663927
    outer loop
      vertex 25.5226 24.9663 1.2
      vertex 25.8686 24.3456 2
      vertex 25.6194 25.0243 1.2
    endloop
  endfacet
  facet normal -0.381205 0.643284 0.663979
    outer loop
      vertex 25.8686 24.3456 2
      vertex 25.5226 24.9663 1.2
      vertex 25.8578 24.3392 2
    endloop
  endfacet
  facet normal -0.181532 -0.725466 0.663887
    outer loop
      vertex 25.3144 27.081 1.2
      vertex 25.5086 27.7645 2
      vertex 25.2049 27.1084 1.2
    endloop
  endfacet
  facet normal -0.178584 -0.726244 0.663836
    outer loop
      vertex 25.5086 27.7645 2
      vertex 25.3144 27.081 1.2
      vertex 25.5208 27.7615 2
    endloop
  endfacet
  facet normal -0.251989 -0.704073 0.663915
    outer loop
      vertex 25.6809 27.7042 2
      vertex 25.5208 27.7615 2
      vertex 25.3144 27.081 1.2
    endloop
  endfacet
  facet normal 0.725449 0.181528 0.663906
    outer loop
      vertex 23.1552 25.6174 2
      vertex 23.88 25.6467 1.2
      vertex 23.8526 25.7562 1.2
    endloop
  endfacet
  facet normal 0.725697 0.179925 0.664071
    outer loop
      vertex 23.88 25.6467 1.2
      vertex 23.1552 25.6174 2
      vertex 23.1582 25.6053 2
    endloop
  endfacet
  facet normal 0.600375 -0.445823 0.663921
    outer loop
      vertex 23.5344 27.1511 2
      vertex 24.0916 26.7101 1.2
      vertex 23.5419 27.1612 2
    endloop
  endfacet
  facet normal 0.600541 -0.445606 0.663917
    outer loop
      vertex 24.0916 26.7101 1.2
      vertex 23.5344 27.1511 2
      vertex 24.0243 26.6194 1.2
    endloop
  endfacet
  facet normal 0.445903 0.600279 0.663954
    outer loop
      vertex 24.251 25.0916 1.2
      vertex 23.8099 24.5344 2
      vertex 24.3416 25.0243 1.2
    endloop
  endfacet
  facet normal 0.445807 0.600353 0.663952
    outer loop
      vertex 23.8099 24.5344 2
      vertex 24.251 25.0916 1.2
      vertex 23.7998 24.5419 2
    endloop
  endfacet
  facet normal 0.600279 0.445903 0.663954
    outer loop
      vertex 23.5344 24.8099 2
      vertex 24.0916 25.251 1.2
      vertex 24.0243 25.3416 1.2
    endloop
  endfacet
  facet normal 0.600353 0.445807 0.663952
    outer loop
      vertex 24.0916 25.251 1.2
      vertex 23.5344 24.8099 2
      vertex 23.5419 24.7998 2
    endloop
  endfacet
  facet normal 0.502302 0.55399 0.663918
    outer loop
      vertex 23.7906 24.5503 2
      vertex 24.251 25.0916 1.2
      vertex 24.1674 25.1674 1.2
    endloop
  endfacet
  facet normal 0.504248 0.552271 0.663875
    outer loop
      vertex 24.251 25.0916 1.2
      vertex 23.7906 24.5503 2
      vertex 23.7998 24.5419 2
    endloop
  endfacet
  facet normal 0.251848 -0.70412 0.663919
    outer loop
      vertex 24.6467 27.081 1.2
      vertex 24.4403 27.7615 2
      vertex 24.2801 27.7042 2
    endloop
  endfacet
  facet normal 0.179967 -0.725868 0.663873
    outer loop
      vertex 24.6467 27.081 1.2
      vertex 24.4524 27.7645 2
      vertex 24.4403 27.7615 2
    endloop
  endfacet
  facet normal 0.181529 -0.725455 0.663899
    outer loop
      vertex 24.4524 27.7645 2
      vertex 24.6467 27.081 1.2
      vertex 24.7562 27.1084 1.2
    endloop
  endfacet
  facet normal -0.445823 -0.600375 0.663921
    outer loop
      vertex 26.1511 27.4267 2
      vertex 25.7101 26.8695 1.2
      vertex 26.1612 27.4192 2
    endloop
  endfacet
  facet normal -0.445183 -0.600864 0.663909
    outer loop
      vertex 25.7101 26.8695 1.2
      vertex 26.1511 27.4267 2
      vertex 25.6194 26.9367 1.2
    endloop
  endfacet
  facet normal -0.385621 -0.640725 0.663904
    outer loop
      vertex 25.5226 26.9947 1.2
      vertex 25.8686 27.6154 2
      vertex 25.8578 27.6219 2
    endloop
  endfacet
  facet normal -0.384349 -0.641465 0.663927
    outer loop
      vertex 25.8686 27.6154 2
      vertex 25.5226 26.9947 1.2
      vertex 25.6194 26.9367 1.2
    endloop
  endfacet
  facet normal -0.74689 -0.0371125 0.663911
    outer loop
      vertex 83.2665 25.9805 1.2
      vertex 83.977 25.993 2
      vertex 83.2609 26.0932 1.2
    endloop
  endfacet
  facet normal -0.746934 -0.0358528 0.663931
    outer loop
      vertex 83.977 25.993 2
      vertex 83.2665 25.9805 1.2
      vertex 83.9776 25.9805 2
    endloop
  endfacet
  facet normal 0.181987 -0.72531 0.663932
    outer loop
      vertex 81.8921 27.1084 1.2
      vertex 81.7534 27.8059 2
      vertex 81.5884 27.7645 2
    endloop
  endfacet
  facet normal 0.252541 0.703934 0.663852
    outer loop
      vertex 81.6764 24.9181 1.2
      vertex 81.5762 24.1996 2
      vertex 81.7826 24.88 1.2
    endloop
  endfacet
  facet normal 0.25072 0.704403 0.664045
    outer loop
      vertex 81.5762 24.1996 2
      vertex 81.6764 24.9181 1.2
      vertex 81.5644 24.2038 2
    endloop
  endfacet
  facet normal -0.109445 0.739742 0.66393
    outer loop
      vertex 82.2989 24.1284 2
      vertex 82.4672 24.1533 2
      vertex 82.2292 24.8361 1.2
    endloop
  endfacet
  facet normal -0.70412 0.251848 0.663918
    outer loop
      vertex 83.8359 25.2683 2
      vertex 83.8932 25.4285 2
      vertex 83.1789 25.5404 1.2
    endloop
  endfacet
  facet normal 0.554069 0.50218 0.663944
    outer loop
      vertex 80.792 24.6738 2
      vertex 81.2275 25.251 1.2
      vertex 80.6778 24.7998 2
    endloop
  endfacet
  facet normal -0.035854 0.746959 0.663903
    outer loop
      vertex 82.2292 24.8361 1.2
      vertex 82.2864 24.1278 2
      vertex 82.2989 24.1284 2
    endloop
  endfacet
  facet normal -0.0371121 0.74688 0.663922
    outer loop
      vertex 82.2864 24.1278 2
      vertex 82.2292 24.8361 1.2
      vertex 82.1165 24.8305 1.2
    endloop
  endfacet
  facet normal -0.674686 -0.322416 0.663962
    outer loop
      vertex 83.1307 26.5226 1.2
      vertex 83.7632 26.8465 2
      vertex 83.7578 26.8578 2
    endloop
  endfacet
  facet normal -0.67612 -0.3195 0.663914
    outer loop
      vertex 83.7632 26.8465 2
      vertex 83.1307 26.5226 1.2
      vertex 83.1789 26.4206 1.2
    endloop
  endfacet
  facet normal -0.554069 0.50218 0.663944
    outer loop
      vertex 83.4409 24.6738 2
      vertex 83.5551 24.7998 2
      vertex 83.0054 25.251 1.2
    endloop
  endfacet
  facet normal -0.502302 0.55399 0.663918
    outer loop
      vertex 82.846 25.0916 1.2
      vertex 83.3064 24.5503 2
      vertex 82.9296 25.1674 1.2
    endloop
  endfacet
  facet normal -0.50123 0.554934 0.66394
    outer loop
      vertex 83.3064 24.5503 2
      vertex 82.846 25.0916 1.2
      vertex 83.2971 24.5419 2
    endloop
  endfacet
  facet normal -0.320043 -0.675867 0.66391
    outer loop
      vertex 82.6586 26.9947 1.2
      vertex 82.8287 27.7 2
      vertex 82.5566 27.043 1.2
    endloop
  endfacet
  facet normal -0.322542 -0.67495 0.663633
    outer loop
      vertex 82.8287 27.7 2
      vertex 82.6586 26.9947 1.2
      vertex 82.84 27.6946 2
    endloop
  endfacet
  facet normal -0.251848 0.70412 0.663918
    outer loop
      vertex 82.6685 24.2038 2
      vertex 82.8287 24.2611 2
      vertex 82.5566 24.9181 1.2
    endloop
  endfacet
  facet normal 0.445451 0.600677 0.663898
    outer loop
      vertex 81.0825 24.4331 2
      vertex 81.4776 25.0243 1.2
      vertex 80.9459 24.5344 2
    endloop
  endfacet
  facet normal 0.746934 -0.0358528 0.663931
    outer loop
      vertex 80.9665 25.9805 1.2
      vertex 80.256 25.993 2
      vertex 80.2554 25.9805 2
    endloop
  endfacet
  facet normal 0.746913 -0.036451 0.663922
    outer loop
      vertex 80.256 25.993 2
      vertex 80.9665 25.9805 1.2
      vertex 80.972 26.0932 1.2
    endloop
  endfacet
  facet normal 0.600647 -0.445429 0.66394
    outer loop
      vertex 81.1603 26.6194 1.2
      vertex 80.6703 27.1511 2
      vertex 80.569 27.0145 2
    endloop
  endfacet
  facet normal 0.739654 0.11002 0.663933
    outer loop
      vertex 80.2893 25.6298 2
      vertex 80.9886 25.7562 1.2
      vertex 80.972 25.8678 1.2
    endloop
  endfacet
  facet normal 0.740073 0.10743 0.66389
    outer loop
      vertex 80.9886 25.7562 1.2
      vertex 80.2893 25.6298 2
      vertex 80.2911 25.6174 2
    endloop
  endfacet
  facet normal 0.725455 0.181529 0.663899
    outer loop
      vertex 80.3325 25.4524 2
      vertex 81.016 25.6467 1.2
      vertex 80.9886 25.7562 1.2
    endloop
  endfacet
  facet normal 0.725868 0.179967 0.663873
    outer loop
      vertex 81.016 25.6467 1.2
      vertex 80.3325 25.4524 2
      vertex 80.3355 25.4403 2
    endloop
  endfacet
  facet normal 0.502299 -0.553987 0.663923
    outer loop
      vertex 80.8098 27.305 2
      vertex 81.3033 26.7937 1.2
      vertex 81.3869 26.8695 1.2
    endloop
  endfacet
  facet normal 0.504475 -0.551955 0.663966
    outer loop
      vertex 81.3033 26.7937 1.2
      vertex 80.8098 27.305 2
      vertex 80.8005 27.2965 2
    endloop
  endfacet
  facet normal 0.641465 -0.384349 0.663927
    outer loop
      vertex 80.4816 26.8686 2
      vertex 81.1023 26.5226 1.2
      vertex 81.1603 26.6194 1.2
    endloop
  endfacet
  facet normal 0.640725 -0.385621 0.663904
    outer loop
      vertex 81.1023 26.5226 1.2
      vertex 80.4816 26.8686 2
      vertex 80.4751 26.8578 2
    endloop
  endfacet
  facet normal -0.445451 0.600677 0.663898
    outer loop
      vertex 83.1505 24.4331 2
      vertex 83.2871 24.5344 2
      vertex 82.7554 25.0243 1.2
    endloop
  endfacet
  facet normal 0.384359 0.641482 0.663904
    outer loop
      vertex 81.4776 25.0243 1.2
      vertex 81.0933 24.4266 2
      vertex 81.5744 24.9663 1.2
    endloop
  endfacet
  facet normal 0.385611 0.640707 0.663926
    outer loop
      vertex 81.0933 24.4266 2
      vertex 81.4776 25.0243 1.2
      vertex 81.0825 24.4331 2
    endloop
  endfacet
  facet normal 0.600375 -0.445823 0.663921
    outer loop
      vertex 80.6703 27.1511 2
      vertex 81.2275 26.7101 1.2
      vertex 80.6778 27.1612 2
    endloop
  endfacet
  facet normal 0.600864 -0.445183 0.663909
    outer loop
      vertex 81.2275 26.7101 1.2
      vertex 80.6703 27.1511 2
      vertex 81.1603 26.6194 1.2
    endloop
  endfacet
  facet normal 0.109445 0.739742 0.66393
    outer loop
      vertex 81.9341 24.1284 2
      vertex 82.0038 24.8361 1.2
      vertex 81.7658 24.1533 2
    endloop
  endfacet
  facet normal -0.739742 -0.109445 0.66393
    outer loop
      vertex 83.9686 26.1629 2
      vertex 83.9437 26.3312 2
      vertex 83.2609 26.0932 1.2
    endloop
  endfacet
  facet normal 0.553964 0.502278 0.663958
    outer loop
      vertex 80.792 24.6738 2
      vertex 81.3033 25.1674 1.2
      vertex 81.2275 25.251 1.2
    endloop
  endfacet
  facet normal 0.551932 0.504454 0.664001
    outer loop
      vertex 81.3033 25.1674 1.2
      vertex 80.792 24.6738 2
      vertex 80.8005 24.6645 2
    endloop
  endfacet
  facet normal -0.725438 0.181579 0.663904
    outer loop
      vertex 83.9005 25.4524 2
      vertex 83.9418 25.6174 2
      vertex 83.2444 25.7562 1.2
    endloop
  endfacet
  facet normal -0.553964 0.502278 0.663958
    outer loop
      vertex 82.9296 25.1674 1.2
      vertex 83.4409 24.6738 2
      vertex 83.0054 25.251 1.2
    endloop
  endfacet
  facet normal -0.554937 0.501233 0.663935
    outer loop
      vertex 83.4409 24.6738 2
      vertex 82.9296 25.1674 1.2
      vertex 83.4325 24.6645 2
    endloop
  endfacet
  facet normal -0.3843 0.641525 0.663897
    outer loop
      vertex 82.9938 24.3392 2
      vertex 83.1397 24.4266 2
      vertex 82.6586 24.9663 1.2
    endloop
  endfacet
  facet normal -0.319571 -0.676065 0.663935
    outer loop
      vertex 82.9938 27.6219 2
      vertex 82.84 27.6946 2
      vertex 82.6586 26.9947 1.2
    endloop
  endfacet
  facet normal 0.445429 -0.600647 0.66394
    outer loop
      vertex 81.4776 26.9367 1.2
      vertex 81.0825 27.528 2
      vertex 80.9459 27.4267 2
    endloop
  endfacet
  facet normal 0.72531 -0.181987 0.663932
    outer loop
      vertex 80.9886 26.2049 1.2
      vertex 80.3325 26.5086 2
      vertex 80.2911 26.3436 2
    endloop
  endfacet
  facet normal -0.448638 -0.598184 0.664003
    outer loop
      vertex 83.2871 27.4267 2
      vertex 82.846 26.8695 1.2
      vertex 83.2971 27.4192 2
    endloop
  endfacet
  facet normal -0.44548 -0.600602 0.663946
    outer loop
      vertex 82.846 26.8695 1.2
      vertex 83.2871 27.4267 2
      vertex 82.7554 26.9367 1.2
    endloop
  endfacet
  facet normal 0.251987 0.704067 0.663922
    outer loop
      vertex 81.5644 24.2038 2
      vertex 81.6764 24.9181 1.2
      vertex 81.4043 24.2611 2
    endloop
  endfacet
  facet normal -0.113253 0.739124 0.66398
    outer loop
      vertex 82.3408 24.8526 1.2
      vertex 82.4672 24.1533 2
      vertex 82.4796 24.1552 2
    endloop
  endfacet
  facet normal -0.109373 0.739759 0.663923
    outer loop
      vertex 82.4672 24.1533 2
      vertex 82.3408 24.8526 1.2
      vertex 82.2292 24.8361 1.2
    endloop
  endfacet
  facet normal -0.676076 -0.319575 0.663923
    outer loop
      vertex 83.8359 26.6927 2
      vertex 83.7632 26.8465 2
      vertex 83.1789 26.4206 1.2
    endloop
  endfacet
  facet normal 0.746934 0.0358528 0.663931
    outer loop
      vertex 80.256 25.968 2
      vertex 80.9665 25.9805 1.2
      vertex 80.2554 25.9805 2
    endloop
  endfacet
  facet normal 0.746913 0.036451 0.663922
    outer loop
      vertex 80.9665 25.9805 1.2
      vertex 80.256 25.968 2
      vertex 80.972 25.8678 1.2
    endloop
  endfacet
  facet normal -0.250725 0.704418 0.664027
    outer loop
      vertex 82.5566 24.9181 1.2
      vertex 82.6567 24.1996 2
      vertex 82.6685 24.2038 2
    endloop
  endfacet
  facet normal -0.252329 0.704005 0.663857
    outer loop
      vertex 82.6567 24.1996 2
      vertex 82.5566 24.9181 1.2
      vertex 82.4503 24.88 1.2
    endloop
  endfacet
  facet normal -0.725455 0.181529 0.663899
    outer loop
      vertex 83.217 25.6467 1.2
      vertex 83.9005 25.4524 2
      vertex 83.2444 25.7562 1.2
    endloop
  endfacet
  facet normal -0.724373 0.185583 0.66396
    outer loop
      vertex 83.9005 25.4524 2
      vertex 83.217 25.6467 1.2
      vertex 83.8974 25.4403 2
    endloop
  endfacet
  facet normal 0.0371121 0.74688 0.663922
    outer loop
      vertex 82.0038 24.8361 1.2
      vertex 81.9466 24.1278 2
      vertex 82.1165 24.8305 1.2
    endloop
  endfacet
  facet normal 0.035854 0.746959 0.663903
    outer loop
      vertex 81.9466 24.1278 2
      vertex 82.0038 24.8361 1.2
      vertex 81.9341 24.1284 2
    endloop
  endfacet
  facet normal 0.181531 0.72546 0.663893
    outer loop
      vertex 81.7826 24.88 1.2
      vertex 81.7534 24.1552 2
      vertex 81.8921 24.8526 1.2
    endloop
  endfacet
  facet normal 0.178506 0.725926 0.664204
    outer loop
      vertex 81.7534 24.1552 2
      vertex 81.7826 24.88 1.2
      vertex 81.7412 24.1582 2
    endloop
  endfacet
  facet normal -0.0369276 0.746905 0.663905
    outer loop
      vertex 82.2864 24.1278 2
      vertex 82.1165 24.8305 1.2
      vertex 82.1165 24.1194 2
    endloop
  endfacet
  facet normal -0.384607 -0.641304 0.663933
    outer loop
      vertex 83.1397 27.5344 2
      vertex 82.9938 27.6219 2
      vertex 82.6586 26.9947 1.2
    endloop
  endfacet
  facet normal 0.109876 -0.739688 0.663919
    outer loop
      vertex 82.0038 27.125 1.2
      vertex 81.9341 27.8327 2
      vertex 81.7658 27.8077 2
    endloop
  endfacet
  facet normal -0.64133 -0.384622 0.663898
    outer loop
      vertex 83.7514 26.8686 2
      vertex 83.6639 27.0145 2
      vertex 83.0727 26.6194 1.2
    endloop
  endfacet
  facet normal -0.746883 -0.0369265 0.663929
    outer loop
      vertex 83.977 25.993 2
      vertex 83.9686 26.1629 2
      vertex 83.2609 26.0932 1.2
    endloop
  endfacet
  facet normal -0.746934 0.0358528 0.663931
    outer loop
      vertex 83.2665 25.9805 1.2
      vertex 83.977 25.968 2
      vertex 83.9776 25.9805 2
    endloop
  endfacet
  facet normal -0.74689 0.0371125 0.663911
    outer loop
      vertex 83.977 25.968 2
      vertex 83.2665 25.9805 1.2
      vertex 83.2609 25.8678 1.2
    endloop
  endfacet
  facet normal -0.739742 0.109445 0.66393
    outer loop
      vertex 83.9437 25.6298 2
      vertex 83.9686 25.7981 2
      vertex 83.2609 25.8678 1.2
    endloop
  endfacet
  facet normal -0.704403 -0.25072 0.664045
    outer loop
      vertex 83.1789 26.4206 1.2
      vertex 83.8974 26.5208 2
      vertex 83.8932 26.5326 2
    endloop
  endfacet
  facet normal -0.703934 -0.252541 0.663852
    outer loop
      vertex 83.8974 26.5208 2
      vertex 83.1789 26.4206 1.2
      vertex 83.217 26.3144 1.2
    endloop
  endfacet
  facet normal 0.3843 0.641525 0.663897
    outer loop
      vertex 81.2392 24.3392 2
      vertex 81.5744 24.9663 1.2
      vertex 81.0933 24.4266 2
    endloop
  endfacet
  facet normal -0.504454 -0.551932 0.664001
    outer loop
      vertex 83.4232 27.305 2
      vertex 82.9296 26.7937 1.2
      vertex 83.4325 27.2965 2
    endloop
  endfacet
  facet normal -0.502278 -0.553964 0.663958
    outer loop
      vertex 82.9296 26.7937 1.2
      vertex 83.4232 27.305 2
      vertex 82.846 26.8695 1.2
    endloop
  endfacet
  facet normal 0.251989 -0.704073 0.663915
    outer loop
      vertex 81.7826 27.081 1.2
      vertex 81.5762 27.7615 2
      vertex 81.4161 27.7042 2
    endloop
  endfacet
  facet normal -0.641525 0.3843 0.663897
    outer loop
      vertex 83.6704 24.9573 2
      vertex 83.7578 25.1032 2
      vertex 83.1307 25.4384 1.2
    endloop
  endfacet
  facet normal 0.107431 -0.74008 0.663883
    outer loop
      vertex 81.8921 27.1084 1.2
      vertex 81.7658 27.8077 2
      vertex 81.7534 27.8059 2
    endloop
  endfacet
  facet normal 0.109925 -0.739676 0.663924
    outer loop
      vertex 81.7658 27.8077 2
      vertex 81.8921 27.1084 1.2
      vertex 82.0038 27.125 1.2
    endloop
  endfacet
  facet normal -0.319575 0.676076 0.663923
    outer loop
      vertex 82.8287 24.2611 2
      vertex 82.9825 24.3338 2
      vertex 82.5566 24.9181 1.2
    endloop
  endfacet
  facet normal -0.724766 -0.184162 0.663927
    outer loop
      vertex 83.217 26.3144 1.2
      vertex 83.9005 26.5086 2
      vertex 83.8974 26.5208 2
    endloop
  endfacet
  facet normal -0.725466 -0.181532 0.663887
    outer loop
      vertex 83.9005 26.5086 2
      vertex 83.217 26.3144 1.2
      vertex 83.2444 26.2049 1.2
    endloop
  endfacet
  facet normal 0.600647 0.445429 0.66394
    outer loop
      vertex 80.6703 24.8099 2
      vertex 81.1603 25.3416 1.2
      vertex 80.569 24.9465 2
    endloop
  endfacet
  facet normal -0.600677 0.445451 0.663898
    outer loop
      vertex 83.5626 24.8099 2
      vertex 83.6639 24.9465 2
      vertex 83.0727 25.3416 1.2
    endloop
  endfacet
  facet normal 0.319739 -0.675981 0.66394
    outer loop
      vertex 81.5744 26.9947 1.2
      vertex 81.3929 27.6946 2
      vertex 81.2392 27.6219 2
    endloop
  endfacet
  facet normal 0.704067 -0.251987 0.663922
    outer loop
      vertex 81.054 26.4206 1.2
      vertex 80.397 26.6927 2
      vertex 80.3397 26.5326 2
    endloop
  endfacet
  facet normal 0.319575 0.676076 0.663923
    outer loop
      vertex 81.4043 24.2611 2
      vertex 81.6764 24.9181 1.2
      vertex 81.2505 24.3338 2
    endloop
  endfacet
  facet normal 0.502302 0.55399 0.663918
    outer loop
      vertex 80.9265 24.5503 2
      vertex 81.3869 25.0916 1.2
      vertex 81.3033 25.1674 1.2
    endloop
  endfacet
  facet normal 0.50123 0.554934 0.66394
    outer loop
      vertex 81.3869 25.0916 1.2
      vertex 80.9265 24.5503 2
      vertex 80.9358 24.5419 2
    endloop
  endfacet
  facet normal -0.501978 -0.554286 0.663917
    outer loop
      vertex 83.4232 27.305 2
      vertex 83.2971 27.4192 2
      vertex 82.846 26.8695 1.2
    endloop
  endfacet
  facet normal -0.739759 0.109373 0.663923
    outer loop
      vertex 83.2444 25.7562 1.2
      vertex 83.9437 25.6298 2
      vertex 83.2609 25.8678 1.2
    endloop
  endfacet
  facet normal -0.739124 0.113253 0.66398
    outer loop
      vertex 83.9437 25.6298 2
      vertex 83.2444 25.7562 1.2
      vertex 83.9418 25.6174 2
    endloop
  endfacet
  facet normal -0.181529 -0.725455 0.663899
    outer loop
      vertex 82.4503 27.081 1.2
      vertex 82.6446 27.7645 2
      vertex 82.3408 27.1084 1.2
    endloop
  endfacet
  facet normal -0.179967 -0.725868 0.663873
    outer loop
      vertex 82.6446 27.7645 2
      vertex 82.4503 27.081 1.2
      vertex 82.6567 27.7615 2
    endloop
  endfacet
  facet normal 0.70412 0.251848 0.663918
    outer loop
      vertex 80.397 25.2683 2
      vertex 81.054 25.5404 1.2
      vertex 80.3397 25.4285 2
    endloop
  endfacet
  facet normal -0.704005 0.252329 0.663857
    outer loop
      vertex 83.1789 25.5404 1.2
      vertex 83.8974 25.4403 2
      vertex 83.217 25.6467 1.2
    endloop
  endfacet
  facet normal -0.704418 0.250725 0.664027
    outer loop
      vertex 83.8974 25.4403 2
      vertex 83.1789 25.5404 1.2
      vertex 83.8932 25.4285 2
    endloop
  endfacet
  facet normal 0.704403 -0.25072 0.664045
    outer loop
      vertex 80.3355 26.5208 2
      vertex 81.054 26.4206 1.2
      vertex 80.3397 26.5326 2
    endloop
  endfacet
  facet normal 0.704091 -0.251935 0.663916
    outer loop
      vertex 81.054 26.4206 1.2
      vertex 80.3355 26.5208 2
      vertex 81.016 26.3144 1.2
    endloop
  endfacet
  facet normal -0.600279 0.445903 0.663954
    outer loop
      vertex 83.0054 25.251 1.2
      vertex 83.5626 24.8099 2
      vertex 83.0727 25.3416 1.2
    endloop
  endfacet
  facet normal -0.600353 0.445807 0.663952
    outer loop
      vertex 83.5626 24.8099 2
      vertex 83.0054 25.251 1.2
      vertex 83.5551 24.7998 2
    endloop
  endfacet
  facet normal 0.739688 -0.109876 0.663919
    outer loop
      vertex 80.972 26.0932 1.2
      vertex 80.2893 26.3312 2
      vertex 80.2643 26.1629 2
    endloop
  endfacet
  facet normal 0.551955 -0.504475 0.663966
    outer loop
      vertex 80.792 27.2872 2
      vertex 81.3033 26.7937 1.2
      vertex 80.8005 27.2965 2
    endloop
  endfacet
  facet normal 0.553987 -0.502299 0.663923
    outer loop
      vertex 81.3033 26.7937 1.2
      vertex 80.792 27.2872 2
      vertex 81.2275 26.7101 1.2
    endloop
  endfacet
  facet normal -0.746883 0.0369265 0.663929
    outer loop
      vertex 83.9686 25.7981 2
      vertex 83.977 25.968 2
      vertex 83.2609 25.8678 1.2
    endloop
  endfacet
  facet normal -0.181984 -0.725299 0.663945
    outer loop
      vertex 82.6446 27.7645 2
      vertex 82.4796 27.8059 2
      vertex 82.3408 27.1084 1.2
    endloop
  endfacet
  facet normal -0.725449 -0.181582 0.663892
    outer loop
      vertex 83.9418 26.3436 2
      vertex 83.9005 26.5086 2
      vertex 83.2444 26.2049 1.2
    endloop
  endfacet
  facet normal -0.739131 -0.113254 0.663973
    outer loop
      vertex 83.2444 26.2049 1.2
      vertex 83.9437 26.3312 2
      vertex 83.9418 26.3436 2
    endloop
  endfacet
  facet normal -0.739781 -0.109278 0.663914
    outer loop
      vertex 83.9437 26.3312 2
      vertex 83.2444 26.2049 1.2
      vertex 83.2609 26.0932 1.2
    endloop
  endfacet
  facet normal 0.036451 -0.746913 0.663922
    outer loop
      vertex 82.1165 27.1305 1.2
      vertex 82.104 27.841 2
      vertex 82.0038 27.125 1.2
    endloop
  endfacet
  facet normal 0.0358528 -0.746934 0.663931
    outer loop
      vertex 82.104 27.841 2
      vertex 82.1165 27.1305 1.2
      vertex 82.1165 27.8416 2
    endloop
  endfacet
  facet normal 0.0364885 -0.746914 0.663918
    outer loop
      vertex 82.0038 27.125 1.2
      vertex 82.104 27.841 2
      vertex 81.9341 27.8327 2
    endloop
  endfacet
  facet normal 0.74008 -0.107431 0.663883
    outer loop
      vertex 80.2893 26.3312 2
      vertex 80.9886 26.2049 1.2
      vertex 80.2911 26.3436 2
    endloop
  endfacet
  facet normal 0.739676 -0.109925 0.663924
    outer loop
      vertex 80.9886 26.2049 1.2
      vertex 80.2893 26.3312 2
      vertex 80.972 26.0932 1.2
    endloop
  endfacet
  facet normal 0.746914 -0.0364885 0.663918
    outer loop
      vertex 80.972 26.0932 1.2
      vertex 80.2643 26.1629 2
      vertex 80.256 25.993 2
    endloop
  endfacet
  facet normal 0.641304 0.384607 0.663933
    outer loop
      vertex 80.5626 24.9573 2
      vertex 81.1023 25.4384 1.2
      vertex 80.4751 25.1032 2
    endloop
  endfacet
  facet normal -0.181999 0.72536 0.663874
    outer loop
      vertex 82.4917 24.1582 2
      vertex 82.6567 24.1996 2
      vertex 82.4503 24.88 1.2
    endloop
  endfacet
  facet normal -0.179925 0.725697 0.664071
    outer loop
      vertex 82.4503 24.88 1.2
      vertex 82.4796 24.1552 2
      vertex 82.4917 24.1582 2
    endloop
  endfacet
  facet normal -0.181528 0.725449 0.663906
    outer loop
      vertex 82.4796 24.1552 2
      vertex 82.4503 24.88 1.2
      vertex 82.3408 24.8526 1.2
    endloop
  endfacet
  facet normal 0.502188 0.554078 0.663932
    outer loop
      vertex 80.9265 24.5503 2
      vertex 81.3033 25.1674 1.2
      vertex 80.8005 24.6645 2
    endloop
  endfacet
  facet normal 0.726244 -0.178584 0.663836
    outer loop
      vertex 80.3325 26.5086 2
      vertex 81.016 26.3144 1.2
      vertex 80.3355 26.5208 2
    endloop
  endfacet
  facet normal 0.725466 -0.181532 0.663887
    outer loop
      vertex 81.016 26.3144 1.2
      vertex 80.3325 26.5086 2
      vertex 80.9886 26.2049 1.2
    endloop
  endfacet
  facet normal -0.109876 -0.739688 0.663919
    outer loop
      vertex 82.4672 27.8077 2
      vertex 82.2989 27.8327 2
      vertex 82.2292 27.125 1.2
    endloop
  endfacet
  facet normal -0.600375 -0.445823 0.663921
    outer loop
      vertex 83.0054 26.7101 1.2
      vertex 83.5626 27.1511 2
      vertex 83.5551 27.1612 2
    endloop
  endfacet
  facet normal -0.600541 -0.445606 0.663917
    outer loop
      vertex 83.5626 27.1511 2
      vertex 83.0054 26.7101 1.2
      vertex 83.0727 26.6194 1.2
    endloop
  endfacet
  facet normal -0.251848 -0.70412 0.663919
    outer loop
      vertex 82.8169 27.7042 2
      vertex 82.6567 27.7615 2
      vertex 82.4503 27.081 1.2
    endloop
  endfacet
  facet normal 0.675914 -0.319938 0.663913
    outer loop
      vertex 81.054 26.4206 1.2
      vertex 80.4698 26.8465 2
      vertex 80.397 26.6927 2
    endloop
  endfacet
  facet normal -0.11002 -0.739654 0.663933
    outer loop
      vertex 82.3408 27.1084 1.2
      vertex 82.4672 27.8077 2
      vertex 82.2292 27.125 1.2
    endloop
  endfacet
  facet normal -0.10743 -0.740073 0.66389
    outer loop
      vertex 82.4672 27.8077 2
      vertex 82.3408 27.1084 1.2
      vertex 82.4796 27.8059 2
    endloop
  endfacet
  facet normal -0.0364885 -0.746914 0.663918
    outer loop
      vertex 82.2292 27.125 1.2
      vertex 82.2989 27.8327 2
      vertex 82.129 27.841 2
    endloop
  endfacet
  facet normal 0.109278 0.739781 0.663914
    outer loop
      vertex 81.8921 24.8526 1.2
      vertex 81.7658 24.1533 2
      vertex 82.0038 24.8361 1.2
    endloop
  endfacet
  facet normal 0.113254 0.739131 0.663973
    outer loop
      vertex 81.7658 24.1533 2
      vertex 81.8921 24.8526 1.2
      vertex 81.7534 24.1552 2
    endloop
  endfacet
  facet normal 0.181999 0.72536 0.663874
    outer loop
      vertex 81.7412 24.1582 2
      vertex 81.7826 24.88 1.2
      vertex 81.5762 24.1996 2
    endloop
  endfacet
  facet normal 0.3195 0.67612 0.663914
    outer loop
      vertex 81.5744 24.9663 1.2
      vertex 81.2505 24.3338 2
      vertex 81.6764 24.9181 1.2
    endloop
  endfacet
  facet normal 0.322416 0.674686 0.663962
    outer loop
      vertex 81.2505 24.3338 2
      vertex 81.5744 24.9663 1.2
      vertex 81.2392 24.3392 2
    endloop
  endfacet
  facet normal -0.554092 -0.502201 0.663909
    outer loop
      vertex 83.5551 27.1612 2
      vertex 83.4409 27.2872 2
      vertex 83.0054 26.7101 1.2
    endloop
  endfacet
  facet normal -0.55496 -0.501254 0.6639
    outer loop
      vertex 82.9296 26.7937 1.2
      vertex 83.4409 27.2872 2
      vertex 83.4325 27.2965 2
    endloop
  endfacet
  facet normal -0.553987 -0.502299 0.663923
    outer loop
      vertex 83.4409 27.2872 2
      vertex 82.9296 26.7937 1.2
      vertex 83.0054 26.7101 1.2
    endloop
  endfacet
  facet normal -0.704067 -0.251987 0.663922
    outer loop
      vertex 83.8932 26.5326 2
      vertex 83.8359 26.6927 2
      vertex 83.1789 26.4206 1.2
    endloop
  endfacet
  facet normal 0.320132 -0.675834 0.6639
    outer loop
      vertex 81.5744 26.9947 1.2
      vertex 81.4043 27.7 2
      vertex 81.3929 27.6946 2
    endloop
  endfacet
  facet normal 0.320043 -0.675867 0.66391
    outer loop
      vertex 81.4043 27.7 2
      vertex 81.5744 26.9947 1.2
      vertex 81.6764 27.043 1.2
    endloop
  endfacet
  facet normal -0.0358528 -0.746934 0.663931
    outer loop
      vertex 82.1165 27.1305 1.2
      vertex 82.129 27.841 2
      vertex 82.1165 27.8416 2
    endloop
  endfacet
  facet normal -0.036451 -0.746913 0.663922
    outer loop
      vertex 82.129 27.841 2
      vertex 82.1165 27.1305 1.2
      vertex 82.2292 27.125 1.2
    endloop
  endfacet
  facet normal -0.641482 0.384359 0.663904
    outer loop
      vertex 83.0727 25.3416 1.2
      vertex 83.6704 24.9573 2
      vertex 83.1307 25.4384 1.2
    endloop
  endfacet
  facet normal -0.640707 0.385611 0.663926
    outer loop
      vertex 83.6704 24.9573 2
      vertex 83.0727 25.3416 1.2
      vertex 83.6639 24.9465 2
    endloop
  endfacet
  facet normal -0.381267 -0.643388 0.663843
    outer loop
      vertex 83.1397 27.5344 2
      vertex 82.7554 26.9367 1.2
      vertex 83.1505 27.528 2
    endloop
  endfacet
  facet normal -0.384359 -0.641482 0.663904
    outer loop
      vertex 82.7554 26.9367 1.2
      vertex 83.1397 27.5344 2
      vertex 82.6586 26.9947 1.2
    endloop
  endfacet
  facet normal 0.739688 0.109876 0.663919
    outer loop
      vertex 80.2893 25.6298 2
      vertex 80.972 25.8678 1.2
      vertex 80.2643 25.7981 2
    endloop
  endfacet
  facet normal 0.746914 0.0364885 0.663918
    outer loop
      vertex 80.2643 25.7981 2
      vertex 80.972 25.8678 1.2
      vertex 80.256 25.968 2
    endloop
  endfacet
  facet normal 0.178584 -0.726244 0.663836
    outer loop
      vertex 81.7826 27.081 1.2
      vertex 81.5884 27.7645 2
      vertex 81.5762 27.7615 2
    endloop
  endfacet
  facet normal 0.181532 -0.725466 0.663887
    outer loop
      vertex 81.5884 27.7645 2
      vertex 81.7826 27.081 1.2
      vertex 81.8921 27.1084 1.2
    endloop
  endfacet
  facet normal -0.251728 -0.704175 0.663906
    outer loop
      vertex 82.5566 27.043 1.2
      vertex 82.8169 27.7042 2
      vertex 82.4503 27.081 1.2
    endloop
  endfacet
  facet normal -0.250766 -0.704533 0.66389
    outer loop
      vertex 82.8169 27.7042 2
      vertex 82.5566 27.043 1.2
      vertex 82.8287 27.7 2
    endloop
  endfacet
  facet normal -0.501952 0.554257 0.66396
    outer loop
      vertex 83.3064 24.5503 2
      vertex 83.4325 24.6645 2
      vertex 82.9296 25.1674 1.2
    endloop
  endfacet
  facet normal -0.67612 0.3195 0.663914
    outer loop
      vertex 83.1307 25.4384 1.2
      vertex 83.7632 25.1145 2
      vertex 83.1789 25.5404 1.2
    endloop
  endfacet
  facet normal -0.674686 0.322416 0.663962
    outer loop
      vertex 83.7632 25.1145 2
      vertex 83.1307 25.4384 1.2
      vertex 83.7578 25.1032 2
    endloop
  endfacet
  facet normal -0.676076 0.319575 0.663923
    outer loop
      vertex 83.7632 25.1145 2
      vertex 83.8359 25.2683 2
      vertex 83.1789 25.5404 1.2
    endloop
  endfacet
  facet normal 0.554092 -0.502201 0.663909
    outer loop
      vertex 81.2275 26.7101 1.2
      vertex 80.792 27.2872 2
      vertex 80.6778 27.1612 2
    endloop
  endfacet
  facet normal 0.677067 -0.317562 0.663879
    outer loop
      vertex 80.4698 26.8465 2
      vertex 81.1023 26.5226 1.2
      vertex 80.4751 26.8578 2
    endloop
  endfacet
  facet normal 0.675856 -0.320038 0.663924
    outer loop
      vertex 81.1023 26.5226 1.2
      vertex 80.4698 26.8465 2
      vertex 81.054 26.4206 1.2
    endloop
  endfacet
  facet normal -0.322416 0.674686 0.663962
    outer loop
      vertex 82.6586 24.9663 1.2
      vertex 82.9825 24.3338 2
      vertex 82.9938 24.3392 2
    endloop
  endfacet
  facet normal -0.3195 0.67612 0.663914
    outer loop
      vertex 82.9825 24.3338 2
      vertex 82.6586 24.9663 1.2
      vertex 82.5566 24.9181 1.2
    endloop
  endfacet
  facet normal -0.385611 0.640707 0.663926
    outer loop
      vertex 82.7554 25.0243 1.2
      vertex 83.1397 24.4266 2
      vertex 83.1505 24.4331 2
    endloop
  endfacet
  facet normal -0.384359 0.641482 0.663904
    outer loop
      vertex 83.1397 24.4266 2
      vertex 82.7554 25.0243 1.2
      vertex 82.6586 24.9663 1.2
    endloop
  endfacet
  facet normal -0.600677 -0.445451 0.663898
    outer loop
      vertex 83.6639 27.0145 2
      vertex 83.5626 27.1511 2
      vertex 83.0727 26.6194 1.2
    endloop
  endfacet
  facet normal 0.675856 0.320038 0.663924
    outer loop
      vertex 80.4698 25.1145 2
      vertex 81.1023 25.4384 1.2
      vertex 81.054 25.5404 1.2
    endloop
  endfacet
  facet normal 0.677067 0.317562 0.663879
    outer loop
      vertex 81.1023 25.4384 1.2
      vertex 80.4698 25.1145 2
      vertex 80.4751 25.1032 2
    endloop
  endfacet
  facet normal 0.641482 0.384359 0.663904
    outer loop
      vertex 80.5626 24.9573 2
      vertex 81.1603 25.3416 1.2
      vertex 81.1023 25.4384 1.2
    endloop
  endfacet
  facet normal 0.643388 0.381267 0.663843
    outer loop
      vertex 81.1603 25.3416 1.2
      vertex 80.5626 24.9573 2
      vertex 80.569 24.9465 2
    endloop
  endfacet
  facet normal 0.384607 -0.641304 0.663933
    outer loop
      vertex 81.5744 26.9947 1.2
      vertex 81.2392 27.6219 2
      vertex 81.0933 27.5344 2
    endloop
  endfacet
  facet normal -0.643284 -0.381205 0.663979
    outer loop
      vertex 83.7514 26.8686 2
      vertex 83.1307 26.5226 1.2
      vertex 83.7578 26.8578 2
    endloop
  endfacet
  facet normal -0.641465 -0.384349 0.663927
    outer loop
      vertex 83.1307 26.5226 1.2
      vertex 83.7514 26.8686 2
      vertex 83.0727 26.6194 1.2
    endloop
  endfacet
  facet normal 0.0369276 0.746905 0.663905
    outer loop
      vertex 82.1165 24.1194 2
      vertex 82.1165 24.8305 1.2
      vertex 81.9466 24.1278 2
    endloop
  endfacet
  facet normal 0.502201 -0.554092 0.663909
    outer loop
      vertex 81.3869 26.8695 1.2
      vertex 80.9358 27.4192 2
      vertex 80.8098 27.305 2
    endloop
  endfacet
  facet normal 0.725299 0.181984 0.663945
    outer loop
      vertex 80.3325 25.4524 2
      vertex 80.9886 25.7562 1.2
      vertex 80.2911 25.6174 2
    endloop
  endfacet
  facet normal 0.641497 -0.384283 0.663934
    outer loop
      vertex 81.1603 26.6194 1.2
      vertex 80.569 27.0145 2
      vertex 80.4816 26.8686 2
    endloop
  endfacet
  facet normal 0.704161 0.251723 0.663922
    outer loop
      vertex 80.3355 25.4403 2
      vertex 81.054 25.5404 1.2
      vertex 81.016 25.6467 1.2
    endloop
  endfacet
  facet normal 0.704418 0.250725 0.664027
    outer loop
      vertex 81.054 25.5404 1.2
      vertex 80.3355 25.4403 2
      vertex 80.3397 25.4285 2
    endloop
  endfacet
  facet normal 0.675914 0.319938 0.663913
    outer loop
      vertex 80.4698 25.1145 2
      vertex 81.054 25.5404 1.2
      vertex 80.397 25.2683 2
    endloop
  endfacet
  facet normal -0.445429 -0.600647 0.66394
    outer loop
      vertex 83.2871 27.4267 2
      vertex 83.1505 27.528 2
      vertex 82.7554 26.9367 1.2
    endloop
  endfacet
  facet normal 0.445606 0.600541 0.663917
    outer loop
      vertex 81.3869 25.0916 1.2
      vertex 80.9459 24.5344 2
      vertex 81.4776 25.0243 1.2
    endloop
  endfacet
  facet normal 0.445823 0.600375 0.663921
    outer loop
      vertex 80.9459 24.5344 2
      vertex 81.3869 25.0916 1.2
      vertex 80.9358 24.5419 2
    endloop
  endfacet
  facet normal -0.448638 0.598184 0.664003
    outer loop
      vertex 82.846 25.0916 1.2
      vertex 83.2871 24.5344 2
      vertex 83.2971 24.5419 2
    endloop
  endfacet
  facet normal -0.445903 0.600279 0.663954
    outer loop
      vertex 83.2871 24.5344 2
      vertex 82.846 25.0916 1.2
      vertex 82.7554 25.0243 1.2
    endloop
  endfacet
  facet normal 0.445183 -0.600864 0.663909
    outer loop
      vertex 80.9459 27.4267 2
      vertex 81.3869 26.8695 1.2
      vertex 81.4776 26.9367 1.2
    endloop
  endfacet
  facet normal 0.445823 -0.600375 0.663921
    outer loop
      vertex 81.3869 26.8695 1.2
      vertex 80.9459 27.4267 2
      vertex 80.9358 27.4192 2
    endloop
  endfacet
  facet normal 0.250766 -0.704533 0.66389
    outer loop
      vertex 81.6764 27.043 1.2
      vertex 81.4161 27.7042 2
      vertex 81.4043 27.7 2
    endloop
  endfacet
  facet normal 0.251937 -0.704097 0.66391
    outer loop
      vertex 81.4161 27.7042 2
      vertex 81.6764 27.043 1.2
      vertex 81.7826 27.081 1.2
    endloop
  endfacet
  facet normal 0.384359 -0.641482 0.663904
    outer loop
      vertex 81.0933 27.5344 2
      vertex 81.4776 26.9367 1.2
      vertex 81.5744 26.9947 1.2
    endloop
  endfacet
  facet normal 0.381267 -0.643388 0.663843
    outer loop
      vertex 81.4776 26.9367 1.2
      vertex 81.0933 27.5344 2
      vertex 81.0825 27.528 2
    endloop
  endfacet
  facet normal 0.600602 0.44548 0.663946
    outer loop
      vertex 80.6703 24.8099 2
      vertex 81.2275 25.251 1.2
      vertex 81.1603 25.3416 1.2
    endloop
  endfacet
  facet normal 0.600353 0.445807 0.663952
    outer loop
      vertex 81.2275 25.251 1.2
      vertex 80.6703 24.8099 2
      vertex 80.6778 24.7998 2
    endloop
  endfacet
  facet normal -0.74689 -0.0371125 0.663911
    outer loop
      vertex 83.2665 83.0195 1.2
      vertex 83.977 83.032 2
      vertex 83.2609 83.1322 1.2
    endloop
  endfacet
  facet normal -0.746934 -0.0358528 0.663931
    outer loop
      vertex 83.977 83.032 2
      vertex 83.2665 83.0195 1.2
      vertex 83.9776 83.0195 2
    endloop
  endfacet
  facet normal 0.319575 -0.676076 0.663923
    outer loop
      vertex 81.6764 84.0819 1.2
      vertex 81.4043 84.7389 2
      vertex 81.2505 84.6662 2
    endloop
  endfacet
  facet normal 0.675914 -0.319938 0.663913
    outer loop
      vertex 81.054 83.4596 1.2
      vertex 80.4698 83.8855 2
      vertex 80.397 83.7317 2
    endloop
  endfacet
  facet normal -0.704067 0.251987 0.663922
    outer loop
      vertex 83.8359 82.3073 2
      vertex 83.8932 82.4674 2
      vertex 83.1789 82.5794 1.2
    endloop
  endfacet
  facet normal 0.0369276 -0.746905 0.663905
    outer loop
      vertex 82.1165 84.1695 1.2
      vertex 82.1165 84.8806 2
      vertex 81.9466 84.8722 2
    endloop
  endfacet
  facet normal 0.600647 0.445429 0.66394
    outer loop
      vertex 80.6703 81.8489 2
      vertex 81.1603 82.3806 1.2
      vertex 80.569 81.9855 2
    endloop
  endfacet
  facet normal 0.502299 0.553987 0.663923
    outer loop
      vertex 81.3033 82.2063 1.2
      vertex 80.8098 81.695 2
      vertex 81.3869 82.1305 1.2
    endloop
  endfacet
  facet normal 0.504475 0.551955 0.663966
    outer loop
      vertex 80.8098 81.695 2
      vertex 81.3033 82.2063 1.2
      vertex 80.8005 81.7035 2
    endloop
  endfacet
  facet normal -0.322542 0.67495 0.663633
    outer loop
      vertex 82.6586 82.0053 1.2
      vertex 82.8287 81.3 2
      vertex 82.84 81.3054 2
    endloop
  endfacet
  facet normal -0.320043 0.675867 0.66391
    outer loop
      vertex 82.8287 81.3 2
      vertex 82.6586 82.0053 1.2
      vertex 82.5566 81.957 1.2
    endloop
  endfacet
  facet normal -0.641525 -0.3843 0.663897
    outer loop
      vertex 83.7578 83.8968 2
      vertex 83.6704 84.0427 2
      vertex 83.1307 83.5616 1.2
    endloop
  endfacet
  facet normal 0.746914 0.0364885 0.663918
    outer loop
      vertex 80.2643 82.8371 2
      vertex 80.972 82.9068 1.2
      vertex 80.256 83.007 2
    endloop
  endfacet
  facet normal -0.445429 0.600647 0.66394
    outer loop
      vertex 83.1505 81.472 2
      vertex 83.2871 81.5733 2
      vertex 82.7554 82.0633 1.2
    endloop
  endfacet
  facet normal -0.554286 -0.501978 0.663917
    outer loop
      vertex 83.5551 84.2001 2
      vertex 83.4409 84.3262 2
      vertex 83.0054 83.749 1.2
    endloop
  endfacet
  facet normal -0.724373 -0.185583 0.66396
    outer loop
      vertex 83.217 83.3533 1.2
      vertex 83.9005 83.5476 2
      vertex 83.8974 83.5597 2
    endloop
  endfacet
  facet normal -0.725455 -0.181529 0.663899
    outer loop
      vertex 83.9005 83.5476 2
      vertex 83.217 83.3533 1.2
      vertex 83.2444 83.2438 1.2
    endloop
  endfacet
  facet normal -0.109373 -0.739759 0.663923
    outer loop
      vertex 82.3408 84.1474 1.2
      vertex 82.4672 84.8467 2
      vertex 82.2292 84.1639 1.2
    endloop
  endfacet
  facet normal -0.113253 -0.739124 0.66398
    outer loop
      vertex 82.4672 84.8467 2
      vertex 82.3408 84.1474 1.2
      vertex 82.4796 84.8448 2
    endloop
  endfacet
  facet normal -0.179967 0.725868 0.663873
    outer loop
      vertex 82.4503 81.919 1.2
      vertex 82.6446 81.2355 2
      vertex 82.6567 81.2385 2
    endloop
  endfacet
  facet normal -0.181529 0.725455 0.663899
    outer loop
      vertex 82.6446 81.2355 2
      vertex 82.4503 81.919 1.2
      vertex 82.3408 81.8916 1.2
    endloop
  endfacet
  facet normal 0.109876 0.739688 0.663919
    outer loop
      vertex 81.9341 81.1673 2
      vertex 82.0038 81.875 1.2
      vertex 81.7658 81.1923 2
    endloop
  endfacet
  facet normal -0.0371121 -0.74688 0.663922
    outer loop
      vertex 82.2292 84.1639 1.2
      vertex 82.2864 84.8722 2
      vertex 82.1165 84.1695 1.2
    endloop
  endfacet
  facet normal -0.035854 -0.746959 0.663903
    outer loop
      vertex 82.2864 84.8722 2
      vertex 82.2292 84.1639 1.2
      vertex 82.2989 84.8716 2
    endloop
  endfacet
  facet normal -0.600677 0.445451 0.663898
    outer loop
      vertex 83.5626 81.8489 2
      vertex 83.6639 81.9855 2
      vertex 83.0727 82.3806 1.2
    endloop
  endfacet
  facet normal -0.674686 -0.322416 0.663962
    outer loop
      vertex 83.1307 83.5616 1.2
      vertex 83.7632 83.8855 2
      vertex 83.7578 83.8968 2
    endloop
  endfacet
  facet normal -0.67612 -0.3195 0.663914
    outer loop
      vertex 83.7632 83.8855 2
      vertex 83.1307 83.5616 1.2
      vertex 83.1789 83.4596 1.2
    endloop
  endfacet
  facet normal 0.554286 -0.501978 0.663917
    outer loop
      vertex 81.2275 83.749 1.2
      vertex 80.792 84.3262 2
      vertex 80.6778 84.2001 2
    endloop
  endfacet
  facet normal -0.381267 0.643388 0.663843
    outer loop
      vertex 82.7554 82.0633 1.2
      vertex 83.1397 81.4656 2
      vertex 83.1505 81.472 2
    endloop
  endfacet
  facet normal -0.384359 0.641482 0.663904
    outer loop
      vertex 83.1397 81.4656 2
      vertex 82.7554 82.0633 1.2
      vertex 82.6586 82.0053 1.2
    endloop
  endfacet
  facet normal 0.739688 -0.109876 0.663919
    outer loop
      vertex 80.972 83.1322 1.2
      vertex 80.2893 83.3702 2
      vertex 80.2643 83.2019 2
    endloop
  endfacet
  facet normal -0.181528 -0.725449 0.663906
    outer loop
      vertex 82.4503 84.12 1.2
      vertex 82.4796 84.8448 2
      vertex 82.3408 84.1474 1.2
    endloop
  endfacet
  facet normal -0.179925 -0.725697 0.664071
    outer loop
      vertex 82.4796 84.8448 2
      vertex 82.4503 84.12 1.2
      vertex 82.4917 84.8418 2
    endloop
  endfacet
  facet normal -0.739742 -0.109445 0.66393
    outer loop
      vertex 83.9686 83.2019 2
      vertex 83.9437 83.3702 2
      vertex 83.2609 83.1322 1.2
    endloop
  endfacet
  facet normal -0.739781 0.109278 0.663914
    outer loop
      vertex 83.2444 82.7951 1.2
      vertex 83.9437 82.6688 2
      vertex 83.2609 82.9068 1.2
    endloop
  endfacet
  facet normal -0.739131 0.113254 0.663973
    outer loop
      vertex 83.9437 82.6688 2
      vertex 83.2444 82.7951 1.2
      vertex 83.9418 82.6564 2
    endloop
  endfacet
  facet normal -0.725449 0.181582 0.663892
    outer loop
      vertex 83.9005 82.4914 2
      vertex 83.9418 82.6564 2
      vertex 83.2444 82.7951 1.2
    endloop
  endfacet
  facet normal -0.725466 0.181532 0.663887
    outer loop
      vertex 83.217 82.6856 1.2
      vertex 83.9005 82.4914 2
      vertex 83.2444 82.7951 1.2
    endloop
  endfacet
  facet normal -0.724766 0.184162 0.663927
    outer loop
      vertex 83.9005 82.4914 2
      vertex 83.217 82.6856 1.2
      vertex 83.8974 82.4792 2
    endloop
  endfacet
  facet normal 0.725299 -0.181984 0.663945
    outer loop
      vertex 80.9886 83.2438 1.2
      vertex 80.3325 83.5476 2
      vertex 80.2911 83.3826 2
    endloop
  endfacet
  facet normal 0.675856 0.320038 0.663924
    outer loop
      vertex 80.4698 82.1535 2
      vertex 81.1023 82.4774 1.2
      vertex 81.054 82.5794 1.2
    endloop
  endfacet
  facet normal 0.677067 0.317562 0.663879
    outer loop
      vertex 81.1023 82.4774 1.2
      vertex 80.4698 82.1535 2
      vertex 80.4751 82.1422 2
    endloop
  endfacet
  facet normal -0.554092 0.502201 0.663909
    outer loop
      vertex 83.4409 81.7128 2
      vertex 83.5551 81.8388 2
      vertex 83.0054 82.2899 1.2
    endloop
  endfacet
  facet normal -0.109876 0.739688 0.663919
    outer loop
      vertex 82.2989 81.1673 2
      vertex 82.4672 81.1923 2
      vertex 82.2292 81.875 1.2
    endloop
  endfacet
  facet normal 0.445183 0.600864 0.663909
    outer loop
      vertex 81.3869 82.1305 1.2
      vertex 80.9459 81.5733 2
      vertex 81.4776 82.0633 1.2
    endloop
  endfacet
  facet normal 0.445823 0.600375 0.663921
    outer loop
      vertex 80.9459 81.5733 2
      vertex 81.3869 82.1305 1.2
      vertex 80.9358 81.5808 2
    endloop
  endfacet
  facet normal -0.319571 0.676065 0.663935
    outer loop
      vertex 82.84 81.3054 2
      vertex 82.9938 81.3781 2
      vertex 82.6586 82.0053 1.2
    endloop
  endfacet
  facet normal 0.746914 -0.0364885 0.663918
    outer loop
      vertex 80.972 83.1322 1.2
      vertex 80.2643 83.2019 2
      vertex 80.256 83.032 2
    endloop
  endfacet
  facet normal 0.384359 -0.641482 0.663904
    outer loop
      vertex 81.0933 84.5734 2
      vertex 81.4776 83.9757 1.2
      vertex 81.5744 84.0337 1.2
    endloop
  endfacet
  facet normal 0.385611 -0.640707 0.663926
    outer loop
      vertex 81.4776 83.9757 1.2
      vertex 81.0933 84.5734 2
      vertex 81.0825 84.5669 2
    endloop
  endfacet
  facet normal -0.600677 -0.445451 0.663898
    outer loop
      vertex 83.6639 84.0535 2
      vertex 83.5626 84.1901 2
      vertex 83.0727 83.6584 1.2
    endloop
  endfacet
  facet normal 0.181987 0.72531 0.663932
    outer loop
      vertex 81.7534 81.1941 2
      vertex 81.8921 81.8916 1.2
      vertex 81.5884 81.2355 2
    endloop
  endfacet
  facet normal 0.739688 0.109876 0.663919
    outer loop
      vertex 80.2893 82.6688 2
      vertex 80.972 82.9068 1.2
      vertex 80.2643 82.8371 2
    endloop
  endfacet
  facet normal -0.553987 0.502299 0.663923
    outer loop
      vertex 82.9296 82.2063 1.2
      vertex 83.4409 81.7128 2
      vertex 83.0054 82.2899 1.2
    endloop
  endfacet
  facet normal -0.55496 0.501254 0.6639
    outer loop
      vertex 83.4409 81.7128 2
      vertex 82.9296 82.2063 1.2
      vertex 83.4325 81.7035 2
    endloop
  endfacet
  facet normal -0.251848 -0.70412 0.663918
    outer loop
      vertex 82.8287 84.7389 2
      vertex 82.6685 84.7962 2
      vertex 82.5566 84.0819 1.2
    endloop
  endfacet
  facet normal 0.502201 0.554092 0.663909
    outer loop
      vertex 80.9358 81.5808 2
      vertex 81.3869 82.1305 1.2
      vertex 80.8098 81.695 2
    endloop
  endfacet
  facet normal 0.641304 -0.384607 0.663933
    outer loop
      vertex 81.1023 83.5616 1.2
      vertex 80.5626 84.0427 2
      vertex 80.4751 83.8968 2
    endloop
  endfacet
  facet normal -0.746883 -0.0369265 0.663929
    outer loop
      vertex 83.977 83.032 2
      vertex 83.9686 83.2019 2
      vertex 83.2609 83.1322 1.2
    endloop
  endfacet
  facet normal -0.746934 0.0358528 0.663931
    outer loop
      vertex 83.2665 83.0195 1.2
      vertex 83.977 83.007 2
      vertex 83.9776 83.0195 2
    endloop
  endfacet
  facet normal -0.74689 0.0371125 0.663911
    outer loop
      vertex 83.977 83.007 2
      vertex 83.2665 83.0195 1.2
      vertex 83.2609 82.9068 1.2
    endloop
  endfacet
  facet normal -0.739742 0.109445 0.66393
    outer loop
      vertex 83.9437 82.6688 2
      vertex 83.9686 82.8371 2
      vertex 83.2609 82.9068 1.2
    endloop
  endfacet
  facet normal -0.10743 0.740073 0.66389
    outer loop
      vertex 82.3408 81.8916 1.2
      vertex 82.4672 81.1923 2
      vertex 82.4796 81.1941 2
    endloop
  endfacet
  facet normal -0.11002 0.739654 0.663933
    outer loop
      vertex 82.4672 81.1923 2
      vertex 82.3408 81.8916 1.2
      vertex 82.2292 81.875 1.2
    endloop
  endfacet
  facet normal -0.445451 -0.600677 0.663898
    outer loop
      vertex 83.2871 84.4656 2
      vertex 83.1505 84.5669 2
      vertex 82.7554 83.9757 1.2
    endloop
  endfacet
  facet normal -0.109445 -0.739742 0.66393
    outer loop
      vertex 82.4672 84.8467 2
      vertex 82.2989 84.8716 2
      vertex 82.2292 84.1639 1.2
    endloop
  endfacet
  facet normal -0.64133 0.384622 0.663898
    outer loop
      vertex 83.6639 81.9855 2
      vertex 83.7514 82.1314 2
      vertex 83.0727 82.3806 1.2
    endloop
  endfacet
  facet normal -0.251848 0.70412 0.663919
    outer loop
      vertex 82.6567 81.2385 2
      vertex 82.8169 81.2958 2
      vertex 82.4503 81.919 1.2
    endloop
  endfacet
  facet normal 0.319739 0.675981 0.66394
    outer loop
      vertex 81.3929 81.3054 2
      vertex 81.5744 82.0053 1.2
      vertex 81.2392 81.3781 2
    endloop
  endfacet
  facet normal 0.643388 -0.381267 0.663843
    outer loop
      vertex 80.5626 84.0427 2
      vertex 81.1603 83.6584 1.2
      vertex 80.569 84.0535 2
    endloop
  endfacet
  facet normal 0.641482 -0.384359 0.663904
    outer loop
      vertex 81.1603 83.6584 1.2
      vertex 80.5626 84.0427 2
      vertex 81.1023 83.5616 1.2
    endloop
  endfacet
  facet normal 0.70412 -0.251848 0.663918
    outer loop
      vertex 81.054 83.4596 1.2
      vertex 80.397 83.7317 2
      vertex 80.3397 83.5715 2
    endloop
  endfacet
  facet normal 0.0364885 0.746914 0.663918
    outer loop
      vertex 82.104 81.159 2
      vertex 82.0038 81.875 1.2
      vertex 81.9341 81.1673 2
    endloop
  endfacet
  facet normal 0.0358528 0.746934 0.663931
    outer loop
      vertex 82.1165 81.8695 1.2
      vertex 82.104 81.159 2
      vertex 82.1165 81.1584 2
    endloop
  endfacet
  facet normal 0.036451 0.746913 0.663922
    outer loop
      vertex 82.104 81.159 2
      vertex 82.1165 81.8695 1.2
      vertex 82.0038 81.875 1.2
    endloop
  endfacet
  facet normal -0.643284 0.381205 0.663979
    outer loop
      vertex 83.1307 82.4774 1.2
      vertex 83.7514 82.1314 2
      vertex 83.7578 82.1422 2
    endloop
  endfacet
  facet normal -0.641465 0.384349 0.663927
    outer loop
      vertex 83.7514 82.1314 2
      vertex 83.1307 82.4774 1.2
      vertex 83.0727 82.3806 1.2
    endloop
  endfacet
  facet normal 0.554092 0.502201 0.663909
    outer loop
      vertex 80.792 81.7128 2
      vertex 81.2275 82.2899 1.2
      vertex 80.6778 81.8388 2
    endloop
  endfacet
  facet normal -0.50123 -0.554934 0.66394
    outer loop
      vertex 82.846 83.9084 1.2
      vertex 83.3064 84.4497 2
      vertex 83.2971 84.4581 2
    endloop
  endfacet
  facet normal -0.502302 -0.55399 0.663918
    outer loop
      vertex 83.3064 84.4497 2
      vertex 82.846 83.9084 1.2
      vertex 82.9296 83.8326 1.2
    endloop
  endfacet
  facet normal -0.448638 -0.598184 0.664003
    outer loop
      vertex 83.2871 84.4656 2
      vertex 82.846 83.9084 1.2
      vertex 83.2971 84.4581 2
    endloop
  endfacet
  facet normal -0.445903 -0.600279 0.663954
    outer loop
      vertex 82.846 83.9084 1.2
      vertex 83.2871 84.4656 2
      vertex 82.7554 83.9757 1.2
    endloop
  endfacet
  facet normal 0.181532 0.725466 0.663887
    outer loop
      vertex 81.7826 81.919 1.2
      vertex 81.5884 81.2355 2
      vertex 81.8921 81.8916 1.2
    endloop
  endfacet
  facet normal 0.178584 0.726244 0.663836
    outer loop
      vertex 81.5884 81.2355 2
      vertex 81.7826 81.919 1.2
      vertex 81.5762 81.2385 2
    endloop
  endfacet
  facet normal 0.725868 -0.179967 0.663873
    outer loop
      vertex 80.3325 83.5476 2
      vertex 81.016 83.3533 1.2
      vertex 80.3355 83.5597 2
    endloop
  endfacet
  facet normal 0.725455 -0.181529 0.663899
    outer loop
      vertex 81.016 83.3533 1.2
      vertex 80.3325 83.5476 2
      vertex 80.9886 83.2438 1.2
    endloop
  endfacet
  facet normal -0.504454 0.551932 0.664001
    outer loop
      vertex 82.9296 82.2063 1.2
      vertex 83.4232 81.695 2
      vertex 83.4325 81.7035 2
    endloop
  endfacet
  facet normal -0.502278 0.553964 0.663958
    outer loop
      vertex 83.4232 81.695 2
      vertex 82.9296 82.2063 1.2
      vertex 82.846 82.1305 1.2
    endloop
  endfacet
  facet normal 0.251989 0.704073 0.663915
    outer loop
      vertex 81.5762 81.2385 2
      vertex 81.7826 81.919 1.2
      vertex 81.4161 81.2958 2
    endloop
  endfacet
  facet normal 0.704067 0.251987 0.663922
    outer loop
      vertex 80.397 82.3073 2
      vertex 81.054 82.5794 1.2
      vertex 80.3397 82.4674 2
    endloop
  endfacet
  facet normal -0.0369276 -0.746905 0.663905
    outer loop
      vertex 82.2864 84.8722 2
      vertex 82.1165 84.8806 2
      vertex 82.1165 84.1695 1.2
    endloop
  endfacet
  facet normal -0.598184 -0.448638 0.664003
    outer loop
      vertex 83.0054 83.749 1.2
      vertex 83.5626 84.1901 2
      vertex 83.5551 84.2001 2
    endloop
  endfacet
  facet normal -0.600279 -0.445903 0.663954
    outer loop
      vertex 83.5626 84.1901 2
      vertex 83.0054 83.749 1.2
      vertex 83.0727 83.6584 1.2
    endloop
  endfacet
  facet normal -0.703934 0.252541 0.663852
    outer loop
      vertex 83.1789 82.5794 1.2
      vertex 83.8974 82.4792 2
      vertex 83.217 82.6856 1.2
    endloop
  endfacet
  facet normal -0.704403 0.25072 0.664045
    outer loop
      vertex 83.8974 82.4792 2
      vertex 83.1789 82.5794 1.2
      vertex 83.8932 82.4674 2
    endloop
  endfacet
  facet normal -0.554937 -0.501233 0.663935
    outer loop
      vertex 82.9296 83.8326 1.2
      vertex 83.4409 84.3262 2
      vertex 83.4325 84.3355 2
    endloop
  endfacet
  facet normal -0.553964 -0.502278 0.663958
    outer loop
      vertex 83.4409 84.3262 2
      vertex 82.9296 83.8326 1.2
      vertex 83.0054 83.749 1.2
    endloop
  endfacet
  facet normal -0.3195 -0.67612 0.663914
    outer loop
      vertex 82.6586 84.0337 1.2
      vertex 82.9825 84.6662 2
      vertex 82.5566 84.0819 1.2
    endloop
  endfacet
  facet normal -0.322416 -0.674686 0.663962
    outer loop
      vertex 82.9825 84.6662 2
      vertex 82.6586 84.0337 1.2
      vertex 82.9938 84.6608 2
    endloop
  endfacet
  facet normal 0.677067 -0.317562 0.663879
    outer loop
      vertex 80.4698 83.8855 2
      vertex 81.1023 83.5616 1.2
      vertex 80.4751 83.8968 2
    endloop
  endfacet
  facet normal 0.675856 -0.320038 0.663924
    outer loop
      vertex 81.1023 83.5616 1.2
      vertex 80.4698 83.8855 2
      vertex 81.054 83.4596 1.2
    endloop
  endfacet
  facet normal -0.385611 -0.640707 0.663926
    outer loop
      vertex 83.1397 84.5734 2
      vertex 82.7554 83.9757 1.2
      vertex 83.1505 84.5669 2
    endloop
  endfacet
  facet normal -0.384359 -0.641482 0.663904
    outer loop
      vertex 82.7554 83.9757 1.2
      vertex 83.1397 84.5734 2
      vertex 82.6586 84.0337 1.2
    endloop
  endfacet
  facet normal -0.746883 0.0369265 0.663929
    outer loop
      vertex 83.9686 82.8371 2
      vertex 83.977 83.007 2
      vertex 83.2609 82.9068 1.2
    endloop
  endfacet
  facet normal 0.035854 -0.746959 0.663903
    outer loop
      vertex 82.0038 84.1639 1.2
      vertex 81.9466 84.8722 2
      vertex 81.9341 84.8716 2
    endloop
  endfacet
  facet normal 0.0371121 -0.74688 0.663922
    outer loop
      vertex 81.9466 84.8722 2
      vertex 82.0038 84.1639 1.2
      vertex 82.1165 84.1695 1.2
    endloop
  endfacet
  facet normal -0.725438 -0.181579 0.663904
    outer loop
      vertex 83.9418 83.3826 2
      vertex 83.9005 83.5476 2
      vertex 83.2444 83.2438 1.2
    endloop
  endfacet
  facet normal -0.739124 -0.113253 0.66398
    outer loop
      vertex 83.2444 83.2438 1.2
      vertex 83.9437 83.3702 2
      vertex 83.9418 83.3826 2
    endloop
  endfacet
  facet normal -0.739759 -0.109373 0.663923
    outer loop
      vertex 83.9437 83.3702 2
      vertex 83.2444 83.2438 1.2
      vertex 83.2609 83.1322 1.2
    endloop
  endfacet
  facet normal -0.0364885 0.746914 0.663918
    outer loop
      vertex 82.2989 81.1673 2
      vertex 82.2292 81.875 1.2
      vertex 82.129 81.159 2
    endloop
  endfacet
  facet normal -0.036451 0.746913 0.663922
    outer loop
      vertex 82.1165 81.8695 1.2
      vertex 82.129 81.159 2
      vertex 82.2292 81.875 1.2
    endloop
  endfacet
  facet normal -0.0358528 0.746934 0.663931
    outer loop
      vertex 82.129 81.159 2
      vertex 82.1165 81.8695 1.2
      vertex 82.1165 81.1584 2
    endloop
  endfacet
  facet normal -0.676076 -0.319575 0.663923
    outer loop
      vertex 83.8359 83.7317 2
      vertex 83.7632 83.8855 2
      vertex 83.1789 83.4596 1.2
    endloop
  endfacet
  facet normal -0.704418 -0.250725 0.664027
    outer loop
      vertex 83.1789 83.4596 1.2
      vertex 83.8974 83.5597 2
      vertex 83.8932 83.5715 2
    endloop
  endfacet
  facet normal -0.704005 -0.252329 0.663857
    outer loop
      vertex 83.8974 83.5597 2
      vertex 83.1789 83.4596 1.2
      vertex 83.217 83.3533 1.2
    endloop
  endfacet
  facet normal -0.70412 -0.251848 0.663918
    outer loop
      vertex 83.8932 83.5715 2
      vertex 83.8359 83.7317 2
      vertex 83.1789 83.4596 1.2
    endloop
  endfacet
  facet normal 0.740073 -0.10743 0.66389
    outer loop
      vertex 80.2893 83.3702 2
      vertex 80.9886 83.2438 1.2
      vertex 80.2911 83.3826 2
    endloop
  endfacet
  facet normal 0.739654 -0.11002 0.663933
    outer loop
      vertex 80.9886 83.2438 1.2
      vertex 80.2893 83.3702 2
      vertex 80.972 83.1322 1.2
    endloop
  endfacet
  facet normal 0.384607 0.641304 0.663933
    outer loop
      vertex 81.2392 81.3781 2
      vertex 81.5744 82.0053 1.2
      vertex 81.0933 81.4656 2
    endloop
  endfacet
  facet normal 0.746934 0.0358528 0.663931
    outer loop
      vertex 80.256 83.007 2
      vertex 80.9665 83.0195 1.2
      vertex 80.2554 83.0195 2
    endloop
  endfacet
  facet normal 0.746913 0.036451 0.663922
    outer loop
      vertex 80.9665 83.0195 1.2
      vertex 80.256 83.007 2
      vertex 80.972 82.9068 1.2
    endloop
  endfacet
  facet normal -0.181999 -0.72536 0.663874
    outer loop
      vertex 82.6567 84.8004 2
      vertex 82.4917 84.8418 2
      vertex 82.4503 84.12 1.2
    endloop
  endfacet
  facet normal 0.704418 -0.250725 0.664027
    outer loop
      vertex 80.3355 83.5597 2
      vertex 81.054 83.4596 1.2
      vertex 80.3397 83.5715 2
    endloop
  endfacet
  facet normal 0.704161 -0.251723 0.663922
    outer loop
      vertex 81.054 83.4596 1.2
      vertex 80.3355 83.5597 2
      vertex 81.016 83.3533 1.2
    endloop
  endfacet
  facet normal -0.319575 -0.676076 0.663923
    outer loop
      vertex 82.9825 84.6662 2
      vertex 82.8287 84.7389 2
      vertex 82.5566 84.0819 1.2
    endloop
  endfacet
  facet normal -0.501952 -0.554257 0.66396
    outer loop
      vertex 83.4325 84.3355 2
      vertex 83.3064 84.4497 2
      vertex 82.9296 83.8326 1.2
    endloop
  endfacet
  facet normal 0.502188 -0.554078 0.663932
    outer loop
      vertex 81.3033 83.8326 1.2
      vertex 80.9265 84.4497 2
      vertex 80.8005 84.3355 2
    endloop
  endfacet
  facet normal 0.746934 -0.0358528 0.663931
    outer loop
      vertex 80.9665 83.0195 1.2
      vertex 80.256 83.032 2
      vertex 80.2554 83.0195 2
    endloop
  endfacet
  facet normal 0.746913 -0.036451 0.663922
    outer loop
      vertex 80.256 83.032 2
      vertex 80.9665 83.0195 1.2
      vertex 80.972 83.1322 1.2
    endloop
  endfacet
  facet normal -0.501978 0.554286 0.663917
    outer loop
      vertex 83.2971 81.5808 2
      vertex 83.4232 81.695 2
      vertex 82.846 82.1305 1.2
    endloop
  endfacet
  facet normal -0.252329 -0.704005 0.663857
    outer loop
      vertex 82.5566 84.0819 1.2
      vertex 82.6567 84.8004 2
      vertex 82.4503 84.12 1.2
    endloop
  endfacet
  facet normal -0.250725 -0.704418 0.664027
    outer loop
      vertex 82.6567 84.8004 2
      vertex 82.5566 84.0819 1.2
      vertex 82.6685 84.7962 2
    endloop
  endfacet
  facet normal 0.320043 0.675867 0.66391
    outer loop
      vertex 81.5744 82.0053 1.2
      vertex 81.4043 81.3 2
      vertex 81.6764 81.957 1.2
    endloop
  endfacet
  facet normal 0.320132 0.675834 0.6639
    outer loop
      vertex 81.4043 81.3 2
      vertex 81.5744 82.0053 1.2
      vertex 81.3929 81.3054 2
    endloop
  endfacet
  facet normal -0.448638 0.598184 0.664003
    outer loop
      vertex 82.846 82.1305 1.2
      vertex 83.2871 81.5733 2
      vertex 83.2971 81.5808 2
    endloop
  endfacet
  facet normal -0.44548 0.600602 0.663946
    outer loop
      vertex 83.2871 81.5733 2
      vertex 82.846 82.1305 1.2
      vertex 82.7554 82.0633 1.2
    endloop
  endfacet
  facet normal 0.739676 0.109925 0.663924
    outer loop
      vertex 80.2893 82.6688 2
      vertex 80.9886 82.7951 1.2
      vertex 80.972 82.9068 1.2
    endloop
  endfacet
  facet normal 0.74008 0.107431 0.663883
    outer loop
      vertex 80.9886 82.7951 1.2
      vertex 80.2893 82.6688 2
      vertex 80.2911 82.6564 2
    endloop
  endfacet
  facet normal -0.250766 0.704533 0.66389
    outer loop
      vertex 82.5566 81.957 1.2
      vertex 82.8169 81.2958 2
      vertex 82.8287 81.3 2
    endloop
  endfacet
  facet normal -0.251728 0.704175 0.663906
    outer loop
      vertex 82.8169 81.2958 2
      vertex 82.5566 81.957 1.2
      vertex 82.4503 81.919 1.2
    endloop
  endfacet
  facet normal -0.67612 0.3195 0.663914
    outer loop
      vertex 83.1307 82.4774 1.2
      vertex 83.7632 82.1535 2
      vertex 83.1789 82.5794 1.2
    endloop
  endfacet
  facet normal -0.674686 0.322416 0.663962
    outer loop
      vertex 83.7632 82.1535 2
      vertex 83.1307 82.4774 1.2
      vertex 83.7578 82.1422 2
    endloop
  endfacet
  facet normal -0.676076 0.319575 0.663923
    outer loop
      vertex 83.7632 82.1535 2
      vertex 83.8359 82.3073 2
      vertex 83.1789 82.5794 1.2
    endloop
  endfacet
  facet normal -0.384607 0.641304 0.663933
    outer loop
      vertex 82.9938 81.3781 2
      vertex 83.1397 81.4656 2
      vertex 82.6586 82.0053 1.2
    endloop
  endfacet
  facet normal 0.641465 0.384349 0.663927
    outer loop
      vertex 81.1023 82.4774 1.2
      vertex 80.4816 82.1314 2
      vertex 81.1603 82.3806 1.2
    endloop
  endfacet
  facet normal 0.640725 0.385621 0.663904
    outer loop
      vertex 80.4816 82.1314 2
      vertex 81.1023 82.4774 1.2
      vertex 80.4751 82.1422 2
    endloop
  endfacet
  facet normal 0.322416 -0.674686 0.663962
    outer loop
      vertex 81.5744 84.0337 1.2
      vertex 81.2505 84.6662 2
      vertex 81.2392 84.6608 2
    endloop
  endfacet
  facet normal 0.3195 -0.67612 0.663914
    outer loop
      vertex 81.2505 84.6662 2
      vertex 81.5744 84.0337 1.2
      vertex 81.6764 84.0819 1.2
    endloop
  endfacet
  facet normal -0.181984 0.725299 0.663945
    outer loop
      vertex 82.4796 81.1941 2
      vertex 82.6446 81.2355 2
      vertex 82.3408 81.8916 1.2
    endloop
  endfacet
  facet normal -0.640707 -0.385611 0.663926
    outer loop
      vertex 83.0727 83.6584 1.2
      vertex 83.6704 84.0427 2
      vertex 83.6639 84.0535 2
    endloop
  endfacet
  facet normal -0.641482 -0.384359 0.663904
    outer loop
      vertex 83.6704 84.0427 2
      vertex 83.0727 83.6584 1.2
      vertex 83.1307 83.5616 1.2
    endloop
  endfacet
  facet normal -0.3843 -0.641525 0.663897
    outer loop
      vertex 83.1397 84.5734 2
      vertex 82.9938 84.6608 2
      vertex 82.6586 84.0337 1.2
    endloop
  endfacet
  facet normal 0.109925 0.739676 0.663924
    outer loop
      vertex 81.8921 81.8916 1.2
      vertex 81.7658 81.1923 2
      vertex 82.0038 81.875 1.2
    endloop
  endfacet
  facet normal 0.107431 0.74008 0.663883
    outer loop
      vertex 81.7658 81.1923 2
      vertex 81.8921 81.8916 1.2
      vertex 81.7534 81.1941 2
    endloop
  endfacet
  facet normal 0.600647 -0.445429 0.66394
    outer loop
      vertex 81.1603 83.6584 1.2
      vertex 80.6703 84.1901 2
      vertex 80.569 84.0535 2
    endloop
  endfacet
  facet normal 0.251937 0.704097 0.66391
    outer loop
      vertex 81.6764 81.957 1.2
      vertex 81.4161 81.2958 2
      vertex 81.7826 81.919 1.2
    endloop
  endfacet
  facet normal 0.250766 0.704533 0.66389
    outer loop
      vertex 81.4161 81.2958 2
      vertex 81.6764 81.957 1.2
      vertex 81.4043 81.3 2
    endloop
  endfacet
  facet normal 0.3843 -0.641525 0.663897
    outer loop
      vertex 81.5744 84.0337 1.2
      vertex 81.2392 84.6608 2
      vertex 81.0933 84.5734 2
    endloop
  endfacet
  facet normal -0.600541 0.445606 0.663917
    outer loop
      vertex 83.0054 82.2899 1.2
      vertex 83.5626 81.8489 2
      vertex 83.0727 82.3806 1.2
    endloop
  endfacet
  facet normal -0.600375 0.445823 0.663921
    outer loop
      vertex 83.5626 81.8489 2
      vertex 83.0054 82.2899 1.2
      vertex 83.5551 81.8388 2
    endloop
  endfacet
  facet normal 0.445451 -0.600677 0.663898
    outer loop
      vertex 81.4776 83.9757 1.2
      vertex 81.0825 84.5669 2
      vertex 80.9459 84.4656 2
    endloop
  endfacet
  facet normal 0.725466 0.181532 0.663887
    outer loop
      vertex 80.3325 82.4914 2
      vertex 81.016 82.6856 1.2
      vertex 80.9886 82.7951 1.2
    endloop
  endfacet
  facet normal 0.726244 0.178584 0.663836
    outer loop
      vertex 81.016 82.6856 1.2
      vertex 80.3325 82.4914 2
      vertex 80.3355 82.4792 2
    endloop
  endfacet
  facet normal 0.25072 -0.704403 0.664045
    outer loop
      vertex 81.6764 84.0819 1.2
      vertex 81.5762 84.8004 2
      vertex 81.5644 84.7962 2
    endloop
  endfacet
  facet normal 0.252541 -0.703934 0.663852
    outer loop
      vertex 81.5762 84.8004 2
      vertex 81.6764 84.0819 1.2
      vertex 81.7826 84.12 1.2
    endloop
  endfacet
  facet normal 0.551932 -0.504454 0.664001
    outer loop
      vertex 80.792 84.3262 2
      vertex 81.3033 83.8326 1.2
      vertex 80.8005 84.3355 2
    endloop
  endfacet
  facet normal 0.553964 -0.502278 0.663958
    outer loop
      vertex 81.3033 83.8326 1.2
      vertex 80.792 84.3262 2
      vertex 81.2275 83.749 1.2
    endloop
  endfacet
  facet normal 0.50123 -0.554934 0.66394
    outer loop
      vertex 80.9265 84.4497 2
      vertex 81.3869 83.9084 1.2
      vertex 80.9358 84.4581 2
    endloop
  endfacet
  facet normal 0.502302 -0.55399 0.663918
    outer loop
      vertex 81.3869 83.9084 1.2
      vertex 80.9265 84.4497 2
      vertex 81.3033 83.8326 1.2
    endloop
  endfacet
  facet normal 0.553987 0.502299 0.663923
    outer loop
      vertex 80.792 81.7128 2
      vertex 81.3033 82.2063 1.2
      vertex 81.2275 82.2899 1.2
    endloop
  endfacet
  facet normal 0.551955 0.504475 0.663966
    outer loop
      vertex 81.3033 82.2063 1.2
      vertex 80.792 81.7128 2
      vertex 80.8005 81.7035 2
    endloop
  endfacet
  facet normal 0.675914 0.319938 0.663913
    outer loop
      vertex 80.4698 82.1535 2
      vertex 81.054 82.5794 1.2
      vertex 80.397 82.3073 2
    endloop
  endfacet
  facet normal 0.704091 0.251935 0.663916
    outer loop
      vertex 80.3355 82.4792 2
      vertex 81.054 82.5794 1.2
      vertex 81.016 82.6856 1.2
    endloop
  endfacet
  facet normal 0.704403 0.25072 0.664045
    outer loop
      vertex 81.054 82.5794 1.2
      vertex 80.3355 82.4792 2
      vertex 80.3397 82.4674 2
    endloop
  endfacet
  facet normal 0.598184 -0.448638 0.664003
    outer loop
      vertex 80.6703 84.1901 2
      vertex 81.2275 83.749 1.2
      vertex 80.6778 84.2001 2
    endloop
  endfacet
  facet normal 0.600602 -0.44548 0.663946
    outer loop
      vertex 81.2275 83.749 1.2
      vertex 80.6703 84.1901 2
      vertex 81.1603 83.6584 1.2
    endloop
  endfacet
  facet normal 0.251987 -0.704067 0.663922
    outer loop
      vertex 81.6764 84.0819 1.2
      vertex 81.5644 84.7962 2
      vertex 81.4043 84.7389 2
    endloop
  endfacet
  facet normal 0.178506 -0.725926 0.664204
    outer loop
      vertex 81.7826 84.12 1.2
      vertex 81.7534 84.8448 2
      vertex 81.7412 84.8418 2
    endloop
  endfacet
  facet normal 0.181531 -0.72546 0.663893
    outer loop
      vertex 81.7534 84.8448 2
      vertex 81.7826 84.12 1.2
      vertex 81.8921 84.1474 1.2
    endloop
  endfacet
  facet normal 0.181999 -0.72536 0.663874
    outer loop
      vertex 81.7826 84.12 1.2
      vertex 81.7412 84.8418 2
      vertex 81.5762 84.8004 2
    endloop
  endfacet
  facet normal 0.113254 -0.739131 0.663973
    outer loop
      vertex 81.8921 84.1474 1.2
      vertex 81.7658 84.8467 2
      vertex 81.7534 84.8448 2
    endloop
  endfacet
  facet normal 0.109278 -0.739781 0.663914
    outer loop
      vertex 81.7658 84.8467 2
      vertex 81.8921 84.1474 1.2
      vertex 82.0038 84.1639 1.2
    endloop
  endfacet
  facet normal 0.72531 0.181987 0.663932
    outer loop
      vertex 80.3325 82.4914 2
      vertex 80.9886 82.7951 1.2
      vertex 80.2911 82.6564 2
    endloop
  endfacet
  facet normal 0.445606 -0.600541 0.663917
    outer loop
      vertex 80.9459 84.4656 2
      vertex 81.3869 83.9084 1.2
      vertex 81.4776 83.9757 1.2
    endloop
  endfacet
  facet normal 0.445823 -0.600375 0.663921
    outer loop
      vertex 81.3869 83.9084 1.2
      vertex 80.9459 84.4656 2
      vertex 80.9358 84.4581 2
    endloop
  endfacet
  facet normal 0.384359 0.641482 0.663904
    outer loop
      vertex 81.4776 82.0633 1.2
      vertex 81.0933 81.4656 2
      vertex 81.5744 82.0053 1.2
    endloop
  endfacet
  facet normal 0.381267 0.643388 0.663843
    outer loop
      vertex 81.0933 81.4656 2
      vertex 81.4776 82.0633 1.2
      vertex 81.0825 81.472 2
    endloop
  endfacet
  facet normal 0.445429 0.600647 0.66394
    outer loop
      vertex 81.0825 81.472 2
      vertex 81.4776 82.0633 1.2
      vertex 80.9459 81.5733 2
    endloop
  endfacet
  facet normal 0.109445 -0.739742 0.66393
    outer loop
      vertex 82.0038 84.1639 1.2
      vertex 81.9341 84.8716 2
      vertex 81.7658 84.8467 2
    endloop
  endfacet
  facet normal 0.641497 0.384283 0.663934
    outer loop
      vertex 80.569 81.9855 2
      vertex 81.1603 82.3806 1.2
      vertex 80.4816 82.1314 2
    endloop
  endfacet
  facet normal 0.600864 0.445183 0.663909
    outer loop
      vertex 80.6703 81.8489 2
      vertex 81.2275 82.2899 1.2
      vertex 81.1603 82.3806 1.2
    endloop
  endfacet
  facet normal 0.600375 0.445823 0.663921
    outer loop
      vertex 81.2275 82.2899 1.2
      vertex 80.6703 81.8489 2
      vertex 80.6778 81.8388 2
    endloop
  endfacet
  facet normal -0.746913 -0.036451 0.663922
    outer loop
      vertex 26.1305 83.0195 1.2
      vertex 26.841 83.032 2
      vertex 26.125 83.1322 1.2
    endloop
  endfacet
  facet normal -0.746934 -0.0358528 0.663931
    outer loop
      vertex 26.841 83.032 2
      vertex 26.1305 83.0195 1.2
      vertex 26.8416 83.0195 2
    endloop
  endfacet
  facet normal 0.502278 0.553964 0.663958
    outer loop
      vertex 24.1674 82.2063 1.2
      vertex 23.6738 81.695 2
      vertex 24.251 82.1305 1.2
    endloop
  endfacet
  facet normal 0.504454 0.551932 0.664001
    outer loop
      vertex 23.6738 81.695 2
      vertex 24.1674 82.2063 1.2
      vertex 23.6645 81.7035 2
    endloop
  endfacet
  facet normal 0.0364885 0.746914 0.663918
    outer loop
      vertex 24.968 81.159 2
      vertex 24.8678 81.875 1.2
      vertex 24.7981 81.1673 2
    endloop
  endfacet
  facet normal 0.55399 -0.502302 0.663918
    outer loop
      vertex 23.5503 84.2094 2
      vertex 24.0916 83.749 1.2
      vertex 24.1674 83.8326 1.2
    endloop
  endfacet
  facet normal 0.554934 -0.50123 0.66394
    outer loop
      vertex 24.0916 83.749 1.2
      vertex 23.5503 84.2094 2
      vertex 23.5419 84.2001 2
    endloop
  endfacet
  facet normal 0.554257 -0.501952 0.66396
    outer loop
      vertex 24.1674 83.8326 1.2
      vertex 23.6645 84.3355 2
      vertex 23.5503 84.2094 2
    endloop
  endfacet
  facet normal 0.674686 -0.322416 0.663962
    outer loop
      vertex 23.3338 83.8855 2
      vertex 23.9663 83.5616 1.2
      vertex 23.3392 83.8968 2
    endloop
  endfacet
  facet normal 0.67612 -0.3195 0.663914
    outer loop
      vertex 23.9663 83.5616 1.2
      vertex 23.3338 83.8855 2
      vertex 23.9181 83.4596 1.2
    endloop
  endfacet
  facet normal -0.725868 -0.179967 0.663873
    outer loop
      vertex 26.081 83.3533 1.2
      vertex 26.7645 83.5476 2
      vertex 26.7615 83.5597 2
    endloop
  endfacet
  facet normal -0.725455 -0.181529 0.663899
    outer loop
      vertex 26.7645 83.5476 2
      vertex 26.081 83.3533 1.2
      vertex 26.1084 83.2438 1.2
    endloop
  endfacet
  facet normal -0.600647 0.445429 0.66394
    outer loop
      vertex 26.4267 81.8489 2
      vertex 26.528 81.9855 2
      vertex 25.9367 82.3806 1.2
    endloop
  endfacet
  facet normal -0.675867 0.320043 0.66391
    outer loop
      vertex 25.9947 82.4774 1.2
      vertex 26.7 82.3073 2
      vertex 26.043 82.5794 1.2
    endloop
  endfacet
  facet normal -0.675834 0.320132 0.6639
    outer loop
      vertex 26.7 82.3073 2
      vertex 25.9947 82.4774 1.2
      vertex 26.6946 82.2959 2
    endloop
  endfacet
  facet normal 0.319575 -0.676076 0.663923
    outer loop
      vertex 24.5404 84.0819 1.2
      vertex 24.2683 84.7389 2
      vertex 24.1145 84.6662 2
    endloop
  endfacet
  facet normal -0.502188 -0.554078 0.663932
    outer loop
      vertex 26.2965 84.3355 2
      vertex 26.1705 84.4497 2
      vertex 25.7937 83.8326 1.2
    endloop
  endfacet
  facet normal 0.109876 0.739688 0.663919
    outer loop
      vertex 24.7981 81.1673 2
      vertex 24.8678 81.875 1.2
      vertex 24.6298 81.1923 2
    endloop
  endfacet
  facet normal 0.598184 -0.448638 0.664003
    outer loop
      vertex 23.5344 84.1901 2
      vertex 24.0916 83.749 1.2
      vertex 23.5419 84.2001 2
    endloop
  endfacet
  facet normal 0.600279 -0.445903 0.663954
    outer loop
      vertex 24.0916 83.749 1.2
      vertex 23.5344 84.1901 2
      vertex 24.0243 83.6584 1.2
    endloop
  endfacet
  facet normal -0.384283 0.641497 0.663934
    outer loop
      vertex 25.8686 81.3846 2
      vertex 26.0145 81.472 2
      vertex 25.6194 82.0633 1.2
    endloop
  endfacet
  facet normal 0.704418 -0.250725 0.664027
    outer loop
      vertex 23.1996 83.5597 2
      vertex 23.9181 83.4596 1.2
      vertex 23.2038 83.5715 2
    endloop
  endfacet
  facet normal 0.704005 -0.252329 0.663857
    outer loop
      vertex 23.9181 83.4596 1.2
      vertex 23.1996 83.5597 2
      vertex 23.88 83.3533 1.2
    endloop
  endfacet
  facet normal 0.704067 0.251987 0.663922
    outer loop
      vertex 23.2611 82.3073 2
      vertex 23.9181 82.5794 1.2
      vertex 23.2038 82.4674 2
    endloop
  endfacet
  facet normal 0.554078 0.502188 0.663932
    outer loop
      vertex 23.6645 81.7035 2
      vertex 24.1674 82.2063 1.2
      vertex 23.5503 81.8295 2
    endloop
  endfacet
  facet normal -0.676065 -0.319571 0.663935
    outer loop
      vertex 26.6946 83.743 2
      vertex 26.6219 83.8968 2
      vertex 25.9947 83.5616 1.2
    endloop
  endfacet
  facet normal 0.72546 0.181531 0.663893
    outer loop
      vertex 23.1552 82.6564 2
      vertex 23.88 82.6856 1.2
      vertex 23.8526 82.7951 1.2
    endloop
  endfacet
  facet normal 0.725926 0.178506 0.664204
    outer loop
      vertex 23.88 82.6856 1.2
      vertex 23.1552 82.6564 2
      vertex 23.1582 82.6442 2
    endloop
  endfacet
  facet normal -0.381205 -0.643284 0.663979
    outer loop
      vertex 25.5226 84.0337 1.2
      vertex 25.8686 84.6544 2
      vertex 25.8578 84.6608 2
    endloop
  endfacet
  facet normal -0.384349 -0.641465 0.663927
    outer loop
      vertex 25.8686 84.6544 2
      vertex 25.5226 84.0337 1.2
      vertex 25.6194 83.9757 1.2
    endloop
  endfacet
  facet normal -0.107431 0.74008 0.663883
    outer loop
      vertex 25.2049 81.8916 1.2
      vertex 25.3312 81.1923 2
      vertex 25.3436 81.1941 2
    endloop
  endfacet
  facet normal -0.109925 0.739676 0.663924
    outer loop
      vertex 25.3312 81.1923 2
      vertex 25.2049 81.8916 1.2
      vertex 25.0932 81.875 1.2
    endloop
  endfacet
  facet normal -0.3195 -0.67612 0.663914
    outer loop
      vertex 25.5226 84.0337 1.2
      vertex 25.8465 84.6662 2
      vertex 25.4206 84.0819 1.2
    endloop
  endfacet
  facet normal -0.322416 -0.674686 0.663962
    outer loop
      vertex 25.8465 84.6662 2
      vertex 25.5226 84.0337 1.2
      vertex 25.8578 84.6608 2
    endloop
  endfacet
  facet normal 0.50218 0.554069 0.663944
    outer loop
      vertex 23.7998 81.5808 2
      vertex 24.251 82.1305 1.2
      vertex 23.6738 81.695 2
    endloop
  endfacet
  facet normal 0.739742 -0.109445 0.66393
    outer loop
      vertex 23.8361 83.1322 1.2
      vertex 23.1533 83.3702 2
      vertex 23.1284 83.2019 2
    endloop
  endfacet
  facet normal -0.445451 -0.600677 0.663898
    outer loop
      vertex 26.1511 84.4656 2
      vertex 26.0145 84.5669 2
      vertex 25.6194 83.9757 1.2
    endloop
  endfacet
  facet normal -0.72531 0.181987 0.663932
    outer loop
      vertex 26.7645 82.4914 2
      vertex 26.8059 82.6564 2
      vertex 26.1084 82.7951 1.2
    endloop
  endfacet
  facet normal -0.319739 0.675981 0.66394
    outer loop
      vertex 25.7041 81.3054 2
      vertex 25.8578 81.3781 2
      vertex 25.5226 82.0053 1.2
    endloop
  endfacet
  facet normal 0.0358528 0.746934 0.663931
    outer loop
      vertex 24.9805 81.8695 1.2
      vertex 24.968 81.159 2
      vertex 24.9805 81.1584 2
    endloop
  endfacet
  facet normal 0.036451 0.746913 0.663922
    outer loop
      vertex 24.968 81.159 2
      vertex 24.9805 81.8695 1.2
      vertex 24.8678 81.875 1.2
    endloop
  endfacet
  facet normal 0.445451 -0.600677 0.663898
    outer loop
      vertex 24.3416 83.9757 1.2
      vertex 23.9465 84.5669 2
      vertex 23.8099 84.4656 2
    endloop
  endfacet
  facet normal 0.251848 -0.70412 0.663918
    outer loop
      vertex 24.5404 84.0819 1.2
      vertex 24.4285 84.7962 2
      vertex 24.2683 84.7389 2
    endloop
  endfacet
  facet normal 0.179925 -0.725697 0.664071
    outer loop
      vertex 24.6467 84.12 1.2
      vertex 24.6174 84.8448 2
      vertex 24.6053 84.8418 2
    endloop
  endfacet
  facet normal 0.181528 -0.725449 0.663906
    outer loop
      vertex 24.6174 84.8448 2
      vertex 24.6467 84.12 1.2
      vertex 24.7562 84.1474 1.2
    endloop
  endfacet
  facet normal 0.641525 -0.3843 0.663897
    outer loop
      vertex 23.9663 83.5616 1.2
      vertex 23.4266 84.0427 2
      vertex 23.3392 83.8968 2
    endloop
  endfacet
  facet normal -0.0369276 -0.746905 0.663905
    outer loop
      vertex 25.1504 84.8722 2
      vertex 24.9805 84.8806 2
      vertex 24.9805 84.1695 1.2
    endloop
  endfacet
  facet normal -0.739688 -0.109876 0.663919
    outer loop
      vertex 26.8327 83.2019 2
      vertex 26.8077 83.3702 2
      vertex 26.125 83.1322 1.2
    endloop
  endfacet
  facet normal 0.739124 -0.113253 0.66398
    outer loop
      vertex 23.1533 83.3702 2
      vertex 23.8526 83.2438 1.2
      vertex 23.1552 83.3826 2
    endloop
  endfacet
  facet normal 0.739759 -0.109373 0.663923
    outer loop
      vertex 23.8526 83.2438 1.2
      vertex 23.1533 83.3702 2
      vertex 23.8361 83.1322 1.2
    endloop
  endfacet
  facet normal -0.320132 0.675834 0.6639
    outer loop
      vertex 25.5226 82.0053 1.2
      vertex 25.6927 81.3 2
      vertex 25.7041 81.3054 2
    endloop
  endfacet
  facet normal -0.320043 0.675867 0.66391
    outer loop
      vertex 25.6927 81.3 2
      vertex 25.5226 82.0053 1.2
      vertex 25.4206 81.957 1.2
    endloop
  endfacet
  facet normal -0.251989 0.704073 0.663915
    outer loop
      vertex 25.5208 81.2385 2
      vertex 25.6809 81.2958 2
      vertex 25.3144 81.919 1.2
    endloop
  endfacet
  facet normal 0.0369276 -0.746905 0.663905
    outer loop
      vertex 24.9805 84.1695 1.2
      vertex 24.9805 84.8806 2
      vertex 24.8106 84.8722 2
    endloop
  endfacet
  facet normal -0.109445 -0.739742 0.66393
    outer loop
      vertex 25.3312 84.8467 2
      vertex 25.1629 84.8716 2
      vertex 25.0932 84.1639 1.2
    endloop
  endfacet
  facet normal 0.251848 0.70412 0.663919
    outer loop
      vertex 24.4403 81.2385 2
      vertex 24.6467 81.919 1.2
      vertex 24.2801 81.2958 2
    endloop
  endfacet
  facet normal 0.250725 -0.704418 0.664027
    outer loop
      vertex 24.5404 84.0819 1.2
      vertex 24.4403 84.8004 2
      vertex 24.4285 84.7962 2
    endloop
  endfacet
  facet normal 0.252329 -0.704005 0.663857
    outer loop
      vertex 24.4403 84.8004 2
      vertex 24.5404 84.0819 1.2
      vertex 24.6467 84.12 1.2
    endloop
  endfacet
  facet normal 0.319571 0.676065 0.663935
    outer loop
      vertex 24.257 81.3054 2
      vertex 24.4384 82.0053 1.2
      vertex 24.1032 81.3781 2
    endloop
  endfacet
  facet normal 0.3843 -0.641525 0.663897
    outer loop
      vertex 24.4384 84.0337 1.2
      vertex 24.1032 84.6608 2
      vertex 23.9573 84.5734 2
    endloop
  endfacet
  facet normal -0.181999 -0.72536 0.663874
    outer loop
      vertex 25.5208 84.8004 2
      vertex 25.3558 84.8418 2
      vertex 25.3144 84.12 1.2
    endloop
  endfacet
  facet normal 0.739742 0.109445 0.66393
    outer loop
      vertex 23.1533 82.6688 2
      vertex 23.8361 82.9068 1.2
      vertex 23.1284 82.8371 2
    endloop
  endfacet
  facet normal 0.72536 -0.181999 0.663874
    outer loop
      vertex 23.88 83.3533 1.2
      vertex 23.1996 83.5597 2
      vertex 23.1582 83.3947 2
    endloop
  endfacet
  facet normal -0.746934 0.0358528 0.663931
    outer loop
      vertex 26.1305 83.0195 1.2
      vertex 26.841 83.007 2
      vertex 26.8416 83.0195 2
    endloop
  endfacet
  facet normal -0.746913 0.036451 0.663922
    outer loop
      vertex 26.841 83.007 2
      vertex 26.1305 83.0195 1.2
      vertex 26.125 82.9068 1.2
    endloop
  endfacet
  facet normal 0.703934 0.252541 0.663852
    outer loop
      vertex 23.1996 82.4792 2
      vertex 23.9181 82.5794 1.2
      vertex 23.88 82.6856 1.2
    endloop
  endfacet
  facet normal 0.704403 0.25072 0.664045
    outer loop
      vertex 23.9181 82.5794 1.2
      vertex 23.1996 82.4792 2
      vertex 23.2038 82.4674 2
    endloop
  endfacet
  facet normal 0.72536 0.181999 0.663874
    outer loop
      vertex 23.1996 82.4792 2
      vertex 23.88 82.6856 1.2
      vertex 23.1582 82.6442 2
    endloop
  endfacet
  facet normal 0.384607 0.641304 0.663933
    outer loop
      vertex 24.1032 81.3781 2
      vertex 24.4384 82.0053 1.2
      vertex 23.9573 81.4656 2
    endloop
  endfacet
  facet normal -0.746914 -0.0364885 0.663918
    outer loop
      vertex 26.841 83.032 2
      vertex 26.8327 83.2019 2
      vertex 26.125 83.1322 1.2
    endloop
  endfacet
  facet normal -0.739688 0.109876 0.663919
    outer loop
      vertex 26.8077 82.6688 2
      vertex 26.8327 82.8371 2
      vertex 26.125 82.9068 1.2
    endloop
  endfacet
  facet normal 0.181984 0.725299 0.663945
    outer loop
      vertex 24.6174 81.1941 2
      vertex 24.7562 81.8916 1.2
      vertex 24.4524 81.2355 2
    endloop
  endfacet
  facet normal 0.746905 0.0369276 0.663905
    outer loop
      vertex 23.1278 82.8496 2
      vertex 23.8305 83.0195 1.2
      vertex 23.1194 83.0195 2
    endloop
  endfacet
  facet normal 0.746905 -0.0369276 0.663905
    outer loop
      vertex 23.8305 83.0195 1.2
      vertex 23.1278 83.1894 2
      vertex 23.1194 83.0195 2
    endloop
  endfacet
  facet normal 0.44548 0.600602 0.663946
    outer loop
      vertex 24.251 82.1305 1.2
      vertex 23.8099 81.5733 2
      vertex 24.3416 82.0633 1.2
    endloop
  endfacet
  facet normal 0.445807 0.600353 0.663952
    outer loop
      vertex 23.8099 81.5733 2
      vertex 24.251 82.1305 1.2
      vertex 23.7998 81.5808 2
    endloop
  endfacet
  facet normal -0.641304 -0.384607 0.663933
    outer loop
      vertex 26.6219 83.8968 2
      vertex 26.5344 84.0427 2
      vertex 25.9947 83.5616 1.2
    endloop
  endfacet
  facet normal 0.74688 0.0371121 0.663922
    outer loop
      vertex 23.1278 82.8496 2
      vertex 23.8361 82.9068 1.2
      vertex 23.8305 83.0195 1.2
    endloop
  endfacet
  facet normal 0.746959 0.035854 0.663903
    outer loop
      vertex 23.8361 82.9068 1.2
      vertex 23.1278 82.8496 2
      vertex 23.1284 82.8371 2
    endloop
  endfacet
  facet normal -0.504475 0.551955 0.663966
    outer loop
      vertex 25.7937 82.2063 1.2
      vertex 26.2872 81.695 2
      vertex 26.2965 81.7035 2
    endloop
  endfacet
  facet normal -0.502299 0.553987 0.663923
    outer loop
      vertex 26.2872 81.695 2
      vertex 25.7937 82.2063 1.2
      vertex 25.7101 82.1305 1.2
    endloop
  endfacet
  facet normal -0.554286 -0.501978 0.663917
    outer loop
      vertex 26.4192 84.2001 2
      vertex 26.305 84.3262 2
      vertex 25.8695 83.749 1.2
    endloop
  endfacet
  facet normal 0.70412 -0.251848 0.663918
    outer loop
      vertex 23.9181 83.4596 1.2
      vertex 23.2611 83.7317 2
      vertex 23.2038 83.5715 2
    endloop
  endfacet
  facet normal -0.109876 0.739688 0.663919
    outer loop
      vertex 25.1629 81.1673 2
      vertex 25.3312 81.1923 2
      vertex 25.0932 81.875 1.2
    endloop
  endfacet
  facet normal -0.0371121 -0.74688 0.663922
    outer loop
      vertex 25.0932 84.1639 1.2
      vertex 25.1504 84.8722 2
      vertex 24.9805 84.1695 1.2
    endloop
  endfacet
  facet normal -0.035854 -0.746959 0.663903
    outer loop
      vertex 25.1504 84.8722 2
      vertex 25.0932 84.1639 1.2
      vertex 25.1629 84.8716 2
    endloop
  endfacet
  facet normal -0.70412 -0.251848 0.663919
    outer loop
      vertex 26.7615 83.5597 2
      vertex 26.7042 83.7199 2
      vertex 26.081 83.3533 1.2
    endloop
  endfacet
  facet normal -0.725466 0.181532 0.663887
    outer loop
      vertex 26.081 82.6856 1.2
      vertex 26.7645 82.4914 2
      vertex 26.1084 82.7951 1.2
    endloop
  endfacet
  facet normal -0.726244 0.178584 0.663836
    outer loop
      vertex 26.7645 82.4914 2
      vertex 26.081 82.6856 1.2
      vertex 26.7615 82.4792 2
    endloop
  endfacet
  facet normal -0.704097 0.251937 0.66391
    outer loop
      vertex 26.043 82.5794 1.2
      vertex 26.7042 82.3191 2
      vertex 26.081 82.6856 1.2
    endloop
  endfacet
  facet normal -0.704533 0.250766 0.66389
    outer loop
      vertex 26.7042 82.3191 2
      vertex 26.043 82.5794 1.2
      vertex 26.7 82.3073 2
    endloop
  endfacet
  facet normal 0.113253 -0.739124 0.66398
    outer loop
      vertex 24.7562 84.1474 1.2
      vertex 24.6298 84.8467 2
      vertex 24.6174 84.8448 2
    endloop
  endfacet
  facet normal 0.109373 -0.739759 0.663923
    outer loop
      vertex 24.6298 84.8467 2
      vertex 24.7562 84.1474 1.2
      vertex 24.8678 84.1639 1.2
    endloop
  endfacet
  facet normal -0.739676 0.109925 0.663924
    outer loop
      vertex 26.1084 82.7951 1.2
      vertex 26.8077 82.6688 2
      vertex 26.125 82.9068 1.2
    endloop
  endfacet
  facet normal -0.74008 0.107431 0.663883
    outer loop
      vertex 26.8077 82.6688 2
      vertex 26.1084 82.7951 1.2
      vertex 26.8059 82.6564 2
    endloop
  endfacet
  facet normal -0.251987 -0.704067 0.663922
    outer loop
      vertex 25.6927 84.7389 2
      vertex 25.5326 84.7962 2
      vertex 25.4206 84.0819 1.2
    endloop
  endfacet
  facet normal 0.676076 -0.319575 0.663923
    outer loop
      vertex 23.9181 83.4596 1.2
      vertex 23.3338 83.8855 2
      vertex 23.2611 83.7317 2
    endloop
  endfacet
  facet normal 0.64133 0.384622 0.663898
    outer loop
      vertex 23.4331 81.9855 2
      vertex 24.0243 82.3806 1.2
      vertex 23.3456 82.1314 2
    endloop
  endfacet
  facet normal -0.0364885 0.746914 0.663918
    outer loop
      vertex 25.1629 81.1673 2
      vertex 25.0932 81.875 1.2
      vertex 24.993 81.159 2
    endloop
  endfacet
  facet normal -0.036451 0.746913 0.663922
    outer loop
      vertex 24.9805 81.8695 1.2
      vertex 24.993 81.159 2
      vertex 25.0932 81.875 1.2
    endloop
  endfacet
  facet normal -0.0358528 0.746934 0.663931
    outer loop
      vertex 24.993 81.159 2
      vertex 24.9805 81.8695 1.2
      vertex 24.9805 81.1584 2
    endloop
  endfacet
  facet normal -0.554092 0.502201 0.663909
    outer loop
      vertex 26.305 81.7128 2
      vertex 26.4192 81.8388 2
      vertex 25.8695 82.2899 1.2
    endloop
  endfacet
  facet normal -0.181531 -0.72546 0.663893
    outer loop
      vertex 25.3144 84.12 1.2
      vertex 25.3436 84.8448 2
      vertex 25.2049 84.1474 1.2
    endloop
  endfacet
  facet normal -0.178506 -0.725926 0.664204
    outer loop
      vertex 25.3436 84.8448 2
      vertex 25.3144 84.12 1.2
      vertex 25.3558 84.8418 2
    endloop
  endfacet
  facet normal -0.643388 -0.381267 0.663843
    outer loop
      vertex 25.9367 83.6584 1.2
      vertex 26.5344 84.0427 2
      vertex 26.528 84.0535 2
    endloop
  endfacet
  facet normal -0.641482 -0.384359 0.663904
    outer loop
      vertex 26.5344 84.0427 2
      vertex 25.9367 83.6584 1.2
      vertex 25.9947 83.5616 1.2
    endloop
  endfacet
  facet normal 0.600677 0.445451 0.663898
    outer loop
      vertex 23.5344 81.8489 2
      vertex 24.0243 82.3806 1.2
      vertex 23.4331 81.9855 2
    endloop
  endfacet
  facet normal -0.250766 0.704533 0.66389
    outer loop
      vertex 25.4206 81.957 1.2
      vertex 25.6809 81.2958 2
      vertex 25.6927 81.3 2
    endloop
  endfacet
  facet normal -0.251937 0.704097 0.66391
    outer loop
      vertex 25.6809 81.2958 2
      vertex 25.4206 81.957 1.2
      vertex 25.3144 81.919 1.2
    endloop
  endfacet
  facet normal -0.746914 0.0364885 0.663918
    outer loop
      vertex 26.8327 82.8371 2
      vertex 26.841 83.007 2
      vertex 26.125 82.9068 1.2
    endloop
  endfacet
  facet normal -0.725299 -0.181984 0.663945
    outer loop
      vertex 26.8059 83.3826 2
      vertex 26.7645 83.5476 2
      vertex 26.1084 83.2438 1.2
    endloop
  endfacet
  facet normal -0.740073 -0.10743 0.66389
    outer loop
      vertex 26.1084 83.2438 1.2
      vertex 26.8077 83.3702 2
      vertex 26.8059 83.3826 2
    endloop
  endfacet
  facet normal -0.739654 -0.11002 0.663933
    outer loop
      vertex 26.8077 83.3702 2
      vertex 26.1084 83.2438 1.2
      vertex 26.125 83.1322 1.2
    endloop
  endfacet
  facet normal 0.181999 -0.72536 0.663874
    outer loop
      vertex 24.6467 84.12 1.2
      vertex 24.6053 84.8418 2
      vertex 24.4403 84.8004 2
    endloop
  endfacet
  facet normal 0.55399 0.502302 0.663918
    outer loop
      vertex 24.0916 82.2899 1.2
      vertex 23.5503 81.8295 2
      vertex 24.1674 82.2063 1.2
    endloop
  endfacet
  facet normal 0.554934 0.50123 0.66394
    outer loop
      vertex 23.5503 81.8295 2
      vertex 24.0916 82.2899 1.2
      vertex 23.5419 81.8388 2
    endloop
  endfacet
  facet normal 0.501952 -0.554257 0.66396
    outer loop
      vertex 24.1674 83.8326 1.2
      vertex 23.7906 84.4497 2
      vertex 23.6645 84.3355 2
    endloop
  endfacet
  facet normal 0.320043 0.675867 0.66391
    outer loop
      vertex 24.4384 82.0053 1.2
      vertex 24.2683 81.3 2
      vertex 24.5404 81.957 1.2
    endloop
  endfacet
  facet normal 0.322542 0.67495 0.663633
    outer loop
      vertex 24.2683 81.3 2
      vertex 24.4384 82.0053 1.2
      vertex 24.257 81.3054 2
    endloop
  endfacet
  facet normal 0.251728 0.704175 0.663906
    outer loop
      vertex 24.5404 81.957 1.2
      vertex 24.2801 81.2958 2
      vertex 24.6467 81.919 1.2
    endloop
  endfacet
  facet normal 0.250766 0.704533 0.66389
    outer loop
      vertex 24.2801 81.2958 2
      vertex 24.5404 81.957 1.2
      vertex 24.2683 81.3 2
    endloop
  endfacet
  facet normal -0.640725 0.385621 0.663904
    outer loop
      vertex 25.9947 82.4774 1.2
      vertex 26.6154 82.1314 2
      vertex 26.6219 82.1422 2
    endloop
  endfacet
  facet normal -0.641465 0.384349 0.663927
    outer loop
      vertex 26.6154 82.1314 2
      vertex 25.9947 82.4774 1.2
      vertex 25.9367 82.3806 1.2
    endloop
  endfacet
  facet normal 0.725697 -0.179925 0.664071
    outer loop
      vertex 23.1552 83.3826 2
      vertex 23.88 83.3533 1.2
      vertex 23.1582 83.3947 2
    endloop
  endfacet
  facet normal 0.725449 -0.181528 0.663906
    outer loop
      vertex 23.88 83.3533 1.2
      vertex 23.1552 83.3826 2
      vertex 23.8526 83.2438 1.2
    endloop
  endfacet
  facet normal -0.598184 -0.448638 0.664003
    outer loop
      vertex 25.8695 83.749 1.2
      vertex 26.4267 84.1901 2
      vertex 26.4192 84.2001 2
    endloop
  endfacet
  facet normal -0.600602 -0.44548 0.663946
    outer loop
      vertex 26.4267 84.1901 2
      vertex 25.8695 83.749 1.2
      vertex 25.9367 83.6584 1.2
    endloop
  endfacet
  facet normal -0.502201 0.554092 0.663909
    outer loop
      vertex 26.1612 81.5808 2
      vertex 26.2872 81.695 2
      vertex 25.7101 82.1305 1.2
    endloop
  endfacet
  facet normal 0.504248 -0.552271 0.663875
    outer loop
      vertex 23.7906 84.4497 2
      vertex 24.251 83.9084 1.2
      vertex 23.7998 84.4581 2
    endloop
  endfacet
  facet normal 0.502302 -0.55399 0.663918
    outer loop
      vertex 24.251 83.9084 1.2
      vertex 23.7906 84.4497 2
      vertex 24.1674 83.8326 1.2
    endloop
  endfacet
  facet normal 0.445903 -0.600279 0.663954
    outer loop
      vertex 23.8099 84.4656 2
      vertex 24.251 83.9084 1.2
      vertex 24.3416 83.9757 1.2
    endloop
  endfacet
  facet normal 0.445807 -0.600353 0.663952
    outer loop
      vertex 24.251 83.9084 1.2
      vertex 23.8099 84.4656 2
      vertex 23.7998 84.4581 2
    endloop
  endfacet
  facet normal -0.109278 -0.739781 0.663914
    outer loop
      vertex 25.2049 84.1474 1.2
      vertex 25.3312 84.8467 2
      vertex 25.0932 84.1639 1.2
    endloop
  endfacet
  facet normal -0.113254 -0.739131 0.663973
    outer loop
      vertex 25.3312 84.8467 2
      vertex 25.2049 84.1474 1.2
      vertex 25.3436 84.8448 2
    endloop
  endfacet
  facet normal -0.67495 -0.322542 0.663633
    outer loop
      vertex 25.9947 83.5616 1.2
      vertex 26.7 83.7317 2
      vertex 26.6946 83.743 2
    endloop
  endfacet
  facet normal -0.675867 -0.320043 0.66391
    outer loop
      vertex 26.7 83.7317 2
      vertex 25.9947 83.5616 1.2
      vertex 26.043 83.4596 1.2
    endloop
  endfacet
  facet normal 0.746959 -0.035854 0.663903
    outer loop
      vertex 23.1278 83.1894 2
      vertex 23.8361 83.1322 1.2
      vertex 23.1284 83.2019 2
    endloop
  endfacet
  facet normal 0.74688 -0.0371121 0.663922
    outer loop
      vertex 23.8361 83.1322 1.2
      vertex 23.1278 83.1894 2
      vertex 23.8305 83.0195 1.2
    endloop
  endfacet
  facet normal 0.600677 -0.445451 0.663898
    outer loop
      vertex 24.0243 83.6584 1.2
      vertex 23.5344 84.1901 2
      vertex 23.4331 84.0535 2
    endloop
  endfacet
  facet normal 0.640707 -0.385611 0.663926
    outer loop
      vertex 23.4266 84.0427 2
      vertex 24.0243 83.6584 1.2
      vertex 23.4331 84.0535 2
    endloop
  endfacet
  facet normal 0.641482 -0.384359 0.663904
    outer loop
      vertex 24.0243 83.6584 1.2
      vertex 23.4266 84.0427 2
      vertex 23.9663 83.5616 1.2
    endloop
  endfacet
  facet normal -0.704533 -0.250766 0.66389
    outer loop
      vertex 26.043 83.4596 1.2
      vertex 26.7042 83.7199 2
      vertex 26.7 83.7317 2
    endloop
  endfacet
  facet normal -0.704175 -0.251728 0.663906
    outer loop
      vertex 26.7042 83.7199 2
      vertex 26.043 83.4596 1.2
      vertex 26.081 83.3533 1.2
    endloop
  endfacet
  facet normal -0.551932 -0.504454 0.664001
    outer loop
      vertex 25.7937 83.8326 1.2
      vertex 26.305 84.3262 2
      vertex 26.2965 84.3355 2
    endloop
  endfacet
  facet normal -0.553964 -0.502278 0.663958
    outer loop
      vertex 26.305 84.3262 2
      vertex 25.7937 83.8326 1.2
      vertex 25.8695 83.749 1.2
    endloop
  endfacet
  facet normal -0.319575 -0.676076 0.663923
    outer loop
      vertex 25.8465 84.6662 2
      vertex 25.6927 84.7389 2
      vertex 25.4206 84.0819 1.2
    endloop
  endfacet
  facet normal 0.109445 -0.739742 0.66393
    outer loop
      vertex 24.8678 84.1639 1.2
      vertex 24.7981 84.8716 2
      vertex 24.6298 84.8467 2
    endloop
  endfacet
  facet normal 0.035854 -0.746959 0.663903
    outer loop
      vertex 24.8678 84.1639 1.2
      vertex 24.8106 84.8722 2
      vertex 24.7981 84.8716 2
    endloop
  endfacet
  facet normal 0.0371121 -0.74688 0.663922
    outer loop
      vertex 24.8106 84.8722 2
      vertex 24.8678 84.1639 1.2
      vertex 24.9805 84.1695 1.2
    endloop
  endfacet
  facet normal 0.641465 0.384349 0.663927
    outer loop
      vertex 23.9663 82.4774 1.2
      vertex 23.3456 82.1314 2
      vertex 24.0243 82.3806 1.2
    endloop
  endfacet
  facet normal 0.643284 0.381205 0.663979
    outer loop
      vertex 23.3456 82.1314 2
      vertex 23.9663 82.4774 1.2
      vertex 23.3392 82.1422 2
    endloop
  endfacet
  facet normal -0.252541 -0.703934 0.663852
    outer loop
      vertex 25.4206 84.0819 1.2
      vertex 25.5208 84.8004 2
      vertex 25.3144 84.12 1.2
    endloop
  endfacet
  facet normal -0.25072 -0.704403 0.664045
    outer loop
      vertex 25.5208 84.8004 2
      vertex 25.4206 84.0819 1.2
      vertex 25.5326 84.7962 2
    endloop
  endfacet
  facet normal -0.641497 0.384283 0.663934
    outer loop
      vertex 26.528 81.9855 2
      vertex 26.6154 82.1314 2
      vertex 25.9367 82.3806 1.2
    endloop
  endfacet
  facet normal -0.445429 0.600647 0.66394
    outer loop
      vertex 26.0145 81.472 2
      vertex 26.1511 81.5733 2
      vertex 25.6194 82.0633 1.2
    endloop
  endfacet
  facet normal -0.445823 0.600375 0.663921
    outer loop
      vertex 25.7101 82.1305 1.2
      vertex 26.1511 81.5733 2
      vertex 26.1612 81.5808 2
    endloop
  endfacet
  facet normal -0.445183 0.600864 0.663909
    outer loop
      vertex 26.1511 81.5733 2
      vertex 25.7101 82.1305 1.2
      vertex 25.6194 82.0633 1.2
    endloop
  endfacet
  facet normal 0.67612 0.3195 0.663914
    outer loop
      vertex 23.3338 82.1535 2
      vertex 23.9663 82.4774 1.2
      vertex 23.9181 82.5794 1.2
    endloop
  endfacet
  facet normal 0.674686 0.322416 0.663962
    outer loop
      vertex 23.9663 82.4774 1.2
      vertex 23.3338 82.1535 2
      vertex 23.3392 82.1422 2
    endloop
  endfacet
  facet normal 0.676076 0.319575 0.663923
    outer loop
      vertex 23.3338 82.1535 2
      vertex 23.9181 82.5794 1.2
      vertex 23.2611 82.3073 2
    endloop
  endfacet
  facet normal 0.600541 0.445606 0.663917
    outer loop
      vertex 23.5344 81.8489 2
      vertex 24.0916 82.2899 1.2
      vertex 24.0243 82.3806 1.2
    endloop
  endfacet
  facet normal 0.600375 0.445823 0.663921
    outer loop
      vertex 24.0916 82.2899 1.2
      vertex 23.5344 81.8489 2
      vertex 23.5419 81.8388 2
    endloop
  endfacet
  facet normal -0.181987 0.72531 0.663932
    outer loop
      vertex 25.3436 81.1941 2
      vertex 25.5086 81.2355 2
      vertex 25.2049 81.8916 1.2
    endloop
  endfacet
  facet normal -0.675981 0.319739 0.66394
    outer loop
      vertex 26.6219 82.1422 2
      vertex 26.6946 82.2959 2
      vertex 25.9947 82.4774 1.2
    endloop
  endfacet
  facet normal -0.600864 0.445183 0.663909
    outer loop
      vertex 25.8695 82.2899 1.2
      vertex 26.4267 81.8489 2
      vertex 25.9367 82.3806 1.2
    endloop
  endfacet
  facet normal -0.600375 0.445823 0.663921
    outer loop
      vertex 26.4267 81.8489 2
      vertex 25.8695 82.2899 1.2
      vertex 26.4192 81.8388 2
    endloop
  endfacet
  facet normal -0.704073 0.251989 0.663915
    outer loop
      vertex 26.7042 82.3191 2
      vertex 26.7615 82.4792 2
      vertex 26.081 82.6856 1.2
    endloop
  endfacet
  facet normal -0.553987 0.502299 0.663923
    outer loop
      vertex 25.7937 82.2063 1.2
      vertex 26.305 81.7128 2
      vertex 25.8695 82.2899 1.2
    endloop
  endfacet
  facet normal -0.551955 0.504475 0.663966
    outer loop
      vertex 26.305 81.7128 2
      vertex 25.7937 82.2063 1.2
      vertex 26.2965 81.7035 2
    endloop
  endfacet
  facet normal -0.384349 0.641465 0.663927
    outer loop
      vertex 25.5226 82.0053 1.2
      vertex 25.8686 81.3846 2
      vertex 25.6194 82.0633 1.2
    endloop
  endfacet
  facet normal -0.385621 0.640725 0.663904
    outer loop
      vertex 25.8686 81.3846 2
      vertex 25.5226 82.0053 1.2
      vertex 25.8578 81.3781 2
    endloop
  endfacet
  facet normal 0.322416 -0.674686 0.663962
    outer loop
      vertex 24.4384 84.0337 1.2
      vertex 24.1145 84.6662 2
      vertex 24.1032 84.6608 2
    endloop
  endfacet
  facet normal 0.3195 -0.67612 0.663914
    outer loop
      vertex 24.1145 84.6662 2
      vertex 24.4384 84.0337 1.2
      vertex 24.5404 84.0819 1.2
    endloop
  endfacet
  facet normal -0.178584 0.726244 0.663836
    outer loop
      vertex 25.3144 81.919 1.2
      vertex 25.5086 81.2355 2
      vertex 25.5208 81.2385 2
    endloop
  endfacet
  facet normal -0.181532 0.725466 0.663887
    outer loop
      vertex 25.5086 81.2355 2
      vertex 25.3144 81.919 1.2
      vertex 25.2049 81.8916 1.2
    endloop
  endfacet
  facet normal 0.739781 0.109278 0.663914
    outer loop
      vertex 23.1533 82.6688 2
      vertex 23.8526 82.7951 1.2
      vertex 23.8361 82.9068 1.2
    endloop
  endfacet
  facet normal 0.739131 0.113254 0.663973
    outer loop
      vertex 23.8526 82.7951 1.2
      vertex 23.1533 82.6688 2
      vertex 23.1552 82.6564 2
    endloop
  endfacet
  facet normal -0.600647 -0.445429 0.66394
    outer loop
      vertex 26.528 84.0535 2
      vertex 26.4267 84.1901 2
      vertex 25.9367 83.6584 1.2
    endloop
  endfacet
  facet normal 0.384359 0.641482 0.663904
    outer loop
      vertex 24.3416 82.0633 1.2
      vertex 23.9573 81.4656 2
      vertex 24.4384 82.0053 1.2
    endloop
  endfacet
  facet normal 0.381267 0.643388 0.663843
    outer loop
      vertex 23.9573 81.4656 2
      vertex 24.3416 82.0633 1.2
      vertex 23.9465 81.472 2
    endloop
  endfacet
  facet normal 0.445429 0.600647 0.66394
    outer loop
      vertex 23.9465 81.472 2
      vertex 24.3416 82.0633 1.2
      vertex 23.8099 81.5733 2
    endloop
  endfacet
  facet normal 0.384359 -0.641482 0.663904
    outer loop
      vertex 23.9573 84.5734 2
      vertex 24.3416 83.9757 1.2
      vertex 24.4384 84.0337 1.2
    endloop
  endfacet
  facet normal 0.385611 -0.640707 0.663926
    outer loop
      vertex 24.3416 83.9757 1.2
      vertex 23.9573 84.5734 2
      vertex 23.9465 84.5669 2
    endloop
  endfacet
  facet normal -0.384622 -0.64133 0.663898
    outer loop
      vertex 26.0145 84.5669 2
      vertex 25.8686 84.6544 2
      vertex 25.6194 83.9757 1.2
    endloop
  endfacet
  facet normal 0.181529 0.725455 0.663899
    outer loop
      vertex 24.6467 81.919 1.2
      vertex 24.4524 81.2355 2
      vertex 24.7562 81.8916 1.2
    endloop
  endfacet
  facet normal 0.179967 0.725868 0.663873
    outer loop
      vertex 24.4524 81.2355 2
      vertex 24.6467 81.919 1.2
      vertex 24.4403 81.2385 2
    endloop
  endfacet
  facet normal 0.11002 0.739654 0.663933
    outer loop
      vertex 24.7562 81.8916 1.2
      vertex 24.6298 81.1923 2
      vertex 24.8678 81.875 1.2
    endloop
  endfacet
  facet normal 0.10743 0.740073 0.66389
    outer loop
      vertex 24.6298 81.1923 2
      vertex 24.7562 81.8916 1.2
      vertex 24.6174 81.1941 2
    endloop
  endfacet
  facet normal -0.445823 -0.600375 0.663921
    outer loop
      vertex 26.1511 84.4656 2
      vertex 25.7101 83.9084 1.2
      vertex 26.1612 84.4581 2
    endloop
  endfacet
  facet normal -0.445606 -0.600541 0.663917
    outer loop
      vertex 25.7101 83.9084 1.2
      vertex 26.1511 84.4656 2
      vertex 25.6194 83.9757 1.2
    endloop
  endfacet
  facet normal -0.50123 -0.554934 0.66394
    outer loop
      vertex 25.7101 83.9084 1.2
      vertex 26.1705 84.4497 2
      vertex 26.1612 84.4581 2
    endloop
  endfacet
  facet normal -0.502302 -0.55399 0.663918
    outer loop
      vertex 26.1705 84.4497 2
      vertex 25.7101 83.9084 1.2
      vertex 25.7937 83.8326 1.2
    endloop
  endfacet
  facet normal -0.608729 0.793378 0
    outer loop
      vertex 53.3271 27.6029 -1.15
      vertex 53.12 27.444 2
      vertex 53.3271 27.6029 2
    endloop
  endfacet
  facet normal -0.608729 0.793378 0
    outer loop
      vertex 53.12 27.444 2
      vertex 53.3271 27.6029 -1.15
      vertex 53.12 27.444 -1.15
    endloop
  endfacet
  facet normal 0 1 -0
    outer loop
      vertex 52.62 27.31 -1.15
      vertex 37.62 27.31 2
      vertex 52.62 27.31 2
    endloop
  endfacet
  facet normal 0 1 0
    outer loop
      vertex 37.62 27.31 2
      vertex 52.62 27.31 -1.15
      vertex 37.62 27.31 -1.15
    endloop
  endfacet
  facet normal -0.382656 0.923891 0
    outer loop
      vertex 53.12 27.444 -1.15
      vertex 52.8788 27.3441 2
      vertex 53.12 27.444 2
    endloop
  endfacet
  facet normal -0.382656 0.923891 0
    outer loop
      vertex 52.8788 27.3441 2
      vertex 53.12 27.444 -1.15
      vertex 52.8788 27.3441 -1.15
    endloop
  endfacet
  facet normal 0.923891 0.382656 0
    outer loop
      vertex 36.754 27.81 2
      vertex 36.6541 28.0512 -1.15
      vertex 36.6541 28.0512 2
    endloop
  endfacet
  facet normal 0.923891 0.382656 0
    outer loop
      vertex 36.6541 28.0512 -1.15
      vertex 36.754 27.81 2
      vertex 36.754 27.81 -1.15
    endloop
  endfacet
  facet normal 0.130633 0.991431 -0
    outer loop
      vertex 37.62 27.31 -1.15
      vertex 37.3612 27.3441 2
      vertex 37.62 27.31 2
    endloop
  endfacet
  facet normal 0.130633 0.991431 0
    outer loop
      vertex 37.3612 27.3441 2
      vertex 37.62 27.31 -1.15
      vertex 37.3612 27.3441 -1.15
    endloop
  endfacet
  facet normal -0.130633 0.991431 0
    outer loop
      vertex 52.8788 27.3441 -1.15
      vertex 52.62 27.31 2
      vertex 52.8788 27.3441 2
    endloop
  endfacet
  facet normal -0.130633 0.991431 0
    outer loop
      vertex 52.62 27.31 2
      vertex 52.8788 27.3441 -1.15
      vertex 52.62 27.31 -1.15
    endloop
  endfacet
  facet normal 0.608729 0.793378 -0
    outer loop
      vertex 37.12 27.444 -1.15
      vertex 36.9129 27.6029 2
      vertex 37.12 27.444 2
    endloop
  endfacet
  facet normal 0.608729 0.793378 0
    outer loop
      vertex 36.9129 27.6029 2
      vertex 37.12 27.444 -1.15
      vertex 36.9129 27.6029 -1.15
    endloop
  endfacet
  facet normal -0.923891 -0.382656 0
    outer loop
      vertex 53.5859 33.5688 -1.15
      vertex 53.486 33.81 2
      vertex 53.486 33.81 -1.15
    endloop
  endfacet
  facet normal -0.923891 -0.382656 0
    outer loop
      vertex 53.486 33.81 2
      vertex 53.5859 33.5688 -1.15
      vertex 53.5859 33.5688 2
    endloop
  endfacet
  facet normal -0.130633 -0.991431 0
    outer loop
      vertex 52.62 34.31 -1.15
      vertex 52.8788 34.2759 2
      vertex 52.62 34.31 2
    endloop
  endfacet
  facet normal -0.130633 -0.991431 -0
    outer loop
      vertex 52.8788 34.2759 2
      vertex 52.62 34.31 -1.15
      vertex 52.8788 34.2759 -1.15
    endloop
  endfacet
  facet normal -0.793378 -0.608729 0
    outer loop
      vertex 53.486 33.81 -1.15
      vertex 53.3271 34.0171 2
      vertex 53.3271 34.0171 -1.15
    endloop
  endfacet
  facet normal -0.793378 -0.608729 0
    outer loop
      vertex 53.3271 34.0171 2
      vertex 53.486 33.81 -1.15
      vertex 53.486 33.81 2
    endloop
  endfacet
  facet normal -0.991431 -0.130633 0
    outer loop
      vertex 53.62 33.31 -1.15
      vertex 53.5859 33.5688 2
      vertex 53.5859 33.5688 -1.15
    endloop
  endfacet
  facet normal -0.991431 -0.130633 0
    outer loop
      vertex 53.5859 33.5688 2
      vertex 53.62 33.31 -1.15
      vertex 53.62 33.31 2
    endloop
  endfacet
  facet normal 0.793378 -0.608729 0
    outer loop
      vertex 36.754 33.81 2
      vertex 36.9129 34.0171 -1.15
      vertex 36.9129 34.0171 2
    endloop
  endfacet
  facet normal 0.793378 -0.608729 0
    outer loop
      vertex 36.9129 34.0171 -1.15
      vertex 36.754 33.81 2
      vertex 36.754 33.81 -1.15
    endloop
  endfacet
  facet normal 1 -0 0
    outer loop
      vertex 36.62 28.31 2
      vertex 36.62 33.31 -1.15
      vertex 36.62 33.31 2
    endloop
  endfacet
  facet normal 1 0 0
    outer loop
      vertex 36.62 33.31 -1.15
      vertex 36.62 28.31 2
      vertex 36.62 28.31 -1.15
    endloop
  endfacet
  facet normal 0.923891 -0.382656 0
    outer loop
      vertex 36.6541 33.5688 2
      vertex 36.754 33.81 -1.15
      vertex 36.754 33.81 2
    endloop
  endfacet
  facet normal 0.923891 -0.382656 0
    outer loop
      vertex 36.754 33.81 -1.15
      vertex 36.6541 33.5688 2
      vertex 36.6541 33.5688 -1.15
    endloop
  endfacet
  facet normal 0.382656 0.923891 -0
    outer loop
      vertex 37.3612 27.3441 -1.15
      vertex 37.12 27.444 2
      vertex 37.3612 27.3441 2
    endloop
  endfacet
  facet normal 0.382656 0.923891 0
    outer loop
      vertex 37.12 27.444 2
      vertex 37.3612 27.3441 -1.15
      vertex 37.12 27.444 -1.15
    endloop
  endfacet
  facet normal 0.991431 0.130633 0
    outer loop
      vertex 36.6541 28.0512 2
      vertex 36.62 28.31 -1.15
      vertex 36.62 28.31 2
    endloop
  endfacet
  facet normal 0.991431 0.130633 0
    outer loop
      vertex 36.62 28.31 -1.15
      vertex 36.6541 28.0512 2
      vertex 36.6541 28.0512 -1.15
    endloop
  endfacet
  facet normal 0.130633 -0.991431 0
    outer loop
      vertex 37.3612 34.2759 -1.15
      vertex 37.62 34.31 2
      vertex 37.3612 34.2759 2
    endloop
  endfacet
  facet normal 0.130633 -0.991431 0
    outer loop
      vertex 37.62 34.31 2
      vertex 37.3612 34.2759 -1.15
      vertex 37.62 34.31 -1.15
    endloop
  endfacet
  facet normal -0.382656 -0.923891 0
    outer loop
      vertex 52.8788 34.2759 -1.15
      vertex 53.12 34.176 2
      vertex 52.8788 34.2759 2
    endloop
  endfacet
  facet normal -0.382656 -0.923891 -0
    outer loop
      vertex 53.12 34.176 2
      vertex 52.8788 34.2759 -1.15
      vertex 53.12 34.176 -1.15
    endloop
  endfacet
  facet normal 0.608729 -0.793378 0
    outer loop
      vertex 36.9129 34.0171 -1.15
      vertex 37.12 34.176 2
      vertex 36.9129 34.0171 2
    endloop
  endfacet
  facet normal 0.608729 -0.793378 0
    outer loop
      vertex 37.12 34.176 2
      vertex 36.9129 34.0171 -1.15
      vertex 37.12 34.176 -1.15
    endloop
  endfacet
  facet normal 0.991431 -0.130633 0
    outer loop
      vertex 36.62 33.31 2
      vertex 36.6541 33.5688 -1.15
      vertex 36.6541 33.5688 2
    endloop
  endfacet
  facet normal 0.991431 -0.130633 0
    outer loop
      vertex 36.6541 33.5688 -1.15
      vertex 36.62 33.31 2
      vertex 36.62 33.31 -1.15
    endloop
  endfacet
  facet normal 0.382656 -0.923891 0
    outer loop
      vertex 37.12 34.176 -1.15
      vertex 37.3612 34.2759 2
      vertex 37.12 34.176 2
    endloop
  endfacet
  facet normal 0.382656 -0.923891 0
    outer loop
      vertex 37.3612 34.2759 2
      vertex 37.12 34.176 -1.15
      vertex 37.3612 34.2759 -1.15
    endloop
  endfacet
  facet normal -0.793378 0.608729 0
    outer loop
      vertex 53.3271 27.6029 -1.15
      vertex 53.486 27.81 2
      vertex 53.486 27.81 -1.15
    endloop
  endfacet
  facet normal -0.793378 0.608729 0
    outer loop
      vertex 53.486 27.81 2
      vertex 53.3271 27.6029 -1.15
      vertex 53.3271 27.6029 2
    endloop
  endfacet
  facet normal -0.923891 0.382656 0
    outer loop
      vertex 53.486 27.81 -1.15
      vertex 53.5859 28.0512 2
      vertex 53.5859 28.0512 -1.15
    endloop
  endfacet
  facet normal -0.923891 0.382656 0
    outer loop
      vertex 53.5859 28.0512 2
      vertex 53.486 27.81 -1.15
      vertex 53.486 27.81 2
    endloop
  endfacet
  facet normal -0.991431 0.130633 0
    outer loop
      vertex 53.5859 28.0512 -1.15
      vertex 53.62 28.31 2
      vertex 53.62 28.31 -1.15
    endloop
  endfacet
  facet normal -0.991431 0.130633 0
    outer loop
      vertex 53.62 28.31 2
      vertex 53.5859 28.0512 -1.15
      vertex 53.5859 28.0512 2
    endloop
  endfacet
  facet normal -1 0 0
    outer loop
      vertex 53.62 28.31 -1.15
      vertex 53.62 33.31 2
      vertex 53.62 33.31 -1.15
    endloop
  endfacet
  facet normal -1 -0 0
    outer loop
      vertex 53.62 33.31 2
      vertex 53.62 28.31 -1.15
      vertex 53.62 28.31 2
    endloop
  endfacet
  facet normal 0 -1 0
    outer loop
      vertex 37.62 34.31 -1.15
      vertex 52.62 34.31 2
      vertex 37.62 34.31 2
    endloop
  endfacet
  facet normal 0 -1 -0
    outer loop
      vertex 52.62 34.31 2
      vertex 37.62 34.31 -1.15
      vertex 52.62 34.31 -1.15
    endloop
  endfacet
  facet normal -0.608729 -0.793378 0
    outer loop
      vertex 53.12 34.176 -1.15
      vertex 53.3271 34.0171 2
      vertex 53.12 34.176 2
    endloop
  endfacet
  facet normal -0.608729 -0.793378 -0
    outer loop
      vertex 53.3271 34.0171 2
      vertex 53.12 34.176 -1.15
      vertex 53.3271 34.0171 -1.15
    endloop
  endfacet
  facet normal 0.793378 0.608729 0
    outer loop
      vertex 36.9129 27.6029 2
      vertex 36.754 27.81 -1.15
      vertex 36.754 27.81 2
    endloop
  endfacet
  facet normal 0.793378 0.608729 0
    outer loop
      vertex 36.754 27.81 -1.15
      vertex 36.9129 27.6029 2
      vertex 36.9129 27.6029 -1.15
    endloop
  endfacet
  facet normal 0.923891 -0.382656 0
    outer loop
      vertex 73.3341 70.0488 2
      vertex 73.434 70.29 -1.15
      vertex 73.434 70.29 2
    endloop
  endfacet
  facet normal 0.923891 -0.382656 0
    outer loop
      vertex 73.434 70.29 -1.15
      vertex 73.3341 70.0488 2
      vertex 73.3341 70.0488 -1.15
    endloop
  endfacet
  facet normal -0.608729 0.793378 0
    outer loop
      vertex 80.0071 52.0829 -1.15
      vertex 79.8 51.924 2
      vertex 80.0071 52.0829 2
    endloop
  endfacet
  facet normal -0.608729 0.793378 0
    outer loop
      vertex 79.8 51.924 2
      vertex 80.0071 52.0829 -1.15
      vertex 79.8 51.924 -1.15
    endloop
  endfacet
  facet normal 0 1 -0
    outer loop
      vertex 79.3 51.79 -1.15
      vertex 74.3 51.79 2
      vertex 79.3 51.79 2
    endloop
  endfacet
  facet normal 0 1 0
    outer loop
      vertex 74.3 51.79 2
      vertex 79.3 51.79 -1.15
      vertex 74.3 51.79 -1.15
    endloop
  endfacet
  facet normal -0.382656 0.923891 0
    outer loop
      vertex 79.8 51.924 -1.15
      vertex 79.5588 51.8241 2
      vertex 79.8 51.924 2
    endloop
  endfacet
  facet normal -0.382656 0.923891 0
    outer loop
      vertex 79.5588 51.8241 2
      vertex 79.8 51.924 -1.15
      vertex 79.5588 51.8241 -1.15
    endloop
  endfacet
  facet normal 1 -0 0
    outer loop
      vertex 73.3 52.79 2
      vertex 73.3 69.79 -1.15
      vertex 73.3 69.79 2
    endloop
  endfacet
  facet normal 1 0 0
    outer loop
      vertex 73.3 69.79 -1.15
      vertex 73.3 52.79 2
      vertex 73.3 52.79 -1.15
    endloop
  endfacet
  facet normal -0.130633 0.991431 0
    outer loop
      vertex 79.5588 51.8241 -1.15
      vertex 79.3 51.79 2
      vertex 79.5588 51.8241 2
    endloop
  endfacet
  facet normal -0.130633 0.991431 0
    outer loop
      vertex 79.3 51.79 2
      vertex 79.5588 51.8241 -1.15
      vertex 79.3 51.79 -1.15
    endloop
  endfacet
  facet normal 0.793378 0.608729 0
    outer loop
      vertex 73.5929 52.0829 2
      vertex 73.434 52.29 -1.15
      vertex 73.434 52.29 2
    endloop
  endfacet
  facet normal 0.793378 0.608729 0
    outer loop
      vertex 73.434 52.29 -1.15
      vertex 73.5929 52.0829 2
      vertex 73.5929 52.0829 -1.15
    endloop
  endfacet
  facet normal -0.608729 -0.793378 0
    outer loop
      vertex 79.8 70.656 -1.15
      vertex 80.0071 70.4971 2
      vertex 79.8 70.656 2
    endloop
  endfacet
  facet normal -0.608729 -0.793378 -0
    outer loop
      vertex 80.0071 70.4971 2
      vertex 79.8 70.656 -1.15
      vertex 80.0071 70.4971 -1.15
    endloop
  endfacet
  facet normal 0.793378 -0.608729 0
    outer loop
      vertex 73.434 70.29 2
      vertex 73.5929 70.4971 -1.15
      vertex 73.5929 70.4971 2
    endloop
  endfacet
  facet normal 0.793378 -0.608729 0
    outer loop
      vertex 73.5929 70.4971 -1.15
      vertex 73.434 70.29 2
      vertex 73.434 70.29 -1.15
    endloop
  endfacet
  facet normal -0.991431 0.130633 0
    outer loop
      vertex 80.2659 52.5312 -1.15
      vertex 80.3 52.79 2
      vertex 80.3 52.79 -1.15
    endloop
  endfacet
  facet normal -0.991431 0.130633 0
    outer loop
      vertex 80.3 52.79 2
      vertex 80.2659 52.5312 -1.15
      vertex 80.2659 52.5312 2
    endloop
  endfacet
  facet normal -0.130633 -0.991431 0
    outer loop
      vertex 79.3 70.79 -1.15
      vertex 79.5588 70.7559 2
      vertex 79.3 70.79 2
    endloop
  endfacet
  facet normal -0.130633 -0.991431 -0
    outer loop
      vertex 79.5588 70.7559 2
      vertex 79.3 70.79 -1.15
      vertex 79.5588 70.7559 -1.15
    endloop
  endfacet
  facet normal 0.130633 -0.991431 0
    outer loop
      vertex 74.0412 70.7559 -1.15
      vertex 74.3 70.79 2
      vertex 74.0412 70.7559 2
    endloop
  endfacet
  facet normal 0.130633 -0.991431 0
    outer loop
      vertex 74.3 70.79 2
      vertex 74.0412 70.7559 -1.15
      vertex 74.3 70.79 -1.15
    endloop
  endfacet
  facet normal -1 0 0
    outer loop
      vertex 80.3 52.79 -1.15
      vertex 80.3 69.79 2
      vertex 80.3 69.79 -1.15
    endloop
  endfacet
  facet normal -1 -0 0
    outer loop
      vertex 80.3 69.79 2
      vertex 80.3 52.79 -1.15
      vertex 80.3 52.79 2
    endloop
  endfacet
  facet normal 0.382656 0.923891 -0
    outer loop
      vertex 74.0412 51.8241 -1.15
      vertex 73.8 51.924 2
      vertex 74.0412 51.8241 2
    endloop
  endfacet
  facet normal 0.382656 0.923891 0
    outer loop
      vertex 73.8 51.924 2
      vertex 74.0412 51.8241 -1.15
      vertex 73.8 51.924 -1.15
    endloop
  endfacet
  facet normal -0.382656 -0.923891 0
    outer loop
      vertex 79.5588 70.7559 -1.15
      vertex 79.8 70.656 2
      vertex 79.5588 70.7559 2
    endloop
  endfacet
  facet normal -0.382656 -0.923891 -0
    outer loop
      vertex 79.8 70.656 2
      vertex 79.5588 70.7559 -1.15
      vertex 79.8 70.656 -1.15
    endloop
  endfacet
  facet normal -0.991431 -0.130633 0
    outer loop
      vertex 80.3 69.79 -1.15
      vertex 80.2659 70.0488 2
      vertex 80.2659 70.0488 -1.15
    endloop
  endfacet
  facet normal -0.991431 -0.130633 0
    outer loop
      vertex 80.2659 70.0488 2
      vertex 80.3 69.79 -1.15
      vertex 80.3 69.79 2
    endloop
  endfacet
  facet normal 0.991431 -0.130633 0
    outer loop
      vertex 73.3 69.79 2
      vertex 73.3341 70.0488 -1.15
      vertex 73.3341 70.0488 2
    endloop
  endfacet
  facet normal 0.991431 -0.130633 0
    outer loop
      vertex 73.3341 70.0488 -1.15
      vertex 73.3 69.79 2
      vertex 73.3 69.79 -1.15
    endloop
  endfacet
  facet normal 0.991431 0.130633 0
    outer loop
      vertex 73.3341 52.5312 2
      vertex 73.3 52.79 -1.15
      vertex 73.3 52.79 2
    endloop
  endfacet
  facet normal 0.991431 0.130633 0
    outer loop
      vertex 73.3 52.79 -1.15
      vertex 73.3341 52.5312 2
      vertex 73.3341 52.5312 -1.15
    endloop
  endfacet
  facet normal -0.923891 0.382656 0
    outer loop
      vertex 80.166 52.29 -1.15
      vertex 80.2659 52.5312 2
      vertex 80.2659 52.5312 -1.15
    endloop
  endfacet
  facet normal -0.923891 0.382656 0
    outer loop
      vertex 80.2659 52.5312 2
      vertex 80.166 52.29 -1.15
      vertex 80.166 52.29 2
    endloop
  endfacet
  facet normal 0.608729 -0.793378 0
    outer loop
      vertex 73.5929 70.4971 -1.15
      vertex 73.8 70.656 2
      vertex 73.5929 70.4971 2
    endloop
  endfacet
  facet normal 0.608729 -0.793378 0
    outer loop
      vertex 73.8 70.656 2
      vertex 73.5929 70.4971 -1.15
      vertex 73.8 70.656 -1.15
    endloop
  endfacet
  facet normal 0.923891 0.382656 0
    outer loop
      vertex 73.434 52.29 2
      vertex 73.3341 52.5312 -1.15
      vertex 73.3341 52.5312 2
    endloop
  endfacet
  facet normal 0.923891 0.382656 0
    outer loop
      vertex 73.3341 52.5312 -1.15
      vertex 73.434 52.29 2
      vertex 73.434 52.29 -1.15
    endloop
  endfacet
  facet normal 0.130633 0.991431 -0
    outer loop
      vertex 74.3 51.79 -1.15
      vertex 74.0412 51.8241 2
      vertex 74.3 51.79 2
    endloop
  endfacet
  facet normal 0.130633 0.991431 0
    outer loop
      vertex 74.0412 51.8241 2
      vertex 74.3 51.79 -1.15
      vertex 74.0412 51.8241 -1.15
    endloop
  endfacet
  facet normal 0.608729 0.793378 -0
    outer loop
      vertex 73.8 51.924 -1.15
      vertex 73.5929 52.0829 2
      vertex 73.8 51.924 2
    endloop
  endfacet
  facet normal 0.608729 0.793378 0
    outer loop
      vertex 73.5929 52.0829 2
      vertex 73.8 51.924 -1.15
      vertex 73.5929 52.0829 -1.15
    endloop
  endfacet
  facet normal 0 -1 0
    outer loop
      vertex 74.3 70.79 -1.15
      vertex 79.3 70.79 2
      vertex 74.3 70.79 2
    endloop
  endfacet
  facet normal 0 -1 -0
    outer loop
      vertex 79.3 70.79 2
      vertex 74.3 70.79 -1.15
      vertex 79.3 70.79 -1.15
    endloop
  endfacet
  facet normal 0.382656 -0.923891 0
    outer loop
      vertex 73.8 70.656 -1.15
      vertex 74.0412 70.7559 2
      vertex 73.8 70.656 2
    endloop
  endfacet
  facet normal 0.382656 -0.923891 0
    outer loop
      vertex 74.0412 70.7559 2
      vertex 73.8 70.656 -1.15
      vertex 74.0412 70.7559 -1.15
    endloop
  endfacet
  facet normal -0.793378 0.608729 0
    outer loop
      vertex 80.0071 52.0829 -1.15
      vertex 80.166 52.29 2
      vertex 80.166 52.29 -1.15
    endloop
  endfacet
  facet normal -0.793378 0.608729 0
    outer loop
      vertex 80.166 52.29 2
      vertex 80.0071 52.0829 -1.15
      vertex 80.0071 52.0829 2
    endloop
  endfacet
  facet normal -0.923891 -0.382656 0
    outer loop
      vertex 80.2659 70.0488 -1.15
      vertex 80.166 70.29 2
      vertex 80.166 70.29 -1.15
    endloop
  endfacet
  facet normal -0.923891 -0.382656 0
    outer loop
      vertex 80.166 70.29 2
      vertex 80.2659 70.0488 -1.15
      vertex 80.2659 70.0488 2
    endloop
  endfacet
  facet normal -0.793378 -0.608729 0
    outer loop
      vertex 80.166 70.29 -1.15
      vertex 80.0071 70.4971 2
      vertex 80.0071 70.4971 -1.15
    endloop
  endfacet
  facet normal -0.793378 -0.608729 0
    outer loop
      vertex 80.0071 70.4971 2
      vertex 80.166 70.29 -1.15
      vertex 80.166 70.29 2
    endloop
  endfacet
  facet normal 0.382656 0.923891 -0
    outer loop
      vertex 74.0412 38.0441 -1.15
      vertex 73.8 38.144 2
      vertex 74.0412 38.0441 2
    endloop
  endfacet
  facet normal 0.382656 0.923891 0
    outer loop
      vertex 73.8 38.144 2
      vertex 74.0412 38.0441 -1.15
      vertex 73.8 38.144 -1.15
    endloop
  endfacet
  facet normal -0.608729 0.793378 0
    outer loop
      vertex 80.0071 38.3029 -1.15
      vertex 79.8 38.144 2
      vertex 80.0071 38.3029 2
    endloop
  endfacet
  facet normal -0.608729 0.793378 0
    outer loop
      vertex 79.8 38.144 2
      vertex 80.0071 38.3029 -1.15
      vertex 79.8 38.144 -1.15
    endloop
  endfacet
  facet normal 0 1 -0
    outer loop
      vertex 79.3 38.01 -1.15
      vertex 74.3 38.01 2
      vertex 79.3 38.01 2
    endloop
  endfacet
  facet normal 0 1 0
    outer loop
      vertex 74.3 38.01 2
      vertex 79.3 38.01 -1.15
      vertex 74.3 38.01 -1.15
    endloop
  endfacet
  facet normal -0.382656 0.923891 0
    outer loop
      vertex 79.8 38.144 -1.15
      vertex 79.5588 38.0441 2
      vertex 79.8 38.144 2
    endloop
  endfacet
  facet normal -0.382656 0.923891 0
    outer loop
      vertex 79.5588 38.0441 2
      vertex 79.8 38.144 -1.15
      vertex 79.5588 38.0441 -1.15
    endloop
  endfacet
  facet normal 1 -0 0
    outer loop
      vertex 73.3 39.01 2
      vertex 73.3 48.01 -1.15
      vertex 73.3 48.01 2
    endloop
  endfacet
  facet normal 1 0 0
    outer loop
      vertex 73.3 48.01 -1.15
      vertex 73.3 39.01 2
      vertex 73.3 39.01 -1.15
    endloop
  endfacet
  facet normal -0.130633 0.991431 0
    outer loop
      vertex 79.5588 38.0441 -1.15
      vertex 79.3 38.01 2
      vertex 79.5588 38.0441 2
    endloop
  endfacet
  facet normal -0.130633 0.991431 0
    outer loop
      vertex 79.3 38.01 2
      vertex 79.5588 38.0441 -1.15
      vertex 79.3 38.01 -1.15
    endloop
  endfacet
  facet normal 0.130633 0.991431 -0
    outer loop
      vertex 74.3 38.01 -1.15
      vertex 74.0412 38.0441 2
      vertex 74.3 38.01 2
    endloop
  endfacet
  facet normal 0.130633 0.991431 0
    outer loop
      vertex 74.0412 38.0441 2
      vertex 74.3 38.01 -1.15
      vertex 74.0412 38.0441 -1.15
    endloop
  endfacet
  facet normal 0.608729 0.793378 -0
    outer loop
      vertex 73.8 38.144 -1.15
      vertex 73.5929 38.3029 2
      vertex 73.8 38.144 2
    endloop
  endfacet
  facet normal 0.608729 0.793378 0
    outer loop
      vertex 73.5929 38.3029 2
      vertex 73.8 38.144 -1.15
      vertex 73.5929 38.3029 -1.15
    endloop
  endfacet
  facet normal -0.608729 -0.793378 0
    outer loop
      vertex 79.8 48.876 -1.15
      vertex 80.0071 48.7171 2
      vertex 79.8 48.876 2
    endloop
  endfacet
  facet normal -0.608729 -0.793378 -0
    outer loop
      vertex 80.0071 48.7171 2
      vertex 79.8 48.876 -1.15
      vertex 80.0071 48.7171 -1.15
    endloop
  endfacet
  facet normal 0.991431 -0.130633 0
    outer loop
      vertex 73.3 48.01 2
      vertex 73.3341 48.2688 -1.15
      vertex 73.3341 48.2688 2
    endloop
  endfacet
  facet normal 0.991431 -0.130633 0
    outer loop
      vertex 73.3341 48.2688 -1.15
      vertex 73.3 48.01 2
      vertex 73.3 48.01 -1.15
    endloop
  endfacet
  facet normal -0.991431 -0.130633 0
    outer loop
      vertex 80.3 48.01 -1.15
      vertex 80.2659 48.2688 2
      vertex 80.2659 48.2688 -1.15
    endloop
  endfacet
  facet normal -0.991431 -0.130633 0
    outer loop
      vertex 80.2659 48.2688 2
      vertex 80.3 48.01 -1.15
      vertex 80.3 48.01 2
    endloop
  endfacet
  facet normal 0.793378 -0.608729 0
    outer loop
      vertex 73.434 48.51 2
      vertex 73.5929 48.7171 -1.15
      vertex 73.5929 48.7171 2
    endloop
  endfacet
  facet normal 0.793378 -0.608729 0
    outer loop
      vertex 73.5929 48.7171 -1.15
      vertex 73.434 48.51 2
      vertex 73.434 48.51 -1.15
    endloop
  endfacet
  facet normal -1 0 0
    outer loop
      vertex 80.3 39.01 -1.15
      vertex 80.3 48.01 2
      vertex 80.3 48.01 -1.15
    endloop
  endfacet
  facet normal -1 -0 0
    outer loop
      vertex 80.3 48.01 2
      vertex 80.3 39.01 -1.15
      vertex 80.3 39.01 2
    endloop
  endfacet
  facet normal -0.130633 -0.991431 0
    outer loop
      vertex 79.3 49.01 -1.15
      vertex 79.5588 48.9759 2
      vertex 79.3 49.01 2
    endloop
  endfacet
  facet normal -0.130633 -0.991431 -0
    outer loop
      vertex 79.5588 48.9759 2
      vertex 79.3 49.01 -1.15
      vertex 79.5588 48.9759 -1.15
    endloop
  endfacet
  facet normal 0.130633 -0.991431 0
    outer loop
      vertex 74.0412 48.9759 -1.15
      vertex 74.3 49.01 2
      vertex 74.0412 48.9759 2
    endloop
  endfacet
  facet normal 0.130633 -0.991431 0
    outer loop
      vertex 74.3 49.01 2
      vertex 74.0412 48.9759 -1.15
      vertex 74.3 49.01 -1.15
    endloop
  endfacet
  facet normal 0.923891 -0.382656 0
    outer loop
      vertex 73.3341 48.2688 2
      vertex 73.434 48.51 -1.15
      vertex 73.434 48.51 2
    endloop
  endfacet
  facet normal 0.923891 -0.382656 0
    outer loop
      vertex 73.434 48.51 -1.15
      vertex 73.3341 48.2688 2
      vertex 73.3341 48.2688 -1.15
    endloop
  endfacet
  facet normal 0.608729 -0.793378 0
    outer loop
      vertex 73.5929 48.7171 -1.15
      vertex 73.8 48.876 2
      vertex 73.5929 48.7171 2
    endloop
  endfacet
  facet normal 0.608729 -0.793378 0
    outer loop
      vertex 73.8 48.876 2
      vertex 73.5929 48.7171 -1.15
      vertex 73.8 48.876 -1.15
    endloop
  endfacet
  facet normal 0.382656 -0.923891 0
    outer loop
      vertex 73.8 48.876 -1.15
      vertex 74.0412 48.9759 2
      vertex 73.8 48.876 2
    endloop
  endfacet
  facet normal 0.382656 -0.923891 0
    outer loop
      vertex 74.0412 48.9759 2
      vertex 73.8 48.876 -1.15
      vertex 74.0412 48.9759 -1.15
    endloop
  endfacet
  facet normal 0.793378 0.608729 0
    outer loop
      vertex 73.5929 38.3029 2
      vertex 73.434 38.51 -1.15
      vertex 73.434 38.51 2
    endloop
  endfacet
  facet normal 0.793378 0.608729 0
    outer loop
      vertex 73.434 38.51 -1.15
      vertex 73.5929 38.3029 2
      vertex 73.5929 38.3029 -1.15
    endloop
  endfacet
  facet normal -0.793378 -0.608729 0
    outer loop
      vertex 80.166 48.51 -1.15
      vertex 80.0071 48.7171 2
      vertex 80.0071 48.7171 -1.15
    endloop
  endfacet
  facet normal -0.793378 -0.608729 0
    outer loop
      vertex 80.0071 48.7171 2
      vertex 80.166 48.51 -1.15
      vertex 80.166 48.51 2
    endloop
  endfacet
  facet normal 0 -1 0
    outer loop
      vertex 74.3 49.01 -1.15
      vertex 79.3 49.01 2
      vertex 74.3 49.01 2
    endloop
  endfacet
  facet normal 0 -1 -0
    outer loop
      vertex 79.3 49.01 2
      vertex 74.3 49.01 -1.15
      vertex 79.3 49.01 -1.15
    endloop
  endfacet
  facet normal -0.923891 -0.382656 0
    outer loop
      vertex 80.2659 48.2688 -1.15
      vertex 80.166 48.51 2
      vertex 80.166 48.51 -1.15
    endloop
  endfacet
  facet normal -0.923891 -0.382656 0
    outer loop
      vertex 80.166 48.51 2
      vertex 80.2659 48.2688 -1.15
      vertex 80.2659 48.2688 2
    endloop
  endfacet
  facet normal -0.382656 -0.923891 0
    outer loop
      vertex 79.5588 48.9759 -1.15
      vertex 79.8 48.876 2
      vertex 79.5588 48.9759 2
    endloop
  endfacet
  facet normal -0.382656 -0.923891 -0
    outer loop
      vertex 79.8 48.876 2
      vertex 79.5588 48.9759 -1.15
      vertex 79.8 48.876 -1.15
    endloop
  endfacet
  facet normal -0.923891 0.382656 0
    outer loop
      vertex 80.166 38.51 -1.15
      vertex 80.2659 38.7512 2
      vertex 80.2659 38.7512 -1.15
    endloop
  endfacet
  facet normal -0.923891 0.382656 0
    outer loop
      vertex 80.2659 38.7512 2
      vertex 80.166 38.51 -1.15
      vertex 80.166 38.51 2
    endloop
  endfacet
  facet normal -0.991431 0.130633 0
    outer loop
      vertex 80.2659 38.7512 -1.15
      vertex 80.3 39.01 2
      vertex 80.3 39.01 -1.15
    endloop
  endfacet
  facet normal -0.991431 0.130633 0
    outer loop
      vertex 80.3 39.01 2
      vertex 80.2659 38.7512 -1.15
      vertex 80.2659 38.7512 2
    endloop
  endfacet
  facet normal -0.793378 0.608729 0
    outer loop
      vertex 80.0071 38.3029 -1.15
      vertex 80.166 38.51 2
      vertex 80.166 38.51 -1.15
    endloop
  endfacet
  facet normal -0.793378 0.608729 0
    outer loop
      vertex 80.166 38.51 2
      vertex 80.0071 38.3029 -1.15
      vertex 80.0071 38.3029 2
    endloop
  endfacet
  facet normal 0.991431 0.130633 0
    outer loop
      vertex 73.3341 38.7512 2
      vertex 73.3 39.01 -1.15
      vertex 73.3 39.01 2
    endloop
  endfacet
  facet normal 0.991431 0.130633 0
    outer loop
      vertex 73.3 39.01 -1.15
      vertex 73.3341 38.7512 2
      vertex 73.3341 38.7512 -1.15
    endloop
  endfacet
  facet normal 0.923891 0.382656 0
    outer loop
      vertex 73.434 38.51 2
      vertex 73.3341 38.7512 -1.15
      vertex 73.3341 38.7512 2
    endloop
  endfacet
  facet normal 0.923891 0.382656 0
    outer loop
      vertex 73.3341 38.7512 -1.15
      vertex 73.434 38.51 2
      vertex 73.434 38.51 -1.15
    endloop
  endfacet
  facet normal 0.336336 0.941742 -0
    outer loop
      vertex 38.7097 45.6431 -1.15
      vertex 38.6173 45.6761 2
      vertex 38.7097 45.6431 2
    endloop
  endfacet
  facet normal 0.336336 0.941742 0
    outer loop
      vertex 38.6173 45.6761 2
      vertex 38.7097 45.6431 -1.15
      vertex 38.6173 45.6761 -1.15
    endloop
  endfacet
  facet normal -0.989182 -0.146696 0
    outer loop
      vertex 39.9952 46.698 -1.15
      vertex 39.9808 46.7951 2
      vertex 39.9808 46.7951 -1.15
    endloop
  endfacet
  facet normal -0.989182 -0.146696 0
    outer loop
      vertex 39.9808 46.7951 2
      vertex 39.9952 46.698 -1.15
      vertex 39.9952 46.698 2
    endloop
  endfacet
  facet normal -0.998803 -0.0489209 0
    outer loop
      vertex 40 46.6 -1.15
      vertex 39.9952 46.698 2
      vertex 39.9952 46.698 -1.15
    endloop
  endfacet
  facet normal -0.998803 -0.0489209 0
    outer loop
      vertex 39.9952 46.698 2
      vertex 40 46.6 -1.15
      vertex 40 46.6 2
    endloop
  endfacet
  facet normal -0.969902 -0.243494 0
    outer loop
      vertex 39.9808 46.7951 -1.15
      vertex 39.9569 46.8903 2
      vertex 39.9569 46.8903 -1.15
    endloop
  endfacet
  facet normal -0.969902 -0.243494 0
    outer loop
      vertex 39.9569 46.8903 2
      vertex 39.9808 46.7951 -1.15
      vertex 39.9808 46.7951 2
    endloop
  endfacet
  facet normal 0.989182 -0.146696 0
    outer loop
      vertex 38.0048 46.698 2
      vertex 38.0192 46.7951 -1.15
      vertex 38.0192 46.7951 2
    endloop
  endfacet
  facet normal 0.989182 -0.146696 0
    outer loop
      vertex 38.0192 46.7951 -1.15
      vertex 38.0048 46.698 2
      vertex 38.0048 46.698 -1.15
    endloop
  endfacet
  facet normal 0.243494 0.969902 -0
    outer loop
      vertex 38.8049 45.6192 -1.15
      vertex 38.7097 45.6431 2
      vertex 38.8049 45.6192 2
    endloop
  endfacet
  facet normal 0.243494 0.969902 0
    outer loop
      vertex 38.7097 45.6431 2
      vertex 38.8049 45.6192 -1.15
      vertex 38.7097 45.6431 -1.15
    endloop
  endfacet
  facet normal -0.336336 -0.941742 0
    outer loop
      vertex 39.2903 47.5569 -1.15
      vertex 39.3827 47.5239 2
      vertex 39.2903 47.5569 2
    endloop
  endfacet
  facet normal -0.336336 -0.941742 -0
    outer loop
      vertex 39.3827 47.5239 2
      vertex 39.2903 47.5569 -1.15
      vertex 39.3827 47.5239 -1.15
    endloop
  endfacet
  facet normal 0.513596 -0.858032 0
    outer loop
      vertex 38.4444 47.4315 -1.15
      vertex 38.5286 47.4819 2
      vertex 38.4444 47.4315 2
    endloop
  endfacet
  facet normal 0.513596 -0.858032 0
    outer loop
      vertex 38.5286 47.4819 2
      vertex 38.4444 47.4315 -1.15
      vertex 38.5286 47.4819 -1.15
    endloop
  endfacet
  facet normal 0.9038 0.427955 0
    outer loop
      vertex 38.1181 46.1286 2
      vertex 38.0761 46.2173 -1.15
      vertex 38.0761 46.2173 2
    endloop
  endfacet
  facet normal 0.9038 0.427955 0
    outer loop
      vertex 38.0761 46.2173 -1.15
      vertex 38.1181 46.1286 2
      vertex 38.1181 46.1286 -1.15
    endloop
  endfacet
  facet normal 0.243494 -0.969902 0
    outer loop
      vertex 38.7097 47.5569 -1.15
      vertex 38.8049 47.5808 2
      vertex 38.7097 47.5569 2
    endloop
  endfacet
  facet normal 0.243494 -0.969902 0
    outer loop
      vertex 38.8049 47.5808 2
      vertex 38.7097 47.5569 -1.15
      vertex 38.8049 47.5808 -1.15
    endloop
  endfacet
  facet normal 0.858032 0.513596 0
    outer loop
      vertex 38.1685 46.0444 2
      vertex 38.1181 46.1286 -1.15
      vertex 38.1181 46.1286 2
    endloop
  endfacet
  facet normal 0.858032 0.513596 0
    outer loop
      vertex 38.1181 46.1286 -1.15
      vertex 38.1685 46.0444 2
      vertex 38.1685 46.0444 -1.15
    endloop
  endfacet
  facet normal -0.243494 0.969902 0
    outer loop
      vertex 39.2903 45.6431 -1.15
      vertex 39.1951 45.6192 2
      vertex 39.2903 45.6431 2
    endloop
  endfacet
  facet normal -0.243494 0.969902 0
    outer loop
      vertex 39.1951 45.6192 2
      vertex 39.2903 45.6431 -1.15
      vertex 39.1951 45.6192 -1.15
    endloop
  endfacet
  facet normal 0.59608 0.802925 -0
    outer loop
      vertex 38.4444 45.7685 -1.15
      vertex 38.3656 45.827 2
      vertex 38.4444 45.7685 2
    endloop
  endfacet
  facet normal 0.59608 0.802925 0
    outer loop
      vertex 38.3656 45.827 2
      vertex 38.4444 45.7685 -1.15
      vertex 38.3656 45.827 -1.15
    endloop
  endfacet
  facet normal -0.513596 0.858032 0
    outer loop
      vertex 39.5556 45.7685 -1.15
      vertex 39.4714 45.7181 2
      vertex 39.5556 45.7685 2
    endloop
  endfacet
  facet normal -0.513596 0.858032 0
    outer loop
      vertex 39.4714 45.7181 2
      vertex 39.5556 45.7685 -1.15
      vertex 39.4714 45.7181 -1.15
    endloop
  endfacet
  facet normal -0.802925 0.59608 0
    outer loop
      vertex 39.773 45.9656 -1.15
      vertex 39.8315 46.0444 2
      vertex 39.8315 46.0444 -1.15
    endloop
  endfacet
  facet normal -0.802925 0.59608 0
    outer loop
      vertex 39.8315 46.0444 2
      vertex 39.773 45.9656 -1.15
      vertex 39.773 45.9656 2
    endloop
  endfacet
  facet normal -0.146696 -0.989182 0
    outer loop
      vertex 39.098 47.5952 -1.15
      vertex 39.1951 47.5808 2
      vertex 39.098 47.5952 2
    endloop
  endfacet
  facet normal -0.146696 -0.989182 -0
    outer loop
      vertex 39.1951 47.5808 2
      vertex 39.098 47.5952 -1.15
      vertex 39.1951 47.5808 -1.15
    endloop
  endfacet
  facet normal 0.59608 -0.802925 0
    outer loop
      vertex 38.3656 47.373 -1.15
      vertex 38.4444 47.4315 2
      vertex 38.3656 47.373 2
    endloop
  endfacet
  facet normal 0.59608 -0.802925 0
    outer loop
      vertex 38.4444 47.4315 2
      vertex 38.3656 47.373 -1.15
      vertex 38.4444 47.4315 -1.15
    endloop
  endfacet
  facet normal 0.802925 -0.59608 0
    outer loop
      vertex 38.1685 47.1556 2
      vertex 38.227 47.2344 -1.15
      vertex 38.227 47.2344 2
    endloop
  endfacet
  facet normal 0.802925 -0.59608 0
    outer loop
      vertex 38.227 47.2344 -1.15
      vertex 38.1685 47.1556 2
      vertex 38.1685 47.1556 -1.15
    endloop
  endfacet
  facet normal -0.989182 0.146696 0
    outer loop
      vertex 39.9808 46.4049 -1.15
      vertex 39.9952 46.502 2
      vertex 39.9952 46.502 -1.15
    endloop
  endfacet
  facet normal -0.989182 0.146696 0
    outer loop
      vertex 39.9952 46.502 2
      vertex 39.9808 46.4049 -1.15
      vertex 39.9808 46.4049 2
    endloop
  endfacet
  facet normal 0.941742 -0.336336 0
    outer loop
      vertex 38.0431 46.8903 2
      vertex 38.0761 46.9827 -1.15
      vertex 38.0761 46.9827 2
    endloop
  endfacet
  facet normal 0.941742 -0.336336 0
    outer loop
      vertex 38.0761 46.9827 -1.15
      vertex 38.0431 46.8903 2
      vertex 38.0431 46.8903 -1.15
    endloop
  endfacet
  facet normal -0.427955 -0.9038 0
    outer loop
      vertex 39.3827 47.5239 -1.15
      vertex 39.4714 47.4819 2
      vertex 39.3827 47.5239 2
    endloop
  endfacet
  facet normal -0.427955 -0.9038 -0
    outer loop
      vertex 39.4714 47.4819 2
      vertex 39.3827 47.5239 -1.15
      vertex 39.4714 47.4819 -1.15
    endloop
  endfacet
  facet normal 0.941742 0.336336 0
    outer loop
      vertex 38.0761 46.2173 2
      vertex 38.0431 46.3097 -1.15
      vertex 38.0431 46.3097 2
    endloop
  endfacet
  facet normal 0.941742 0.336336 0
    outer loop
      vertex 38.0431 46.3097 -1.15
      vertex 38.0761 46.2173 2
      vertex 38.0761 46.2173 -1.15
    endloop
  endfacet
  facet normal -0.969902 0.243494 0
    outer loop
      vertex 39.9569 46.3097 -1.15
      vertex 39.9808 46.4049 2
      vertex 39.9808 46.4049 -1.15
    endloop
  endfacet
  facet normal -0.969902 0.243494 0
    outer loop
      vertex 39.9808 46.4049 2
      vertex 39.9569 46.3097 -1.15
      vertex 39.9569 46.3097 2
    endloop
  endfacet
  facet normal 0.0489209 -0.998803 0
    outer loop
      vertex 38.902 47.5952 -1.15
      vertex 39 47.6 2
      vertex 38.902 47.5952 2
    endloop
  endfacet
  facet normal 0.0489209 -0.998803 0
    outer loop
      vertex 39 47.6 2
      vertex 38.902 47.5952 -1.15
      vertex 39 47.6 -1.15
    endloop
  endfacet
  facet normal -0.671607 -0.740908 0
    outer loop
      vertex 39.6344 47.373 -1.15
      vertex 39.7071 47.3071 2
      vertex 39.6344 47.373 2
    endloop
  endfacet
  facet normal -0.671607 -0.740908 -0
    outer loop
      vertex 39.7071 47.3071 2
      vertex 39.6344 47.373 -1.15
      vertex 39.7071 47.3071 -1.15
    endloop
  endfacet
  facet normal 0.427955 -0.9038 0
    outer loop
      vertex 38.5286 47.4819 -1.15
      vertex 38.6173 47.5239 2
      vertex 38.5286 47.4819 2
    endloop
  endfacet
  facet normal 0.427955 -0.9038 0
    outer loop
      vertex 38.6173 47.5239 2
      vertex 38.5286 47.4819 -1.15
      vertex 38.6173 47.5239 -1.15
    endloop
  endfacet
  facet normal 0.671607 -0.740908 0
    outer loop
      vertex 38.2929 47.3071 -1.15
      vertex 38.3656 47.373 2
      vertex 38.2929 47.3071 2
    endloop
  endfacet
  facet normal 0.671607 -0.740908 0
    outer loop
      vertex 38.3656 47.373 2
      vertex 38.2929 47.3071 -1.15
      vertex 38.3656 47.373 -1.15
    endloop
  endfacet
  facet normal -0.336336 0.941742 0
    outer loop
      vertex 39.3827 45.6761 -1.15
      vertex 39.2903 45.6431 2
      vertex 39.3827 45.6761 2
    endloop
  endfacet
  facet normal -0.336336 0.941742 0
    outer loop
      vertex 39.2903 45.6431 2
      vertex 39.3827 45.6761 -1.15
      vertex 39.2903 45.6431 -1.15
    endloop
  endfacet
  facet normal 0.336336 -0.941742 0
    outer loop
      vertex 38.6173 47.5239 -1.15
      vertex 38.7097 47.5569 2
      vertex 38.6173 47.5239 2
    endloop
  endfacet
  facet normal 0.336336 -0.941742 0
    outer loop
      vertex 38.7097 47.5569 2
      vertex 38.6173 47.5239 -1.15
      vertex 38.7097 47.5569 -1.15
    endloop
  endfacet
  facet normal -0.802925 -0.59608 0
    outer loop
      vertex 39.8315 47.1556 -1.15
      vertex 39.773 47.2344 2
      vertex 39.773 47.2344 -1.15
    endloop
  endfacet
  facet normal -0.802925 -0.59608 0
    outer loop
      vertex 39.773 47.2344 2
      vertex 39.8315 47.1556 -1.15
      vertex 39.8315 47.1556 2
    endloop
  endfacet
  facet normal 0.858032 -0.513596 0
    outer loop
      vertex 38.1181 47.0714 2
      vertex 38.1685 47.1556 -1.15
      vertex 38.1685 47.1556 2
    endloop
  endfacet
  facet normal 0.858032 -0.513596 0
    outer loop
      vertex 38.1685 47.1556 -1.15
      vertex 38.1181 47.0714 2
      vertex 38.1181 47.0714 -1.15
    endloop
  endfacet
  facet normal -0.998803 0.0489209 0
    outer loop
      vertex 39.9952 46.502 -1.15
      vertex 40 46.6 2
      vertex 40 46.6 -1.15
    endloop
  endfacet
  facet normal -0.998803 0.0489209 0
    outer loop
      vertex 40 46.6 2
      vertex 39.9952 46.502 -1.15
      vertex 39.9952 46.502 2
    endloop
  endfacet
  facet normal -0.9038 0.427955 0
    outer loop
      vertex 39.8819 46.1286 -1.15
      vertex 39.9239 46.2173 2
      vertex 39.9239 46.2173 -1.15
    endloop
  endfacet
  facet normal -0.9038 0.427955 0
    outer loop
      vertex 39.9239 46.2173 2
      vertex 39.8819 46.1286 -1.15
      vertex 39.8819 46.1286 2
    endloop
  endfacet
  facet normal 0.671607 0.740908 -0
    outer loop
      vertex 38.3656 45.827 -1.15
      vertex 38.2929 45.8929 2
      vertex 38.3656 45.827 2
    endloop
  endfacet
  facet normal 0.671607 0.740908 0
    outer loop
      vertex 38.2929 45.8929 2
      vertex 38.3656 45.827 -1.15
      vertex 38.2929 45.8929 -1.15
    endloop
  endfacet
  facet normal -0.59608 -0.802925 0
    outer loop
      vertex 39.5556 47.4315 -1.15
      vertex 39.6344 47.373 2
      vertex 39.5556 47.4315 2
    endloop
  endfacet
  facet normal -0.59608 -0.802925 -0
    outer loop
      vertex 39.6344 47.373 2
      vertex 39.5556 47.4315 -1.15
      vertex 39.6344 47.373 -1.15
    endloop
  endfacet
  facet normal 0.513596 0.858032 -0
    outer loop
      vertex 38.5286 45.7181 -1.15
      vertex 38.4444 45.7685 2
      vertex 38.5286 45.7181 2
    endloop
  endfacet
  facet normal 0.513596 0.858032 0
    outer loop
      vertex 38.4444 45.7685 2
      vertex 38.5286 45.7181 -1.15
      vertex 38.4444 45.7685 -1.15
    endloop
  endfacet
  facet normal -0.513596 -0.858032 0
    outer loop
      vertex 39.4714 47.4819 -1.15
      vertex 39.5556 47.4315 2
      vertex 39.4714 47.4819 2
    endloop
  endfacet
  facet normal -0.513596 -0.858032 -0
    outer loop
      vertex 39.5556 47.4315 2
      vertex 39.4714 47.4819 -1.15
      vertex 39.5556 47.4315 -1.15
    endloop
  endfacet
  facet normal -0.146696 0.989182 0
    outer loop
      vertex 39.1951 45.6192 -1.15
      vertex 39.098 45.6048 2
      vertex 39.1951 45.6192 2
    endloop
  endfacet
  facet normal -0.146696 0.989182 0
    outer loop
      vertex 39.098 45.6048 2
      vertex 39.1951 45.6192 -1.15
      vertex 39.098 45.6048 -1.15
    endloop
  endfacet
  facet normal -0.941742 -0.336336 0
    outer loop
      vertex 39.9569 46.8903 -1.15
      vertex 39.9239 46.9827 2
      vertex 39.9239 46.9827 -1.15
    endloop
  endfacet
  facet normal -0.941742 -0.336336 0
    outer loop
      vertex 39.9239 46.9827 2
      vertex 39.9569 46.8903 -1.15
      vertex 39.9569 46.8903 2
    endloop
  endfacet
  facet normal -0.858032 0.513596 0
    outer loop
      vertex 39.8315 46.0444 -1.15
      vertex 39.8819 46.1286 2
      vertex 39.8819 46.1286 -1.15
    endloop
  endfacet
  facet normal -0.858032 0.513596 0
    outer loop
      vertex 39.8819 46.1286 2
      vertex 39.8315 46.0444 -1.15
      vertex 39.8315 46.0444 2
    endloop
  endfacet
  facet normal 0.998803 0.0489209 0
    outer loop
      vertex 38.0048 46.502 2
      vertex 38 46.6 -1.15
      vertex 38 46.6 2
    endloop
  endfacet
  facet normal 0.998803 0.0489209 0
    outer loop
      vertex 38 46.6 -1.15
      vertex 38.0048 46.502 2
      vertex 38.0048 46.502 -1.15
    endloop
  endfacet
  facet normal -0.941742 0.336336 0
    outer loop
      vertex 39.9239 46.2173 -1.15
      vertex 39.9569 46.3097 2
      vertex 39.9569 46.3097 -1.15
    endloop
  endfacet
  facet normal -0.941742 0.336336 0
    outer loop
      vertex 39.9569 46.3097 2
      vertex 39.9239 46.2173 -1.15
      vertex 39.9239 46.2173 2
    endloop
  endfacet
  facet normal -0.740908 -0.671607 0
    outer loop
      vertex 39.773 47.2344 -1.15
      vertex 39.7071 47.3071 2
      vertex 39.7071 47.3071 -1.15
    endloop
  endfacet
  facet normal -0.740908 -0.671607 0
    outer loop
      vertex 39.7071 47.3071 2
      vertex 39.773 47.2344 -1.15
      vertex 39.773 47.2344 2
    endloop
  endfacet
  facet normal -0.0489209 -0.998803 0
    outer loop
      vertex 39 47.6 -1.15
      vertex 39.098 47.5952 2
      vertex 39 47.6 2
    endloop
  endfacet
  facet normal -0.0489209 -0.998803 -0
    outer loop
      vertex 39.098 47.5952 2
      vertex 39 47.6 -1.15
      vertex 39.098 47.5952 -1.15
    endloop
  endfacet
  facet normal -0.9038 -0.427955 0
    outer loop
      vertex 39.9239 46.9827 -1.15
      vertex 39.8819 47.0714 2
      vertex 39.8819 47.0714 -1.15
    endloop
  endfacet
  facet normal -0.9038 -0.427955 0
    outer loop
      vertex 39.8819 47.0714 2
      vertex 39.9239 46.9827 -1.15
      vertex 39.9239 46.9827 2
    endloop
  endfacet
  facet normal 0.146696 0.989182 -0
    outer loop
      vertex 38.902 45.6048 -1.15
      vertex 38.8049 45.6192 2
      vertex 38.902 45.6048 2
    endloop
  endfacet
  facet normal 0.146696 0.989182 0
    outer loop
      vertex 38.8049 45.6192 2
      vertex 38.902 45.6048 -1.15
      vertex 38.8049 45.6192 -1.15
    endloop
  endfacet
  facet normal -0.671607 0.740908 0
    outer loop
      vertex 39.7071 45.8929 -1.15
      vertex 39.6344 45.827 2
      vertex 39.7071 45.8929 2
    endloop
  endfacet
  facet normal -0.671607 0.740908 0
    outer loop
      vertex 39.6344 45.827 2
      vertex 39.7071 45.8929 -1.15
      vertex 39.6344 45.827 -1.15
    endloop
  endfacet
  facet normal -0.858032 -0.513596 0
    outer loop
      vertex 39.8819 47.0714 -1.15
      vertex 39.8315 47.1556 2
      vertex 39.8315 47.1556 -1.15
    endloop
  endfacet
  facet normal -0.858032 -0.513596 0
    outer loop
      vertex 39.8315 47.1556 2
      vertex 39.8819 47.0714 -1.15
      vertex 39.8819 47.0714 2
    endloop
  endfacet
  facet normal 0.0489209 0.998803 -0
    outer loop
      vertex 39 45.6 -1.15
      vertex 38.902 45.6048 2
      vertex 39 45.6 2
    endloop
  endfacet
  facet normal 0.0489209 0.998803 0
    outer loop
      vertex 38.902 45.6048 2
      vertex 39 45.6 -1.15
      vertex 38.902 45.6048 -1.15
    endloop
  endfacet
  facet normal 0.740908 -0.671607 0
    outer loop
      vertex 38.227 47.2344 2
      vertex 38.2929 47.3071 -1.15
      vertex 38.2929 47.3071 2
    endloop
  endfacet
  facet normal 0.740908 -0.671607 0
    outer loop
      vertex 38.2929 47.3071 -1.15
      vertex 38.227 47.2344 2
      vertex 38.227 47.2344 -1.15
    endloop
  endfacet
  facet normal 0.146696 -0.989182 0
    outer loop
      vertex 38.8049 47.5808 -1.15
      vertex 38.902 47.5952 2
      vertex 38.8049 47.5808 2
    endloop
  endfacet
  facet normal 0.146696 -0.989182 0
    outer loop
      vertex 38.902 47.5952 2
      vertex 38.8049 47.5808 -1.15
      vertex 38.902 47.5952 -1.15
    endloop
  endfacet
  facet normal 0.9038 -0.427955 0
    outer loop
      vertex 38.0761 46.9827 2
      vertex 38.1181 47.0714 -1.15
      vertex 38.1181 47.0714 2
    endloop
  endfacet
  facet normal 0.9038 -0.427955 0
    outer loop
      vertex 38.1181 47.0714 -1.15
      vertex 38.0761 46.9827 2
      vertex 38.0761 46.9827 -1.15
    endloop
  endfacet
  facet normal 0.969902 -0.243494 0
    outer loop
      vertex 38.0192 46.7951 2
      vertex 38.0431 46.8903 -1.15
      vertex 38.0431 46.8903 2
    endloop
  endfacet
  facet normal 0.969902 -0.243494 0
    outer loop
      vertex 38.0431 46.8903 -1.15
      vertex 38.0192 46.7951 2
      vertex 38.0192 46.7951 -1.15
    endloop
  endfacet
  facet normal -0.243494 -0.969902 0
    outer loop
      vertex 39.1951 47.5808 -1.15
      vertex 39.2903 47.5569 2
      vertex 39.1951 47.5808 2
    endloop
  endfacet
  facet normal -0.243494 -0.969902 -0
    outer loop
      vertex 39.2903 47.5569 2
      vertex 39.1951 47.5808 -1.15
      vertex 39.2903 47.5569 -1.15
    endloop
  endfacet
  facet normal 0.969902 0.243494 0
    outer loop
      vertex 38.0431 46.3097 2
      vertex 38.0192 46.4049 -1.15
      vertex 38.0192 46.4049 2
    endloop
  endfacet
  facet normal 0.969902 0.243494 0
    outer loop
      vertex 38.0192 46.4049 -1.15
      vertex 38.0431 46.3097 2
      vertex 38.0431 46.3097 -1.15
    endloop
  endfacet
  facet normal 0.427955 0.9038 -0
    outer loop
      vertex 38.6173 45.6761 -1.15
      vertex 38.5286 45.7181 2
      vertex 38.6173 45.6761 2
    endloop
  endfacet
  facet normal 0.427955 0.9038 0
    outer loop
      vertex 38.5286 45.7181 2
      vertex 38.6173 45.6761 -1.15
      vertex 38.5286 45.7181 -1.15
    endloop
  endfacet
  facet normal 0.740908 0.671607 0
    outer loop
      vertex 38.2929 45.8929 2
      vertex 38.227 45.9656 -1.15
      vertex 38.227 45.9656 2
    endloop
  endfacet
  facet normal 0.740908 0.671607 0
    outer loop
      vertex 38.227 45.9656 -1.15
      vertex 38.2929 45.8929 2
      vertex 38.2929 45.8929 -1.15
    endloop
  endfacet
  facet normal -0.427955 0.9038 0
    outer loop
      vertex 39.4714 45.7181 -1.15
      vertex 39.3827 45.6761 2
      vertex 39.4714 45.7181 2
    endloop
  endfacet
  facet normal -0.427955 0.9038 0
    outer loop
      vertex 39.3827 45.6761 2
      vertex 39.4714 45.7181 -1.15
      vertex 39.3827 45.6761 -1.15
    endloop
  endfacet
  facet normal -0.0489209 0.998803 0
    outer loop
      vertex 39.098 45.6048 -1.15
      vertex 39 45.6 2
      vertex 39.098 45.6048 2
    endloop
  endfacet
  facet normal -0.0489209 0.998803 0
    outer loop
      vertex 39 45.6 2
      vertex 39.098 45.6048 -1.15
      vertex 39 45.6 -1.15
    endloop
  endfacet
  facet normal 0.989182 0.146696 0
    outer loop
      vertex 38.0192 46.4049 2
      vertex 38.0048 46.502 -1.15
      vertex 38.0048 46.502 2
    endloop
  endfacet
  facet normal 0.989182 0.146696 0
    outer loop
      vertex 38.0048 46.502 -1.15
      vertex 38.0192 46.4049 2
      vertex 38.0192 46.4049 -1.15
    endloop
  endfacet
  facet normal -0.59608 0.802925 0
    outer loop
      vertex 39.6344 45.827 -1.15
      vertex 39.5556 45.7685 2
      vertex 39.6344 45.827 2
    endloop
  endfacet
  facet normal -0.59608 0.802925 0
    outer loop
      vertex 39.5556 45.7685 2
      vertex 39.6344 45.827 -1.15
      vertex 39.5556 45.7685 -1.15
    endloop
  endfacet
  facet normal 0.802925 0.59608 0
    outer loop
      vertex 38.227 45.9656 2
      vertex 38.1685 46.0444 -1.15
      vertex 38.1685 46.0444 2
    endloop
  endfacet
  facet normal 0.802925 0.59608 0
    outer loop
      vertex 38.1685 46.0444 -1.15
      vertex 38.227 45.9656 2
      vertex 38.227 45.9656 -1.15
    endloop
  endfacet
  facet normal 0.998803 -0.0489209 0
    outer loop
      vertex 38 46.6 2
      vertex 38.0048 46.698 -1.15
      vertex 38.0048 46.698 2
    endloop
  endfacet
  facet normal 0.998803 -0.0489209 0
    outer loop
      vertex 38.0048 46.698 -1.15
      vertex 38 46.6 2
      vertex 38 46.6 -1.15
    endloop
  endfacet
  facet normal -0.740908 0.671607 0
    outer loop
      vertex 39.7071 45.8929 -1.15
      vertex 39.773 45.9656 2
      vertex 39.773 45.9656 -1.15
    endloop
  endfacet
  facet normal -0.740908 0.671607 0
    outer loop
      vertex 39.773 45.9656 2
      vertex 39.7071 45.8929 -1.15
      vertex 39.7071 45.8929 2
    endloop
  endfacet
  facet normal 0.336336 0.941742 -0
    outer loop
      vertex 38.7097 61.4431 -1.15
      vertex 38.6173 61.4761 2
      vertex 38.7097 61.4431 2
    endloop
  endfacet
  facet normal 0.336336 0.941742 0
    outer loop
      vertex 38.6173 61.4761 2
      vertex 38.7097 61.4431 -1.15
      vertex 38.6173 61.4761 -1.15
    endloop
  endfacet
  facet normal -0.989182 -0.146696 0
    outer loop
      vertex 39.9952 62.498 -1.15
      vertex 39.9808 62.5951 2
      vertex 39.9808 62.5951 -1.15
    endloop
  endfacet
  facet normal -0.989182 -0.146696 0
    outer loop
      vertex 39.9808 62.5951 2
      vertex 39.9952 62.498 -1.15
      vertex 39.9952 62.498 2
    endloop
  endfacet
  facet normal -0.998803 -0.0489209 0
    outer loop
      vertex 40 62.4 -1.15
      vertex 39.9952 62.498 2
      vertex 39.9952 62.498 -1.15
    endloop
  endfacet
  facet normal -0.998803 -0.0489209 0
    outer loop
      vertex 39.9952 62.498 2
      vertex 40 62.4 -1.15
      vertex 40 62.4 2
    endloop
  endfacet
  facet normal -0.969902 -0.243494 0
    outer loop
      vertex 39.9808 62.5951 -1.15
      vertex 39.9569 62.6903 2
      vertex 39.9569 62.6903 -1.15
    endloop
  endfacet
  facet normal -0.969902 -0.243494 0
    outer loop
      vertex 39.9569 62.6903 2
      vertex 39.9808 62.5951 -1.15
      vertex 39.9808 62.5951 2
    endloop
  endfacet
  facet normal 0.989182 -0.146696 0
    outer loop
      vertex 38.0048 62.498 2
      vertex 38.0192 62.5951 -1.15
      vertex 38.0192 62.5951 2
    endloop
  endfacet
  facet normal 0.989182 -0.146696 0
    outer loop
      vertex 38.0192 62.5951 -1.15
      vertex 38.0048 62.498 2
      vertex 38.0048 62.498 -1.15
    endloop
  endfacet
  facet normal 0.243494 0.969902 -0
    outer loop
      vertex 38.8049 61.4192 -1.15
      vertex 38.7097 61.4431 2
      vertex 38.8049 61.4192 2
    endloop
  endfacet
  facet normal 0.243494 0.969902 0
    outer loop
      vertex 38.7097 61.4431 2
      vertex 38.8049 61.4192 -1.15
      vertex 38.7097 61.4431 -1.15
    endloop
  endfacet
  facet normal -0.336336 -0.941742 0
    outer loop
      vertex 39.2903 63.3569 -1.15
      vertex 39.3827 63.3239 2
      vertex 39.2903 63.3569 2
    endloop
  endfacet
  facet normal -0.336336 -0.941742 -0
    outer loop
      vertex 39.3827 63.3239 2
      vertex 39.2903 63.3569 -1.15
      vertex 39.3827 63.3239 -1.15
    endloop
  endfacet
  facet normal 0.513596 -0.858032 0
    outer loop
      vertex 38.4444 63.2315 -1.15
      vertex 38.5286 63.2819 2
      vertex 38.4444 63.2315 2
    endloop
  endfacet
  facet normal 0.513596 -0.858032 0
    outer loop
      vertex 38.5286 63.2819 2
      vertex 38.4444 63.2315 -1.15
      vertex 38.5286 63.2819 -1.15
    endloop
  endfacet
  facet normal 0.9038 0.427955 0
    outer loop
      vertex 38.1181 61.9286 2
      vertex 38.0761 62.0173 -1.15
      vertex 38.0761 62.0173 2
    endloop
  endfacet
  facet normal 0.9038 0.427955 0
    outer loop
      vertex 38.0761 62.0173 -1.15
      vertex 38.1181 61.9286 2
      vertex 38.1181 61.9286 -1.15
    endloop
  endfacet
  facet normal 0.243494 -0.969902 0
    outer loop
      vertex 38.7097 63.3569 -1.15
      vertex 38.8049 63.3808 2
      vertex 38.7097 63.3569 2
    endloop
  endfacet
  facet normal 0.243494 -0.969902 0
    outer loop
      vertex 38.8049 63.3808 2
      vertex 38.7097 63.3569 -1.15
      vertex 38.8049 63.3808 -1.15
    endloop
  endfacet
  facet normal 0.858032 0.513596 0
    outer loop
      vertex 38.1685 61.8444 2
      vertex 38.1181 61.9286 -1.15
      vertex 38.1181 61.9286 2
    endloop
  endfacet
  facet normal 0.858032 0.513596 0
    outer loop
      vertex 38.1181 61.9286 -1.15
      vertex 38.1685 61.8444 2
      vertex 38.1685 61.8444 -1.15
    endloop
  endfacet
  facet normal -0.243494 0.969902 0
    outer loop
      vertex 39.2903 61.4431 -1.15
      vertex 39.1951 61.4192 2
      vertex 39.2903 61.4431 2
    endloop
  endfacet
  facet normal -0.243494 0.969902 0
    outer loop
      vertex 39.1951 61.4192 2
      vertex 39.2903 61.4431 -1.15
      vertex 39.1951 61.4192 -1.15
    endloop
  endfacet
  facet normal 0.59608 0.802925 -0
    outer loop
      vertex 38.4444 61.5685 -1.15
      vertex 38.3656 61.627 2
      vertex 38.4444 61.5685 2
    endloop
  endfacet
  facet normal 0.59608 0.802925 0
    outer loop
      vertex 38.3656 61.627 2
      vertex 38.4444 61.5685 -1.15
      vertex 38.3656 61.627 -1.15
    endloop
  endfacet
  facet normal -0.513596 0.858032 0
    outer loop
      vertex 39.5556 61.5685 -1.15
      vertex 39.4714 61.5181 2
      vertex 39.5556 61.5685 2
    endloop
  endfacet
  facet normal -0.513596 0.858032 0
    outer loop
      vertex 39.4714 61.5181 2
      vertex 39.5556 61.5685 -1.15
      vertex 39.4714 61.5181 -1.15
    endloop
  endfacet
  facet normal -0.802925 0.59608 0
    outer loop
      vertex 39.773 61.7656 -1.15
      vertex 39.8315 61.8444 2
      vertex 39.8315 61.8444 -1.15
    endloop
  endfacet
  facet normal -0.802925 0.59608 0
    outer loop
      vertex 39.8315 61.8444 2
      vertex 39.773 61.7656 -1.15
      vertex 39.773 61.7656 2
    endloop
  endfacet
  facet normal -0.146696 -0.989182 0
    outer loop
      vertex 39.098 63.3952 -1.15
      vertex 39.1951 63.3808 2
      vertex 39.098 63.3952 2
    endloop
  endfacet
  facet normal -0.146696 -0.989182 -0
    outer loop
      vertex 39.1951 63.3808 2
      vertex 39.098 63.3952 -1.15
      vertex 39.1951 63.3808 -1.15
    endloop
  endfacet
  facet normal 0.59608 -0.802925 0
    outer loop
      vertex 38.3656 63.173 -1.15
      vertex 38.4444 63.2315 2
      vertex 38.3656 63.173 2
    endloop
  endfacet
  facet normal 0.59608 -0.802925 0
    outer loop
      vertex 38.4444 63.2315 2
      vertex 38.3656 63.173 -1.15
      vertex 38.4444 63.2315 -1.15
    endloop
  endfacet
  facet normal 0.802925 -0.59608 0
    outer loop
      vertex 38.1685 62.9556 2
      vertex 38.227 63.0344 -1.15
      vertex 38.227 63.0344 2
    endloop
  endfacet
  facet normal 0.802925 -0.59608 0
    outer loop
      vertex 38.227 63.0344 -1.15
      vertex 38.1685 62.9556 2
      vertex 38.1685 62.9556 -1.15
    endloop
  endfacet
  facet normal -0.989182 0.146696 0
    outer loop
      vertex 39.9808 62.2049 -1.15
      vertex 39.9952 62.302 2
      vertex 39.9952 62.302 -1.15
    endloop
  endfacet
  facet normal -0.989182 0.146696 0
    outer loop
      vertex 39.9952 62.302 2
      vertex 39.9808 62.2049 -1.15
      vertex 39.9808 62.2049 2
    endloop
  endfacet
  facet normal 0.941742 -0.336336 0
    outer loop
      vertex 38.0431 62.6903 2
      vertex 38.0761 62.7827 -1.15
      vertex 38.0761 62.7827 2
    endloop
  endfacet
  facet normal 0.941742 -0.336336 0
    outer loop
      vertex 38.0761 62.7827 -1.15
      vertex 38.0431 62.6903 2
      vertex 38.0431 62.6903 -1.15
    endloop
  endfacet
  facet normal -0.427955 -0.9038 0
    outer loop
      vertex 39.3827 63.3239 -1.15
      vertex 39.4714 63.2819 2
      vertex 39.3827 63.3239 2
    endloop
  endfacet
  facet normal -0.427955 -0.9038 -0
    outer loop
      vertex 39.4714 63.2819 2
      vertex 39.3827 63.3239 -1.15
      vertex 39.4714 63.2819 -1.15
    endloop
  endfacet
  facet normal 0.941742 0.336336 0
    outer loop
      vertex 38.0761 62.0173 2
      vertex 38.0431 62.1097 -1.15
      vertex 38.0431 62.1097 2
    endloop
  endfacet
  facet normal 0.941742 0.336336 0
    outer loop
      vertex 38.0431 62.1097 -1.15
      vertex 38.0761 62.0173 2
      vertex 38.0761 62.0173 -1.15
    endloop
  endfacet
  facet normal -0.969902 0.243494 0
    outer loop
      vertex 39.9569 62.1097 -1.15
      vertex 39.9808 62.2049 2
      vertex 39.9808 62.2049 -1.15
    endloop
  endfacet
  facet normal -0.969902 0.243494 0
    outer loop
      vertex 39.9808 62.2049 2
      vertex 39.9569 62.1097 -1.15
      vertex 39.9569 62.1097 2
    endloop
  endfacet
  facet normal 0.0489209 -0.998803 0
    outer loop
      vertex 38.902 63.3952 -1.15
      vertex 39 63.4 2
      vertex 38.902 63.3952 2
    endloop
  endfacet
  facet normal 0.0489209 -0.998803 0
    outer loop
      vertex 39 63.4 2
      vertex 38.902 63.3952 -1.15
      vertex 39 63.4 -1.15
    endloop
  endfacet
  facet normal -0.671607 -0.740908 0
    outer loop
      vertex 39.6344 63.173 -1.15
      vertex 39.7071 63.1071 2
      vertex 39.6344 63.173 2
    endloop
  endfacet
  facet normal -0.671607 -0.740908 -0
    outer loop
      vertex 39.7071 63.1071 2
      vertex 39.6344 63.173 -1.15
      vertex 39.7071 63.1071 -1.15
    endloop
  endfacet
  facet normal 0.427955 -0.9038 0
    outer loop
      vertex 38.5286 63.2819 -1.15
      vertex 38.6173 63.3239 2
      vertex 38.5286 63.2819 2
    endloop
  endfacet
  facet normal 0.427955 -0.9038 0
    outer loop
      vertex 38.6173 63.3239 2
      vertex 38.5286 63.2819 -1.15
      vertex 38.6173 63.3239 -1.15
    endloop
  endfacet
  facet normal 0.671607 -0.740908 0
    outer loop
      vertex 38.2929 63.1071 -1.15
      vertex 38.3656 63.173 2
      vertex 38.2929 63.1071 2
    endloop
  endfacet
  facet normal 0.671607 -0.740908 0
    outer loop
      vertex 38.3656 63.173 2
      vertex 38.2929 63.1071 -1.15
      vertex 38.3656 63.173 -1.15
    endloop
  endfacet
  facet normal -0.336336 0.941742 0
    outer loop
      vertex 39.3827 61.4761 -1.15
      vertex 39.2903 61.4431 2
      vertex 39.3827 61.4761 2
    endloop
  endfacet
  facet normal -0.336336 0.941742 0
    outer loop
      vertex 39.2903 61.4431 2
      vertex 39.3827 61.4761 -1.15
      vertex 39.2903 61.4431 -1.15
    endloop
  endfacet
  facet normal 0.336336 -0.941742 0
    outer loop
      vertex 38.6173 63.3239 -1.15
      vertex 38.7097 63.3569 2
      vertex 38.6173 63.3239 2
    endloop
  endfacet
  facet normal 0.336336 -0.941742 0
    outer loop
      vertex 38.7097 63.3569 2
      vertex 38.6173 63.3239 -1.15
      vertex 38.7097 63.3569 -1.15
    endloop
  endfacet
  facet normal -0.802925 -0.59608 0
    outer loop
      vertex 39.8315 62.9556 -1.15
      vertex 39.773 63.0344 2
      vertex 39.773 63.0344 -1.15
    endloop
  endfacet
  facet normal -0.802925 -0.59608 0
    outer loop
      vertex 39.773 63.0344 2
      vertex 39.8315 62.9556 -1.15
      vertex 39.8315 62.9556 2
    endloop
  endfacet
  facet normal 0.858032 -0.513596 0
    outer loop
      vertex 38.1181 62.8714 2
      vertex 38.1685 62.9556 -1.15
      vertex 38.1685 62.9556 2
    endloop
  endfacet
  facet normal 0.858032 -0.513596 0
    outer loop
      vertex 38.1685 62.9556 -1.15
      vertex 38.1181 62.8714 2
      vertex 38.1181 62.8714 -1.15
    endloop
  endfacet
  facet normal -0.998803 0.0489209 0
    outer loop
      vertex 39.9952 62.302 -1.15
      vertex 40 62.4 2
      vertex 40 62.4 -1.15
    endloop
  endfacet
  facet normal -0.998803 0.0489209 0
    outer loop
      vertex 40 62.4 2
      vertex 39.9952 62.302 -1.15
      vertex 39.9952 62.302 2
    endloop
  endfacet
  facet normal -0.9038 0.427955 0
    outer loop
      vertex 39.8819 61.9286 -1.15
      vertex 39.9239 62.0173 2
      vertex 39.9239 62.0173 -1.15
    endloop
  endfacet
  facet normal -0.9038 0.427955 0
    outer loop
      vertex 39.9239 62.0173 2
      vertex 39.8819 61.9286 -1.15
      vertex 39.8819 61.9286 2
    endloop
  endfacet
  facet normal 0.671607 0.740908 -0
    outer loop
      vertex 38.3656 61.627 -1.15
      vertex 38.2929 61.6929 2
      vertex 38.3656 61.627 2
    endloop
  endfacet
  facet normal 0.671607 0.740908 0
    outer loop
      vertex 38.2929 61.6929 2
      vertex 38.3656 61.627 -1.15
      vertex 38.2929 61.6929 -1.15
    endloop
  endfacet
  facet normal -0.59608 -0.802925 0
    outer loop
      vertex 39.5556 63.2315 -1.15
      vertex 39.6344 63.173 2
      vertex 39.5556 63.2315 2
    endloop
  endfacet
  facet normal -0.59608 -0.802925 -0
    outer loop
      vertex 39.6344 63.173 2
      vertex 39.5556 63.2315 -1.15
      vertex 39.6344 63.173 -1.15
    endloop
  endfacet
  facet normal 0.513596 0.858032 -0
    outer loop
      vertex 38.5286 61.5181 -1.15
      vertex 38.4444 61.5685 2
      vertex 38.5286 61.5181 2
    endloop
  endfacet
  facet normal 0.513596 0.858032 0
    outer loop
      vertex 38.4444 61.5685 2
      vertex 38.5286 61.5181 -1.15
      vertex 38.4444 61.5685 -1.15
    endloop
  endfacet
  facet normal -0.513596 -0.858032 0
    outer loop
      vertex 39.4714 63.2819 -1.15
      vertex 39.5556 63.2315 2
      vertex 39.4714 63.2819 2
    endloop
  endfacet
  facet normal -0.513596 -0.858032 -0
    outer loop
      vertex 39.5556 63.2315 2
      vertex 39.4714 63.2819 -1.15
      vertex 39.5556 63.2315 -1.15
    endloop
  endfacet
  facet normal -0.146696 0.989182 0
    outer loop
      vertex 39.1951 61.4192 -1.15
      vertex 39.098 61.4048 2
      vertex 39.1951 61.4192 2
    endloop
  endfacet
  facet normal -0.146696 0.989182 0
    outer loop
      vertex 39.098 61.4048 2
      vertex 39.1951 61.4192 -1.15
      vertex 39.098 61.4048 -1.15
    endloop
  endfacet
  facet normal -0.941742 -0.336336 0
    outer loop
      vertex 39.9569 62.6903 -1.15
      vertex 39.9239 62.7827 2
      vertex 39.9239 62.7827 -1.15
    endloop
  endfacet
  facet normal -0.941742 -0.336336 0
    outer loop
      vertex 39.9239 62.7827 2
      vertex 39.9569 62.6903 -1.15
      vertex 39.9569 62.6903 2
    endloop
  endfacet
  facet normal -0.858032 0.513596 0
    outer loop
      vertex 39.8315 61.8444 -1.15
      vertex 39.8819 61.9286 2
      vertex 39.8819 61.9286 -1.15
    endloop
  endfacet
  facet normal -0.858032 0.513596 0
    outer loop
      vertex 39.8819 61.9286 2
      vertex 39.8315 61.8444 -1.15
      vertex 39.8315 61.8444 2
    endloop
  endfacet
  facet normal 0.998803 0.0489209 0
    outer loop
      vertex 38.0048 62.302 2
      vertex 38 62.4 -1.15
      vertex 38 62.4 2
    endloop
  endfacet
  facet normal 0.998803 0.0489209 0
    outer loop
      vertex 38 62.4 -1.15
      vertex 38.0048 62.302 2
      vertex 38.0048 62.302 -1.15
    endloop
  endfacet
  facet normal -0.941742 0.336336 0
    outer loop
      vertex 39.9239 62.0173 -1.15
      vertex 39.9569 62.1097 2
      vertex 39.9569 62.1097 -1.15
    endloop
  endfacet
  facet normal -0.941742 0.336336 0
    outer loop
      vertex 39.9569 62.1097 2
      vertex 39.9239 62.0173 -1.15
      vertex 39.9239 62.0173 2
    endloop
  endfacet
  facet normal 0.146696 -0.989182 0
    outer loop
      vertex 38.8049 63.3808 -1.15
      vertex 38.902 63.3952 2
      vertex 38.8049 63.3808 2
    endloop
  endfacet
  facet normal 0.146696 -0.989182 0
    outer loop
      vertex 38.902 63.3952 2
      vertex 38.8049 63.3808 -1.15
      vertex 38.902 63.3952 -1.15
    endloop
  endfacet
  facet normal -0.740908 -0.671607 0
    outer loop
      vertex 39.773 63.0344 -1.15
      vertex 39.7071 63.1071 2
      vertex 39.7071 63.1071 -1.15
    endloop
  endfacet
  facet normal -0.740908 -0.671607 0
    outer loop
      vertex 39.7071 63.1071 2
      vertex 39.773 63.0344 -1.15
      vertex 39.773 63.0344 2
    endloop
  endfacet
  facet normal -0.0489209 -0.998803 0
    outer loop
      vertex 39 63.4 -1.15
      vertex 39.098 63.3952 2
      vertex 39 63.4 2
    endloop
  endfacet
  facet normal -0.0489209 -0.998803 -0
    outer loop
      vertex 39.098 63.3952 2
      vertex 39 63.4 -1.15
      vertex 39.098 63.3952 -1.15
    endloop
  endfacet
  facet normal -0.9038 -0.427955 0
    outer loop
      vertex 39.9239 62.7827 -1.15
      vertex 39.8819 62.8714 2
      vertex 39.8819 62.8714 -1.15
    endloop
  endfacet
  facet normal -0.9038 -0.427955 0
    outer loop
      vertex 39.8819 62.8714 2
      vertex 39.9239 62.7827 -1.15
      vertex 39.9239 62.7827 2
    endloop
  endfacet
  facet normal 0.146696 0.989182 -0
    outer loop
      vertex 38.902 61.4048 -1.15
      vertex 38.8049 61.4192 2
      vertex 38.902 61.4048 2
    endloop
  endfacet
  facet normal 0.146696 0.989182 0
    outer loop
      vertex 38.8049 61.4192 2
      vertex 38.902 61.4048 -1.15
      vertex 38.8049 61.4192 -1.15
    endloop
  endfacet
  facet normal -0.671607 0.740908 0
    outer loop
      vertex 39.7071 61.6929 -1.15
      vertex 39.6344 61.627 2
      vertex 39.7071 61.6929 2
    endloop
  endfacet
  facet normal -0.671607 0.740908 0
    outer loop
      vertex 39.6344 61.627 2
      vertex 39.7071 61.6929 -1.15
      vertex 39.6344 61.627 -1.15
    endloop
  endfacet
  facet normal -0.858032 -0.513596 0
    outer loop
      vertex 39.8819 62.8714 -1.15
      vertex 39.8315 62.9556 2
      vertex 39.8315 62.9556 -1.15
    endloop
  endfacet
  facet normal -0.858032 -0.513596 0
    outer loop
      vertex 39.8315 62.9556 2
      vertex 39.8819 62.8714 -1.15
      vertex 39.8819 62.8714 2
    endloop
  endfacet
  facet normal 0.0489209 0.998803 -0
    outer loop
      vertex 39 61.4 -1.15
      vertex 38.902 61.4048 2
      vertex 39 61.4 2
    endloop
  endfacet
  facet normal 0.0489209 0.998803 0
    outer loop
      vertex 38.902 61.4048 2
      vertex 39 61.4 -1.15
      vertex 38.902 61.4048 -1.15
    endloop
  endfacet
  facet normal 0.740908 -0.671607 0
    outer loop
      vertex 38.227 63.0344 2
      vertex 38.2929 63.1071 -1.15
      vertex 38.2929 63.1071 2
    endloop
  endfacet
  facet normal 0.740908 -0.671607 0
    outer loop
      vertex 38.2929 63.1071 -1.15
      vertex 38.227 63.0344 2
      vertex 38.227 63.0344 -1.15
    endloop
  endfacet
  facet normal 0.9038 -0.427955 0
    outer loop
      vertex 38.0761 62.7827 2
      vertex 38.1181 62.8714 -1.15
      vertex 38.1181 62.8714 2
    endloop
  endfacet
  facet normal 0.9038 -0.427955 0
    outer loop
      vertex 38.1181 62.8714 -1.15
      vertex 38.0761 62.7827 2
      vertex 38.0761 62.7827 -1.15
    endloop
  endfacet
  facet normal 0.969902 -0.243494 0
    outer loop
      vertex 38.0192 62.5951 2
      vertex 38.0431 62.6903 -1.15
      vertex 38.0431 62.6903 2
    endloop
  endfacet
  facet normal 0.969902 -0.243494 0
    outer loop
      vertex 38.0431 62.6903 -1.15
      vertex 38.0192 62.5951 2
      vertex 38.0192 62.5951 -1.15
    endloop
  endfacet
  facet normal -0.243494 -0.969902 0
    outer loop
      vertex 39.1951 63.3808 -1.15
      vertex 39.2903 63.3569 2
      vertex 39.1951 63.3808 2
    endloop
  endfacet
  facet normal -0.243494 -0.969902 -0
    outer loop
      vertex 39.2903 63.3569 2
      vertex 39.1951 63.3808 -1.15
      vertex 39.2903 63.3569 -1.15
    endloop
  endfacet
  facet normal 0.969902 0.243494 0
    outer loop
      vertex 38.0431 62.1097 2
      vertex 38.0192 62.2049 -1.15
      vertex 38.0192 62.2049 2
    endloop
  endfacet
  facet normal 0.969902 0.243494 0
    outer loop
      vertex 38.0192 62.2049 -1.15
      vertex 38.0431 62.1097 2
      vertex 38.0431 62.1097 -1.15
    endloop
  endfacet
  facet normal 0.427955 0.9038 -0
    outer loop
      vertex 38.6173 61.4761 -1.15
      vertex 38.5286 61.5181 2
      vertex 38.6173 61.4761 2
    endloop
  endfacet
  facet normal 0.427955 0.9038 0
    outer loop
      vertex 38.5286 61.5181 2
      vertex 38.6173 61.4761 -1.15
      vertex 38.5286 61.5181 -1.15
    endloop
  endfacet
  facet normal 0.740908 0.671607 0
    outer loop
      vertex 38.2929 61.6929 2
      vertex 38.227 61.7656 -1.15
      vertex 38.227 61.7656 2
    endloop
  endfacet
  facet normal 0.740908 0.671607 0
    outer loop
      vertex 38.227 61.7656 -1.15
      vertex 38.2929 61.6929 2
      vertex 38.2929 61.6929 -1.15
    endloop
  endfacet
  facet normal -0.427955 0.9038 0
    outer loop
      vertex 39.4714 61.5181 -1.15
      vertex 39.3827 61.4761 2
      vertex 39.4714 61.5181 2
    endloop
  endfacet
  facet normal -0.427955 0.9038 0
    outer loop
      vertex 39.3827 61.4761 2
      vertex 39.4714 61.5181 -1.15
      vertex 39.3827 61.4761 -1.15
    endloop
  endfacet
  facet normal -0.0489209 0.998803 0
    outer loop
      vertex 39.098 61.4048 -1.15
      vertex 39 61.4 2
      vertex 39.098 61.4048 2
    endloop
  endfacet
  facet normal -0.0489209 0.998803 0
    outer loop
      vertex 39 61.4 2
      vertex 39.098 61.4048 -1.15
      vertex 39 61.4 -1.15
    endloop
  endfacet
  facet normal 0.989182 0.146696 0
    outer loop
      vertex 38.0192 62.2049 2
      vertex 38.0048 62.302 -1.15
      vertex 38.0048 62.302 2
    endloop
  endfacet
  facet normal 0.989182 0.146696 0
    outer loop
      vertex 38.0048 62.302 -1.15
      vertex 38.0192 62.2049 2
      vertex 38.0192 62.2049 -1.15
    endloop
  endfacet
  facet normal -0.59608 0.802925 0
    outer loop
      vertex 39.6344 61.627 -1.15
      vertex 39.5556 61.5685 2
      vertex 39.6344 61.627 2
    endloop
  endfacet
  facet normal -0.59608 0.802925 0
    outer loop
      vertex 39.5556 61.5685 2
      vertex 39.6344 61.627 -1.15
      vertex 39.5556 61.5685 -1.15
    endloop
  endfacet
  facet normal 0.802925 0.59608 0
    outer loop
      vertex 38.227 61.7656 2
      vertex 38.1685 61.8444 -1.15
      vertex 38.1685 61.8444 2
    endloop
  endfacet
  facet normal 0.802925 0.59608 0
    outer loop
      vertex 38.1685 61.8444 -1.15
      vertex 38.227 61.7656 2
      vertex 38.227 61.7656 -1.15
    endloop
  endfacet
  facet normal 0.998803 -0.0489209 0
    outer loop
      vertex 38 62.4 2
      vertex 38.0048 62.498 -1.15
      vertex 38.0048 62.498 2
    endloop
  endfacet
  facet normal 0.998803 -0.0489209 0
    outer loop
      vertex 38.0048 62.498 -1.15
      vertex 38 62.4 2
      vertex 38 62.4 -1.15
    endloop
  endfacet
  facet normal -0.740908 0.671607 0
    outer loop
      vertex 39.7071 61.6929 -1.15
      vertex 39.773 61.7656 2
      vertex 39.773 61.7656 -1.15
    endloop
  endfacet
  facet normal -0.740908 0.671607 0
    outer loop
      vertex 39.773 61.7656 2
      vertex 39.7071 61.6929 -1.15
      vertex 39.7071 61.6929 2
    endloop
  endfacet
endsolid OpenSCAD_Model
