solid OpenSCAD_Model
  facet normal -0 0 -1
    outer loop
      vertex 28.06 64.784 0
      vertex 23.697 32.6058 0
      vertex 27.8529 64.9429 0
    endloop
  endfacet
  facet normal 0 0 -1
    outer loop
      vertex 27.56 65.65 0
      vertex 25.8264 82.9362 0
      vertex 25.8305 83.0195 0
    endloop
  endfacet
  facet normal -0 0 -1
    outer loop
      vertex 27.8529 64.9429 0
      vertex 23.697 32.6058 0
      vertex 27.694 65.15 0
    endloop
  endfacet
  facet normal 0 0 -1
    outer loop
      vertex 27.56 65.65 0
      vertex 25.8142 82.8536 0
      vertex 25.8264 82.9362 0
    endloop
  endfacet
  facet normal -0 0 -1
    outer loop
      vertex 27.694 65.15 0
      vertex 23.697 32.6058 0
      vertex 27.5941 65.3912 0
    endloop
  endfacet
  facet normal 0 0 -1
    outer loop
      vertex 27.56 65.65 0
      vertex 25.7939 82.7727 0
      vertex 25.8142 82.8536 0
    endloop
  endfacet
  facet normal 0 0 -1
    outer loop
      vertex 23.697 76.3942 0
      vertex 27.5941 65.3912 0
      vertex 23.697 32.6058 0
    endloop
  endfacet
  facet normal 0 0 -1
    outer loop
      vertex 27.56 65.65 0
      vertex 25.7658 82.6942 0
      vertex 25.7939 82.7727 0
    endloop
  endfacet
  facet normal 0 0 -1
    outer loop
      vertex 23.697 32.6058 0
      vertex 25.7658 26.3058 0
      vertex 25.7302 26.3812 0
    endloop
  endfacet
  facet normal 0 0 -1
    outer loop
      vertex 27.5941 65.3912 0
      vertex 23.697 76.3942 0
      vertex 27.56 65.65 0
    endloop
  endfacet
  facet normal 0 0 -1
    outer loop
      vertex 23.697 32.6058 0
      vertex 25.7302 26.3812 0
      vertex 25.6873 26.4528 0
    endloop
  endfacet
  facet normal 0 -0 -1
    outer loop
      vertex 25.6873 82.5472 0
      vertex 27.56 65.65 0
      vertex 23.697 76.3942 0
    endloop
  endfacet
  facet normal 0 0 -1
    outer loop
      vertex 23.697 32.6058 0
      vertex 25.6873 26.4528 0
      vertex 25.6376 26.5198 0
    endloop
  endfacet
  facet normal 0 0 -1
    outer loop
      vertex 27.56 65.65 0
      vertex 25.7302 82.6188 0
      vertex 25.7658 82.6942 0
    endloop
  endfacet
  facet normal 0 0 -1
    outer loop
      vertex 23.697 32.6058 0
      vertex 25.6376 26.5198 0
      vertex 25.5816 26.5816 0
    endloop
  endfacet
  facet normal 0 0 -1
    outer loop
      vertex 27.56 65.65 0
      vertex 25.6873 82.5472 0
      vertex 25.7302 82.6188 0
    endloop
  endfacet
  facet normal 0 0 -1
    outer loop
      vertex 23.697 32.6058 0
      vertex 25.5816 26.5816 0
      vertex 25.5198 26.6376 0
    endloop
  endfacet
  facet normal 0 0 -1
    outer loop
      vertex 25.6873 82.5472 0
      vertex 23.697 76.3942 0
      vertex 25.6376 82.4802 0
    endloop
  endfacet
  facet normal 0 0 -1
    outer loop
      vertex 23.697 32.6058 0
      vertex 25.5198 26.6376 0
      vertex 25.4528 26.6873 0
    endloop
  endfacet
  facet normal 0 0 -1
    outer loop
      vertex 25.6376 82.4802 0
      vertex 23.697 76.3942 0
      vertex 25.5816 82.4184 0
    endloop
  endfacet
  facet normal 0 0 -1
    outer loop
      vertex 23.697 32.6058 0
      vertex 25.4528 26.6873 0
      vertex 25.3812 26.7302 0
    endloop
  endfacet
  facet normal 0 0 -1
    outer loop
      vertex 25.5816 82.4184 0
      vertex 23.697 76.3942 0
      vertex 25.5198 82.3624 0
    endloop
  endfacet
  facet normal 0 0 -1
    outer loop
      vertex 23.697 32.6058 0
      vertex 25.3812 26.7302 0
      vertex 25.3058 26.7658 0
    endloop
  endfacet
  facet normal 0 0 -1
    outer loop
      vertex 25.5198 82.3624 0
      vertex 23.697 76.3942 0
      vertex 25.4528 82.3127 0
    endloop
  endfacet
  facet normal 0 0 -1
    outer loop
      vertex 23.697 32.6058 0
      vertex 25.3058 26.7658 0
      vertex 25.2273 26.7939 0
    endloop
  endfacet
  facet normal 0 0 -1
    outer loop
      vertex 25.4528 82.3127 0
      vertex 23.697 76.3942 0
      vertex 25.3812 82.2698 0
    endloop
  endfacet
  facet normal 0 0 -1
    outer loop
      vertex 23.697 32.6058 0
      vertex 25.2273 26.7939 0
      vertex 25.1464 26.8142 0
    endloop
  endfacet
  facet normal 0 0 -1
    outer loop
      vertex 25.3812 82.2698 0
      vertex 23.697 76.3942 0
      vertex 25.3058 82.2342 0
    endloop
  endfacet
  facet normal 0 0 -1
    outer loop
      vertex 23.697 32.6058 0
      vertex 25.1464 26.8142 0
      vertex 25.0638 26.8264 0
    endloop
  endfacet
  facet normal 0 0 -1
    outer loop
      vertex 25.3058 82.2342 0
      vertex 23.697 76.3942 0
      vertex 25.2273 82.2061 0
    endloop
  endfacet
  facet normal 0 0 -1
    outer loop
      vertex 23.697 32.6058 0
      vertex 25.0638 26.8264 0
      vertex 24.9805 26.8305 0
    endloop
  endfacet
  facet normal 0 0 -1
    outer loop
      vertex 25.2273 82.2061 0
      vertex 23.697 76.3942 0
      vertex 25.1464 82.1858 0
    endloop
  endfacet
  facet normal 0 0 -1
    outer loop
      vertex 23.697 32.6058 0
      vertex 24.9805 26.8305 0
      vertex 24.8972 26.8264 0
    endloop
  endfacet
  facet normal 0 0 -1
    outer loop
      vertex 25.1464 82.1858 0
      vertex 23.697 76.3942 0
      vertex 25.0638 82.1736 0
    endloop
  endfacet
  facet normal 0 0 -1
    outer loop
      vertex 23.697 32.6058 0
      vertex 24.8972 26.8264 0
      vertex 24.8147 26.8142 0
    endloop
  endfacet
  facet normal 0 0 -1
    outer loop
      vertex 25.0638 82.1736 0
      vertex 23.697 76.3942 0
      vertex 24.9805 82.1695 0
    endloop
  endfacet
  facet normal 0 0 -1
    outer loop
      vertex 23.6637 32.6008 0
      vertex 24.8147 26.8142 0
      vertex 24.7338 26.7939 0
    endloop
  endfacet
  facet normal -0 0 -1
    outer loop
      vertex 24.9805 82.1695 0
      vertex 23.697 76.3942 0
      vertex 24.8972 82.1736 0
    endloop
  endfacet
  facet normal 0 0 -1
    outer loop
      vertex 23.0211 32.4399 0
      vertex 24.7338 26.7939 0
      vertex 24.6552 26.7658 0
    endloop
  endfacet
  facet normal -0 0 -1
    outer loop
      vertex 24.8972 82.1736 0
      vertex 23.697 76.3942 0
      vertex 24.8147 82.1858 0
    endloop
  endfacet
  facet normal 0 0 -1
    outer loop
      vertex 22.3974 32.2167 0
      vertex 24.6552 26.7658 0
      vertex 24.5798 26.7302 0
    endloop
  endfacet
  facet normal 0 0 -1
    outer loop
      vertex 23.6637 76.3992 0
      vertex 24.8147 82.1858 0
      vertex 23.697 76.3942 0
    endloop
  endfacet
  facet normal 0 0 -1
    outer loop
      vertex 21.7986 31.9335 0
      vertex 24.5798 26.7302 0
      vertex 24.5083 26.6873 0
    endloop
  endfacet
  facet normal -0 0 -1
    outer loop
      vertex 24.8147 82.1858 0
      vertex 23.6637 76.3992 0
      vertex 24.7338 82.2061 0
    endloop
  endfacet
  facet normal 0 0 -1
    outer loop
      vertex 21.2304 31.5929 0
      vertex 24.5083 26.6873 0
      vertex 24.4413 26.6376 0
    endloop
  endfacet
  facet normal 0 0 -1
    outer loop
      vertex 23.0211 76.5601 0
      vertex 24.7338 82.2061 0
      vertex 23.6637 76.3992 0
    endloop
  endfacet
  facet normal 0 0 -1
    outer loop
      vertex 20.6984 31.1983 0
      vertex 24.4413 26.6376 0
      vertex 24.3795 26.5816 0
    endloop
  endfacet
  facet normal -0 0 -1
    outer loop
      vertex 24.7338 82.2061 0
      vertex 23.0211 76.5601 0
      vertex 24.6552 82.2342 0
    endloop
  endfacet
  facet normal 0 0 -1
    outer loop
      vertex 20.2076 30.7535 0
      vertex 24.3795 26.5816 0
      vertex 24.3235 26.5198 0
    endloop
  endfacet
  facet normal 0 0 -1
    outer loop
      vertex 22.3974 76.7833 0
      vertex 24.6552 82.2342 0
      vertex 23.0211 76.5601 0
    endloop
  endfacet
  facet normal 0 0 -1
    outer loop
      vertex 19.7627 30.2627 0
      vertex 24.3235 26.5198 0
      vertex 24.2738 26.4528 0
    endloop
  endfacet
  facet normal -0 0 -1
    outer loop
      vertex 24.6552 82.2342 0
      vertex 22.3974 76.7833 0
      vertex 24.5798 82.2698 0
    endloop
  endfacet
  facet normal 0 0 -1
    outer loop
      vertex 19.3681 29.7306 0
      vertex 24.2738 26.4528 0
      vertex 24.2309 26.3812 0
    endloop
  endfacet
  facet normal 0 0 -1
    outer loop
      vertex 21.7986 77.0665 0
      vertex 24.5798 82.2698 0
      vertex 22.3974 76.7833 0
    endloop
  endfacet
  facet normal 0 0 -1
    outer loop
      vertex 19.0276 29.1624 0
      vertex 24.2309 26.3812 0
      vertex 24.1952 26.3058 0
    endloop
  endfacet
  facet normal -0 0 -1
    outer loop
      vertex 24.5798 82.2698 0
      vertex 21.7986 77.0665 0
      vertex 24.5083 82.3127 0
    endloop
  endfacet
  facet normal 0 0 -1
    outer loop
      vertex 18.7443 28.5636 0
      vertex 24.1952 26.3058 0
      vertex 24.1671 26.2273 0
    endloop
  endfacet
  facet normal 0 0 -1
    outer loop
      vertex 21.2304 77.407 0
      vertex 24.5083 82.3127 0
      vertex 21.7986 77.0665 0
    endloop
  endfacet
  facet normal 0 0 -1
    outer loop
      vertex 18.5212 27.9399 0
      vertex 24.1671 26.2273 0
      vertex 24.1469 26.1464 0
    endloop
  endfacet
  facet normal -0 0 -1
    outer loop
      vertex 24.5083 82.3127 0
      vertex 21.2304 77.407 0
      vertex 24.4413 82.3624 0
    endloop
  endfacet
  facet normal 0 0 -1
    outer loop
      vertex 18.3602 27.2974 0
      vertex 24.1469 26.1464 0
      vertex 24.1346 26.0638 0
    endloop
  endfacet
  facet normal 0 0 -1
    outer loop
      vertex 20.6984 77.8017 0
      vertex 24.4413 82.3624 0
      vertex 21.2304 77.407 0
    endloop
  endfacet
  facet normal 0 0 -1
    outer loop
      vertex 18.263 26.6421 0
      vertex 24.1346 26.0638 0
      vertex 24.1305 25.9805 0
    endloop
  endfacet
  facet normal -0 0 -1
    outer loop
      vertex 24.4413 82.3624 0
      vertex 20.6984 77.8017 0
      vertex 24.3795 82.4184 0
    endloop
  endfacet
  facet normal 0 0 -1
    outer loop
      vertex 25.6376 83.5587 0
      vertex 30.1983 87.3016 0
      vertex 25.6873 83.4917 0
    endloop
  endfacet
  facet normal -0 0 -1
    outer loop
      vertex 30.1983 87.3016 0
      vertex 25.6376 83.5587 0
      vertex 29.7535 87.7924 0
    endloop
  endfacet
  facet normal 0 0 -1
    outer loop
      vertex 25.5816 83.6205 0
      vertex 29.7535 87.7924 0
      vertex 25.6376 83.5587 0
    endloop
  endfacet
  facet normal -0 0 -1
    outer loop
      vertex 29.7535 87.7924 0
      vertex 25.5816 83.6205 0
      vertex 29.2627 88.2373 0
    endloop
  endfacet
  facet normal 0 0 -1
    outer loop
      vertex 25.5198 83.6765 0
      vertex 29.2627 88.2373 0
      vertex 25.5816 83.6205 0
    endloop
  endfacet
  facet normal -0 0 -1
    outer loop
      vertex 29.2627 88.2373 0
      vertex 25.5198 83.6765 0
      vertex 28.7306 88.6319 0
    endloop
  endfacet
  facet normal 0 0 -1
    outer loop
      vertex 25.4528 83.7262 0
      vertex 28.7306 88.6319 0
      vertex 25.5198 83.6765 0
    endloop
  endfacet
  facet normal -0 0 -1
    outer loop
      vertex 28.7306 88.6319 0
      vertex 25.4528 83.7262 0
      vertex 28.1624 88.9724 0
    endloop
  endfacet
  facet normal 0 0 -1
    outer loop
      vertex 25.3812 83.7691 0
      vertex 28.1624 88.9724 0
      vertex 25.4528 83.7262 0
    endloop
  endfacet
  facet normal -0 0 -1
    outer loop
      vertex 28.1624 88.9724 0
      vertex 25.3812 83.7691 0
      vertex 27.5636 89.2556 0
    endloop
  endfacet
  facet normal 0 0 -1
    outer loop
      vertex 25.3058 83.8048 0
      vertex 27.5636 89.2556 0
      vertex 25.3812 83.7691 0
    endloop
  endfacet
  facet normal -0 0 -1
    outer loop
      vertex 27.5636 89.2556 0
      vertex 25.3058 83.8048 0
      vertex 26.9399 89.4788 0
    endloop
  endfacet
  facet normal 0 0 -1
    outer loop
      vertex 25.2273 83.8329 0
      vertex 26.9399 89.4788 0
      vertex 25.3058 83.8048 0
    endloop
  endfacet
  facet normal -0 0 -1
    outer loop
      vertex 26.9399 89.4788 0
      vertex 25.2273 83.8329 0
      vertex 26.2974 89.6398 0
    endloop
  endfacet
  facet normal 0 0 -1
    outer loop
      vertex 25.1464 83.8531 0
      vertex 26.2974 89.6398 0
      vertex 25.2273 83.8329 0
    endloop
  endfacet
  facet normal -0 0 -1
    outer loop
      vertex 26.2974 89.6398 0
      vertex 25.1464 83.8531 0
      vertex 25.6421 89.737 0
    endloop
  endfacet
  facet normal 0 0 -1
    outer loop
      vertex 25.0638 83.8654 0
      vertex 25.6421 89.737 0
      vertex 25.1464 83.8531 0
    endloop
  endfacet
  facet normal 0 0 -1
    outer loop
      vertex 24.9805 83.8695 0
      vertex 25.6421 89.737 0
      vertex 25.0638 83.8654 0
    endloop
  endfacet
  facet normal 0 0 -1
    outer loop
      vertex 24.9805 83.8695 0
      vertex 24.9805 89.7695 0
      vertex 25.6421 89.737 0
    endloop
  endfacet
  facet normal 0 0 -1
    outer loop
      vertex 24.8972 83.8654 0
      vertex 24.9805 89.7695 0
      vertex 24.9805 83.8695 0
    endloop
  endfacet
  facet normal 0 0 -1
    outer loop
      vertex 24.3189 89.737 0
      vertex 24.8972 83.8654 0
      vertex 24.8147 83.8531 0
    endloop
  endfacet
  facet normal 0 0 -1
    outer loop
      vertex 23.6637 89.6398 0
      vertex 24.8147 83.8531 0
      vertex 24.7338 83.8329 0
    endloop
  endfacet
  facet normal 0 0 -1
    outer loop
      vertex 23.0211 89.4788 0
      vertex 24.7338 83.8329 0
      vertex 24.6552 83.8048 0
    endloop
  endfacet
  facet normal 0 0 -1
    outer loop
      vertex 22.3974 89.2556 0
      vertex 24.6552 83.8048 0
      vertex 24.5798 83.7691 0
    endloop
  endfacet
  facet normal 0 0 -1
    outer loop
      vertex 21.7986 88.9724 0
      vertex 24.5798 83.7691 0
      vertex 24.5083 83.7262 0
    endloop
  endfacet
  facet normal 0 0 -1
    outer loop
      vertex 21.2304 88.6319 0
      vertex 24.5083 83.7262 0
      vertex 24.4413 83.6765 0
    endloop
  endfacet
  facet normal 0 0 -1
    outer loop
      vertex 20.6984 88.2373 0
      vertex 24.4413 83.6765 0
      vertex 24.3795 83.6205 0
    endloop
  endfacet
  facet normal 0 0 -1
    outer loop
      vertex 20.2076 87.7924 0
      vertex 24.3795 83.6205 0
      vertex 24.3235 83.5587 0
    endloop
  endfacet
  facet normal 0 0 -1
    outer loop
      vertex 24.8972 83.8654 0
      vertex 24.3189 89.737 0
      vertex 24.9805 89.7695 0
    endloop
  endfacet
  facet normal 0 0 -1
    outer loop
      vertex 19.7627 87.3016 0
      vertex 24.3235 83.5587 0
      vertex 24.2738 83.4917 0
    endloop
  endfacet
  facet normal 0 0 -1
    outer loop
      vertex 19.3681 86.7696 0
      vertex 24.2738 83.4917 0
      vertex 24.2309 83.4202 0
    endloop
  endfacet
  facet normal 0 0 -1
    outer loop
      vertex 19.0276 86.2014 0
      vertex 24.2309 83.4202 0
      vertex 24.1952 83.3448 0
    endloop
  endfacet
  facet normal 0 0 -1
    outer loop
      vertex 18.7443 85.6026 0
      vertex 24.1952 83.3448 0
      vertex 24.1671 83.2662 0
    endloop
  endfacet
  facet normal 0 0 -1
    outer loop
      vertex 18.5212 84.9789 0
      vertex 24.1671 83.2662 0
      vertex 24.1469 83.1853 0
    endloop
  endfacet
  facet normal 0 0 -1
    outer loop
      vertex 18.3602 84.3363 0
      vertex 24.1469 83.1853 0
      vertex 24.1346 83.1028 0
    endloop
  endfacet
  facet normal 0 0 -1
    outer loop
      vertex 18.263 83.6811 0
      vertex 24.1346 83.1028 0
      vertex 24.1305 83.0195 0
    endloop
  endfacet
  facet normal 0 0 -1
    outer loop
      vertex 19.7627 78.7373 0
      vertex 24.3235 82.4802 0
      vertex 20.2076 78.2465 0
    endloop
  endfacet
  facet normal -0 0 -1
    outer loop
      vertex 24.3235 82.4802 0
      vertex 19.7627 78.7373 0
      vertex 24.2738 82.5472 0
    endloop
  endfacet
  facet normal 0 0 -1
    outer loop
      vertex 20.2076 78.2465 0
      vertex 24.3795 82.4184 0
      vertex 20.6984 77.8017 0
    endloop
  endfacet
  facet normal 0 0 -1
    outer loop
      vertex 24.8147 83.8531 0
      vertex 23.6637 89.6398 0
      vertex 24.3189 89.737 0
    endloop
  endfacet
  facet normal 0 0 -1
    outer loop
      vertex 19.3681 79.2694 0
      vertex 24.2738 82.5472 0
      vertex 19.7627 78.7373 0
    endloop
  endfacet
  facet normal 0 0 -1
    outer loop
      vertex 24.7338 83.8329 0
      vertex 23.0211 89.4788 0
      vertex 23.6637 89.6398 0
    endloop
  endfacet
  facet normal -0 0 -1
    outer loop
      vertex 24.2738 82.5472 0
      vertex 19.3681 79.2694 0
      vertex 24.2309 82.6188 0
    endloop
  endfacet
  facet normal 0 0 -1
    outer loop
      vertex 24.6552 83.8048 0
      vertex 22.3974 89.2556 0
      vertex 23.0211 89.4788 0
    endloop
  endfacet
  facet normal 0 0 -1
    outer loop
      vertex 19.0276 79.8375 0
      vertex 24.2309 82.6188 0
      vertex 19.3681 79.2694 0
    endloop
  endfacet
  facet normal 0 0 -1
    outer loop
      vertex 24.5798 83.7691 0
      vertex 21.7986 88.9724 0
      vertex 22.3974 89.2556 0
    endloop
  endfacet
  facet normal -0 0 -1
    outer loop
      vertex 24.2309 82.6188 0
      vertex 19.0276 79.8375 0
      vertex 24.1952 82.6942 0
    endloop
  endfacet
  facet normal 0 0 -1
    outer loop
      vertex 24.5083 83.7262 0
      vertex 21.2304 88.6319 0
      vertex 21.7986 88.9724 0
    endloop
  endfacet
  facet normal 0 0 -1
    outer loop
      vertex 18.7443 80.4364 0
      vertex 24.1952 82.6942 0
      vertex 19.0276 79.8375 0
    endloop
  endfacet
  facet normal 0 0 -1
    outer loop
      vertex 24.4413 83.6765 0
      vertex 20.6984 88.2373 0
      vertex 21.2304 88.6319 0
    endloop
  endfacet
  facet normal -0 0 -1
    outer loop
      vertex 24.1952 82.6942 0
      vertex 18.7443 80.4364 0
      vertex 24.1671 82.7727 0
    endloop
  endfacet
  facet normal 0 0 -1
    outer loop
      vertex 24.3795 83.6205 0
      vertex 20.2076 87.7924 0
      vertex 20.6984 88.2373 0
    endloop
  endfacet
  facet normal 0 0 -1
    outer loop
      vertex 18.5212 81.06 0
      vertex 24.1671 82.7727 0
      vertex 18.7443 80.4364 0
    endloop
  endfacet
  facet normal 0 0 -1
    outer loop
      vertex 24.3235 83.5587 0
      vertex 19.7627 87.3016 0
      vertex 20.2076 87.7924 0
    endloop
  endfacet
  facet normal -0 0 -1
    outer loop
      vertex 24.1671 82.7727 0
      vertex 18.5212 81.06 0
      vertex 24.1469 82.8536 0
    endloop
  endfacet
  facet normal 0 0 -1
    outer loop
      vertex 24.2738 83.4917 0
      vertex 19.3681 86.7696 0
      vertex 19.7627 87.3016 0
    endloop
  endfacet
  facet normal 0 0 -1
    outer loop
      vertex 18.3602 81.7026 0
      vertex 24.1469 82.8536 0
      vertex 18.5212 81.06 0
    endloop
  endfacet
  facet normal 0 0 -1
    outer loop
      vertex 24.2309 83.4202 0
      vertex 19.0276 86.2014 0
      vertex 19.3681 86.7696 0
    endloop
  endfacet
  facet normal -0 0 -1
    outer loop
      vertex 24.1469 82.8536 0
      vertex 18.3602 81.7026 0
      vertex 24.1346 82.9362 0
    endloop
  endfacet
  facet normal 0 0 -1
    outer loop
      vertex 24.1952 83.3448 0
      vertex 18.7443 85.6026 0
      vertex 19.0276 86.2014 0
    endloop
  endfacet
  facet normal 0 0 -1
    outer loop
      vertex 18.263 82.3578 0
      vertex 24.1346 82.9362 0
      vertex 18.3602 81.7026 0
    endloop
  endfacet
  facet normal 0 0 -1
    outer loop
      vertex 24.1671 83.2662 0
      vertex 18.5212 84.9789 0
      vertex 18.7443 85.6026 0
    endloop
  endfacet
  facet normal -0 0 -1
    outer loop
      vertex 24.1346 82.9362 0
      vertex 18.263 82.3578 0
      vertex 24.1305 83.0195 0
    endloop
  endfacet
  facet normal 0 0 -1
    outer loop
      vertex 24.1469 83.1853 0
      vertex 18.3602 84.3363 0
      vertex 18.5212 84.9789 0
    endloop
  endfacet
  facet normal 0 0 -1
    outer loop
      vertex 18.2305 83.0195 0
      vertex 24.1305 83.0195 0
      vertex 18.263 82.3578 0
    endloop
  endfacet
  facet normal 0 0 -1
    outer loop
      vertex 24.1346 83.1028 0
      vertex 18.263 83.6811 0
      vertex 18.3602 84.3363 0
    endloop
  endfacet
  facet normal 0 0 -1
    outer loop
      vertex 24.1305 83.0195 0
      vertex 18.2305 83.0195 0
      vertex 18.263 83.6811 0
    endloop
  endfacet
  facet normal 0 0 -1
    outer loop
      vertex 51.635 77.5 0
      vertex 75.4912 84.303 0
      vertex 51.635 74.5 0
    endloop
  endfacet
  facet normal 0 0 -1
    outer loop
      vertex 51.6009 77.7588 0
      vertex 75.4912 84.303 0
      vertex 51.635 77.5 0
    endloop
  endfacet
  facet normal 0 0 -1
    outer loop
      vertex 51.501 78 0
      vertex 75.4912 84.303 0
      vertex 51.6009 77.7588 0
    endloop
  endfacet
  facet normal 0 0 -1
    outer loop
      vertex 51.3421 78.2071 0
      vertex 75.4912 84.303 0
      vertex 51.501 78 0
    endloop
  endfacet
  facet normal 0 0 -1
    outer loop
      vertex 51.135 78.366 0
      vertex 75.4912 84.303 0
      vertex 51.3421 78.2071 0
    endloop
  endfacet
  facet normal 0 0 -1
    outer loop
      vertex 50.8938 78.4659 0
      vertex 75.4912 84.303 0
      vertex 51.135 78.366 0
    endloop
  endfacet
  facet normal 0 0 -1
    outer loop
      vertex 50.635 78.5 0
      vertex 75.4912 84.303 0
      vertex 50.8938 78.4659 0
    endloop
  endfacet
  facet normal 0 0 -1
    outer loop
      vertex 31.6058 84.303 0
      vertex 50.635 78.5 0
      vertex 38.635 78.5 0
    endloop
  endfacet
  facet normal 0 0 -1
    outer loop
      vertex 31.6058 84.303 0
      vertex 38.635 78.5 0
      vertex 38.3762 78.4659 0
    endloop
  endfacet
  facet normal 0 0 -1
    outer loop
      vertex 32.2671 70.3571 0
      vertex 37.769 74 0
      vertex 32.426 70.15 0
    endloop
  endfacet
  facet normal -0 0 -1
    outer loop
      vertex 37.769 74 0
      vertex 32.2671 70.3571 0
      vertex 37.6691 74.2412 0
    endloop
  endfacet
  facet normal 0 0 -1
    outer loop
      vertex 32.06 70.516 0
      vertex 37.6691 74.2412 0
      vertex 32.2671 70.3571 0
    endloop
  endfacet
  facet normal -0 0 -1
    outer loop
      vertex 37.6691 74.2412 0
      vertex 32.06 70.516 0
      vertex 37.635 74.5 0
    endloop
  endfacet
  facet normal 0 0 -1
    outer loop
      vertex 31.8188 70.6159 0
      vertex 37.635 74.5 0
      vertex 32.06 70.516 0
    endloop
  endfacet
  facet normal -0 0 -1
    outer loop
      vertex 37.635 74.5 0
      vertex 31.8188 70.6159 0
      vertex 37.635 77.5 0
    endloop
  endfacet
  facet normal 0 0 -1
    outer loop
      vertex 31.56 70.65 0
      vertex 37.635 77.5 0
      vertex 31.8188 70.6159 0
    endloop
  endfacet
  facet normal 0 -0 -1
    outer loop
      vertex 31.6058 84.303 0
      vertex 37.635 77.5 0
      vertex 31.56 70.65 0
    endloop
  endfacet
  facet normal 0 0 -1
    outer loop
      vertex 37.635 77.5 0
      vertex 31.6058 84.303 0
      vertex 37.6691 77.7588 0
    endloop
  endfacet
  facet normal 0 0 -1
    outer loop
      vertex 50.635 78.5 0
      vertex 31.6058 84.303 0
      vertex 75.4912 84.303 0
    endloop
  endfacet
  facet normal 0 0 -1
    outer loop
      vertex 38.135 78.366 0
      vertex 31.6058 84.303 0
      vertex 38.3762 78.4659 0
    endloop
  endfacet
  facet normal 0 0 -1
    outer loop
      vertex 37.9279 78.2071 0
      vertex 31.6058 84.303 0
      vertex 38.135 78.366 0
    endloop
  endfacet
  facet normal 0 0 -1
    outer loop
      vertex 37.6691 77.7588 0
      vertex 31.6058 84.303 0
      vertex 37.769 78 0
    endloop
  endfacet
  facet normal 0 0 -1
    outer loop
      vertex 37.769 78 0
      vertex 31.6058 84.303 0
      vertex 37.9279 78.2071 0
    endloop
  endfacet
  facet normal 0 0 -1
    outer loop
      vertex 28.56 70.65 0
      vertex 31.6058 84.303 0
      vertex 31.56 70.65 0
    endloop
  endfacet
  facet normal 0 0 -1
    outer loop
      vertex 25.8305 83.0195 0
      vertex 28.56 70.65 0
      vertex 28.3012 70.6159 0
    endloop
  endfacet
  facet normal 0 0 -1
    outer loop
      vertex 25.8305 83.0195 0
      vertex 28.3012 70.6159 0
      vertex 28.06 70.516 0
    endloop
  endfacet
  facet normal 0 0 -1
    outer loop
      vertex 28.56 70.65 0
      vertex 25.8305 83.0195 0
      vertex 31.6058 84.303 0
    endloop
  endfacet
  facet normal 0 0 -1
    outer loop
      vertex 25.8142 83.1853 0
      vertex 31.6058 84.303 0
      vertex 25.8264 83.1028 0
    endloop
  endfacet
  facet normal 0 0 -1
    outer loop
      vertex 25.8264 83.1028 0
      vertex 31.6058 84.303 0
      vertex 25.8305 83.0195 0
    endloop
  endfacet
  facet normal -0 0 -1
    outer loop
      vertex 31.6058 84.303 0
      vertex 25.8142 83.1853 0
      vertex 31.6008 84.3363 0
    endloop
  endfacet
  facet normal -0 0 -1
    outer loop
      vertex 31.6008 84.3363 0
      vertex 25.8142 83.1853 0
      vertex 31.4399 84.9789 0
    endloop
  endfacet
  facet normal 0 0 -1
    outer loop
      vertex 25.7939 83.2662 0
      vertex 31.4399 84.9789 0
      vertex 25.8142 83.1853 0
    endloop
  endfacet
  facet normal -0 0 -1
    outer loop
      vertex 31.4399 84.9789 0
      vertex 25.7939 83.2662 0
      vertex 31.2167 85.6026 0
    endloop
  endfacet
  facet normal 0 0 -1
    outer loop
      vertex 25.7658 83.3448 0
      vertex 31.2167 85.6026 0
      vertex 25.7939 83.2662 0
    endloop
  endfacet
  facet normal -0 0 -1
    outer loop
      vertex 31.2167 85.6026 0
      vertex 25.7658 83.3448 0
      vertex 30.9335 86.2014 0
    endloop
  endfacet
  facet normal 0 0 -1
    outer loop
      vertex 25.7302 83.4202 0
      vertex 30.9335 86.2014 0
      vertex 25.7658 83.3448 0
    endloop
  endfacet
  facet normal 0 0 -1
    outer loop
      vertex 25.8305 83.0195 0
      vertex 28.06 70.516 0
      vertex 27.8529 70.3571 0
    endloop
  endfacet
  facet normal 0 0 -1
    outer loop
      vertex 25.8305 83.0195 0
      vertex 27.8529 70.3571 0
      vertex 27.694 70.15 0
    endloop
  endfacet
  facet normal 0 0 -1
    outer loop
      vertex 25.8305 83.0195 0
      vertex 27.694 70.15 0
      vertex 27.5941 69.9088 0
    endloop
  endfacet
  facet normal -0 0 -1
    outer loop
      vertex 30.9335 86.2014 0
      vertex 25.7302 83.4202 0
      vertex 30.5929 86.7696 0
    endloop
  endfacet
  facet normal 0 0 -1
    outer loop
      vertex 25.8305 83.0195 0
      vertex 27.5941 69.9088 0
      vertex 27.56 69.65 0
    endloop
  endfacet
  facet normal -0 0 -1
    outer loop
      vertex 28.3012 64.6841 0
      vertex 23.697 32.6058 0
      vertex 28.06 64.784 0
    endloop
  endfacet
  facet normal 0 0 -1
    outer loop
      vertex 25.8305 83.0195 0
      vertex 27.56 69.65 0
      vertex 27.56 65.65 0
    endloop
  endfacet
  facet normal 0 0 -1
    outer loop
      vertex 25.2273 25.1671 0
      vertex 26.9399 19.5212 0
      vertex 26.2974 19.3602 0
    endloop
  endfacet
  facet normal 0 0 -1
    outer loop
      vertex 25.6873 83.4917 0
      vertex 30.5929 86.7696 0
      vertex 25.7302 83.4202 0
    endloop
  endfacet
  facet normal -0 0 -1
    outer loop
      vertex 30.5929 86.7696 0
      vertex 25.6873 83.4917 0
      vertex 30.1983 87.3016 0
    endloop
  endfacet
  facet normal 0 0 -1
    outer loop
      vertex 26.9399 19.5212 0
      vertex 25.8264 25.8972 0
      vertex 25.8305 25.9805 0
    endloop
  endfacet
  facet normal 0 0 -1
    outer loop
      vertex 26.9399 19.5212 0
      vertex 25.8142 25.8147 0
      vertex 25.8264 25.8972 0
    endloop
  endfacet
  facet normal 0 0 -1
    outer loop
      vertex 26.9399 19.5212 0
      vertex 25.7939 25.7338 0
      vertex 25.8142 25.8147 0
    endloop
  endfacet
  facet normal 0 0 -1
    outer loop
      vertex 26.9399 19.5212 0
      vertex 25.7658 25.6552 0
      vertex 25.7939 25.7338 0
    endloop
  endfacet
  facet normal 0 0 -1
    outer loop
      vertex 26.9399 19.5212 0
      vertex 25.7302 25.5798 0
      vertex 25.7658 25.6552 0
    endloop
  endfacet
  facet normal 0 0 -1
    outer loop
      vertex 26.9399 19.5212 0
      vertex 25.6873 25.5083 0
      vertex 25.7302 25.5798 0
    endloop
  endfacet
  facet normal 0 0 -1
    outer loop
      vertex 25.1464 25.1469 0
      vertex 26.2974 19.3602 0
      vertex 25.6421 19.263 0
    endloop
  endfacet
  facet normal 0 0 -1
    outer loop
      vertex 26.9399 19.5212 0
      vertex 25.6376 25.4413 0
      vertex 25.6873 25.5083 0
    endloop
  endfacet
  facet normal 0 0 -1
    outer loop
      vertex 26.9399 19.5212 0
      vertex 25.5816 25.3795 0
      vertex 25.6376 25.4413 0
    endloop
  endfacet
  facet normal 0 0 -1
    outer loop
      vertex 26.9399 19.5212 0
      vertex 25.5198 25.3235 0
      vertex 25.5816 25.3795 0
    endloop
  endfacet
  facet normal 0 0 -1
    outer loop
      vertex 26.9399 19.5212 0
      vertex 25.4528 25.2738 0
      vertex 25.5198 25.3235 0
    endloop
  endfacet
  facet normal 0 0 -1
    outer loop
      vertex 26.9399 19.5212 0
      vertex 25.3812 25.2309 0
      vertex 25.4528 25.2738 0
    endloop
  endfacet
  facet normal 0 0 -1
    outer loop
      vertex 26.9399 19.5212 0
      vertex 25.3058 25.1952 0
      vertex 25.3812 25.2309 0
    endloop
  endfacet
  facet normal 0 0 -1
    outer loop
      vertex 26.9399 19.5212 0
      vertex 25.2273 25.1671 0
      vertex 25.3058 25.1952 0
    endloop
  endfacet
  facet normal 0 0 -1
    outer loop
      vertex 26.2974 19.3602 0
      vertex 25.1464 25.1469 0
      vertex 25.2273 25.1671 0
    endloop
  endfacet
  facet normal 0 0 -1
    outer loop
      vertex 25.6421 19.263 0
      vertex 25.0638 25.1346 0
      vertex 25.1464 25.1469 0
    endloop
  endfacet
  facet normal 0 0 -1
    outer loop
      vertex 25.6421 19.263 0
      vertex 24.9805 25.1305 0
      vertex 25.0638 25.1346 0
    endloop
  endfacet
  facet normal 0 0 -1
    outer loop
      vertex 24.9805 19.2305 0
      vertex 24.9805 25.1305 0
      vertex 25.6421 19.263 0
    endloop
  endfacet
  facet normal 0 0 -1
    outer loop
      vertex 24.9805 19.2305 0
      vertex 24.8972 25.1346 0
      vertex 24.9805 25.1305 0
    endloop
  endfacet
  facet normal 0 0 -1
    outer loop
      vertex 24.3189 19.263 0
      vertex 24.8972 25.1346 0
      vertex 24.9805 19.2305 0
    endloop
  endfacet
  facet normal -0 0 -1
    outer loop
      vertex 24.8972 25.1346 0
      vertex 24.3189 19.263 0
      vertex 24.8147 25.1469 0
    endloop
  endfacet
  facet normal 0 0 -1
    outer loop
      vertex 23.6637 19.3602 0
      vertex 24.8147 25.1469 0
      vertex 24.3189 19.263 0
    endloop
  endfacet
  facet normal -0 0 -1
    outer loop
      vertex 24.8147 25.1469 0
      vertex 23.6637 19.3602 0
      vertex 24.7338 25.1671 0
    endloop
  endfacet
  facet normal 0 0 -1
    outer loop
      vertex 23.0211 19.5212 0
      vertex 24.7338 25.1671 0
      vertex 23.6637 19.3602 0
    endloop
  endfacet
  facet normal -0 0 -1
    outer loop
      vertex 24.7338 25.1671 0
      vertex 23.0211 19.5212 0
      vertex 24.6552 25.1952 0
    endloop
  endfacet
  facet normal 0 0 -1
    outer loop
      vertex 22.3974 19.7443 0
      vertex 24.6552 25.1952 0
      vertex 23.0211 19.5212 0
    endloop
  endfacet
  facet normal -0 0 -1
    outer loop
      vertex 24.6552 25.1952 0
      vertex 22.3974 19.7443 0
      vertex 24.5798 25.2309 0
    endloop
  endfacet
  facet normal 0 0 -1
    outer loop
      vertex 21.7986 20.0276 0
      vertex 24.5798 25.2309 0
      vertex 22.3974 19.7443 0
    endloop
  endfacet
  facet normal -0 0 -1
    outer loop
      vertex 24.5798 25.2309 0
      vertex 21.7986 20.0276 0
      vertex 24.5083 25.2738 0
    endloop
  endfacet
  facet normal 0 0 -1
    outer loop
      vertex 21.2304 20.3681 0
      vertex 24.5083 25.2738 0
      vertex 21.7986 20.0276 0
    endloop
  endfacet
  facet normal -0 0 -1
    outer loop
      vertex 24.5083 25.2738 0
      vertex 21.2304 20.3681 0
      vertex 24.4413 25.3235 0
    endloop
  endfacet
  facet normal 0 0 -1
    outer loop
      vertex 20.6984 20.7627 0
      vertex 24.4413 25.3235 0
      vertex 21.2304 20.3681 0
    endloop
  endfacet
  facet normal -0 0 -1
    outer loop
      vertex 24.4413 25.3235 0
      vertex 20.6984 20.7627 0
      vertex 24.3795 25.3795 0
    endloop
  endfacet
  facet normal 0 0 -1
    outer loop
      vertex 20.2076 21.2076 0
      vertex 24.3795 25.3795 0
      vertex 20.6984 20.7627 0
    endloop
  endfacet
  facet normal -0 0 -1
    outer loop
      vertex 24.3795 25.3795 0
      vertex 20.2076 21.2076 0
      vertex 24.3235 25.4413 0
    endloop
  endfacet
  facet normal -0 0 -1
    outer loop
      vertex 24.3795 82.4184 0
      vertex 20.2076 78.2465 0
      vertex 24.3235 82.4802 0
    endloop
  endfacet
  facet normal 0 0 -1
    outer loop
      vertex 19.7627 21.6984 0
      vertex 24.3235 25.4413 0
      vertex 20.2076 21.2076 0
    endloop
  endfacet
  facet normal -0 0 -1
    outer loop
      vertex 24.3235 25.4413 0
      vertex 19.7627 21.6984 0
      vertex 24.2738 25.5083 0
    endloop
  endfacet
  facet normal 0 0 -1
    outer loop
      vertex 19.3681 22.2304 0
      vertex 24.2738 25.5083 0
      vertex 19.7627 21.6984 0
    endloop
  endfacet
  facet normal 0 0 -1
    outer loop
      vertex 24.7338 26.7939 0
      vertex 23.0211 32.4399 0
      vertex 23.6637 32.6008 0
    endloop
  endfacet
  facet normal 0 0 -1
    outer loop
      vertex 24.8147 26.8142 0
      vertex 23.6637 32.6008 0
      vertex 23.697 32.6058 0
    endloop
  endfacet
  facet normal -0 0 -1
    outer loop
      vertex 24.2738 25.5083 0
      vertex 19.3681 22.2304 0
      vertex 24.2309 25.5798 0
    endloop
  endfacet
  facet normal 0 0 -1
    outer loop
      vertex 24.6552 26.7658 0
      vertex 22.3974 32.2167 0
      vertex 23.0211 32.4399 0
    endloop
  endfacet
  facet normal 0 0 -1
    outer loop
      vertex 19.0276 22.7986 0
      vertex 24.2309 25.5798 0
      vertex 19.3681 22.2304 0
    endloop
  endfacet
  facet normal 0 0 -1
    outer loop
      vertex 24.5798 26.7302 0
      vertex 21.7986 31.9335 0
      vertex 22.3974 32.2167 0
    endloop
  endfacet
  facet normal -0 0 -1
    outer loop
      vertex 24.2309 25.5798 0
      vertex 19.0276 22.7986 0
      vertex 24.1952 25.6552 0
    endloop
  endfacet
  facet normal 0 0 -1
    outer loop
      vertex 24.5083 26.6873 0
      vertex 21.2304 31.5929 0
      vertex 21.7986 31.9335 0
    endloop
  endfacet
  facet normal 0 0 -1
    outer loop
      vertex 18.7443 23.3974 0
      vertex 24.1952 25.6552 0
      vertex 19.0276 22.7986 0
    endloop
  endfacet
  facet normal 0 0 -1
    outer loop
      vertex 24.4413 26.6376 0
      vertex 20.6984 31.1983 0
      vertex 21.2304 31.5929 0
    endloop
  endfacet
  facet normal -0 0 -1
    outer loop
      vertex 24.1952 25.6552 0
      vertex 18.7443 23.3974 0
      vertex 24.1671 25.7338 0
    endloop
  endfacet
  facet normal 0 0 -1
    outer loop
      vertex 24.3795 26.5816 0
      vertex 20.2076 30.7535 0
      vertex 20.6984 31.1983 0
    endloop
  endfacet
  facet normal 0 0 -1
    outer loop
      vertex 18.5212 24.0211 0
      vertex 24.1671 25.7338 0
      vertex 18.7443 23.3974 0
    endloop
  endfacet
  facet normal 0 0 -1
    outer loop
      vertex 24.3235 26.5198 0
      vertex 19.7627 30.2627 0
      vertex 20.2076 30.7535 0
    endloop
  endfacet
  facet normal -0 0 -1
    outer loop
      vertex 24.1671 25.7338 0
      vertex 18.5212 24.0211 0
      vertex 24.1469 25.8147 0
    endloop
  endfacet
  facet normal 0 0 -1
    outer loop
      vertex 24.2738 26.4528 0
      vertex 19.3681 29.7306 0
      vertex 19.7627 30.2627 0
    endloop
  endfacet
  facet normal 0 0 -1
    outer loop
      vertex 18.3602 24.6637 0
      vertex 24.1469 25.8147 0
      vertex 18.5212 24.0211 0
    endloop
  endfacet
  facet normal 0 0 -1
    outer loop
      vertex 24.2309 26.3812 0
      vertex 19.0276 29.1624 0
      vertex 19.3681 29.7306 0
    endloop
  endfacet
  facet normal -0 0 -1
    outer loop
      vertex 24.1469 25.8147 0
      vertex 18.3602 24.6637 0
      vertex 24.1346 25.8972 0
    endloop
  endfacet
  facet normal 0 0 -1
    outer loop
      vertex 24.1952 26.3058 0
      vertex 18.7443 28.5636 0
      vertex 19.0276 29.1624 0
    endloop
  endfacet
  facet normal 0 0 -1
    outer loop
      vertex 18.263 25.3189 0
      vertex 24.1346 25.8972 0
      vertex 18.3602 24.6637 0
    endloop
  endfacet
  facet normal 0 0 -1
    outer loop
      vertex 24.1671 26.2273 0
      vertex 18.5212 27.9399 0
      vertex 18.7443 28.5636 0
    endloop
  endfacet
  facet normal -0 0 -1
    outer loop
      vertex 24.1346 25.8972 0
      vertex 18.263 25.3189 0
      vertex 24.1305 25.9805 0
    endloop
  endfacet
  facet normal 0 0 -1
    outer loop
      vertex 24.1469 26.1464 0
      vertex 18.3602 27.2974 0
      vertex 18.5212 27.9399 0
    endloop
  endfacet
  facet normal 0 0 -1
    outer loop
      vertex 18.2305 25.9805 0
      vertex 24.1305 25.9805 0
      vertex 18.263 25.3189 0
    endloop
  endfacet
  facet normal 0 0 -1
    outer loop
      vertex 24.1346 26.0638 0
      vertex 18.263 26.6421 0
      vertex 18.3602 27.2974 0
    endloop
  endfacet
  facet normal 0 0 -1
    outer loop
      vertex 24.1305 25.9805 0
      vertex 18.2305 25.9805 0
      vertex 18.263 26.6421 0
    endloop
  endfacet
  facet normal 0 0 -1
    outer loop
      vertex 82.6557 26.6376 0
      vertex 86.3986 31.1983 0
      vertex 82.7175 26.5816 0
    endloop
  endfacet
  facet normal 0 0 -1
    outer loop
      vertex 83.4 76.3942 0
      vertex 82.9624 82.9362 0
      vertex 82.9665 83.0195 0
    endloop
  endfacet
  facet normal -0 0 -1
    outer loop
      vertex 86.3986 31.1983 0
      vertex 82.6557 26.6376 0
      vertex 85.8666 31.5929 0
    endloop
  endfacet
  facet normal 0 0 -1
    outer loop
      vertex 83.4 76.3942 0
      vertex 82.9501 82.8536 0
      vertex 82.9624 82.9362 0
    endloop
  endfacet
  facet normal 0 0 -1
    outer loop
      vertex 82.5887 26.6873 0
      vertex 85.8666 31.5929 0
      vertex 82.6557 26.6376 0
    endloop
  endfacet
  facet normal 0 0 -1
    outer loop
      vertex 83.4 76.3942 0
      vertex 82.9299 82.7727 0
      vertex 82.9501 82.8536 0
    endloop
  endfacet
  facet normal -0 0 -1
    outer loop
      vertex 85.8666 31.5929 0
      vertex 82.5887 26.6873 0
      vertex 85.2984 31.9335 0
    endloop
  endfacet
  facet normal 0 0 -1
    outer loop
      vertex 83.4 76.3942 0
      vertex 82.9018 82.6942 0
      vertex 82.9299 82.7727 0
    endloop
  endfacet
  facet normal 0 0 -1
    outer loop
      vertex 82.5172 26.7302 0
      vertex 85.2984 31.9335 0
      vertex 82.5887 26.6873 0
    endloop
  endfacet
  facet normal 0 0 -1
    outer loop
      vertex 83.4 76.3942 0
      vertex 82.8661 82.6188 0
      vertex 82.9018 82.6942 0
    endloop
  endfacet
  facet normal -0 0 -1
    outer loop
      vertex 85.2984 31.9335 0
      vertex 82.5172 26.7302 0
      vertex 84.6996 32.2167 0
    endloop
  endfacet
  facet normal 0 0 -1
    outer loop
      vertex 83.4 76.3942 0
      vertex 82.8232 82.5472 0
      vertex 82.8661 82.6188 0
    endloop
  endfacet
  facet normal 0 0 -1
    outer loop
      vertex 82.4418 26.7658 0
      vertex 84.6996 32.2167 0
      vertex 82.5172 26.7302 0
    endloop
  endfacet
  facet normal 0 0 -1
    outer loop
      vertex 83.4 76.3942 0
      vertex 82.7735 82.4802 0
      vertex 82.8232 82.5472 0
    endloop
  endfacet
  facet normal -0 0 -1
    outer loop
      vertex 84.6996 32.2167 0
      vertex 82.4418 26.7658 0
      vertex 84.0759 32.4399 0
    endloop
  endfacet
  facet normal 0 0 -1
    outer loop
      vertex 83.4 76.3942 0
      vertex 82.7175 82.4184 0
      vertex 82.7735 82.4802 0
    endloop
  endfacet
  facet normal 0 0 -1
    outer loop
      vertex 82.3632 26.7939 0
      vertex 84.0759 32.4399 0
      vertex 82.4418 26.7658 0
    endloop
  endfacet
  facet normal 0 0 -1
    outer loop
      vertex 83.4 76.3942 0
      vertex 82.6557 82.3624 0
      vertex 82.7175 82.4184 0
    endloop
  endfacet
  facet normal -0 0 -1
    outer loop
      vertex 84.0759 32.4399 0
      vertex 82.3632 26.7939 0
      vertex 83.4333 32.6008 0
    endloop
  endfacet
  facet normal 0 0 -1
    outer loop
      vertex 83.4 76.3942 0
      vertex 82.5887 82.3127 0
      vertex 82.6557 82.3624 0
    endloop
  endfacet
  facet normal 0 0 -1
    outer loop
      vertex 82.2823 26.8142 0
      vertex 83.4333 32.6008 0
      vertex 82.3632 26.7939 0
    endloop
  endfacet
  facet normal 0 0 -1
    outer loop
      vertex 83.4 76.3942 0
      vertex 82.5172 82.2698 0
      vertex 82.5887 82.3127 0
    endloop
  endfacet
  facet normal -0 0 -1
    outer loop
      vertex 83.4333 32.6008 0
      vertex 82.2823 26.8142 0
      vertex 83.4 32.6058 0
    endloop
  endfacet
  facet normal 0 0 -1
    outer loop
      vertex 83.4 76.3942 0
      vertex 82.4418 82.2342 0
      vertex 82.5172 82.2698 0
    endloop
  endfacet
  facet normal 0 0 -1
    outer loop
      vertex 82.1998 26.8264 0
      vertex 83.4 32.6058 0
      vertex 82.2823 26.8142 0
    endloop
  endfacet
  facet normal 0 0 -1
    outer loop
      vertex 83.4 76.3942 0
      vertex 82.3632 82.2061 0
      vertex 82.4418 82.2342 0
    endloop
  endfacet
  facet normal 0 0 -1
    outer loop
      vertex 82.1165 26.8305 0
      vertex 83.4 32.6058 0
      vertex 82.1998 26.8264 0
    endloop
  endfacet
  facet normal 0 0 -1
    outer loop
      vertex 83.4 76.3942 0
      vertex 82.2823 82.1858 0
      vertex 82.3632 82.2061 0
    endloop
  endfacet
  facet normal 0 0 -1
    outer loop
      vertex 82.0332 26.8264 0
      vertex 83.4 32.6058 0
      vertex 82.1165 26.8305 0
    endloop
  endfacet
  facet normal 0 0 -1
    outer loop
      vertex 83.4 76.3942 0
      vertex 82.1998 82.1736 0
      vertex 82.2823 82.1858 0
    endloop
  endfacet
  facet normal 0 0 -1
    outer loop
      vertex 81.9506 26.8142 0
      vertex 83.4 32.6058 0
      vertex 82.0332 26.8264 0
    endloop
  endfacet
  facet normal 0 0 -1
    outer loop
      vertex 83.4 76.3942 0
      vertex 82.1165 82.1695 0
      vertex 82.1998 82.1736 0
    endloop
  endfacet
  facet normal 0 0 -1
    outer loop
      vertex 81.8697 26.7939 0
      vertex 83.4 32.6058 0
      vertex 81.9506 26.8142 0
    endloop
  endfacet
  facet normal 0 0 -1
    outer loop
      vertex 83.4 76.3942 0
      vertex 82.0332 82.1736 0
      vertex 82.1165 82.1695 0
    endloop
  endfacet
  facet normal 0 0 -1
    outer loop
      vertex 81.7912 26.7658 0
      vertex 83.4 32.6058 0
      vertex 81.8697 26.7939 0
    endloop
  endfacet
  facet normal 0 0 -1
    outer loop
      vertex 83.4 76.3942 0
      vertex 81.9506 82.1858 0
      vertex 82.0332 82.1736 0
    endloop
  endfacet
  facet normal 0 0 -1
    outer loop
      vertex 81.7158 26.7302 0
      vertex 83.4 32.6058 0
      vertex 81.7912 26.7658 0
    endloop
  endfacet
  facet normal 0 0 -1
    outer loop
      vertex 83.4 76.3942 0
      vertex 81.8697 82.2061 0
      vertex 81.9506 82.1858 0
    endloop
  endfacet
  facet normal 0 0 -1
    outer loop
      vertex 81.6442 26.6873 0
      vertex 83.4 32.6058 0
      vertex 81.7158 26.7302 0
    endloop
  endfacet
  facet normal 0 -0 -1
    outer loop
      vertex 51.501 74 0
      vertex 83.4 76.3942 0
      vertex 51.3421 73.7929 0
    endloop
  endfacet
  facet normal 0 0 -1
    outer loop
      vertex 50.8938 73.5341 0
      vertex 83.4 32.6058 0
      vertex 75.4912 24.697 0
    endloop
  endfacet
  facet normal 0 0 -1
    outer loop
      vertex 83.4 76.3942 0
      vertex 81.7912 82.2342 0
      vertex 81.8697 82.2061 0
    endloop
  endfacet
  facet normal 0 0 -1
    outer loop
      vertex 81.5772 26.6376 0
      vertex 83.4 32.6058 0
      vertex 81.6442 26.6873 0
    endloop
  endfacet
  facet normal 0 -0 -1
    outer loop
      vertex 51.6009 74.2412 0
      vertex 83.4 76.3942 0
      vertex 51.501 74 0
    endloop
  endfacet
  facet normal 0 0 -1
    outer loop
      vertex 81.5154 26.5816 0
      vertex 83.4 32.6058 0
      vertex 81.5772 26.6376 0
    endloop
  endfacet
  facet normal 0 0 -1
    outer loop
      vertex 83.4 76.3942 0
      vertex 81.7158 82.2698 0
      vertex 81.7912 82.2342 0
    endloop
  endfacet
  facet normal 0 0 -1
    outer loop
      vertex 83.4 32.6058 0
      vertex 81.5154 26.5816 0
      vertex 75.4912 24.697 0
    endloop
  endfacet
  facet normal -0 -0 -1
    outer loop
      vertex 81.5154 82.4184 0
      vertex 83.4 76.3942 0
      vertex 75.4912 84.303 0
    endloop
  endfacet
  facet normal 0 0 -1
    outer loop
      vertex 75.4912 24.697 0
      vertex 81.5154 26.5816 0
      vertex 81.4594 26.5198 0
    endloop
  endfacet
  facet normal 0 0 -1
    outer loop
      vertex 83.4 76.3942 0
      vertex 81.6442 82.3127 0
      vertex 81.7158 82.2698 0
    endloop
  endfacet
  facet normal 0 0 -1
    outer loop
      vertex 75.4912 24.697 0
      vertex 81.4594 26.5198 0
      vertex 81.4097 26.4528 0
    endloop
  endfacet
  facet normal 0 0 -1
    outer loop
      vertex 83.4 76.3942 0
      vertex 81.5772 82.3624 0
      vertex 81.6442 82.3127 0
    endloop
  endfacet
  facet normal 0 0 -1
    outer loop
      vertex 75.4912 24.697 0
      vertex 81.4097 26.4528 0
      vertex 81.3668 26.3812 0
    endloop
  endfacet
  facet normal 0 0 -1
    outer loop
      vertex 83.4 76.3942 0
      vertex 81.5154 82.4184 0
      vertex 81.5772 82.3624 0
    endloop
  endfacet
  facet normal 0 0 -1
    outer loop
      vertex 75.4912 24.697 0
      vertex 81.3668 26.3812 0
      vertex 81.3312 26.3058 0
    endloop
  endfacet
  facet normal 0 0 -1
    outer loop
      vertex 81.5154 82.4184 0
      vertex 75.4912 84.303 0
      vertex 81.4594 82.4802 0
    endloop
  endfacet
  facet normal 0 0 -1
    outer loop
      vertex 75.4912 24.697 0
      vertex 81.3312 26.3058 0
      vertex 81.3031 26.2273 0
    endloop
  endfacet
  facet normal 0 0 -1
    outer loop
      vertex 81.4594 82.4802 0
      vertex 75.4912 84.303 0
      vertex 81.4097 82.5472 0
    endloop
  endfacet
  facet normal 0 0 -1
    outer loop
      vertex 75.4912 24.697 0
      vertex 81.3031 26.2273 0
      vertex 81.2828 26.1464 0
    endloop
  endfacet
  facet normal 0 0 -1
    outer loop
      vertex 81.4097 82.5472 0
      vertex 75.4912 84.303 0
      vertex 81.3668 82.6188 0
    endloop
  endfacet
  facet normal 0 0 -1
    outer loop
      vertex 75.4912 24.697 0
      vertex 81.2828 26.1464 0
      vertex 81.2706 26.0638 0
    endloop
  endfacet
  facet normal 0 0 -1
    outer loop
      vertex 81.3668 82.6188 0
      vertex 75.4912 84.303 0
      vertex 81.3312 82.6942 0
    endloop
  endfacet
  facet normal 0 0 -1
    outer loop
      vertex 75.4912 24.697 0
      vertex 81.2706 26.0638 0
      vertex 81.2665 25.9805 0
    endloop
  endfacet
  facet normal 0 0 -1
    outer loop
      vertex 81.3312 82.6942 0
      vertex 75.4912 84.303 0
      vertex 81.3031 82.7727 0
    endloop
  endfacet
  facet normal 0 0 -1
    outer loop
      vertex 82.9665 25.9805 0
      vertex 88.8665 25.9805 0
      vertex 88.834 25.3189 0
    endloop
  endfacet
  facet normal 0 0 -1
    outer loop
      vertex 82.9624 25.8972 0
      vertex 88.834 25.3189 0
      vertex 88.7368 24.6637 0
    endloop
  endfacet
  facet normal 0 0 -1
    outer loop
      vertex 88.8665 25.9805 0
      vertex 82.9665 25.9805 0
      vertex 88.834 26.6421 0
    endloop
  endfacet
  facet normal 0 0 -1
    outer loop
      vertex 82.9501 25.8147 0
      vertex 88.7368 24.6637 0
      vertex 88.5758 24.0211 0
    endloop
  endfacet
  facet normal 0 0 -1
    outer loop
      vertex 82.9624 26.0638 0
      vertex 88.834 26.6421 0
      vertex 82.9665 25.9805 0
    endloop
  endfacet
  facet normal 0 0 -1
    outer loop
      vertex 82.9299 25.7338 0
      vertex 88.5758 24.0211 0
      vertex 88.3526 23.3974 0
    endloop
  endfacet
  facet normal -0 0 -1
    outer loop
      vertex 88.834 26.6421 0
      vertex 82.9624 26.0638 0
      vertex 88.7368 27.2974 0
    endloop
  endfacet
  facet normal 0 0 -1
    outer loop
      vertex 82.9018 25.6552 0
      vertex 88.3526 23.3974 0
      vertex 88.0694 22.7986 0
    endloop
  endfacet
  facet normal 0 0 -1
    outer loop
      vertex 82.9501 26.1464 0
      vertex 88.7368 27.2974 0
      vertex 82.9624 26.0638 0
    endloop
  endfacet
  facet normal 0 0 -1
    outer loop
      vertex 82.8661 25.5798 0
      vertex 88.0694 22.7986 0
      vertex 87.7289 22.2304 0
    endloop
  endfacet
  facet normal -0 0 -1
    outer loop
      vertex 88.7368 27.2974 0
      vertex 82.9501 26.1464 0
      vertex 88.5758 27.9399 0
    endloop
  endfacet
  facet normal 0 0 -1
    outer loop
      vertex 82.8232 25.5083 0
      vertex 87.7289 22.2304 0
      vertex 87.3343 21.6984 0
    endloop
  endfacet
  facet normal 0 0 -1
    outer loop
      vertex 82.9299 26.2273 0
      vertex 88.5758 27.9399 0
      vertex 82.9501 26.1464 0
    endloop
  endfacet
  facet normal 0 0 -1
    outer loop
      vertex 82.7735 25.4413 0
      vertex 87.3343 21.6984 0
      vertex 86.8894 21.2076 0
    endloop
  endfacet
  facet normal -0 0 -1
    outer loop
      vertex 88.5758 27.9399 0
      vertex 82.9299 26.2273 0
      vertex 88.3526 28.5636 0
    endloop
  endfacet
  facet normal 0 0 -1
    outer loop
      vertex 82.7175 25.3795 0
      vertex 86.8894 21.2076 0
      vertex 86.3986 20.7627 0
    endloop
  endfacet
  facet normal 0 0 -1
    outer loop
      vertex 82.9018 26.3058 0
      vertex 88.3526 28.5636 0
      vertex 82.9299 26.2273 0
    endloop
  endfacet
  facet normal 0 0 -1
    outer loop
      vertex 82.6557 25.3235 0
      vertex 86.3986 20.7627 0
      vertex 85.8666 20.3681 0
    endloop
  endfacet
  facet normal -0 0 -1
    outer loop
      vertex 88.3526 28.5636 0
      vertex 82.9018 26.3058 0
      vertex 88.0694 29.1624 0
    endloop
  endfacet
  facet normal 0 0 -1
    outer loop
      vertex 82.5887 25.2738 0
      vertex 85.8666 20.3681 0
      vertex 85.2984 20.0276 0
    endloop
  endfacet
  facet normal 0 0 -1
    outer loop
      vertex 82.8661 26.3812 0
      vertex 88.0694 29.1624 0
      vertex 82.9018 26.3058 0
    endloop
  endfacet
  facet normal 0 0 -1
    outer loop
      vertex 82.5172 25.2309 0
      vertex 85.2984 20.0276 0
      vertex 84.6996 19.7443 0
    endloop
  endfacet
  facet normal -0 0 -1
    outer loop
      vertex 88.0694 29.1624 0
      vertex 82.8661 26.3812 0
      vertex 87.7289 29.7306 0
    endloop
  endfacet
  facet normal 0 0 -1
    outer loop
      vertex 82.4418 25.1952 0
      vertex 84.6996 19.7443 0
      vertex 84.0759 19.5212 0
    endloop
  endfacet
  facet normal 0 0 -1
    outer loop
      vertex 82.8232 26.4528 0
      vertex 87.7289 29.7306 0
      vertex 82.8661 26.3812 0
    endloop
  endfacet
  facet normal 0 0 -1
    outer loop
      vertex 82.3632 25.1671 0
      vertex 84.0759 19.5212 0
      vertex 83.4333 19.3602 0
    endloop
  endfacet
  facet normal -0 0 -1
    outer loop
      vertex 87.7289 29.7306 0
      vertex 82.8232 26.4528 0
      vertex 87.3343 30.2627 0
    endloop
  endfacet
  facet normal 0 0 -1
    outer loop
      vertex 82.7735 26.5198 0
      vertex 87.3343 30.2627 0
      vertex 82.8232 26.4528 0
    endloop
  endfacet
  facet normal 0 0 -1
    outer loop
      vertex 82.7175 26.5816 0
      vertex 86.8894 30.7535 0
      vertex 82.7735 26.5198 0
    endloop
  endfacet
  facet normal -0 0 -1
    outer loop
      vertex 87.3343 30.2627 0
      vertex 82.7735 26.5198 0
      vertex 86.8894 30.7535 0
    endloop
  endfacet
  facet normal 0 0 -1
    outer loop
      vertex 88.834 25.3189 0
      vertex 82.9624 25.8972 0
      vertex 82.9665 25.9805 0
    endloop
  endfacet
  facet normal 0 0 -1
    outer loop
      vertex 88.7368 24.6637 0
      vertex 82.9501 25.8147 0
      vertex 82.9624 25.8972 0
    endloop
  endfacet
  facet normal 0 0 -1
    outer loop
      vertex 88.5758 24.0211 0
      vertex 82.9299 25.7338 0
      vertex 82.9501 25.8147 0
    endloop
  endfacet
  facet normal 0 0 -1
    outer loop
      vertex 88.3526 23.3974 0
      vertex 82.9018 25.6552 0
      vertex 82.9299 25.7338 0
    endloop
  endfacet
  facet normal 0 0 -1
    outer loop
      vertex 88.0694 22.7986 0
      vertex 82.8661 25.5798 0
      vertex 82.9018 25.6552 0
    endloop
  endfacet
  facet normal 0 0 -1
    outer loop
      vertex 87.7289 22.2304 0
      vertex 82.8232 25.5083 0
      vertex 82.8661 25.5798 0
    endloop
  endfacet
  facet normal 0 0 -1
    outer loop
      vertex 82.2823 25.1469 0
      vertex 83.4333 19.3602 0
      vertex 82.7781 19.263 0
    endloop
  endfacet
  facet normal 0 0 -1
    outer loop
      vertex 87.3343 21.6984 0
      vertex 82.7735 25.4413 0
      vertex 82.8232 25.5083 0
    endloop
  endfacet
  facet normal 0 0 -1
    outer loop
      vertex 86.8894 21.2076 0
      vertex 82.7175 25.3795 0
      vertex 82.7735 25.4413 0
    endloop
  endfacet
  facet normal 0 0 -1
    outer loop
      vertex 86.3986 20.7627 0
      vertex 82.6557 25.3235 0
      vertex 82.7175 25.3795 0
    endloop
  endfacet
  facet normal 0 0 -1
    outer loop
      vertex 85.8666 20.3681 0
      vertex 82.5887 25.2738 0
      vertex 82.6557 25.3235 0
    endloop
  endfacet
  facet normal 0 0 -1
    outer loop
      vertex 85.2984 20.0276 0
      vertex 82.5172 25.2309 0
      vertex 82.5887 25.2738 0
    endloop
  endfacet
  facet normal 0 0 -1
    outer loop
      vertex 84.6996 19.7443 0
      vertex 82.4418 25.1952 0
      vertex 82.5172 25.2309 0
    endloop
  endfacet
  facet normal 0 0 -1
    outer loop
      vertex 84.0759 19.5212 0
      vertex 82.3632 25.1671 0
      vertex 82.4418 25.1952 0
    endloop
  endfacet
  facet normal 0 0 -1
    outer loop
      vertex 83.4333 19.3602 0
      vertex 82.2823 25.1469 0
      vertex 82.3632 25.1671 0
    endloop
  endfacet
  facet normal 0 0 -1
    outer loop
      vertex 82.7781 19.263 0
      vertex 82.1998 25.1346 0
      vertex 82.2823 25.1469 0
    endloop
  endfacet
  facet normal 0 0 -1
    outer loop
      vertex 82.1165 19.2305 0
      vertex 82.1998 25.1346 0
      vertex 82.7781 19.263 0
    endloop
  endfacet
  facet normal 0 0 -1
    outer loop
      vertex 82.1165 19.2305 0
      vertex 82.1165 25.1305 0
      vertex 82.1998 25.1346 0
    endloop
  endfacet
  facet normal 0 0 -1
    outer loop
      vertex 82.1165 19.2305 0
      vertex 82.0332 25.1346 0
      vertex 82.1165 25.1305 0
    endloop
  endfacet
  facet normal 0 0 -1
    outer loop
      vertex 81.4548 19.263 0
      vertex 82.0332 25.1346 0
      vertex 82.1165 19.2305 0
    endloop
  endfacet
  facet normal -0 0 -1
    outer loop
      vertex 82.0332 25.1346 0
      vertex 81.4548 19.263 0
      vertex 81.9506 25.1469 0
    endloop
  endfacet
  facet normal 0 0 -1
    outer loop
      vertex 80.7996 19.3602 0
      vertex 81.9506 25.1469 0
      vertex 81.4548 19.263 0
    endloop
  endfacet
  facet normal -0 0 -1
    outer loop
      vertex 81.9506 25.1469 0
      vertex 80.7996 19.3602 0
      vertex 81.8697 25.1671 0
    endloop
  endfacet
  facet normal 0 0 -1
    outer loop
      vertex 80.157 19.5212 0
      vertex 81.8697 25.1671 0
      vertex 80.7996 19.3602 0
    endloop
  endfacet
  facet normal -0 0 -1
    outer loop
      vertex 81.8697 25.1671 0
      vertex 80.157 19.5212 0
      vertex 81.7912 25.1952 0
    endloop
  endfacet
  facet normal 0 0 -1
    outer loop
      vertex 79.5334 19.7443 0
      vertex 81.7912 25.1952 0
      vertex 80.157 19.5212 0
    endloop
  endfacet
  facet normal -0 0 -1
    outer loop
      vertex 81.7912 25.1952 0
      vertex 79.5334 19.7443 0
      vertex 81.7158 25.2309 0
    endloop
  endfacet
  facet normal 0 0 -1
    outer loop
      vertex 78.9345 20.0276 0
      vertex 81.7158 25.2309 0
      vertex 79.5334 19.7443 0
    endloop
  endfacet
  facet normal -0 0 -1
    outer loop
      vertex 81.7158 25.2309 0
      vertex 78.9345 20.0276 0
      vertex 81.6442 25.2738 0
    endloop
  endfacet
  facet normal 0 0 -1
    outer loop
      vertex 78.3664 20.3681 0
      vertex 81.6442 25.2738 0
      vertex 78.9345 20.0276 0
    endloop
  endfacet
  facet normal -0 0 -1
    outer loop
      vertex 81.6442 25.2738 0
      vertex 78.3664 20.3681 0
      vertex 81.5772 25.3235 0
    endloop
  endfacet
  facet normal 0 0 -1
    outer loop
      vertex 77.8343 20.7627 0
      vertex 81.5772 25.3235 0
      vertex 78.3664 20.3681 0
    endloop
  endfacet
  facet normal -0 0 -1
    outer loop
      vertex 81.5772 25.3235 0
      vertex 77.8343 20.7627 0
      vertex 81.5154 25.3795 0
    endloop
  endfacet
  facet normal 0 0 -1
    outer loop
      vertex 77.3435 21.2076 0
      vertex 81.5154 25.3795 0
      vertex 77.8343 20.7627 0
    endloop
  endfacet
  facet normal -0 0 -1
    outer loop
      vertex 81.5154 25.3795 0
      vertex 77.3435 21.2076 0
      vertex 81.4594 25.4413 0
    endloop
  endfacet
  facet normal -0 0 -1
    outer loop
      vertex 81.4594 25.4413 0
      vertex 76.8987 21.6984 0
      vertex 81.4097 25.5083 0
    endloop
  endfacet
  facet normal 0 0 -1
    outer loop
      vertex 76.8987 21.6984 0
      vertex 81.4594 25.4413 0
      vertex 77.3435 21.2076 0
    endloop
  endfacet
  facet normal 0 0 -1
    outer loop
      vertex 82.9665 83.0195 0
      vertex 88.8665 83.0195 0
      vertex 88.834 82.3578 0
    endloop
  endfacet
  facet normal 0 0 -1
    outer loop
      vertex 82.9665 83.0195 0
      vertex 88.834 82.3578 0
      vertex 88.7368 81.7026 0
    endloop
  endfacet
  facet normal 0 0 -1
    outer loop
      vertex 88.8665 83.0195 0
      vertex 82.9665 83.0195 0
      vertex 88.834 83.6811 0
    endloop
  endfacet
  facet normal 0 0 -1
    outer loop
      vertex 82.9665 83.0195 0
      vertex 88.7368 81.7026 0
      vertex 88.5758 81.06 0
    endloop
  endfacet
  facet normal 0 0 -1
    outer loop
      vertex 82.9624 83.1028 0
      vertex 88.834 83.6811 0
      vertex 82.9665 83.0195 0
    endloop
  endfacet
  facet normal 0 0 -1
    outer loop
      vertex 82.9665 83.0195 0
      vertex 88.5758 81.06 0
      vertex 88.3526 80.4364 0
    endloop
  endfacet
  facet normal -0 0 -1
    outer loop
      vertex 88.834 83.6811 0
      vertex 82.9624 83.1028 0
      vertex 88.7368 84.3363 0
    endloop
  endfacet
  facet normal 0 0 -1
    outer loop
      vertex 82.9665 83.0195 0
      vertex 88.3526 80.4364 0
      vertex 88.0694 79.8375 0
    endloop
  endfacet
  facet normal 0 0 -1
    outer loop
      vertex 82.9501 83.1853 0
      vertex 88.7368 84.3363 0
      vertex 82.9624 83.1028 0
    endloop
  endfacet
  facet normal 0 0 -1
    outer loop
      vertex 82.9665 83.0195 0
      vertex 88.0694 79.8375 0
      vertex 87.7289 79.2694 0
    endloop
  endfacet
  facet normal -0 0 -1
    outer loop
      vertex 88.7368 84.3363 0
      vertex 82.9501 83.1853 0
      vertex 88.5758 84.9789 0
    endloop
  endfacet
  facet normal 0 0 -1
    outer loop
      vertex 82.9665 83.0195 0
      vertex 87.7289 79.2694 0
      vertex 87.3343 78.7373 0
    endloop
  endfacet
  facet normal 0 0 -1
    outer loop
      vertex 82.9299 83.2662 0
      vertex 88.5758 84.9789 0
      vertex 82.9501 83.1853 0
    endloop
  endfacet
  facet normal 0 0 -1
    outer loop
      vertex 82.9665 83.0195 0
      vertex 87.3343 78.7373 0
      vertex 86.8894 78.2465 0
    endloop
  endfacet
  facet normal -0 0 -1
    outer loop
      vertex 88.5758 84.9789 0
      vertex 82.9299 83.2662 0
      vertex 88.3526 85.6026 0
    endloop
  endfacet
  facet normal 0 0 -1
    outer loop
      vertex 82.9665 83.0195 0
      vertex 86.8894 78.2465 0
      vertex 86.3986 77.8017 0
    endloop
  endfacet
  facet normal 0 0 -1
    outer loop
      vertex 82.9018 83.3448 0
      vertex 88.3526 85.6026 0
      vertex 82.9299 83.2662 0
    endloop
  endfacet
  facet normal 0 0 -1
    outer loop
      vertex 82.9665 83.0195 0
      vertex 86.3986 77.8017 0
      vertex 85.8666 77.407 0
    endloop
  endfacet
  facet normal -0 0 -1
    outer loop
      vertex 88.3526 85.6026 0
      vertex 82.9018 83.3448 0
      vertex 88.0694 86.2014 0
    endloop
  endfacet
  facet normal 0 0 -1
    outer loop
      vertex 82.9665 83.0195 0
      vertex 85.8666 77.407 0
      vertex 85.2984 77.0665 0
    endloop
  endfacet
  facet normal 0 0 -1
    outer loop
      vertex 82.8661 83.4202 0
      vertex 88.0694 86.2014 0
      vertex 82.9018 83.3448 0
    endloop
  endfacet
  facet normal 0 0 -1
    outer loop
      vertex 82.9665 83.0195 0
      vertex 85.2984 77.0665 0
      vertex 84.6996 76.7833 0
    endloop
  endfacet
  facet normal -0 0 -1
    outer loop
      vertex 88.0694 86.2014 0
      vertex 82.8661 83.4202 0
      vertex 87.7289 86.7696 0
    endloop
  endfacet
  facet normal 0 0 -1
    outer loop
      vertex 82.9665 83.0195 0
      vertex 84.6996 76.7833 0
      vertex 84.0759 76.5601 0
    endloop
  endfacet
  facet normal 0 0 -1
    outer loop
      vertex 82.8232 83.4917 0
      vertex 87.7289 86.7696 0
      vertex 82.8661 83.4202 0
    endloop
  endfacet
  facet normal 0 0 -1
    outer loop
      vertex 82.9665 83.0195 0
      vertex 84.0759 76.5601 0
      vertex 83.4333 76.3992 0
    endloop
  endfacet
  facet normal -0 0 -1
    outer loop
      vertex 87.7289 86.7696 0
      vertex 82.8232 83.4917 0
      vertex 87.3343 87.3016 0
    endloop
  endfacet
  facet normal 0 0 -1
    outer loop
      vertex 82.9665 83.0195 0
      vertex 83.4333 76.3992 0
      vertex 83.4 76.3942 0
    endloop
  endfacet
  facet normal -0 0 -1
    outer loop
      vertex 86.8894 30.7535 0
      vertex 82.7175 26.5816 0
      vertex 86.3986 31.1983 0
    endloop
  endfacet
  facet normal 0 0 -1
    outer loop
      vertex 82.7735 83.5587 0
      vertex 87.3343 87.3016 0
      vertex 82.8232 83.4917 0
    endloop
  endfacet
  facet normal -0 0 -1
    outer loop
      vertex 87.3343 87.3016 0
      vertex 82.7735 83.5587 0
      vertex 86.8894 87.7924 0
    endloop
  endfacet
  facet normal 0 0 -1
    outer loop
      vertex 82.7175 83.6205 0
      vertex 86.8894 87.7924 0
      vertex 82.7735 83.5587 0
    endloop
  endfacet
  facet normal -0 0 -1
    outer loop
      vertex 86.8894 87.7924 0
      vertex 82.7175 83.6205 0
      vertex 86.3986 88.2373 0
    endloop
  endfacet
  facet normal 0 0 -1
    outer loop
      vertex 82.6557 83.6765 0
      vertex 86.3986 88.2373 0
      vertex 82.7175 83.6205 0
    endloop
  endfacet
  facet normal -0 0 -1
    outer loop
      vertex 86.3986 88.2373 0
      vertex 82.6557 83.6765 0
      vertex 85.8666 88.6319 0
    endloop
  endfacet
  facet normal 0 0 -1
    outer loop
      vertex 82.5887 83.7262 0
      vertex 85.8666 88.6319 0
      vertex 82.6557 83.6765 0
    endloop
  endfacet
  facet normal -0 0 -1
    outer loop
      vertex 85.8666 88.6319 0
      vertex 82.5887 83.7262 0
      vertex 85.2984 88.9724 0
    endloop
  endfacet
  facet normal 0 0 -1
    outer loop
      vertex 82.5172 83.7691 0
      vertex 85.2984 88.9724 0
      vertex 82.5887 83.7262 0
    endloop
  endfacet
  facet normal -0 0 -1
    outer loop
      vertex 85.2984 88.9724 0
      vertex 82.5172 83.7691 0
      vertex 84.6996 89.2556 0
    endloop
  endfacet
  facet normal 0 0 -1
    outer loop
      vertex 82.4418 83.8048 0
      vertex 84.6996 89.2556 0
      vertex 82.5172 83.7691 0
    endloop
  endfacet
  facet normal -0 0 -1
    outer loop
      vertex 84.6996 89.2556 0
      vertex 82.4418 83.8048 0
      vertex 84.0759 89.4788 0
    endloop
  endfacet
  facet normal 0 0 -1
    outer loop
      vertex 82.3632 83.8329 0
      vertex 84.0759 89.4788 0
      vertex 82.4418 83.8048 0
    endloop
  endfacet
  facet normal -0 0 -1
    outer loop
      vertex 84.0759 89.4788 0
      vertex 82.3632 83.8329 0
      vertex 83.4333 89.6398 0
    endloop
  endfacet
  facet normal 0 0 -1
    outer loop
      vertex 82.2823 83.8531 0
      vertex 83.4333 89.6398 0
      vertex 82.3632 83.8329 0
    endloop
  endfacet
  facet normal -0 0 -1
    outer loop
      vertex 83.4333 89.6398 0
      vertex 82.2823 83.8531 0
      vertex 82.7781 89.737 0
    endloop
  endfacet
  facet normal 0 0 -1
    outer loop
      vertex 82.1998 83.8654 0
      vertex 82.7781 89.737 0
      vertex 82.2823 83.8531 0
    endloop
  endfacet
  facet normal 0 0 -1
    outer loop
      vertex 82.1165 83.8695 0
      vertex 82.7781 89.737 0
      vertex 82.1998 83.8654 0
    endloop
  endfacet
  facet normal 0 0 -1
    outer loop
      vertex 82.1165 83.8695 0
      vertex 82.1165 89.7695 0
      vertex 82.7781 89.737 0
    endloop
  endfacet
  facet normal 0 0 -1
    outer loop
      vertex 82.0332 83.8654 0
      vertex 82.1165 89.7695 0
      vertex 82.1165 83.8695 0
    endloop
  endfacet
  facet normal 0 0 -1
    outer loop
      vertex 81.4548 89.737 0
      vertex 82.0332 83.8654 0
      vertex 81.9506 83.8531 0
    endloop
  endfacet
  facet normal 0 0 -1
    outer loop
      vertex 80.7996 89.6398 0
      vertex 81.9506 83.8531 0
      vertex 81.8697 83.8329 0
    endloop
  endfacet
  facet normal 0 0 -1
    outer loop
      vertex 80.157 89.4788 0
      vertex 81.8697 83.8329 0
      vertex 81.7912 83.8048 0
    endloop
  endfacet
  facet normal 0 0 -1
    outer loop
      vertex 79.5334 89.2556 0
      vertex 81.7912 83.8048 0
      vertex 81.7158 83.7691 0
    endloop
  endfacet
  facet normal 0 0 -1
    outer loop
      vertex 78.9345 88.9724 0
      vertex 81.7158 83.7691 0
      vertex 81.6442 83.7262 0
    endloop
  endfacet
  facet normal 0 0 -1
    outer loop
      vertex 78.3664 88.6319 0
      vertex 81.6442 83.7262 0
      vertex 81.5772 83.6765 0
    endloop
  endfacet
  facet normal 0 0 -1
    outer loop
      vertex 77.8343 88.2373 0
      vertex 81.5772 83.6765 0
      vertex 81.5154 83.6205 0
    endloop
  endfacet
  facet normal 0 0 -1
    outer loop
      vertex 77.3435 87.7924 0
      vertex 81.5154 83.6205 0
      vertex 81.4594 83.5587 0
    endloop
  endfacet
  facet normal 0 0 -1
    outer loop
      vertex 82.0332 83.8654 0
      vertex 81.4548 89.737 0
      vertex 82.1165 89.7695 0
    endloop
  endfacet
  facet normal 0 0 -1
    outer loop
      vertex 76.8987 87.3016 0
      vertex 81.4594 83.5587 0
      vertex 81.4097 83.4917 0
    endloop
  endfacet
  facet normal 0 0 -1
    outer loop
      vertex 76.504 86.7696 0
      vertex 81.4097 83.4917 0
      vertex 81.3668 83.4202 0
    endloop
  endfacet
  facet normal 0 0 -1
    outer loop
      vertex 76.1635 86.2014 0
      vertex 81.3668 83.4202 0
      vertex 81.3312 83.3448 0
    endloop
  endfacet
  facet normal 0 0 -1
    outer loop
      vertex 75.8803 85.6026 0
      vertex 81.3312 83.3448 0
      vertex 81.3031 83.2662 0
    endloop
  endfacet
  facet normal 0 0 -1
    outer loop
      vertex 75.6571 84.9789 0
      vertex 81.3031 83.2662 0
      vertex 81.2828 83.1853 0
    endloop
  endfacet
  facet normal 0 0 -1
    outer loop
      vertex 75.4912 84.303 0
      vertex 81.2828 83.1853 0
      vertex 81.2706 83.1028 0
    endloop
  endfacet
  facet normal 0 0 -1
    outer loop
      vertex 75.4912 84.303 0
      vertex 81.2706 83.1028 0
      vertex 81.2665 83.0195 0
    endloop
  endfacet
  facet normal 0 0 -1
    outer loop
      vertex 81.9506 83.8531 0
      vertex 80.7996 89.6398 0
      vertex 81.4548 89.737 0
    endloop
  endfacet
  facet normal 0 0 -1
    outer loop
      vertex 83.4 32.6058 0
      vertex 51.3421 73.7929 0
      vertex 83.4 76.3942 0
    endloop
  endfacet
  facet normal 0 0 -1
    outer loop
      vertex 76.504 22.2304 0
      vertex 81.4097 25.5083 0
      vertex 76.8987 21.6984 0
    endloop
  endfacet
  facet normal 0 0 -1
    outer loop
      vertex 81.3031 82.7727 0
      vertex 75.4912 84.303 0
      vertex 81.2828 82.8536 0
    endloop
  endfacet
  facet normal -0 0 -1
    outer loop
      vertex 81.4097 25.5083 0
      vertex 76.504 22.2304 0
      vertex 81.3668 25.5798 0
    endloop
  endfacet
  facet normal 0 0 -1
    outer loop
      vertex 81.2828 83.1853 0
      vertex 75.4912 84.303 0
      vertex 75.4962 84.3363 0
    endloop
  endfacet
  facet normal 0 0 -1
    outer loop
      vertex 76.1635 22.7986 0
      vertex 81.3668 25.5798 0
      vertex 76.504 22.2304 0
    endloop
  endfacet
  facet normal 0 0 -1
    outer loop
      vertex 81.8697 83.8329 0
      vertex 80.157 89.4788 0
      vertex 80.7996 89.6398 0
    endloop
  endfacet
  facet normal -0 0 -1
    outer loop
      vertex 81.3668 25.5798 0
      vertex 76.1635 22.7986 0
      vertex 81.3312 25.6552 0
    endloop
  endfacet
  facet normal 0 0 -1
    outer loop
      vertex 81.7912 83.8048 0
      vertex 79.5334 89.2556 0
      vertex 80.157 89.4788 0
    endloop
  endfacet
  facet normal 0 0 -1
    outer loop
      vertex 75.8803 23.3974 0
      vertex 81.3312 25.6552 0
      vertex 76.1635 22.7986 0
    endloop
  endfacet
  facet normal 0 0 -1
    outer loop
      vertex 81.7158 83.7691 0
      vertex 78.9345 88.9724 0
      vertex 79.5334 89.2556 0
    endloop
  endfacet
  facet normal -0 0 -1
    outer loop
      vertex 81.3312 25.6552 0
      vertex 75.8803 23.3974 0
      vertex 81.3031 25.7338 0
    endloop
  endfacet
  facet normal 0 0 -1
    outer loop
      vertex 81.6442 83.7262 0
      vertex 78.3664 88.6319 0
      vertex 78.9345 88.9724 0
    endloop
  endfacet
  facet normal 0 0 -1
    outer loop
      vertex 75.6571 24.0211 0
      vertex 81.3031 25.7338 0
      vertex 75.8803 23.3974 0
    endloop
  endfacet
  facet normal 0 0 -1
    outer loop
      vertex 81.5772 83.6765 0
      vertex 77.8343 88.2373 0
      vertex 78.3664 88.6319 0
    endloop
  endfacet
  facet normal -0 0 -1
    outer loop
      vertex 81.3031 25.7338 0
      vertex 75.6571 24.0211 0
      vertex 81.2828 25.8147 0
    endloop
  endfacet
  facet normal 0 0 -1
    outer loop
      vertex 81.5154 83.6205 0
      vertex 77.3435 87.7924 0
      vertex 77.8343 88.2373 0
    endloop
  endfacet
  facet normal 0 0 -1
    outer loop
      vertex 75.4962 24.6637 0
      vertex 81.2828 25.8147 0
      vertex 75.6571 24.0211 0
    endloop
  endfacet
  facet normal 0 0 -1
    outer loop
      vertex 81.4594 83.5587 0
      vertex 76.8987 87.3016 0
      vertex 77.3435 87.7924 0
    endloop
  endfacet
  facet normal 0 0 -1
    outer loop
      vertex 75.4912 24.697 0
      vertex 81.2828 25.8147 0
      vertex 75.4962 24.6637 0
    endloop
  endfacet
  facet normal 0 0 -1
    outer loop
      vertex 81.4097 83.4917 0
      vertex 76.504 86.7696 0
      vertex 76.8987 87.3016 0
    endloop
  endfacet
  facet normal -0 0 -1
    outer loop
      vertex 81.2828 25.8147 0
      vertex 75.4912 24.697 0
      vertex 81.2706 25.8972 0
    endloop
  endfacet
  facet normal 0 0 -1
    outer loop
      vertex 81.3668 83.4202 0
      vertex 76.1635 86.2014 0
      vertex 76.504 86.7696 0
    endloop
  endfacet
  facet normal -0 0 -1
    outer loop
      vertex 81.2706 25.8972 0
      vertex 75.4912 24.697 0
      vertex 81.2665 25.9805 0
    endloop
  endfacet
  facet normal 0 0 -1
    outer loop
      vertex 81.3312 83.3448 0
      vertex 75.8803 85.6026 0
      vertex 76.1635 86.2014 0
    endloop
  endfacet
  facet normal 0 0 -1
    outer loop
      vertex 81.3031 83.2662 0
      vertex 75.6571 84.9789 0
      vertex 75.8803 85.6026 0
    endloop
  endfacet
  facet normal 0 0 -1
    outer loop
      vertex 81.2828 83.1853 0
      vertex 75.4962 84.3363 0
      vertex 75.6571 84.9789 0
    endloop
  endfacet
  facet normal 0 0 -1
    outer loop
      vertex 81.2706 82.9362 0
      vertex 75.4912 84.303 0
      vertex 81.2665 83.0195 0
    endloop
  endfacet
  facet normal 0 0 -1
    outer loop
      vertex 75.4912 84.303 0
      vertex 51.6009 74.2412 0
      vertex 51.635 74.5 0
    endloop
  endfacet
  facet normal -0 0 -1
    outer loop
      vertex 83.4 76.3942 0
      vertex 51.6009 74.2412 0
      vertex 75.4912 84.303 0
    endloop
  endfacet
  facet normal 0 0 -1
    outer loop
      vertex 81.2828 82.8536 0
      vertex 75.4912 84.303 0
      vertex 81.2706 82.9362 0
    endloop
  endfacet
  facet normal 0 0 -1
    outer loop
      vertex 83.4 32.6058 0
      vertex 51.135 73.634 0
      vertex 51.3421 73.7929 0
    endloop
  endfacet
  facet normal 0 0 -1
    outer loop
      vertex 83.4 32.6058 0
      vertex 50.8938 73.5341 0
      vertex 51.135 73.634 0
    endloop
  endfacet
  facet normal 0 0 -1
    outer loop
      vertex 75.4912 24.697 0
      vertex 50.635 73.5 0
      vertex 50.8938 73.5341 0
    endloop
  endfacet
  facet normal 0 0 -1
    outer loop
      vertex 31.6058 24.697 0
      vertex 50.635 73.5 0
      vertex 75.4912 24.697 0
    endloop
  endfacet
  facet normal 0 -0 -1
    outer loop
      vertex 32.5259 65.3912 0
      vertex 50.635 73.5 0
      vertex 32.426 65.15 0
    endloop
  endfacet
  facet normal -0 0 -1
    outer loop
      vertex 50.635 73.5 0
      vertex 32.5259 65.3912 0
      vertex 38.635 73.5 0
    endloop
  endfacet
  facet normal 0 -0 -1
    outer loop
      vertex 32.56 65.65 0
      vertex 38.635 73.5 0
      vertex 32.5259 65.3912 0
    endloop
  endfacet
  facet normal 0 0 -1
    outer loop
      vertex 32.56 69.65 0
      vertex 38.635 73.5 0
      vertex 32.56 65.65 0
    endloop
  endfacet
  facet normal -0 0 -1
    outer loop
      vertex 37.9279 73.7929 0
      vertex 32.426 70.15 0
      vertex 37.769 74 0
    endloop
  endfacet
  facet normal 0 0 -1
    outer loop
      vertex 32.426 70.15 0
      vertex 37.9279 73.7929 0
      vertex 32.5259 69.9088 0
    endloop
  endfacet
  facet normal -0 0 -1
    outer loop
      vertex 38.135 73.634 0
      vertex 32.5259 69.9088 0
      vertex 37.9279 73.7929 0
    endloop
  endfacet
  facet normal -0 0 -1
    outer loop
      vertex 38.3762 73.5341 0
      vertex 32.56 69.65 0
      vertex 38.135 73.634 0
    endloop
  endfacet
  facet normal 0 0 -1
    outer loop
      vertex 32.5259 69.9088 0
      vertex 38.135 73.634 0
      vertex 32.56 69.65 0
    endloop
  endfacet
  facet normal -0 0 -1
    outer loop
      vertex 38.635 73.5 0
      vertex 32.56 69.65 0
      vertex 38.3762 73.5341 0
    endloop
  endfacet
  facet normal 0 0 -1
    outer loop
      vertex 50.635 73.5 0
      vertex 32.2671 64.9429 0
      vertex 32.426 65.15 0
    endloop
  endfacet
  facet normal 0 0 -1
    outer loop
      vertex 50.635 73.5 0
      vertex 31.6058 24.697 0
      vertex 32.2671 64.9429 0
    endloop
  endfacet
  facet normal 0 0 -1
    outer loop
      vertex 32.2671 64.9429 0
      vertex 31.6058 24.697 0
      vertex 32.06 64.784 0
    endloop
  endfacet
  facet normal 0 0 -1
    outer loop
      vertex 23.697 32.6058 0
      vertex 32.06 64.784 0
      vertex 31.6058 24.697 0
    endloop
  endfacet
  facet normal 0 0 -1
    outer loop
      vertex 25.8305 25.9805 0
      vertex 31.6008 24.6637 0
      vertex 31.4399 24.0211 0
    endloop
  endfacet
  facet normal 0 0 -1
    outer loop
      vertex 32.06 64.784 0
      vertex 23.697 32.6058 0
      vertex 31.8188 64.6841 0
    endloop
  endfacet
  facet normal 0 0 -1
    outer loop
      vertex 31.2167 23.3974 0
      vertex 25.8305 25.9805 0
      vertex 31.4399 24.0211 0
    endloop
  endfacet
  facet normal 0 0 -1
    outer loop
      vertex 30.9335 22.7986 0
      vertex 25.8305 25.9805 0
      vertex 31.2167 23.3974 0
    endloop
  endfacet
  facet normal 0 0 -1
    outer loop
      vertex 30.5929 22.2304 0
      vertex 25.8305 25.9805 0
      vertex 30.9335 22.7986 0
    endloop
  endfacet
  facet normal 0 0 -1
    outer loop
      vertex 30.1983 21.6984 0
      vertex 25.8305 25.9805 0
      vertex 30.5929 22.2304 0
    endloop
  endfacet
  facet normal 0 0 -1
    outer loop
      vertex 29.7535 21.2076 0
      vertex 25.8305 25.9805 0
      vertex 30.1983 21.6984 0
    endloop
  endfacet
  facet normal 0 0 -1
    outer loop
      vertex 29.2627 20.7627 0
      vertex 25.8305 25.9805 0
      vertex 29.7535 21.2076 0
    endloop
  endfacet
  facet normal 0 0 -1
    outer loop
      vertex 28.7306 20.3681 0
      vertex 25.8305 25.9805 0
      vertex 29.2627 20.7627 0
    endloop
  endfacet
  facet normal 0 0 -1
    outer loop
      vertex 28.1624 20.0276 0
      vertex 25.8305 25.9805 0
      vertex 28.7306 20.3681 0
    endloop
  endfacet
  facet normal 0 0 -1
    outer loop
      vertex 25.8264 26.0638 0
      vertex 31.6058 24.697 0
      vertex 25.8305 25.9805 0
    endloop
  endfacet
  facet normal 0 0 -1
    outer loop
      vertex 25.8142 26.1464 0
      vertex 31.6058 24.697 0
      vertex 25.8264 26.0638 0
    endloop
  endfacet
  facet normal 0 0 -1
    outer loop
      vertex 27.5636 19.7443 0
      vertex 25.8305 25.9805 0
      vertex 28.1624 20.0276 0
    endloop
  endfacet
  facet normal 0 0 -1
    outer loop
      vertex 25.7939 26.2273 0
      vertex 31.6058 24.697 0
      vertex 25.8142 26.1464 0
    endloop
  endfacet
  facet normal 0 0 -1
    outer loop
      vertex 31.6008 24.6637 0
      vertex 25.8305 25.9805 0
      vertex 31.6058 24.697 0
    endloop
  endfacet
  facet normal 0 0 -1
    outer loop
      vertex 25.7658 26.3058 0
      vertex 31.6058 24.697 0
      vertex 25.7939 26.2273 0
    endloop
  endfacet
  facet normal 0 0 -1
    outer loop
      vertex 23.697 32.6058 0
      vertex 31.6058 24.697 0
      vertex 25.7658 26.3058 0
    endloop
  endfacet
  facet normal 0 0 -1
    outer loop
      vertex 25.8305 25.9805 0
      vertex 27.5636 19.7443 0
      vertex 26.9399 19.5212 0
    endloop
  endfacet
  facet normal 0 0 -1
    outer loop
      vertex 31.8188 64.6841 0
      vertex 23.697 32.6058 0
      vertex 31.56 64.65 0
    endloop
  endfacet
  facet normal -0 0 -1
    outer loop
      vertex 28.56 64.65 0
      vertex 23.697 32.6058 0
      vertex 28.3012 64.6841 0
    endloop
  endfacet
  facet normal -0 0 -1
    outer loop
      vertex 31.56 64.65 0
      vertex 23.697 32.6058 0
      vertex 28.56 64.65 0
    endloop
  endfacet
  facet normal 0 0 1
    outer loop
      vertex 88.0154 83.0195 21.6
      vertex 88.8665 83.0195 21.6
      vertex 88.834 83.6811 21.6
    endloop
  endfacet
  facet normal 0 0 1
    outer loop
      vertex 87.987 83.5977 21.6
      vertex 88.834 83.6811 21.6
      vertex 88.7368 84.3363 21.6
    endloop
  endfacet
  facet normal 0 0 1
    outer loop
      vertex 88.8665 83.0195 21.6
      vertex 88.0154 83.0195 21.6
      vertex 88.834 82.3578 21.6
    endloop
  endfacet
  facet normal 0 0 1
    outer loop
      vertex 87.9021 84.1704 21.6
      vertex 88.7368 84.3363 21.6
      vertex 88.5758 84.9789 21.6
    endloop
  endfacet
  facet normal -0 0 1
    outer loop
      vertex 87.987 82.4413 21.6
      vertex 88.834 82.3578 21.6
      vertex 88.0154 83.0195 21.6
    endloop
  endfacet
  facet normal 0 0 1
    outer loop
      vertex 87.7614 84.7318 21.6
      vertex 88.5758 84.9789 21.6
      vertex 88.3526 85.6026 21.6
    endloop
  endfacet
  facet normal 0 0 1
    outer loop
      vertex 88.834 82.3578 21.6
      vertex 87.987 82.4413 21.6
      vertex 88.7368 81.7026 21.6
    endloop
  endfacet
  facet normal 0 0 1
    outer loop
      vertex 87.5664 85.2769 21.6
      vertex 88.3526 85.6026 21.6
      vertex 88.0694 86.2014 21.6
    endloop
  endfacet
  facet normal -0 0 1
    outer loop
      vertex 87.9021 81.8685 21.6
      vertex 88.7368 81.7026 21.6
      vertex 87.987 82.4413 21.6
    endloop
  endfacet
  facet normal 0 0 1
    outer loop
      vertex 88.7368 81.7026 21.6
      vertex 87.9021 81.8685 21.6
      vertex 88.5758 81.06 21.6
    endloop
  endfacet
  facet normal 0 0 1
    outer loop
      vertex 88.834 83.6811 21.6
      vertex 87.987 83.5977 21.6
      vertex 88.0154 83.0195 21.6
    endloop
  endfacet
  facet normal 0 0 1
    outer loop
      vertex 88.7368 84.3363 21.6
      vertex 87.9021 84.1704 21.6
      vertex 87.987 83.5977 21.6
    endloop
  endfacet
  facet normal 0 0 1
    outer loop
      vertex 88.5758 84.9789 21.6
      vertex 87.7614 84.7318 21.6
      vertex 87.9021 84.1704 21.6
    endloop
  endfacet
  facet normal 0 0 1
    outer loop
      vertex 87.3189 85.8002 21.6
      vertex 88.0694 86.2014 21.6
      vertex 87.7289 86.7696 21.6
    endloop
  endfacet
  facet normal 0 0 1
    outer loop
      vertex 88.3526 85.6026 21.6
      vertex 87.5664 85.2769 21.6
      vertex 87.7614 84.7318 21.6
    endloop
  endfacet
  facet normal 0 0 1
    outer loop
      vertex 87.0213 86.2967 21.6
      vertex 87.7289 86.7696 21.6
      vertex 87.3343 87.3016 21.6
    endloop
  endfacet
  facet normal 0 0 1
    outer loop
      vertex 88.0694 86.2014 21.6
      vertex 87.3189 85.8002 21.6
      vertex 87.5664 85.2769 21.6
    endloop
  endfacet
  facet normal 0 0 1
    outer loop
      vertex 87.7289 86.7696 21.6
      vertex 87.0213 86.2967 21.6
      vertex 87.3189 85.8002 21.6
    endloop
  endfacet
  facet normal 0 0 1
    outer loop
      vertex 86.6764 86.7617 21.6
      vertex 87.3343 87.3016 21.6
      vertex 86.8894 87.7924 21.6
    endloop
  endfacet
  facet normal 0 0 1
    outer loop
      vertex 87.3343 87.3016 21.6
      vertex 86.6764 86.7617 21.6
      vertex 87.0213 86.2967 21.6
    endloop
  endfacet
  facet normal 0 0 1
    outer loop
      vertex 86.2877 87.1907 21.6
      vertex 86.8894 87.7924 21.6
      vertex 86.3986 88.2373 21.6
    endloop
  endfacet
  facet normal 0 0 1
    outer loop
      vertex 86.8894 87.7924 21.6
      vertex 86.2877 87.1907 21.6
      vertex 86.6764 86.7617 21.6
    endloop
  endfacet
  facet normal 0 0 1
    outer loop
      vertex 85.8587 87.5794 21.6
      vertex 86.3986 88.2373 21.6
      vertex 85.8666 88.6319 21.6
    endloop
  endfacet
  facet normal 0 0 1
    outer loop
      vertex 86.3986 88.2373 21.6
      vertex 85.8587 87.5794 21.6
      vertex 86.2877 87.1907 21.6
    endloop
  endfacet
  facet normal 0 0 1
    outer loop
      vertex 85.8666 88.6319 21.6
      vertex 85.3937 87.9243 21.6
      vertex 85.8587 87.5794 21.6
    endloop
  endfacet
  facet normal 0 0 1
    outer loop
      vertex 85.2984 88.9724 21.6
      vertex 85.3937 87.9243 21.6
      vertex 85.8666 88.6319 21.6
    endloop
  endfacet
  facet normal 0 0 1
    outer loop
      vertex 85.2984 88.9724 21.6
      vertex 84.8972 88.2219 21.6
      vertex 85.3937 87.9243 21.6
    endloop
  endfacet
  facet normal 0 0 1
    outer loop
      vertex 84.6996 89.2556 21.6
      vertex 84.8972 88.2219 21.6
      vertex 85.2984 88.9724 21.6
    endloop
  endfacet
  facet normal 0 0 1
    outer loop
      vertex 84.6996 89.2556 21.6
      vertex 84.3739 88.4694 21.6
      vertex 84.8972 88.2219 21.6
    endloop
  endfacet
  facet normal 0 0 1
    outer loop
      vertex 84.0759 89.4788 21.6
      vertex 84.3739 88.4694 21.6
      vertex 84.6996 89.2556 21.6
    endloop
  endfacet
  facet normal 0 0 1
    outer loop
      vertex 84.0759 89.4788 21.6
      vertex 83.8288 88.6644 21.6
      vertex 84.3739 88.4694 21.6
    endloop
  endfacet
  facet normal 0 0 1
    outer loop
      vertex 83.4333 89.6398 21.6
      vertex 83.8288 88.6644 21.6
      vertex 84.0759 89.4788 21.6
    endloop
  endfacet
  facet normal 0 0 1
    outer loop
      vertex 83.4333 89.6398 21.6
      vertex 83.2674 88.8051 21.6
      vertex 83.8288 88.6644 21.6
    endloop
  endfacet
  facet normal 0 0 1
    outer loop
      vertex 82.7781 89.737 21.6
      vertex 83.2674 88.8051 21.6
      vertex 83.4333 89.6398 21.6
    endloop
  endfacet
  facet normal 0 0 1
    outer loop
      vertex 82.7781 89.737 21.6
      vertex 82.6947 88.89 21.6
      vertex 83.2674 88.8051 21.6
    endloop
  endfacet
  facet normal 0 0 1
    outer loop
      vertex 82.1165 89.7695 21.6
      vertex 82.6947 88.89 21.6
      vertex 82.7781 89.737 21.6
    endloop
  endfacet
  facet normal 0 0 1
    outer loop
      vertex 82.1165 89.7695 21.6
      vertex 82.1165 88.9184 21.6
      vertex 82.6947 88.89 21.6
    endloop
  endfacet
  facet normal 0 0 1
    outer loop
      vertex 82.1165 89.7695 21.6
      vertex 81.5383 88.89 21.6
      vertex 82.1165 88.9184 21.6
    endloop
  endfacet
  facet normal -0 0 1
    outer loop
      vertex 81.4548 89.737 21.6
      vertex 81.5383 88.89 21.6
      vertex 82.1165 89.7695 21.6
    endloop
  endfacet
  facet normal 0 0 1
    outer loop
      vertex 81.4548 89.737 21.6
      vertex 80.9655 88.8051 21.6
      vertex 81.5383 88.89 21.6
    endloop
  endfacet
  facet normal -0 0 1
    outer loop
      vertex 80.7996 89.6398 21.6
      vertex 80.9655 88.8051 21.6
      vertex 81.4548 89.737 21.6
    endloop
  endfacet
  facet normal 0 0 1
    outer loop
      vertex 80.7996 89.6398 21.6
      vertex 80.4042 88.6645 21.6
      vertex 80.9655 88.8051 21.6
    endloop
  endfacet
  facet normal -0 0 1
    outer loop
      vertex 80.157 89.4788 21.6
      vertex 80.4042 88.6645 21.6
      vertex 80.7996 89.6398 21.6
    endloop
  endfacet
  facet normal 0 0 1
    outer loop
      vertex 80.157 89.4788 21.6
      vertex 79.859 88.4694 21.6
      vertex 80.4042 88.6645 21.6
    endloop
  endfacet
  facet normal -0 0 1
    outer loop
      vertex 79.5334 89.2556 21.6
      vertex 79.859 88.4694 21.6
      vertex 80.157 89.4788 21.6
    endloop
  endfacet
  facet normal 0 0 1
    outer loop
      vertex 79.5334 89.2556 21.6
      vertex 79.3358 88.2219 21.6
      vertex 79.859 88.4694 21.6
    endloop
  endfacet
  facet normal -0 0 1
    outer loop
      vertex 78.9345 88.9724 21.6
      vertex 79.3358 88.2219 21.6
      vertex 79.5334 89.2556 21.6
    endloop
  endfacet
  facet normal 0 0 1
    outer loop
      vertex 78.9345 88.9724 21.6
      vertex 78.8391 87.9243 21.6
      vertex 79.3358 88.2219 21.6
    endloop
  endfacet
  facet normal -0 0 1
    outer loop
      vertex 78.3664 88.6319 21.6
      vertex 78.8391 87.9243 21.6
      vertex 78.9345 88.9724 21.6
    endloop
  endfacet
  facet normal 0 0 1
    outer loop
      vertex 78.8391 87.9243 21.6
      vertex 78.3664 88.6319 21.6
      vertex 78.3742 87.5794 21.6
    endloop
  endfacet
  facet normal -0 0 1
    outer loop
      vertex 77.8343 88.2373 21.6
      vertex 78.3742 87.5794 21.6
      vertex 78.3664 88.6319 21.6
    endloop
  endfacet
  facet normal 0 0 1
    outer loop
      vertex 78.3742 87.5794 21.6
      vertex 77.8343 88.2373 21.6
      vertex 77.9452 87.1906 21.6
    endloop
  endfacet
  facet normal -0 0 1
    outer loop
      vertex 77.3435 87.7924 21.6
      vertex 77.9452 87.1906 21.6
      vertex 77.8343 88.2373 21.6
    endloop
  endfacet
  facet normal 0 0 1
    outer loop
      vertex 77.9452 87.1906 21.6
      vertex 77.3435 87.7924 21.6
      vertex 77.5565 86.7618 21.6
    endloop
  endfacet
  facet normal -0 0 1
    outer loop
      vertex 76.8987 87.3016 21.6
      vertex 77.5565 86.7618 21.6
      vertex 77.3435 87.7924 21.6
    endloop
  endfacet
  facet normal 0 0 1
    outer loop
      vertex 77.5565 86.7618 21.6
      vertex 76.8987 87.3016 21.6
      vertex 77.2117 86.2968 21.6
    endloop
  endfacet
  facet normal -0 0 1
    outer loop
      vertex 76.504 86.7696 21.6
      vertex 77.2117 86.2968 21.6
      vertex 76.8987 87.3016 21.6
    endloop
  endfacet
  facet normal 0 0 1
    outer loop
      vertex 77.2117 86.2968 21.6
      vertex 76.504 86.7696 21.6
      vertex 76.914 85.8002 21.6
    endloop
  endfacet
  facet normal -0 0 1
    outer loop
      vertex 76.1635 86.2014 21.6
      vertex 76.914 85.8002 21.6
      vertex 76.504 86.7696 21.6
    endloop
  endfacet
  facet normal 0 0 1
    outer loop
      vertex 76.914 85.8002 21.6
      vertex 76.1635 86.2014 21.6
      vertex 76.6665 85.2769 21.6
    endloop
  endfacet
  facet normal -0 0 1
    outer loop
      vertex 75.8803 85.6026 21.6
      vertex 76.6665 85.2769 21.6
      vertex 76.1635 86.2014 21.6
    endloop
  endfacet
  facet normal 0 0 1
    outer loop
      vertex 76.6665 85.2769 21.6
      vertex 75.8803 85.6026 21.6
      vertex 76.4715 84.7319 21.6
    endloop
  endfacet
  facet normal -0 0 1
    outer loop
      vertex 75.6571 84.9789 21.6
      vertex 76.4715 84.7319 21.6
      vertex 75.8803 85.6026 21.6
    endloop
  endfacet
  facet normal 0 0 1
    outer loop
      vertex 76.4715 84.7319 21.6
      vertex 75.6571 84.9789 21.6
      vertex 76.3289 84.1627 21.6
    endloop
  endfacet
  facet normal -0 0 1
    outer loop
      vertex 75.4962 84.3363 21.6
      vertex 76.3289 84.1627 21.6
      vertex 75.6571 84.9789 21.6
    endloop
  endfacet
  facet normal -0 0 1
    outer loop
      vertex 75.4912 84.303 21.6
      vertex 76.3289 84.1627 21.6
      vertex 75.4962 84.3363 21.6
    endloop
  endfacet
  facet normal 0 0 1
    outer loop
      vertex 76.3289 84.1627 21.6
      vertex 75.4912 84.303 21.6
      vertex 76.3158 84.0965 21.6
    endloop
  endfacet
  facet normal 0 0 1
    outer loop
      vertex 76.3158 84.0965 21.6
      vertex 75.4912 84.303 21.6
      vertex 76.2915 84.0166 21.6
    endloop
  endfacet
  facet normal 0 0 1
    outer loop
      vertex 76.2915 84.0166 21.6
      vertex 75.4912 84.303 21.6
      vertex 76.2596 83.9396 21.6
    endloop
  endfacet
  facet normal 0 0 1
    outer loop
      vertex 76.2596 83.9396 21.6
      vertex 75.4912 84.303 21.6
      vertex 76.2203 83.866 21.6
    endloop
  endfacet
  facet normal 0 0 1
    outer loop
      vertex 76.2203 83.866 21.6
      vertex 75.4912 84.303 21.6
      vertex 76.174 83.7966 21.6
    endloop
  endfacet
  facet normal 0 0 1
    outer loop
      vertex 76.174 83.7966 21.6
      vertex 75.4912 84.303 21.6
      vertex 76.121 83.7322 21.6
    endloop
  endfacet
  facet normal 0 0 1
    outer loop
      vertex 76.121 83.7322 21.6
      vertex 75.4912 84.303 21.6
      vertex 76.062 83.6732 21.6
    endloop
  endfacet
  facet normal 0 0 1
    outer loop
      vertex 76.062 83.6732 21.6
      vertex 75.4912 84.303 21.6
      vertex 75.9976 83.6203 21.6
    endloop
  endfacet
  facet normal 0 0 1
    outer loop
      vertex 75.9976 83.6203 21.6
      vertex 75.4912 84.303 21.6
      vertex 75.9282 83.5739 21.6
    endloop
  endfacet
  facet normal 0 0 1
    outer loop
      vertex 75.9282 83.5739 21.6
      vertex 75.4912 84.303 21.6
      vertex 75.8546 83.5346 21.6
    endloop
  endfacet
  facet normal 0 0 1
    outer loop
      vertex 75.8546 83.5346 21.6
      vertex 75.4912 84.303 21.6
      vertex 75.7776 83.5027 21.6
    endloop
  endfacet
  facet normal 0 0 1
    outer loop
      vertex 75.7776 83.5027 21.6
      vertex 75.4912 84.303 21.6
      vertex 75.6978 83.4785 21.6
    endloop
  endfacet
  facet normal 0 0 1
    outer loop
      vertex 75.6978 83.4785 21.6
      vertex 75.4912 84.303 21.6
      vertex 75.6159 83.4622 21.6
    endloop
  endfacet
  facet normal 0 0 1
    outer loop
      vertex 75.4912 84.303 21.6
      vertex 75.4912 83.453 21.6
      vertex 75.6159 83.4622 21.6
    endloop
  endfacet
  facet normal -0 0 1
    outer loop
      vertex 31.6058 84.303 21.6
      vertex 75.4912 83.453 21.6
      vertex 75.4912 84.303 21.6
    endloop
  endfacet
  facet normal 0 0 1
    outer loop
      vertex 31.6058 84.303 21.6
      vertex 31.6058 83.453 21.6
      vertex 75.4912 83.453 21.6
    endloop
  endfacet
  facet normal 0 0 1
    outer loop
      vertex 30.7719 84.1472 21.6
      vertex 31.6058 84.303 21.6
      vertex 31.6008 84.3363 21.6
    endloop
  endfacet
  facet normal 0 0 1
    outer loop
      vertex 31.6058 84.303 21.6
      vertex 31.5224 83.4571 21.6
      vertex 31.6058 83.453 21.6
    endloop
  endfacet
  facet normal 0 0 1
    outer loop
      vertex 31.6058 84.303 21.6
      vertex 31.4399 83.4693 21.6
      vertex 31.5224 83.4571 21.6
    endloop
  endfacet
  facet normal -0 0 1
    outer loop
      vertex 30.6255 84.7319 21.6
      vertex 31.6008 84.3363 21.6
      vertex 31.4399 84.9789 21.6
    endloop
  endfacet
  facet normal 0 0 1
    outer loop
      vertex 31.6058 84.303 21.6
      vertex 31.359 83.4896 21.6
      vertex 31.4399 83.4693 21.6
    endloop
  endfacet
  facet normal 0 0 1
    outer loop
      vertex 31.6058 84.303 21.6
      vertex 31.2805 83.5177 21.6
      vertex 31.359 83.4896 21.6
    endloop
  endfacet
  facet normal 0 0 1
    outer loop
      vertex 30.6255 84.7319 21.6
      vertex 31.4399 84.9789 21.6
      vertex 31.2167 85.6026 21.6
    endloop
  endfacet
  facet normal 0 0 1
    outer loop
      vertex 31.6058 84.303 21.6
      vertex 30.7719 84.1472 21.6
      vertex 30.7924 84.0563 21.6
    endloop
  endfacet
  facet normal 0 0 1
    outer loop
      vertex 31.6058 84.303 21.6
      vertex 31.2051 83.5534 21.6
      vertex 31.2805 83.5177 21.6
    endloop
  endfacet
  facet normal 0 0 1
    outer loop
      vertex 31.6058 84.303 21.6
      vertex 31.1335 83.5962 21.6
      vertex 31.2051 83.5534 21.6
    endloop
  endfacet
  facet normal 0 0 1
    outer loop
      vertex 31.6058 84.303 21.6
      vertex 31.0665 83.6459 21.6
      vertex 31.1335 83.5962 21.6
    endloop
  endfacet
  facet normal 0 0 1
    outer loop
      vertex 31.6058 84.303 21.6
      vertex 31.0047 83.702 21.6
      vertex 31.0665 83.6459 21.6
    endloop
  endfacet
  facet normal 0 0 1
    outer loop
      vertex 30.4305 85.2769 21.6
      vertex 31.2167 85.6026 21.6
      vertex 30.9335 86.2014 21.6
    endloop
  endfacet
  facet normal 0 0 1
    outer loop
      vertex 31.6058 84.303 21.6
      vertex 30.9487 83.7638 21.6
      vertex 31.0047 83.702 21.6
    endloop
  endfacet
  facet normal 0 0 1
    outer loop
      vertex 31.6058 84.303 21.6
      vertex 30.899 83.8308 21.6
      vertex 30.9487 83.7638 21.6
    endloop
  endfacet
  facet normal 0 0 1
    outer loop
      vertex 31.6058 84.303 21.6
      vertex 30.8561 83.9023 21.6
      vertex 30.899 83.8308 21.6
    endloop
  endfacet
  facet normal 0 0 1
    outer loop
      vertex 31.6058 84.303 21.6
      vertex 30.8205 83.9777 21.6
      vertex 30.8561 83.9023 21.6
    endloop
  endfacet
  facet normal 0 0 1
    outer loop
      vertex 31.6058 84.303 21.6
      vertex 30.7924 84.0563 21.6
      vertex 30.8205 83.9777 21.6
    endloop
  endfacet
  facet normal 0 0 1
    outer loop
      vertex 31.6008 84.3363 21.6
      vertex 30.6255 84.7319 21.6
      vertex 30.7719 84.1472 21.6
    endloop
  endfacet
  facet normal 0 0 1
    outer loop
      vertex 30.183 85.8002 21.6
      vertex 30.9335 86.2014 21.6
      vertex 30.5929 86.7696 21.6
    endloop
  endfacet
  facet normal 0 0 1
    outer loop
      vertex 31.2167 85.6026 21.6
      vertex 30.4305 85.2769 21.6
      vertex 30.6255 84.7319 21.6
    endloop
  endfacet
  facet normal 0 0 1
    outer loop
      vertex 29.8853 86.2968 21.6
      vertex 30.5929 86.7696 21.6
      vertex 30.1983 87.3016 21.6
    endloop
  endfacet
  facet normal 0 0 1
    outer loop
      vertex 30.9335 86.2014 21.6
      vertex 30.183 85.8002 21.6
      vertex 30.4305 85.2769 21.6
    endloop
  endfacet
  facet normal 0 0 1
    outer loop
      vertex 30.5929 86.7696 21.6
      vertex 29.8853 86.2968 21.6
      vertex 30.183 85.8002 21.6
    endloop
  endfacet
  facet normal 0 0 1
    outer loop
      vertex 29.5404 86.7618 21.6
      vertex 30.1983 87.3016 21.6
      vertex 29.7535 87.7924 21.6
    endloop
  endfacet
  facet normal 0 0 1
    outer loop
      vertex 30.1983 87.3016 21.6
      vertex 29.5404 86.7618 21.6
      vertex 29.8853 86.2968 21.6
    endloop
  endfacet
  facet normal 0 0 1
    outer loop
      vertex 29.1518 87.1906 21.6
      vertex 29.7535 87.7924 21.6
      vertex 29.2627 88.2373 21.6
    endloop
  endfacet
  facet normal 0 0 1
    outer loop
      vertex 29.7535 87.7924 21.6
      vertex 29.1518 87.1906 21.6
      vertex 29.5404 86.7618 21.6
    endloop
  endfacet
  facet normal 0 0 1
    outer loop
      vertex 28.7228 87.5794 21.6
      vertex 29.2627 88.2373 21.6
      vertex 28.7306 88.6319 21.6
    endloop
  endfacet
  facet normal 0 0 1
    outer loop
      vertex 29.2627 88.2373 21.6
      vertex 28.7228 87.5794 21.6
      vertex 29.1518 87.1906 21.6
    endloop
  endfacet
  facet normal 0 0 1
    outer loop
      vertex 28.7306 88.6319 21.6
      vertex 28.2578 87.9243 21.6
      vertex 28.7228 87.5794 21.6
    endloop
  endfacet
  facet normal 0 0 1
    outer loop
      vertex 28.1624 88.9724 21.6
      vertex 28.2578 87.9243 21.6
      vertex 28.7306 88.6319 21.6
    endloop
  endfacet
  facet normal 0 0 1
    outer loop
      vertex 28.1624 88.9724 21.6
      vertex 27.7612 88.2219 21.6
      vertex 28.2578 87.9243 21.6
    endloop
  endfacet
  facet normal 0 0 1
    outer loop
      vertex 27.5636 89.2556 21.6
      vertex 27.7612 88.2219 21.6
      vertex 28.1624 88.9724 21.6
    endloop
  endfacet
  facet normal 0 0 1
    outer loop
      vertex 27.5636 89.2556 21.6
      vertex 27.238 88.4694 21.6
      vertex 27.7612 88.2219 21.6
    endloop
  endfacet
  facet normal 0 0 1
    outer loop
      vertex 26.9399 89.4788 21.6
      vertex 27.238 88.4694 21.6
      vertex 27.5636 89.2556 21.6
    endloop
  endfacet
  facet normal 0 0 1
    outer loop
      vertex 26.9399 89.4788 21.6
      vertex 26.6928 88.6645 21.6
      vertex 27.238 88.4694 21.6
    endloop
  endfacet
  facet normal 0 0 1
    outer loop
      vertex 26.2974 89.6398 21.6
      vertex 26.6928 88.6645 21.6
      vertex 26.9399 89.4788 21.6
    endloop
  endfacet
  facet normal 0 0 1
    outer loop
      vertex 26.2974 89.6398 21.6
      vertex 26.1315 88.8051 21.6
      vertex 26.6928 88.6645 21.6
    endloop
  endfacet
  facet normal 0 0 1
    outer loop
      vertex 25.6421 89.737 21.6
      vertex 26.1315 88.8051 21.6
      vertex 26.2974 89.6398 21.6
    endloop
  endfacet
  facet normal 0 0 1
    outer loop
      vertex 25.6421 89.737 21.6
      vertex 25.5587 88.89 21.6
      vertex 26.1315 88.8051 21.6
    endloop
  endfacet
  facet normal 0 0 1
    outer loop
      vertex 24.9805 89.7695 21.6
      vertex 25.5587 88.89 21.6
      vertex 25.6421 89.737 21.6
    endloop
  endfacet
  facet normal 0 0 1
    outer loop
      vertex 24.9805 89.7695 21.6
      vertex 24.9805 88.9184 21.6
      vertex 25.5587 88.89 21.6
    endloop
  endfacet
  facet normal 0 0 1
    outer loop
      vertex 24.9805 89.7695 21.6
      vertex 24.4023 88.89 21.6
      vertex 24.9805 88.9184 21.6
    endloop
  endfacet
  facet normal -0 0 1
    outer loop
      vertex 24.3189 89.737 21.6
      vertex 24.4023 88.89 21.6
      vertex 24.9805 89.7695 21.6
    endloop
  endfacet
  facet normal 0 0 1
    outer loop
      vertex 24.3189 89.737 21.6
      vertex 23.8296 88.8051 21.6
      vertex 24.4023 88.89 21.6
    endloop
  endfacet
  facet normal -0 0 1
    outer loop
      vertex 23.6637 89.6398 21.6
      vertex 23.8296 88.8051 21.6
      vertex 24.3189 89.737 21.6
    endloop
  endfacet
  facet normal 0 0 1
    outer loop
      vertex 23.6637 89.6398 21.6
      vertex 23.2682 88.6644 21.6
      vertex 23.8296 88.8051 21.6
    endloop
  endfacet
  facet normal -0 0 1
    outer loop
      vertex 23.0211 89.4788 21.6
      vertex 23.2682 88.6644 21.6
      vertex 23.6637 89.6398 21.6
    endloop
  endfacet
  facet normal 0 0 1
    outer loop
      vertex 23.0211 89.4788 21.6
      vertex 22.7231 88.4694 21.6
      vertex 23.2682 88.6644 21.6
    endloop
  endfacet
  facet normal -0 0 1
    outer loop
      vertex 22.3974 89.2556 21.6
      vertex 22.7231 88.4694 21.6
      vertex 23.0211 89.4788 21.6
    endloop
  endfacet
  facet normal 0 0 1
    outer loop
      vertex 22.3974 89.2556 21.6
      vertex 22.1998 88.2219 21.6
      vertex 22.7231 88.4694 21.6
    endloop
  endfacet
  facet normal -0 0 1
    outer loop
      vertex 21.7986 88.9724 21.6
      vertex 22.1998 88.2219 21.6
      vertex 22.3974 89.2556 21.6
    endloop
  endfacet
  facet normal 0 0 1
    outer loop
      vertex 21.7986 88.9724 21.6
      vertex 21.7032 87.9243 21.6
      vertex 22.1998 88.2219 21.6
    endloop
  endfacet
  facet normal -0 0 1
    outer loop
      vertex 21.2304 88.6319 21.6
      vertex 21.7032 87.9243 21.6
      vertex 21.7986 88.9724 21.6
    endloop
  endfacet
  facet normal 0 0 1
    outer loop
      vertex 21.7032 87.9243 21.6
      vertex 21.2304 88.6319 21.6
      vertex 21.2383 87.5794 21.6
    endloop
  endfacet
  facet normal -0 0 1
    outer loop
      vertex 20.6984 88.2373 21.6
      vertex 21.2383 87.5794 21.6
      vertex 21.2304 88.6319 21.6
    endloop
  endfacet
  facet normal 0 0 1
    outer loop
      vertex 21.2383 87.5794 21.6
      vertex 20.6984 88.2373 21.6
      vertex 20.8093 87.1907 21.6
    endloop
  endfacet
  facet normal -0 0 1
    outer loop
      vertex 20.2076 87.7924 21.6
      vertex 20.8093 87.1907 21.6
      vertex 20.6984 88.2373 21.6
    endloop
  endfacet
  facet normal 0 0 1
    outer loop
      vertex 20.8093 87.1907 21.6
      vertex 20.2076 87.7924 21.6
      vertex 20.4205 86.7617 21.6
    endloop
  endfacet
  facet normal -0 0 1
    outer loop
      vertex 19.7627 87.3016 21.6
      vertex 20.4205 86.7617 21.6
      vertex 20.2076 87.7924 21.6
    endloop
  endfacet
  facet normal 0 0 1
    outer loop
      vertex 20.4205 86.7617 21.6
      vertex 19.7627 87.3016 21.6
      vertex 20.0757 86.2967 21.6
    endloop
  endfacet
  facet normal -0 0 1
    outer loop
      vertex 19.3681 86.7696 21.6
      vertex 20.0757 86.2967 21.6
      vertex 19.7627 87.3016 21.6
    endloop
  endfacet
  facet normal 0 0 1
    outer loop
      vertex 20.0757 86.2967 21.6
      vertex 19.3681 86.7696 21.6
      vertex 19.7781 85.8002 21.6
    endloop
  endfacet
  facet normal -0 0 1
    outer loop
      vertex 19.0276 86.2014 21.6
      vertex 19.7781 85.8002 21.6
      vertex 19.3681 86.7696 21.6
    endloop
  endfacet
  facet normal 0 0 1
    outer loop
      vertex 19.7781 85.8002 21.6
      vertex 19.0276 86.2014 21.6
      vertex 19.5306 85.2769 21.6
    endloop
  endfacet
  facet normal -0 0 1
    outer loop
      vertex 18.7443 85.6026 21.6
      vertex 19.5306 85.2769 21.6
      vertex 19.0276 86.2014 21.6
    endloop
  endfacet
  facet normal 0 0 1
    outer loop
      vertex 19.5306 85.2769 21.6
      vertex 18.7443 85.6026 21.6
      vertex 19.3355 84.7318 21.6
    endloop
  endfacet
  facet normal 0 0 1
    outer loop
      vertex 19.3355 84.7318 21.6
      vertex 18.5212 84.9789 21.6
      vertex 19.1949 84.1704 21.6
    endloop
  endfacet
  facet normal -0 0 1
    outer loop
      vertex 18.5212 84.9789 21.6
      vertex 19.3355 84.7318 21.6
      vertex 18.7443 85.6026 21.6
    endloop
  endfacet
  facet normal -0 0 1
    outer loop
      vertex 87.7615 81.3072 21.6
      vertex 88.5758 81.06 21.6
      vertex 87.9021 81.8685 21.6
    endloop
  endfacet
  facet normal 0 0 1
    outer loop
      vertex 88.5758 81.06 21.6
      vertex 87.7615 81.3072 21.6
      vertex 88.3526 80.4364 21.6
    endloop
  endfacet
  facet normal -0 0 1
    outer loop
      vertex 87.5664 80.762 21.6
      vertex 88.3526 80.4364 21.6
      vertex 87.7615 81.3072 21.6
    endloop
  endfacet
  facet normal 0 0 1
    outer loop
      vertex 88.3526 80.4364 21.6
      vertex 87.5664 80.762 21.6
      vertex 88.0694 79.8375 21.6
    endloop
  endfacet
  facet normal -0 0 1
    outer loop
      vertex 87.3189 80.2388 21.6
      vertex 88.0694 79.8375 21.6
      vertex 87.5664 80.762 21.6
    endloop
  endfacet
  facet normal 0 0 1
    outer loop
      vertex 88.0694 79.8375 21.6
      vertex 87.3189 80.2388 21.6
      vertex 87.7289 79.2694 21.6
    endloop
  endfacet
  facet normal -0 0 1
    outer loop
      vertex 87.0213 79.7421 21.6
      vertex 87.7289 79.2694 21.6
      vertex 87.3189 80.2388 21.6
    endloop
  endfacet
  facet normal 0 0 1
    outer loop
      vertex 87.7289 79.2694 21.6
      vertex 87.0213 79.7421 21.6
      vertex 87.3343 78.7373 21.6
    endloop
  endfacet
  facet normal -0 0 1
    outer loop
      vertex 86.6764 79.2772 21.6
      vertex 87.3343 78.7373 21.6
      vertex 87.0213 79.7421 21.6
    endloop
  endfacet
  facet normal 0 0 1
    outer loop
      vertex 87.3343 78.7373 21.6
      vertex 86.6764 79.2772 21.6
      vertex 86.8894 78.2465 21.6
    endloop
  endfacet
  facet normal -0 0 1
    outer loop
      vertex 86.2876 78.8482 21.6
      vertex 86.8894 78.2465 21.6
      vertex 86.6764 79.2772 21.6
    endloop
  endfacet
  facet normal 0 0 1
    outer loop
      vertex 86.8894 78.2465 21.6
      vertex 86.2876 78.8482 21.6
      vertex 86.3986 77.8017 21.6
    endloop
  endfacet
  facet normal -0 0 1
    outer loop
      vertex 85.8588 78.4595 21.6
      vertex 86.3986 77.8017 21.6
      vertex 86.2876 78.8482 21.6
    endloop
  endfacet
  facet normal 0 0 1
    outer loop
      vertex 86.3986 77.8017 21.6
      vertex 85.8588 78.4595 21.6
      vertex 85.8666 77.407 21.6
    endloop
  endfacet
  facet normal -0 0 1
    outer loop
      vertex 85.3938 78.1147 21.6
      vertex 85.8666 77.407 21.6
      vertex 85.8588 78.4595 21.6
    endloop
  endfacet
  facet normal 0 0 1
    outer loop
      vertex 85.3938 78.1147 21.6
      vertex 85.2984 77.0665 21.6
      vertex 85.8666 77.407 21.6
    endloop
  endfacet
  facet normal -0 0 1
    outer loop
      vertex 84.8972 77.817 21.6
      vertex 85.2984 77.0665 21.6
      vertex 85.3938 78.1147 21.6
    endloop
  endfacet
  facet normal 0 0 1
    outer loop
      vertex 84.8972 77.817 21.6
      vertex 84.6996 76.7833 21.6
      vertex 85.2984 77.0665 21.6
    endloop
  endfacet
  facet normal -0 0 1
    outer loop
      vertex 84.3739 77.5695 21.6
      vertex 84.6996 76.7833 21.6
      vertex 84.8972 77.817 21.6
    endloop
  endfacet
  facet normal 0 0 1
    outer loop
      vertex 84.3739 77.5695 21.6
      vertex 84.0759 76.5601 21.6
      vertex 84.6996 76.7833 21.6
    endloop
  endfacet
  facet normal -0 0 1
    outer loop
      vertex 83.8289 77.3745 21.6
      vertex 84.0759 76.5601 21.6
      vertex 84.3739 77.5695 21.6
    endloop
  endfacet
  facet normal 0 0 1
    outer loop
      vertex 83.8289 77.3745 21.6
      vertex 83.4333 76.3992 21.6
      vertex 84.0759 76.5601 21.6
    endloop
  endfacet
  facet normal -0 0 1
    outer loop
      vertex 83.2442 77.2281 21.6
      vertex 83.4333 76.3992 21.6
      vertex 83.8289 77.3745 21.6
    endloop
  endfacet
  facet normal 0 0 1
    outer loop
      vertex 82.55 32.6058 21.6
      vertex 83.4 32.6058 21.6
      vertex 83.4 76.3942 21.6
    endloop
  endfacet
  facet normal 0 0 1
    outer loop
      vertex 83.4333 76.3992 21.6
      vertex 83.2442 77.2281 21.6
      vertex 83.4 76.3942 21.6
    endloop
  endfacet
  facet normal -0 0 1
    outer loop
      vertex 83.1533 77.2076 21.6
      vertex 83.4 76.3942 21.6
      vertex 83.2442 77.2281 21.6
    endloop
  endfacet
  facet normal 0 -0 1
    outer loop
      vertex 82.5592 32.481 21.6
      vertex 83.4 32.6058 21.6
      vertex 82.55 32.6058 21.6
    endloop
  endfacet
  facet normal 0 0 1
    outer loop
      vertex 83.4 76.3942 21.6
      vertex 83.1533 77.2076 21.6
      vertex 83.0747 77.1795 21.6
    endloop
  endfacet
  facet normal 0 0 1
    outer loop
      vertex 83.4 76.3942 21.6
      vertex 82.55 76.3942 21.6
      vertex 82.55 32.6058 21.6
    endloop
  endfacet
  facet normal -0 0 1
    outer loop
      vertex 82.9993 77.1439 21.6
      vertex 83.4 76.3942 21.6
      vertex 83.0747 77.1795 21.6
    endloop
  endfacet
  facet normal 0 0 1
    outer loop
      vertex 83.4 32.6058 21.6
      vertex 83.1935 31.7812 21.6
      vertex 83.2597 31.7681 21.6
    endloop
  endfacet
  facet normal -0 0 1
    outer loop
      vertex 82.9278 77.101 21.6
      vertex 83.4 76.3942 21.6
      vertex 82.9993 77.1439 21.6
    endloop
  endfacet
  facet normal 0 0 1
    outer loop
      vertex 83.4 32.6058 21.6
      vertex 83.1136 31.8055 21.6
      vertex 83.1935 31.7812 21.6
    endloop
  endfacet
  facet normal -0 0 1
    outer loop
      vertex 82.8608 77.0513 21.6
      vertex 83.4 76.3942 21.6
      vertex 82.9278 77.101 21.6
    endloop
  endfacet
  facet normal 0 0 1
    outer loop
      vertex 83.4 32.6058 21.6
      vertex 83.0366 31.8374 21.6
      vertex 83.1136 31.8055 21.6
    endloop
  endfacet
  facet normal -0 0 1
    outer loop
      vertex 82.799 76.9953 21.6
      vertex 83.4 76.3942 21.6
      vertex 82.8608 77.0513 21.6
    endloop
  endfacet
  facet normal 0 0 1
    outer loop
      vertex 83.4 32.6058 21.6
      vertex 82.963 31.8767 21.6
      vertex 83.0366 31.8374 21.6
    endloop
  endfacet
  facet normal -0 0 1
    outer loop
      vertex 82.7429 76.9335 21.6
      vertex 83.4 76.3942 21.6
      vertex 82.799 76.9953 21.6
    endloop
  endfacet
  facet normal 0 0 1
    outer loop
      vertex 83.4 32.6058 21.6
      vertex 82.8936 31.923 21.6
      vertex 82.963 31.8767 21.6
    endloop
  endfacet
  facet normal -0 0 1
    outer loop
      vertex 82.6932 76.8665 21.6
      vertex 83.4 76.3942 21.6
      vertex 82.7429 76.9335 21.6
    endloop
  endfacet
  facet normal 0 0 1
    outer loop
      vertex 83.4 32.6058 21.6
      vertex 82.8292 31.976 21.6
      vertex 82.8936 31.923 21.6
    endloop
  endfacet
  facet normal -0 0 1
    outer loop
      vertex 82.6504 76.7949 21.6
      vertex 83.4 76.3942 21.6
      vertex 82.6932 76.8665 21.6
    endloop
  endfacet
  facet normal 0 0 1
    outer loop
      vertex 83.4 32.6058 21.6
      vertex 82.7702 32.0349 21.6
      vertex 82.8292 31.976 21.6
    endloop
  endfacet
  facet normal -0 0 1
    outer loop
      vertex 82.6147 76.7195 21.6
      vertex 83.4 76.3942 21.6
      vertex 82.6504 76.7949 21.6
    endloop
  endfacet
  facet normal 0 0 1
    outer loop
      vertex 83.4 32.6058 21.6
      vertex 82.7173 32.0994 21.6
      vertex 82.7702 32.0349 21.6
    endloop
  endfacet
  facet normal -0 0 1
    outer loop
      vertex 82.5866 76.641 21.6
      vertex 83.4 76.3942 21.6
      vertex 82.6147 76.7195 21.6
    endloop
  endfacet
  facet normal 0 0 1
    outer loop
      vertex 83.4 32.6058 21.6
      vertex 82.6709 32.1688 21.6
      vertex 82.7173 32.0994 21.6
    endloop
  endfacet
  facet normal -0 0 1
    outer loop
      vertex 82.5663 76.5601 21.6
      vertex 83.4 76.3942 21.6
      vertex 82.5866 76.641 21.6
    endloop
  endfacet
  facet normal 0 0 1
    outer loop
      vertex 83.4 32.6058 21.6
      vertex 82.6316 32.2424 21.6
      vertex 82.6709 32.1688 21.6
    endloop
  endfacet
  facet normal -0 0 1
    outer loop
      vertex 82.5541 76.4775 21.6
      vertex 83.4 76.3942 21.6
      vertex 82.5663 76.5601 21.6
    endloop
  endfacet
  facet normal 0 0 1
    outer loop
      vertex 83.4 32.6058 21.6
      vertex 82.5997 32.3194 21.6
      vertex 82.6316 32.2424 21.6
    endloop
  endfacet
  facet normal 0 0 1
    outer loop
      vertex 83.4 76.3942 21.6
      vertex 82.5541 76.4775 21.6
      vertex 82.55 76.3942 21.6
    endloop
  endfacet
  facet normal 0 0 1
    outer loop
      vertex 83.4 32.6058 21.6
      vertex 82.5755 32.3992 21.6
      vertex 82.5997 32.3194 21.6
    endloop
  endfacet
  facet normal 0 0 1
    outer loop
      vertex 83.4 32.6058 21.6
      vertex 82.5592 32.481 21.6
      vertex 82.5755 32.3992 21.6
    endloop
  endfacet
  facet normal 0 0 1
    outer loop
      vertex 88.0154 25.9805 21.6
      vertex 88.8665 25.9805 21.6
      vertex 88.834 26.6421 21.6
    endloop
  endfacet
  facet normal 0 0 1
    outer loop
      vertex 87.987 26.5587 21.6
      vertex 88.834 26.6421 21.6
      vertex 88.7368 27.2974 21.6
    endloop
  endfacet
  facet normal 0 0 1
    outer loop
      vertex 88.8665 25.9805 21.6
      vertex 88.0154 25.9805 21.6
      vertex 88.834 25.3189 21.6
    endloop
  endfacet
  facet normal 0 0 1
    outer loop
      vertex 87.9021 27.1315 21.6
      vertex 88.7368 27.2974 21.6
      vertex 88.5758 27.9399 21.6
    endloop
  endfacet
  facet normal -0 0 1
    outer loop
      vertex 87.987 25.4023 21.6
      vertex 88.834 25.3189 21.6
      vertex 88.0154 25.9805 21.6
    endloop
  endfacet
  facet normal 0 0 1
    outer loop
      vertex 87.7615 27.6928 21.6
      vertex 88.5758 27.9399 21.6
      vertex 88.3526 28.5636 21.6
    endloop
  endfacet
  facet normal 0 0 1
    outer loop
      vertex 88.834 25.3189 21.6
      vertex 87.987 25.4023 21.6
      vertex 88.7368 24.6637 21.6
    endloop
  endfacet
  facet normal 0 0 1
    outer loop
      vertex 87.5664 28.238 21.6
      vertex 88.3526 28.5636 21.6
      vertex 88.0694 29.1624 21.6
    endloop
  endfacet
  facet normal -0 0 1
    outer loop
      vertex 87.9021 24.8296 21.6
      vertex 88.7368 24.6637 21.6
      vertex 87.987 25.4023 21.6
    endloop
  endfacet
  facet normal 0 0 1
    outer loop
      vertex 88.7368 24.6637 21.6
      vertex 87.9021 24.8296 21.6
      vertex 88.5758 24.0211 21.6
    endloop
  endfacet
  facet normal 0 0 1
    outer loop
      vertex 88.834 26.6421 21.6
      vertex 87.987 26.5587 21.6
      vertex 88.0154 25.9805 21.6
    endloop
  endfacet
  facet normal 0 0 1
    outer loop
      vertex 88.7368 27.2974 21.6
      vertex 87.9021 27.1315 21.6
      vertex 87.987 26.5587 21.6
    endloop
  endfacet
  facet normal 0 0 1
    outer loop
      vertex 88.5758 27.9399 21.6
      vertex 87.7615 27.6928 21.6
      vertex 87.9021 27.1315 21.6
    endloop
  endfacet
  facet normal 0 0 1
    outer loop
      vertex 87.3189 28.7612 21.6
      vertex 88.0694 29.1624 21.6
      vertex 87.7289 29.7306 21.6
    endloop
  endfacet
  facet normal 0 0 1
    outer loop
      vertex 88.3526 28.5636 21.6
      vertex 87.5664 28.238 21.6
      vertex 87.7615 27.6928 21.6
    endloop
  endfacet
  facet normal 0 0 1
    outer loop
      vertex 87.0213 29.2578 21.6
      vertex 87.7289 29.7306 21.6
      vertex 87.3343 30.2627 21.6
    endloop
  endfacet
  facet normal 0 0 1
    outer loop
      vertex 88.0694 29.1624 21.6
      vertex 87.3189 28.7612 21.6
      vertex 87.5664 28.238 21.6
    endloop
  endfacet
  facet normal 0 0 1
    outer loop
      vertex 87.7289 29.7306 21.6
      vertex 87.0213 29.2578 21.6
      vertex 87.3189 28.7612 21.6
    endloop
  endfacet
  facet normal 0 0 1
    outer loop
      vertex 86.6764 29.7228 21.6
      vertex 87.3343 30.2627 21.6
      vertex 86.8894 30.7535 21.6
    endloop
  endfacet
  facet normal 0 0 1
    outer loop
      vertex 87.3343 30.2627 21.6
      vertex 86.6764 29.7228 21.6
      vertex 87.0213 29.2578 21.6
    endloop
  endfacet
  facet normal 0 0 1
    outer loop
      vertex 86.2876 30.1518 21.6
      vertex 86.8894 30.7535 21.6
      vertex 86.3986 31.1983 21.6
    endloop
  endfacet
  facet normal 0 0 1
    outer loop
      vertex 86.8894 30.7535 21.6
      vertex 86.2876 30.1518 21.6
      vertex 86.6764 29.7228 21.6
    endloop
  endfacet
  facet normal 0 0 1
    outer loop
      vertex 85.8588 30.5404 21.6
      vertex 86.3986 31.1983 21.6
      vertex 85.8666 31.5929 21.6
    endloop
  endfacet
  facet normal 0 0 1
    outer loop
      vertex 86.3986 31.1983 21.6
      vertex 85.8588 30.5404 21.6
      vertex 86.2876 30.1518 21.6
    endloop
  endfacet
  facet normal 0 0 1
    outer loop
      vertex 85.8666 31.5929 21.6
      vertex 85.3938 30.8853 21.6
      vertex 85.8588 30.5404 21.6
    endloop
  endfacet
  facet normal 0 0 1
    outer loop
      vertex 85.2984 31.9335 21.6
      vertex 85.3938 30.8853 21.6
      vertex 85.8666 31.5929 21.6
    endloop
  endfacet
  facet normal 0 0 1
    outer loop
      vertex 85.2984 31.9335 21.6
      vertex 84.8972 31.183 21.6
      vertex 85.3938 30.8853 21.6
    endloop
  endfacet
  facet normal 0 0 1
    outer loop
      vertex 84.6996 32.2167 21.6
      vertex 84.8972 31.183 21.6
      vertex 85.2984 31.9335 21.6
    endloop
  endfacet
  facet normal 0 0 1
    outer loop
      vertex 84.6996 32.2167 21.6
      vertex 84.3739 31.4305 21.6
      vertex 84.8972 31.183 21.6
    endloop
  endfacet
  facet normal 0 0 1
    outer loop
      vertex 84.0759 32.4399 21.6
      vertex 84.3739 31.4305 21.6
      vertex 84.6996 32.2167 21.6
    endloop
  endfacet
  facet normal 0 0 1
    outer loop
      vertex 84.0759 32.4399 21.6
      vertex 83.8289 31.6255 21.6
      vertex 84.3739 31.4305 21.6
    endloop
  endfacet
  facet normal 0 0 1
    outer loop
      vertex 83.4333 32.6008 21.6
      vertex 83.8289 31.6255 21.6
      vertex 84.0759 32.4399 21.6
    endloop
  endfacet
  facet normal 0 0 1
    outer loop
      vertex 83.2597 31.7681 21.6
      vertex 83.4333 32.6008 21.6
      vertex 83.4 32.6058 21.6
    endloop
  endfacet
  facet normal 0 0 1
    outer loop
      vertex 83.4333 32.6008 21.6
      vertex 83.2597 31.7681 21.6
      vertex 83.8289 31.6255 21.6
    endloop
  endfacet
  facet normal -0 0 1
    outer loop
      vertex 87.7614 24.2682 21.6
      vertex 88.5758 24.0211 21.6
      vertex 87.9021 24.8296 21.6
    endloop
  endfacet
  facet normal 0 0 1
    outer loop
      vertex 88.5758 24.0211 21.6
      vertex 87.7614 24.2682 21.6
      vertex 88.3526 23.3974 21.6
    endloop
  endfacet
  facet normal -0 0 1
    outer loop
      vertex 87.5664 23.7231 21.6
      vertex 88.3526 23.3974 21.6
      vertex 87.7614 24.2682 21.6
    endloop
  endfacet
  facet normal 0 0 1
    outer loop
      vertex 88.3526 23.3974 21.6
      vertex 87.5664 23.7231 21.6
      vertex 88.0694 22.7986 21.6
    endloop
  endfacet
  facet normal -0 0 1
    outer loop
      vertex 87.3189 23.1998 21.6
      vertex 88.0694 22.7986 21.6
      vertex 87.5664 23.7231 21.6
    endloop
  endfacet
  facet normal 0 0 1
    outer loop
      vertex 88.0694 22.7986 21.6
      vertex 87.3189 23.1998 21.6
      vertex 87.7289 22.2304 21.6
    endloop
  endfacet
  facet normal -0 0 1
    outer loop
      vertex 87.0213 22.7032 21.6
      vertex 87.7289 22.2304 21.6
      vertex 87.3189 23.1998 21.6
    endloop
  endfacet
  facet normal 0 0 1
    outer loop
      vertex 87.7289 22.2304 21.6
      vertex 87.0213 22.7032 21.6
      vertex 87.3343 21.6984 21.6
    endloop
  endfacet
  facet normal -0 0 1
    outer loop
      vertex 86.6764 22.2383 21.6
      vertex 87.3343 21.6984 21.6
      vertex 87.0213 22.7032 21.6
    endloop
  endfacet
  facet normal 0 0 1
    outer loop
      vertex 87.3343 21.6984 21.6
      vertex 86.6764 22.2383 21.6
      vertex 86.8894 21.2076 21.6
    endloop
  endfacet
  facet normal -0 0 1
    outer loop
      vertex 86.2877 21.8093 21.6
      vertex 86.8894 21.2076 21.6
      vertex 86.6764 22.2383 21.6
    endloop
  endfacet
  facet normal 0 0 1
    outer loop
      vertex 86.8894 21.2076 21.6
      vertex 86.2877 21.8093 21.6
      vertex 86.3986 20.7627 21.6
    endloop
  endfacet
  facet normal -0 0 1
    outer loop
      vertex 85.8587 21.4205 21.6
      vertex 86.3986 20.7627 21.6
      vertex 86.2877 21.8093 21.6
    endloop
  endfacet
  facet normal 0 0 1
    outer loop
      vertex 86.3986 20.7627 21.6
      vertex 85.8587 21.4205 21.6
      vertex 85.8666 20.3681 21.6
    endloop
  endfacet
  facet normal -0 0 1
    outer loop
      vertex 85.3937 21.0757 21.6
      vertex 85.8666 20.3681 21.6
      vertex 85.8587 21.4205 21.6
    endloop
  endfacet
  facet normal 0 0 1
    outer loop
      vertex 85.3937 21.0757 21.6
      vertex 85.2984 20.0276 21.6
      vertex 85.8666 20.3681 21.6
    endloop
  endfacet
  facet normal -0 0 1
    outer loop
      vertex 84.8972 20.7781 21.6
      vertex 85.2984 20.0276 21.6
      vertex 85.3937 21.0757 21.6
    endloop
  endfacet
  facet normal 0 0 1
    outer loop
      vertex 84.8972 20.7781 21.6
      vertex 84.6996 19.7443 21.6
      vertex 85.2984 20.0276 21.6
    endloop
  endfacet
  facet normal -0 0 1
    outer loop
      vertex 84.3739 20.5306 21.6
      vertex 84.6996 19.7443 21.6
      vertex 84.8972 20.7781 21.6
    endloop
  endfacet
  facet normal 0 0 1
    outer loop
      vertex 84.3739 20.5306 21.6
      vertex 84.0759 19.5212 21.6
      vertex 84.6996 19.7443 21.6
    endloop
  endfacet
  facet normal -0 0 1
    outer loop
      vertex 83.8288 20.3355 21.6
      vertex 84.0759 19.5212 21.6
      vertex 84.3739 20.5306 21.6
    endloop
  endfacet
  facet normal 0 0 1
    outer loop
      vertex 83.8288 20.3355 21.6
      vertex 83.4333 19.3602 21.6
      vertex 84.0759 19.5212 21.6
    endloop
  endfacet
  facet normal -0 0 1
    outer loop
      vertex 83.2674 20.1949 21.6
      vertex 83.4333 19.3602 21.6
      vertex 83.8288 20.3355 21.6
    endloop
  endfacet
  facet normal 0 0 1
    outer loop
      vertex 83.2674 20.1949 21.6
      vertex 82.7781 19.263 21.6
      vertex 83.4333 19.3602 21.6
    endloop
  endfacet
  facet normal -0 0 1
    outer loop
      vertex 82.6947 20.11 21.6
      vertex 82.7781 19.263 21.6
      vertex 83.2674 20.1949 21.6
    endloop
  endfacet
  facet normal -0 0 1
    outer loop
      vertex 82.1165 20.0815 21.6
      vertex 82.7781 19.263 21.6
      vertex 82.6947 20.11 21.6
    endloop
  endfacet
  facet normal 0 0 1
    outer loop
      vertex 82.1165 20.0815 21.6
      vertex 82.1165 19.2305 21.6
      vertex 82.7781 19.263 21.6
    endloop
  endfacet
  facet normal 0 0 1
    outer loop
      vertex 81.5383 20.11 21.6
      vertex 82.1165 19.2305 21.6
      vertex 82.1165 20.0815 21.6
    endloop
  endfacet
  facet normal 0 0 1
    outer loop
      vertex 81.5383 20.11 21.6
      vertex 81.4548 19.263 21.6
      vertex 82.1165 19.2305 21.6
    endloop
  endfacet
  facet normal 0 0 1
    outer loop
      vertex 80.9655 20.1949 21.6
      vertex 81.4548 19.263 21.6
      vertex 81.5383 20.11 21.6
    endloop
  endfacet
  facet normal 0 0 1
    outer loop
      vertex 80.9655 20.1949 21.6
      vertex 80.7996 19.3602 21.6
      vertex 81.4548 19.263 21.6
    endloop
  endfacet
  facet normal 0 0 1
    outer loop
      vertex 80.4042 20.3355 21.6
      vertex 80.7996 19.3602 21.6
      vertex 80.9655 20.1949 21.6
    endloop
  endfacet
  facet normal 0 0 1
    outer loop
      vertex 80.4042 20.3355 21.6
      vertex 80.157 19.5212 21.6
      vertex 80.7996 19.3602 21.6
    endloop
  endfacet
  facet normal 0 0 1
    outer loop
      vertex 79.859 20.5306 21.6
      vertex 80.157 19.5212 21.6
      vertex 80.4042 20.3355 21.6
    endloop
  endfacet
  facet normal 0 0 1
    outer loop
      vertex 79.859 20.5306 21.6
      vertex 79.5334 19.7443 21.6
      vertex 80.157 19.5212 21.6
    endloop
  endfacet
  facet normal 0 0 1
    outer loop
      vertex 79.3358 20.778 21.6
      vertex 79.5334 19.7443 21.6
      vertex 79.859 20.5306 21.6
    endloop
  endfacet
  facet normal 0 0 1
    outer loop
      vertex 79.3358 20.778 21.6
      vertex 78.9345 20.0276 21.6
      vertex 79.5334 19.7443 21.6
    endloop
  endfacet
  facet normal 0 0 1
    outer loop
      vertex 78.8391 21.0757 21.6
      vertex 78.9345 20.0276 21.6
      vertex 79.3358 20.778 21.6
    endloop
  endfacet
  facet normal 0 0 1
    outer loop
      vertex 78.3664 20.3681 21.6
      vertex 78.8391 21.0757 21.6
      vertex 78.3742 21.4205 21.6
    endloop
  endfacet
  facet normal 0 0 1
    outer loop
      vertex 78.8391 21.0757 21.6
      vertex 78.3664 20.3681 21.6
      vertex 78.9345 20.0276 21.6
    endloop
  endfacet
  facet normal 0 0 1
    outer loop
      vertex 77.8343 20.7627 21.6
      vertex 78.3742 21.4205 21.6
      vertex 77.9452 21.8094 21.6
    endloop
  endfacet
  facet normal 0 0 1
    outer loop
      vertex 78.3742 21.4205 21.6
      vertex 77.8343 20.7627 21.6
      vertex 78.3664 20.3681 21.6
    endloop
  endfacet
  facet normal 0 0 1
    outer loop
      vertex 77.3435 21.2076 21.6
      vertex 77.9452 21.8094 21.6
      vertex 77.5565 22.2382 21.6
    endloop
  endfacet
  facet normal 0 0 1
    outer loop
      vertex 77.9452 21.8094 21.6
      vertex 77.3435 21.2076 21.6
      vertex 77.8343 20.7627 21.6
    endloop
  endfacet
  facet normal 0 0 1
    outer loop
      vertex 76.8987 21.6984 21.6
      vertex 77.5565 22.2382 21.6
      vertex 77.2117 22.7032 21.6
    endloop
  endfacet
  facet normal 0 0 1
    outer loop
      vertex 76.504 22.2304 21.6
      vertex 77.2117 22.7032 21.6
      vertex 76.914 23.1998 21.6
    endloop
  endfacet
  facet normal 0 0 1
    outer loop
      vertex 77.5565 22.2382 21.6
      vertex 76.8987 21.6984 21.6
      vertex 77.3435 21.2076 21.6
    endloop
  endfacet
  facet normal 0 0 1
    outer loop
      vertex 76.1635 22.7986 21.6
      vertex 76.914 23.1998 21.6
      vertex 76.6665 23.7231 21.6
    endloop
  endfacet
  facet normal 0 0 1
    outer loop
      vertex 77.2117 22.7032 21.6
      vertex 76.504 22.2304 21.6
      vertex 76.8987 21.6984 21.6
    endloop
  endfacet
  facet normal 0 0 1
    outer loop
      vertex 75.8803 23.3974 21.6
      vertex 76.6665 23.7231 21.6
      vertex 76.4715 24.2681 21.6
    endloop
  endfacet
  facet normal -0 0 1
    outer loop
      vertex 75.4962 24.6637 21.6
      vertex 76.4715 24.2681 21.6
      vertex 76.3251 24.8528 21.6
    endloop
  endfacet
  facet normal 0 0 1
    outer loop
      vertex 75.4912 24.697 21.6
      vertex 76.3251 24.8528 21.6
      vertex 76.3046 24.9437 21.6
    endloop
  endfacet
  facet normal 0 0 1
    outer loop
      vertex 75.4912 24.697 21.6
      vertex 76.3046 24.9437 21.6
      vertex 76.2765 25.0223 21.6
    endloop
  endfacet
  facet normal 0 0 1
    outer loop
      vertex 75.4912 24.697 21.6
      vertex 76.2765 25.0223 21.6
      vertex 76.2409 25.0977 21.6
    endloop
  endfacet
  facet normal 0 0 1
    outer loop
      vertex 75.4912 24.697 21.6
      vertex 76.2409 25.0977 21.6
      vertex 76.198 25.1692 21.6
    endloop
  endfacet
  facet normal 0 0 1
    outer loop
      vertex 76.914 23.1998 21.6
      vertex 76.1635 22.7986 21.6
      vertex 76.504 22.2304 21.6
    endloop
  endfacet
  facet normal 0 0 1
    outer loop
      vertex 75.4912 24.697 21.6
      vertex 76.198 25.1692 21.6
      vertex 76.1483 25.2362 21.6
    endloop
  endfacet
  facet normal 0 0 1
    outer loop
      vertex 75.4912 24.697 21.6
      vertex 76.1483 25.2362 21.6
      vertex 76.0923 25.298 21.6
    endloop
  endfacet
  facet normal 0 0 1
    outer loop
      vertex 75.4912 24.697 21.6
      vertex 76.0923 25.298 21.6
      vertex 76.0305 25.354 21.6
    endloop
  endfacet
  facet normal 0 0 1
    outer loop
      vertex 75.4912 24.697 21.6
      vertex 76.0305 25.354 21.6
      vertex 75.9635 25.4037 21.6
    endloop
  endfacet
  facet normal 0 0 1
    outer loop
      vertex 75.4912 24.697 21.6
      vertex 75.9635 25.4037 21.6
      vertex 75.8919 25.4466 21.6
    endloop
  endfacet
  facet normal 0 0 1
    outer loop
      vertex 76.6665 23.7231 21.6
      vertex 75.8803 23.3974 21.6
      vertex 76.1635 22.7986 21.6
    endloop
  endfacet
  facet normal 0 0 1
    outer loop
      vertex 75.4912 24.697 21.6
      vertex 75.8919 25.4466 21.6
      vertex 75.8165 25.4823 21.6
    endloop
  endfacet
  facet normal 0 0 1
    outer loop
      vertex 75.4912 24.697 21.6
      vertex 75.8165 25.4823 21.6
      vertex 75.738 25.5104 21.6
    endloop
  endfacet
  facet normal 0 0 1
    outer loop
      vertex 76.4715 24.2681 21.6
      vertex 75.6571 24.0211 21.6
      vertex 75.8803 23.3974 21.6
    endloop
  endfacet
  facet normal 0 0 1
    outer loop
      vertex 75.4912 24.697 21.6
      vertex 75.738 25.5104 21.6
      vertex 75.6571 25.5307 21.6
    endloop
  endfacet
  facet normal 0 0 1
    outer loop
      vertex 75.4912 24.697 21.6
      vertex 75.6571 25.5307 21.6
      vertex 75.5745 25.5429 21.6
    endloop
  endfacet
  facet normal 0 0 1
    outer loop
      vertex 76.4715 24.2681 21.6
      vertex 75.4962 24.6637 21.6
      vertex 75.6571 24.0211 21.6
    endloop
  endfacet
  facet normal 0 0 1
    outer loop
      vertex 75.4912 24.697 21.6
      vertex 75.5745 25.5429 21.6
      vertex 75.4912 25.547 21.6
    endloop
  endfacet
  facet normal 0 0 1
    outer loop
      vertex 76.3251 24.8528 21.6
      vertex 75.4912 24.697 21.6
      vertex 75.4962 24.6637 21.6
    endloop
  endfacet
  facet normal -0 0 1
    outer loop
      vertex 31.6058 25.547 21.6
      vertex 75.4912 24.697 21.6
      vertex 75.4912 25.547 21.6
    endloop
  endfacet
  facet normal 0 0 1
    outer loop
      vertex 31.6058 25.547 21.6
      vertex 31.6058 24.697 21.6
      vertex 75.4912 24.697 21.6
    endloop
  endfacet
  facet normal -0 0 1
    outer loop
      vertex 31.481 25.5378 21.6
      vertex 31.6058 24.697 21.6
      vertex 31.6058 25.547 21.6
    endloop
  endfacet
  facet normal -0 0 1
    outer loop
      vertex 31.3992 25.5215 21.6
      vertex 31.6058 24.697 21.6
      vertex 31.481 25.5378 21.6
    endloop
  endfacet
  facet normal -0 0 1
    outer loop
      vertex 31.3194 25.4973 21.6
      vertex 31.6058 24.697 21.6
      vertex 31.3992 25.5215 21.6
    endloop
  endfacet
  facet normal -0 0 1
    outer loop
      vertex 31.2424 25.4654 21.6
      vertex 31.6058 24.697 21.6
      vertex 31.3194 25.4973 21.6
    endloop
  endfacet
  facet normal -0 0 1
    outer loop
      vertex 31.1688 25.4261 21.6
      vertex 31.6058 24.697 21.6
      vertex 31.2424 25.4654 21.6
    endloop
  endfacet
  facet normal -0 0 1
    outer loop
      vertex 31.0994 25.3797 21.6
      vertex 31.6058 24.697 21.6
      vertex 31.1688 25.4261 21.6
    endloop
  endfacet
  facet normal -0 0 1
    outer loop
      vertex 31.0349 25.3268 21.6
      vertex 31.6058 24.697 21.6
      vertex 31.0994 25.3797 21.6
    endloop
  endfacet
  facet normal -0 0 1
    outer loop
      vertex 30.976 25.2678 21.6
      vertex 31.6058 24.697 21.6
      vertex 31.0349 25.3268 21.6
    endloop
  endfacet
  facet normal -0 0 1
    outer loop
      vertex 30.923 25.2033 21.6
      vertex 31.6058 24.697 21.6
      vertex 30.976 25.2678 21.6
    endloop
  endfacet
  facet normal -0 0 1
    outer loop
      vertex 30.8767 25.134 21.6
      vertex 31.6058 24.697 21.6
      vertex 30.923 25.2033 21.6
    endloop
  endfacet
  facet normal -0 0 1
    outer loop
      vertex 30.8374 25.0604 21.6
      vertex 31.6058 24.697 21.6
      vertex 30.8767 25.134 21.6
    endloop
  endfacet
  facet normal -0 0 1
    outer loop
      vertex 30.6255 24.2681 21.6
      vertex 31.4399 24.0211 21.6
      vertex 30.7681 24.8373 21.6
    endloop
  endfacet
  facet normal -0 0 1
    outer loop
      vertex 30.8055 24.9834 21.6
      vertex 31.6058 24.697 21.6
      vertex 30.8374 25.0604 21.6
    endloop
  endfacet
  facet normal -0 0 1
    outer loop
      vertex 30.7812 24.9035 21.6
      vertex 31.6058 24.697 21.6
      vertex 30.8055 24.9834 21.6
    endloop
  endfacet
  facet normal -0 0 1
    outer loop
      vertex 30.7681 24.8373 21.6
      vertex 31.6058 24.697 21.6
      vertex 30.7812 24.9035 21.6
    endloop
  endfacet
  facet normal 0 0 1
    outer loop
      vertex 31.6008 24.6637 21.6
      vertex 30.7681 24.8373 21.6
      vertex 31.4399 24.0211 21.6
    endloop
  endfacet
  facet normal 0 0 1
    outer loop
      vertex 31.6058 24.697 21.6
      vertex 30.7681 24.8373 21.6
      vertex 31.6008 24.6637 21.6
    endloop
  endfacet
  facet normal 0 0 1
    outer loop
      vertex 31.4399 24.0211 21.6
      vertex 30.6255 24.2681 21.6
      vertex 31.2167 23.3974 21.6
    endloop
  endfacet
  facet normal -0 0 1
    outer loop
      vertex 30.4305 23.7231 21.6
      vertex 31.2167 23.3974 21.6
      vertex 30.6255 24.2681 21.6
    endloop
  endfacet
  facet normal 0 0 1
    outer loop
      vertex 31.2167 23.3974 21.6
      vertex 30.4305 23.7231 21.6
      vertex 30.9335 22.7986 21.6
    endloop
  endfacet
  facet normal -0 0 1
    outer loop
      vertex 30.183 23.1998 21.6
      vertex 30.9335 22.7986 21.6
      vertex 30.4305 23.7231 21.6
    endloop
  endfacet
  facet normal 0 0 1
    outer loop
      vertex 30.9335 22.7986 21.6
      vertex 30.183 23.1998 21.6
      vertex 30.5929 22.2304 21.6
    endloop
  endfacet
  facet normal -0 0 1
    outer loop
      vertex 29.8853 22.7032 21.6
      vertex 30.5929 22.2304 21.6
      vertex 30.183 23.1998 21.6
    endloop
  endfacet
  facet normal 0 0 1
    outer loop
      vertex 30.5929 22.2304 21.6
      vertex 29.8853 22.7032 21.6
      vertex 30.1983 21.6984 21.6
    endloop
  endfacet
  facet normal -0 0 1
    outer loop
      vertex 29.5404 22.2382 21.6
      vertex 30.1983 21.6984 21.6
      vertex 29.8853 22.7032 21.6
    endloop
  endfacet
  facet normal 0 0 1
    outer loop
      vertex 30.1983 21.6984 21.6
      vertex 29.5404 22.2382 21.6
      vertex 29.7535 21.2076 21.6
    endloop
  endfacet
  facet normal -0 0 1
    outer loop
      vertex 29.1518 21.8094 21.6
      vertex 29.7535 21.2076 21.6
      vertex 29.5404 22.2382 21.6
    endloop
  endfacet
  facet normal 0 0 1
    outer loop
      vertex 29.7535 21.2076 21.6
      vertex 29.1518 21.8094 21.6
      vertex 29.2627 20.7627 21.6
    endloop
  endfacet
  facet normal -0 0 1
    outer loop
      vertex 28.7228 21.4205 21.6
      vertex 29.2627 20.7627 21.6
      vertex 29.1518 21.8094 21.6
    endloop
  endfacet
  facet normal 0 0 1
    outer loop
      vertex 29.2627 20.7627 21.6
      vertex 28.7228 21.4205 21.6
      vertex 28.7306 20.3681 21.6
    endloop
  endfacet
  facet normal -0 0 1
    outer loop
      vertex 28.2578 21.0757 21.6
      vertex 28.7306 20.3681 21.6
      vertex 28.7228 21.4205 21.6
    endloop
  endfacet
  facet normal 0 0 1
    outer loop
      vertex 28.2578 21.0757 21.6
      vertex 28.1624 20.0276 21.6
      vertex 28.7306 20.3681 21.6
    endloop
  endfacet
  facet normal -0 0 1
    outer loop
      vertex 27.7612 20.778 21.6
      vertex 28.1624 20.0276 21.6
      vertex 28.2578 21.0757 21.6
    endloop
  endfacet
  facet normal 0 0 1
    outer loop
      vertex 27.7612 20.778 21.6
      vertex 27.5636 19.7443 21.6
      vertex 28.1624 20.0276 21.6
    endloop
  endfacet
  facet normal -0 0 1
    outer loop
      vertex 27.238 20.5306 21.6
      vertex 27.5636 19.7443 21.6
      vertex 27.7612 20.778 21.6
    endloop
  endfacet
  facet normal 0 0 1
    outer loop
      vertex 27.238 20.5306 21.6
      vertex 26.9399 19.5212 21.6
      vertex 27.5636 19.7443 21.6
    endloop
  endfacet
  facet normal -0 0 1
    outer loop
      vertex 26.6928 20.3355 21.6
      vertex 26.9399 19.5212 21.6
      vertex 27.238 20.5306 21.6
    endloop
  endfacet
  facet normal 0 0 1
    outer loop
      vertex 26.6928 20.3355 21.6
      vertex 26.2974 19.3602 21.6
      vertex 26.9399 19.5212 21.6
    endloop
  endfacet
  facet normal -0 0 1
    outer loop
      vertex 26.1315 20.1949 21.6
      vertex 26.2974 19.3602 21.6
      vertex 26.6928 20.3355 21.6
    endloop
  endfacet
  facet normal 0 0 1
    outer loop
      vertex 26.1315 20.1949 21.6
      vertex 25.6421 19.263 21.6
      vertex 26.2974 19.3602 21.6
    endloop
  endfacet
  facet normal -0 0 1
    outer loop
      vertex 25.5587 20.11 21.6
      vertex 25.6421 19.263 21.6
      vertex 26.1315 20.1949 21.6
    endloop
  endfacet
  facet normal -0 0 1
    outer loop
      vertex 24.9805 20.0815 21.6
      vertex 25.6421 19.263 21.6
      vertex 25.5587 20.11 21.6
    endloop
  endfacet
  facet normal 0 0 1
    outer loop
      vertex 24.9805 20.0815 21.6
      vertex 24.9805 19.2305 21.6
      vertex 25.6421 19.263 21.6
    endloop
  endfacet
  facet normal 0 0 1
    outer loop
      vertex 24.4023 20.11 21.6
      vertex 24.9805 19.2305 21.6
      vertex 24.9805 20.0815 21.6
    endloop
  endfacet
  facet normal 0 0 1
    outer loop
      vertex 24.4023 20.11 21.6
      vertex 24.3189 19.263 21.6
      vertex 24.9805 19.2305 21.6
    endloop
  endfacet
  facet normal 0 0 1
    outer loop
      vertex 23.8296 20.1949 21.6
      vertex 24.3189 19.263 21.6
      vertex 24.4023 20.11 21.6
    endloop
  endfacet
  facet normal 0 0 1
    outer loop
      vertex 23.8296 20.1949 21.6
      vertex 23.6637 19.3602 21.6
      vertex 24.3189 19.263 21.6
    endloop
  endfacet
  facet normal 0 0 1
    outer loop
      vertex 23.2682 20.3355 21.6
      vertex 23.6637 19.3602 21.6
      vertex 23.8296 20.1949 21.6
    endloop
  endfacet
  facet normal 0 0 1
    outer loop
      vertex 23.2682 20.3355 21.6
      vertex 23.0211 19.5212 21.6
      vertex 23.6637 19.3602 21.6
    endloop
  endfacet
  facet normal 0 0 1
    outer loop
      vertex 22.7231 20.5306 21.6
      vertex 23.0211 19.5212 21.6
      vertex 23.2682 20.3355 21.6
    endloop
  endfacet
  facet normal 0 0 1
    outer loop
      vertex 22.7231 20.5306 21.6
      vertex 22.3974 19.7443 21.6
      vertex 23.0211 19.5212 21.6
    endloop
  endfacet
  facet normal 0 0 1
    outer loop
      vertex 22.1998 20.7781 21.6
      vertex 22.3974 19.7443 21.6
      vertex 22.7231 20.5306 21.6
    endloop
  endfacet
  facet normal 0 0 1
    outer loop
      vertex 22.1998 20.7781 21.6
      vertex 21.7986 20.0276 21.6
      vertex 22.3974 19.7443 21.6
    endloop
  endfacet
  facet normal 0 0 1
    outer loop
      vertex 21.7032 21.0757 21.6
      vertex 21.7986 20.0276 21.6
      vertex 22.1998 20.7781 21.6
    endloop
  endfacet
  facet normal 0 0 1
    outer loop
      vertex 21.2304 20.3681 21.6
      vertex 21.7032 21.0757 21.6
      vertex 21.2383 21.4205 21.6
    endloop
  endfacet
  facet normal 0 0 1
    outer loop
      vertex 21.7032 21.0757 21.6
      vertex 21.2304 20.3681 21.6
      vertex 21.7986 20.0276 21.6
    endloop
  endfacet
  facet normal 0 0 1
    outer loop
      vertex 20.6984 20.7627 21.6
      vertex 21.2383 21.4205 21.6
      vertex 20.8093 21.8093 21.6
    endloop
  endfacet
  facet normal 0 0 1
    outer loop
      vertex 21.2383 21.4205 21.6
      vertex 20.6984 20.7627 21.6
      vertex 21.2304 20.3681 21.6
    endloop
  endfacet
  facet normal 0 0 1
    outer loop
      vertex 20.2076 21.2076 21.6
      vertex 20.8093 21.8093 21.6
      vertex 20.4205 22.2383 21.6
    endloop
  endfacet
  facet normal 0 0 1
    outer loop
      vertex 20.8093 21.8093 21.6
      vertex 20.2076 21.2076 21.6
      vertex 20.6984 20.7627 21.6
    endloop
  endfacet
  facet normal 0 0 1
    outer loop
      vertex 19.7627 21.6984 21.6
      vertex 20.4205 22.2383 21.6
      vertex 20.0757 22.7032 21.6
    endloop
  endfacet
  facet normal 0 0 1
    outer loop
      vertex 19.3681 22.2304 21.6
      vertex 20.0757 22.7032 21.6
      vertex 19.7781 23.1998 21.6
    endloop
  endfacet
  facet normal 0 0 1
    outer loop
      vertex 20.4205 22.2383 21.6
      vertex 19.7627 21.6984 21.6
      vertex 20.2076 21.2076 21.6
    endloop
  endfacet
  facet normal 0 0 1
    outer loop
      vertex 19.0276 22.7986 21.6
      vertex 19.7781 23.1998 21.6
      vertex 19.5306 23.7231 21.6
    endloop
  endfacet
  facet normal 0 0 1
    outer loop
      vertex 20.0757 22.7032 21.6
      vertex 19.3681 22.2304 21.6
      vertex 19.7627 21.6984 21.6
    endloop
  endfacet
  facet normal 0 0 1
    outer loop
      vertex 18.7443 23.3974 21.6
      vertex 19.5306 23.7231 21.6
      vertex 19.3355 24.2682 21.6
    endloop
  endfacet
  facet normal 0 0 1
    outer loop
      vertex 18.5212 24.0211 21.6
      vertex 19.3355 24.2682 21.6
      vertex 19.1949 24.8296 21.6
    endloop
  endfacet
  facet normal 0 0 1
    outer loop
      vertex 18.3602 24.6637 21.6
      vertex 19.1949 24.8296 21.6
      vertex 19.11 25.4023 21.6
    endloop
  endfacet
  facet normal 0 0 1
    outer loop
      vertex 19.7781 23.1998 21.6
      vertex 19.0276 22.7986 21.6
      vertex 19.3681 22.2304 21.6
    endloop
  endfacet
  facet normal 0 0 1
    outer loop
      vertex 18.263 25.3189 21.6
      vertex 19.11 25.4023 21.6
      vertex 19.0815 25.9805 21.6
    endloop
  endfacet
  facet normal -0 0 1
    outer loop
      vertex 18.3602 27.2974 21.6
      vertex 19.1949 27.1315 21.6
      vertex 18.5212 27.9399 21.6
    endloop
  endfacet
  facet normal 0 0 1
    outer loop
      vertex 19.1949 27.1315 21.6
      vertex 18.3602 27.2974 21.6
      vertex 19.11 26.5587 21.6
    endloop
  endfacet
  facet normal 0 0 1
    outer loop
      vertex 19.5306 23.7231 21.6
      vertex 18.7443 23.3974 21.6
      vertex 19.0276 22.7986 21.6
    endloop
  endfacet
  facet normal -0 0 1
    outer loop
      vertex 18.263 26.6421 21.6
      vertex 19.11 26.5587 21.6
      vertex 18.3602 27.2974 21.6
    endloop
  endfacet
  facet normal 0 0 1
    outer loop
      vertex 19.3355 24.2682 21.6
      vertex 18.5212 24.0211 21.6
      vertex 18.7443 23.3974 21.6
    endloop
  endfacet
  facet normal 0 0 1
    outer loop
      vertex 19.11 26.5587 21.6
      vertex 18.263 26.6421 21.6
      vertex 19.0815 25.9805 21.6
    endloop
  endfacet
  facet normal 0 0 1
    outer loop
      vertex 19.1949 24.8296 21.6
      vertex 18.3602 24.6637 21.6
      vertex 18.5212 24.0211 21.6
    endloop
  endfacet
  facet normal 0 0 1
    outer loop
      vertex 18.2305 25.9805 21.6
      vertex 19.0815 25.9805 21.6
      vertex 18.263 26.6421 21.6
    endloop
  endfacet
  facet normal 0 0 1
    outer loop
      vertex 19.11 25.4023 21.6
      vertex 18.263 25.3189 21.6
      vertex 18.3602 24.6637 21.6
    endloop
  endfacet
  facet normal 0 0 1
    outer loop
      vertex 19.0815 25.9805 21.6
      vertex 18.2305 25.9805 21.6
      vertex 18.263 25.3189 21.6
    endloop
  endfacet
  facet normal 0 0 1
    outer loop
      vertex 23.8373 77.2319 21.6
      vertex 23.6637 76.3992 21.6
      vertex 23.697 76.3942 21.6
    endloop
  endfacet
  facet normal 0 0 1
    outer loop
      vertex 23.2681 77.3745 21.6
      vertex 23.6637 76.3992 21.6
      vertex 23.8373 77.2319 21.6
    endloop
  endfacet
  facet normal 0 0 1
    outer loop
      vertex 23.2681 77.3745 21.6
      vertex 23.0211 76.5601 21.6
      vertex 23.6637 76.3992 21.6
    endloop
  endfacet
  facet normal 0 0 1
    outer loop
      vertex 22.7231 77.5695 21.6
      vertex 23.0211 76.5601 21.6
      vertex 23.2681 77.3745 21.6
    endloop
  endfacet
  facet normal 0 0 1
    outer loop
      vertex 22.7231 77.5695 21.6
      vertex 22.3974 76.7833 21.6
      vertex 23.0211 76.5601 21.6
    endloop
  endfacet
  facet normal 0 0 1
    outer loop
      vertex 22.1998 77.817 21.6
      vertex 22.3974 76.7833 21.6
      vertex 22.7231 77.5695 21.6
    endloop
  endfacet
  facet normal 0 0 1
    outer loop
      vertex 22.1998 77.817 21.6
      vertex 21.7986 77.0665 21.6
      vertex 22.3974 76.7833 21.6
    endloop
  endfacet
  facet normal 0 0 1
    outer loop
      vertex 21.7032 78.1147 21.6
      vertex 21.7986 77.0665 21.6
      vertex 22.1998 77.817 21.6
    endloop
  endfacet
  facet normal 0 0 1
    outer loop
      vertex 21.2304 77.407 21.6
      vertex 21.7032 78.1147 21.6
      vertex 21.2382 78.4595 21.6
    endloop
  endfacet
  facet normal 0 0 1
    outer loop
      vertex 21.7032 78.1147 21.6
      vertex 21.2304 77.407 21.6
      vertex 21.7986 77.0665 21.6
    endloop
  endfacet
  facet normal 0 0 1
    outer loop
      vertex 20.6984 77.8017 21.6
      vertex 21.2382 78.4595 21.6
      vertex 20.8094 78.8482 21.6
    endloop
  endfacet
  facet normal 0 0 1
    outer loop
      vertex 21.2382 78.4595 21.6
      vertex 20.6984 77.8017 21.6
      vertex 21.2304 77.407 21.6
    endloop
  endfacet
  facet normal 0 0 1
    outer loop
      vertex 20.2076 78.2465 21.6
      vertex 20.8094 78.8482 21.6
      vertex 20.4205 79.2772 21.6
    endloop
  endfacet
  facet normal 0 0 1
    outer loop
      vertex 20.8094 78.8482 21.6
      vertex 20.2076 78.2465 21.6
      vertex 20.6984 77.8017 21.6
    endloop
  endfacet
  facet normal 0 0 1
    outer loop
      vertex 19.7627 78.7373 21.6
      vertex 20.4205 79.2772 21.6
      vertex 20.0757 79.7421 21.6
    endloop
  endfacet
  facet normal 0 0 1
    outer loop
      vertex 19.3681 79.2694 21.6
      vertex 20.0757 79.7421 21.6
      vertex 19.778 80.2388 21.6
    endloop
  endfacet
  facet normal 0 0 1
    outer loop
      vertex 20.4205 79.2772 21.6
      vertex 19.7627 78.7373 21.6
      vertex 20.2076 78.2465 21.6
    endloop
  endfacet
  facet normal 0 0 1
    outer loop
      vertex 19.0276 79.8375 21.6
      vertex 19.778 80.2388 21.6
      vertex 19.5306 80.762 21.6
    endloop
  endfacet
  facet normal 0 0 1
    outer loop
      vertex 20.0757 79.7421 21.6
      vertex 19.3681 79.2694 21.6
      vertex 19.7627 78.7373 21.6
    endloop
  endfacet
  facet normal 0 0 1
    outer loop
      vertex 18.7443 80.4364 21.6
      vertex 19.5306 80.762 21.6
      vertex 19.3355 81.3072 21.6
    endloop
  endfacet
  facet normal 0 0 1
    outer loop
      vertex 18.5212 81.06 21.6
      vertex 19.3355 81.3072 21.6
      vertex 19.1949 81.8685 21.6
    endloop
  endfacet
  facet normal 0 0 1
    outer loop
      vertex 18.3602 81.7026 21.6
      vertex 19.1949 81.8685 21.6
      vertex 19.11 82.4413 21.6
    endloop
  endfacet
  facet normal 0 0 1
    outer loop
      vertex 19.778 80.2388 21.6
      vertex 19.0276 79.8375 21.6
      vertex 19.3681 79.2694 21.6
    endloop
  endfacet
  facet normal 0 0 1
    outer loop
      vertex 18.263 82.3578 21.6
      vertex 19.11 82.4413 21.6
      vertex 19.0815 83.0195 21.6
    endloop
  endfacet
  facet normal -0 0 1
    outer loop
      vertex 18.3602 84.3363 21.6
      vertex 19.1949 84.1704 21.6
      vertex 18.5212 84.9789 21.6
    endloop
  endfacet
  facet normal 0 0 1
    outer loop
      vertex 19.1949 84.1704 21.6
      vertex 18.3602 84.3363 21.6
      vertex 19.11 83.5977 21.6
    endloop
  endfacet
  facet normal 0 0 1
    outer loop
      vertex 19.5306 80.762 21.6
      vertex 18.7443 80.4364 21.6
      vertex 19.0276 79.8375 21.6
    endloop
  endfacet
  facet normal -0 0 1
    outer loop
      vertex 18.263 83.6811 21.6
      vertex 19.11 83.5977 21.6
      vertex 18.3602 84.3363 21.6
    endloop
  endfacet
  facet normal 0 0 1
    outer loop
      vertex 19.3355 81.3072 21.6
      vertex 18.5212 81.06 21.6
      vertex 18.7443 80.4364 21.6
    endloop
  endfacet
  facet normal 0 0 1
    outer loop
      vertex 19.11 83.5977 21.6
      vertex 18.263 83.6811 21.6
      vertex 19.0815 83.0195 21.6
    endloop
  endfacet
  facet normal 0 0 1
    outer loop
      vertex 19.1949 81.8685 21.6
      vertex 18.3602 81.7026 21.6
      vertex 18.5212 81.06 21.6
    endloop
  endfacet
  facet normal 0 0 1
    outer loop
      vertex 18.2305 83.0195 21.6
      vertex 19.0815 83.0195 21.6
      vertex 18.263 83.6811 21.6
    endloop
  endfacet
  facet normal 0 0 1
    outer loop
      vertex 19.11 82.4413 21.6
      vertex 18.263 82.3578 21.6
      vertex 18.3602 81.7026 21.6
    endloop
  endfacet
  facet normal 0 0 1
    outer loop
      vertex 19.0815 83.0195 21.6
      vertex 18.2305 83.0195 21.6
      vertex 18.263 82.3578 21.6
    endloop
  endfacet
  facet normal 0 0 1
    outer loop
      vertex 23.697 32.6058 21.6
      vertex 24.547 32.6058 21.6
      vertex 24.547 76.3942 21.6
    endloop
  endfacet
  facet normal 0 0 1
    outer loop
      vertex 23.697 76.3942 21.6
      vertex 24.547 76.3942 21.6
      vertex 24.5378 76.5189 21.6
    endloop
  endfacet
  facet normal 0 0 1
    outer loop
      vertex 23.697 32.6058 21.6
      vertex 24.547 76.3942 21.6
      vertex 23.697 76.3942 21.6
    endloop
  endfacet
  facet normal 0 0 1
    outer loop
      vertex 23.697 76.3942 21.6
      vertex 24.5378 76.5189 21.6
      vertex 24.5215 76.6008 21.6
    endloop
  endfacet
  facet normal 0 0 1
    outer loop
      vertex 24.547 32.6058 21.6
      vertex 23.697 32.6058 21.6
      vertex 24.5429 32.5224 21.6
    endloop
  endfacet
  facet normal 0 0 1
    outer loop
      vertex 23.697 76.3942 21.6
      vertex 24.5215 76.6008 21.6
      vertex 24.4973 76.6806 21.6
    endloop
  endfacet
  facet normal 0 0 1
    outer loop
      vertex 24.5429 32.5224 21.6
      vertex 23.697 32.6058 21.6
      vertex 24.5307 32.4399 21.6
    endloop
  endfacet
  facet normal 0 0 1
    outer loop
      vertex 23.697 76.3942 21.6
      vertex 24.4973 76.6806 21.6
      vertex 24.4654 76.7576 21.6
    endloop
  endfacet
  facet normal 0 0 1
    outer loop
      vertex 24.5307 32.4399 21.6
      vertex 23.697 32.6058 21.6
      vertex 24.5104 32.359 21.6
    endloop
  endfacet
  facet normal 0 0 1
    outer loop
      vertex 23.697 76.3942 21.6
      vertex 24.4654 76.7576 21.6
      vertex 24.4261 76.8312 21.6
    endloop
  endfacet
  facet normal 0 0 1
    outer loop
      vertex 24.5104 32.359 21.6
      vertex 23.697 32.6058 21.6
      vertex 24.4823 32.2805 21.6
    endloop
  endfacet
  facet normal 0 0 1
    outer loop
      vertex 23.697 76.3942 21.6
      vertex 24.4261 76.8312 21.6
      vertex 24.3797 76.9006 21.6
    endloop
  endfacet
  facet normal 0 0 1
    outer loop
      vertex 24.4823 32.2805 21.6
      vertex 23.697 32.6058 21.6
      vertex 24.4466 32.2051 21.6
    endloop
  endfacet
  facet normal 0 0 1
    outer loop
      vertex 23.697 76.3942 21.6
      vertex 24.3797 76.9006 21.6
      vertex 24.3268 76.965 21.6
    endloop
  endfacet
  facet normal 0 0 1
    outer loop
      vertex 24.4466 32.2051 21.6
      vertex 23.697 32.6058 21.6
      vertex 24.4037 32.1335 21.6
    endloop
  endfacet
  facet normal 0 0 1
    outer loop
      vertex 23.697 76.3942 21.6
      vertex 24.3268 76.965 21.6
      vertex 24.2678 77.024 21.6
    endloop
  endfacet
  facet normal 0 0 1
    outer loop
      vertex 24.4037 32.1335 21.6
      vertex 23.697 32.6058 21.6
      vertex 24.354 32.0665 21.6
    endloop
  endfacet
  facet normal 0 0 1
    outer loop
      vertex 23.697 76.3942 21.6
      vertex 24.2678 77.024 21.6
      vertex 24.2033 77.077 21.6
    endloop
  endfacet
  facet normal 0 0 1
    outer loop
      vertex 24.354 32.0665 21.6
      vertex 23.697 32.6058 21.6
      vertex 24.298 32.0047 21.6
    endloop
  endfacet
  facet normal 0 0 1
    outer loop
      vertex 23.697 76.3942 21.6
      vertex 24.2033 77.077 21.6
      vertex 24.134 77.1233 21.6
    endloop
  endfacet
  facet normal 0 0 1
    outer loop
      vertex 24.298 32.0047 21.6
      vertex 23.697 32.6058 21.6
      vertex 24.2362 31.9487 21.6
    endloop
  endfacet
  facet normal 0 0 1
    outer loop
      vertex 23.697 76.3942 21.6
      vertex 24.134 77.1233 21.6
      vertex 24.0604 77.1626 21.6
    endloop
  endfacet
  facet normal 0 0 1
    outer loop
      vertex 24.2362 31.9487 21.6
      vertex 23.697 32.6058 21.6
      vertex 24.1692 31.899 21.6
    endloop
  endfacet
  facet normal 0 0 1
    outer loop
      vertex 23.697 76.3942 21.6
      vertex 24.0604 77.1626 21.6
      vertex 23.9834 77.1945 21.6
    endloop
  endfacet
  facet normal 0 0 1
    outer loop
      vertex 24.1692 31.899 21.6
      vertex 23.697 32.6058 21.6
      vertex 24.0977 31.8561 21.6
    endloop
  endfacet
  facet normal 0 0 1
    outer loop
      vertex 23.697 76.3942 21.6
      vertex 23.9834 77.1945 21.6
      vertex 23.9035 77.2188 21.6
    endloop
  endfacet
  facet normal 0 0 1
    outer loop
      vertex 24.0977 31.8561 21.6
      vertex 23.697 32.6058 21.6
      vertex 24.0223 31.8205 21.6
    endloop
  endfacet
  facet normal 0 0 1
    outer loop
      vertex 23.697 76.3942 21.6
      vertex 23.9035 77.2188 21.6
      vertex 23.8373 77.2319 21.6
    endloop
  endfacet
  facet normal 0 0 1
    outer loop
      vertex 24.0223 31.8205 21.6
      vertex 23.697 32.6058 21.6
      vertex 23.9437 31.7924 21.6
    endloop
  endfacet
  facet normal 0 0 1
    outer loop
      vertex 23.9437 31.7924 21.6
      vertex 23.697 32.6058 21.6
      vertex 23.8528 31.7719 21.6
    endloop
  endfacet
  facet normal -0 0 1
    outer loop
      vertex 23.6637 32.6008 21.6
      vertex 23.8528 31.7719 21.6
      vertex 23.697 32.6058 21.6
    endloop
  endfacet
  facet normal 0 0 1
    outer loop
      vertex 23.6637 32.6008 21.6
      vertex 23.2681 31.6255 21.6
      vertex 23.8528 31.7719 21.6
    endloop
  endfacet
  facet normal -0 0 1
    outer loop
      vertex 23.0211 32.4399 21.6
      vertex 23.2681 31.6255 21.6
      vertex 23.6637 32.6008 21.6
    endloop
  endfacet
  facet normal 0 0 1
    outer loop
      vertex 23.0211 32.4399 21.6
      vertex 22.7231 31.4305 21.6
      vertex 23.2681 31.6255 21.6
    endloop
  endfacet
  facet normal -0 0 1
    outer loop
      vertex 22.3974 32.2167 21.6
      vertex 22.7231 31.4305 21.6
      vertex 23.0211 32.4399 21.6
    endloop
  endfacet
  facet normal 0 0 1
    outer loop
      vertex 22.3974 32.2167 21.6
      vertex 22.1998 31.183 21.6
      vertex 22.7231 31.4305 21.6
    endloop
  endfacet
  facet normal -0 0 1
    outer loop
      vertex 21.7986 31.9335 21.6
      vertex 22.1998 31.183 21.6
      vertex 22.3974 32.2167 21.6
    endloop
  endfacet
  facet normal 0 0 1
    outer loop
      vertex 21.7986 31.9335 21.6
      vertex 21.7032 30.8853 21.6
      vertex 22.1998 31.183 21.6
    endloop
  endfacet
  facet normal -0 0 1
    outer loop
      vertex 21.2304 31.5929 21.6
      vertex 21.7032 30.8853 21.6
      vertex 21.7986 31.9335 21.6
    endloop
  endfacet
  facet normal 0 0 1
    outer loop
      vertex 21.7032 30.8853 21.6
      vertex 21.2304 31.5929 21.6
      vertex 21.2382 30.5404 21.6
    endloop
  endfacet
  facet normal -0 0 1
    outer loop
      vertex 20.6984 31.1983 21.6
      vertex 21.2382 30.5404 21.6
      vertex 21.2304 31.5929 21.6
    endloop
  endfacet
  facet normal 0 0 1
    outer loop
      vertex 21.2382 30.5404 21.6
      vertex 20.6984 31.1983 21.6
      vertex 20.8094 30.1518 21.6
    endloop
  endfacet
  facet normal -0 0 1
    outer loop
      vertex 20.2076 30.7535 21.6
      vertex 20.8094 30.1518 21.6
      vertex 20.6984 31.1983 21.6
    endloop
  endfacet
  facet normal 0 0 1
    outer loop
      vertex 20.8094 30.1518 21.6
      vertex 20.2076 30.7535 21.6
      vertex 20.4205 29.7228 21.6
    endloop
  endfacet
  facet normal -0 0 1
    outer loop
      vertex 19.7627 30.2627 21.6
      vertex 20.4205 29.7228 21.6
      vertex 20.2076 30.7535 21.6
    endloop
  endfacet
  facet normal 0 0 1
    outer loop
      vertex 20.4205 29.7228 21.6
      vertex 19.7627 30.2627 21.6
      vertex 20.0757 29.2578 21.6
    endloop
  endfacet
  facet normal -0 0 1
    outer loop
      vertex 19.3681 29.7306 21.6
      vertex 20.0757 29.2578 21.6
      vertex 19.7627 30.2627 21.6
    endloop
  endfacet
  facet normal 0 0 1
    outer loop
      vertex 20.0757 29.2578 21.6
      vertex 19.3681 29.7306 21.6
      vertex 19.778 28.7612 21.6
    endloop
  endfacet
  facet normal -0 0 1
    outer loop
      vertex 19.0276 29.1624 21.6
      vertex 19.778 28.7612 21.6
      vertex 19.3681 29.7306 21.6
    endloop
  endfacet
  facet normal 0 0 1
    outer loop
      vertex 19.778 28.7612 21.6
      vertex 19.0276 29.1624 21.6
      vertex 19.5306 28.238 21.6
    endloop
  endfacet
  facet normal -0 0 1
    outer loop
      vertex 18.7443 28.5636 21.6
      vertex 19.5306 28.238 21.6
      vertex 19.0276 29.1624 21.6
    endloop
  endfacet
  facet normal 0 0 1
    outer loop
      vertex 19.5306 28.238 21.6
      vertex 18.7443 28.5636 21.6
      vertex 19.3355 27.6928 21.6
    endloop
  endfacet
  facet normal 0 0 1
    outer loop
      vertex 19.3355 27.6928 21.6
      vertex 18.5212 27.9399 21.6
      vertex 19.1949 27.1315 21.6
    endloop
  endfacet
  facet normal -0 0 1
    outer loop
      vertex 18.5212 27.9399 21.6
      vertex 19.3355 27.6928 21.6
      vertex 18.7443 28.5636 21.6
    endloop
  endfacet
  facet normal 0.146746 -0.989174 0
    outer loop
      vertex 82.7781 19.263 0
      vertex 83.4333 19.3602 21.6
      vertex 82.7781 19.263 21.6
    endloop
  endfacet
  facet normal 0.146746 -0.989174 0
    outer loop
      vertex 83.4333 19.3602 21.6
      vertex 82.7781 19.263 0
      vertex 83.4333 19.3602 0
    endloop
  endfacet
  facet normal 0.243033 -0.970018 0
    outer loop
      vertex 83.4333 19.3602 0
      vertex 84.0759 19.5212 21.6
      vertex 83.4333 19.3602 21.6
    endloop
  endfacet
  facet normal 0.243033 -0.970018 0
    outer loop
      vertex 84.0759 19.5212 21.6
      vertex 83.4333 19.3602 0
      vertex 84.0759 19.5212 0
    endloop
  endfacet
  facet normal 0.336805 -0.941574 0
    outer loop
      vertex 84.0759 19.5212 0
      vertex 84.6996 19.7443 21.6
      vertex 84.0759 19.5212 21.6
    endloop
  endfacet
  facet normal 0.336805 -0.941574 0
    outer loop
      vertex 84.6996 19.7443 21.6
      vertex 84.0759 19.5212 0
      vertex 84.6996 19.7443 0
    endloop
  endfacet
  facet normal 0.427665 -0.903938 0
    outer loop
      vertex 84.6996 19.7443 0
      vertex 85.2984 20.0276 21.6
      vertex 84.6996 19.7443 21.6
    endloop
  endfacet
  facet normal 0.427665 -0.903938 0
    outer loop
      vertex 85.2984 20.0276 21.6
      vertex 84.6996 19.7443 0
      vertex 85.2984 20.0276 0
    endloop
  endfacet
  facet normal 0.514029 -0.857773 0
    outer loop
      vertex 85.2984 20.0276 0
      vertex 85.8666 20.3681 21.6
      vertex 85.2984 20.0276 21.6
    endloop
  endfacet
  facet normal 0.514029 -0.857773 0
    outer loop
      vertex 85.8666 20.3681 21.6
      vertex 85.2984 20.0276 0
      vertex 85.8666 20.3681 0
    endloop
  endfacet
  facet normal 0.59574 -0.803177 0
    outer loop
      vertex 85.8666 20.3681 0
      vertex 86.3986 20.7627 21.6
      vertex 85.8666 20.3681 21.6
    endloop
  endfacet
  facet normal 0.59574 -0.803177 0
    outer loop
      vertex 86.3986 20.7627 21.6
      vertex 85.8666 20.3681 0
      vertex 86.3986 20.7627 0
    endloop
  endfacet
  facet normal 0.671613 -0.740902 0
    outer loop
      vertex 86.3986 20.7627 0
      vertex 86.8894 21.2076 21.6
      vertex 86.3986 20.7627 21.6
    endloop
  endfacet
  facet normal 0.671613 -0.740902 0
    outer loop
      vertex 86.8894 21.2076 21.6
      vertex 86.3986 20.7627 0
      vertex 86.8894 21.2076 0
    endloop
  endfacet
  facet normal 0.740902 -0.671613 0
    outer loop
      vertex 86.8894 21.2076 21.6
      vertex 87.3343 21.6984 0
      vertex 87.3343 21.6984 21.6
    endloop
  endfacet
  facet normal 0.740902 -0.671613 0
    outer loop
      vertex 87.3343 21.6984 0
      vertex 86.8894 21.2076 21.6
      vertex 86.8894 21.2076 0
    endloop
  endfacet
  facet normal 0.803177 -0.59574 0
    outer loop
      vertex 87.3343 21.6984 21.6
      vertex 87.7289 22.2304 0
      vertex 87.7289 22.2304 21.6
    endloop
  endfacet
  facet normal 0.803177 -0.59574 0
    outer loop
      vertex 87.7289 22.2304 0
      vertex 87.3343 21.6984 21.6
      vertex 87.3343 21.6984 0
    endloop
  endfacet
  facet normal 0.857773 -0.514029 0
    outer loop
      vertex 87.7289 22.2304 21.6
      vertex 88.0694 22.7986 0
      vertex 88.0694 22.7986 21.6
    endloop
  endfacet
  facet normal 0.857773 -0.514029 0
    outer loop
      vertex 88.0694 22.7986 0
      vertex 87.7289 22.2304 21.6
      vertex 87.7289 22.2304 0
    endloop
  endfacet
  facet normal 0.903996 -0.427541 0
    outer loop
      vertex 88.0694 22.7986 21.6
      vertex 88.3526 23.3974 0
      vertex 88.3526 23.3974 21.6
    endloop
  endfacet
  facet normal 0.903996 -0.427541 0
    outer loop
      vertex 88.3526 23.3974 0
      vertex 88.0694 22.7986 21.6
      vertex 88.0694 22.7986 0
    endloop
  endfacet
  facet normal 0.941527 -0.336939 0
    outer loop
      vertex 88.3526 23.3974 21.6
      vertex 88.5758 24.0211 0
      vertex 88.5758 24.0211 21.6
    endloop
  endfacet
  facet normal 0.941527 -0.336939 0
    outer loop
      vertex 88.5758 24.0211 0
      vertex 88.3526 23.3974 21.6
      vertex 88.3526 23.3974 0
    endloop
  endfacet
  facet normal 0.970018 -0.243033 0
    outer loop
      vertex 88.5758 24.0211 21.6
      vertex 88.7368 24.6637 0
      vertex 88.7368 24.6637 21.6
    endloop
  endfacet
  facet normal 0.970018 -0.243033 0
    outer loop
      vertex 88.7368 24.6637 0
      vertex 88.5758 24.0211 21.6
      vertex 88.5758 24.0211 0
    endloop
  endfacet
  facet normal 0.989174 -0.146746 0
    outer loop
      vertex 88.7368 24.6637 21.6
      vertex 88.834 25.3189 0
      vertex 88.834 25.3189 21.6
    endloop
  endfacet
  facet normal 0.989174 -0.146746 0
    outer loop
      vertex 88.834 25.3189 0
      vertex 88.7368 24.6637 21.6
      vertex 88.7368 24.6637 0
    endloop
  endfacet
  facet normal 0.998796 -0.0490642 0
    outer loop
      vertex 88.834 25.3189 21.6
      vertex 88.8665 25.9805 0
      vertex 88.8665 25.9805 21.6
    endloop
  endfacet
  facet normal 0.998796 -0.0490642 0
    outer loop
      vertex 88.8665 25.9805 0
      vertex 88.834 25.3189 21.6
      vertex 88.834 25.3189 0
    endloop
  endfacet
  facet normal 0.998796 0.0490642 0
    outer loop
      vertex 88.8665 25.9805 21.6
      vertex 88.834 26.6421 0
      vertex 88.834 26.6421 21.6
    endloop
  endfacet
  facet normal 0.998796 0.0490642 0
    outer loop
      vertex 88.834 26.6421 0
      vertex 88.8665 25.9805 21.6
      vertex 88.8665 25.9805 0
    endloop
  endfacet
  facet normal 0.989178 0.146724 0
    outer loop
      vertex 88.834 26.6421 21.6
      vertex 88.7368 27.2974 0
      vertex 88.7368 27.2974 21.6
    endloop
  endfacet
  facet normal 0.989178 0.146724 0
    outer loop
      vertex 88.7368 27.2974 0
      vertex 88.834 26.6421 21.6
      vertex 88.834 26.6421 0
    endloop
  endfacet
  facet normal 0.970009 0.243068 0
    outer loop
      vertex 88.7368 27.2974 21.6
      vertex 88.5758 27.9399 0
      vertex 88.5758 27.9399 21.6
    endloop
  endfacet
  facet normal 0.970009 0.243068 0
    outer loop
      vertex 88.5758 27.9399 0
      vertex 88.7368 27.2974 21.6
      vertex 88.7368 27.2974 0
    endloop
  endfacet
  facet normal 0.941527 0.336939 0
    outer loop
      vertex 88.5758 27.9399 21.6
      vertex 88.3526 28.5636 0
      vertex 88.3526 28.5636 21.6
    endloop
  endfacet
  facet normal 0.941527 0.336939 0
    outer loop
      vertex 88.3526 28.5636 0
      vertex 88.5758 27.9399 21.6
      vertex 88.5758 27.9399 0
    endloop
  endfacet
  facet normal 0.903996 0.427541 0
    outer loop
      vertex 88.3526 28.5636 21.6
      vertex 88.0694 29.1624 0
      vertex 88.0694 29.1624 21.6
    endloop
  endfacet
  facet normal 0.903996 0.427541 0
    outer loop
      vertex 88.0694 29.1624 0
      vertex 88.3526 28.5636 21.6
      vertex 88.3526 28.5636 0
    endloop
  endfacet
  facet normal 0.857773 0.514029 0
    outer loop
      vertex 88.0694 29.1624 21.6
      vertex 87.7289 29.7306 0
      vertex 87.7289 29.7306 21.6
    endloop
  endfacet
  facet normal 0.857773 0.514029 0
    outer loop
      vertex 87.7289 29.7306 0
      vertex 88.0694 29.1624 21.6
      vertex 88.0694 29.1624 0
    endloop
  endfacet
  facet normal 0.803231 0.595668 0
    outer loop
      vertex 87.7289 29.7306 21.6
      vertex 87.3343 30.2627 0
      vertex 87.3343 30.2627 21.6
    endloop
  endfacet
  facet normal 0.803231 0.595668 0
    outer loop
      vertex 87.3343 30.2627 0
      vertex 87.7289 29.7306 21.6
      vertex 87.7289 29.7306 0
    endloop
  endfacet
  facet normal 0.740902 0.671613 0
    outer loop
      vertex 87.3343 30.2627 21.6
      vertex 86.8894 30.7535 0
      vertex 86.8894 30.7535 21.6
    endloop
  endfacet
  facet normal 0.740902 0.671613 0
    outer loop
      vertex 86.8894 30.7535 0
      vertex 87.3343 30.2627 21.6
      vertex 87.3343 30.2627 0
    endloop
  endfacet
  facet normal 0.67153 0.740978 -0
    outer loop
      vertex 86.8894 30.7535 0
      vertex 86.3986 31.1983 21.6
      vertex 86.8894 30.7535 21.6
    endloop
  endfacet
  facet normal 0.67153 0.740978 0
    outer loop
      vertex 86.3986 31.1983 21.6
      vertex 86.8894 30.7535 0
      vertex 86.3986 31.1983 0
    endloop
  endfacet
  facet normal 0.59574 0.803177 -0
    outer loop
      vertex 86.3986 31.1983 0
      vertex 85.8666 31.5929 21.6
      vertex 86.3986 31.1983 21.6
    endloop
  endfacet
  facet normal 0.59574 0.803177 0
    outer loop
      vertex 85.8666 31.5929 21.6
      vertex 86.3986 31.1983 0
      vertex 85.8666 31.5929 0
    endloop
  endfacet
  facet normal 0.514141 0.857706 -0
    outer loop
      vertex 85.8666 31.5929 0
      vertex 85.2984 31.9335 21.6
      vertex 85.8666 31.5929 21.6
    endloop
  endfacet
  facet normal 0.514141 0.857706 0
    outer loop
      vertex 85.2984 31.9335 21.6
      vertex 85.8666 31.5929 0
      vertex 85.2984 31.9335 0
    endloop
  endfacet
  facet normal 0.427541 0.903996 -0
    outer loop
      vertex 85.2984 31.9335 0
      vertex 84.6996 32.2167 21.6
      vertex 85.2984 31.9335 21.6
    endloop
  endfacet
  facet normal 0.427541 0.903996 0
    outer loop
      vertex 84.6996 32.2167 21.6
      vertex 85.2984 31.9335 0
      vertex 84.6996 32.2167 0
    endloop
  endfacet
  facet normal 0.336939 0.941527 -0
    outer loop
      vertex 84.6996 32.2167 0
      vertex 84.0759 32.4399 21.6
      vertex 84.6996 32.2167 21.6
    endloop
  endfacet
  facet normal 0.336939 0.941527 0
    outer loop
      vertex 84.0759 32.4399 21.6
      vertex 84.6996 32.2167 0
      vertex 84.0759 32.4399 0
    endloop
  endfacet
  facet normal 0.242891 0.970054 -0
    outer loop
      vertex 84.0759 32.4399 0
      vertex 83.4333 32.6008 21.6
      vertex 84.0759 32.4399 21.6
    endloop
  endfacet
  facet normal 0.242891 0.970054 0
    outer loop
      vertex 83.4333 32.6008 21.6
      vertex 84.0759 32.4399 0
      vertex 83.4333 32.6008 0
    endloop
  endfacet
  facet normal 0.148486 0.988915 -0
    outer loop
      vertex 83.4333 32.6008 0
      vertex 83.4 32.6058 21.6
      vertex 83.4333 32.6008 21.6
    endloop
  endfacet
  facet normal 0.148486 0.988915 0
    outer loop
      vertex 83.4 32.6058 21.6
      vertex 83.4333 32.6008 0
      vertex 83.4 32.6058 0
    endloop
  endfacet
  facet normal 1 -0 0
    outer loop
      vertex 83.4 32.6058 21.6
      vertex 83.4 76.3942 0
      vertex 83.4 76.3942 21.6
    endloop
  endfacet
  facet normal 1 0 0
    outer loop
      vertex 83.4 76.3942 0
      vertex 83.4 32.6058 21.6
      vertex 83.4 32.6058 0
    endloop
  endfacet
  facet normal 0.148486 -0.988915 0
    outer loop
      vertex 83.4 76.3942 0
      vertex 83.4333 76.3992 21.6
      vertex 83.4 76.3942 21.6
    endloop
  endfacet
  facet normal 0.148486 -0.988915 0
    outer loop
      vertex 83.4333 76.3992 21.6
      vertex 83.4 76.3942 0
      vertex 83.4333 76.3992 0
    endloop
  endfacet
  facet normal 0.242891 -0.970054 0
    outer loop
      vertex 83.4333 76.3992 0
      vertex 84.0759 76.5601 21.6
      vertex 83.4333 76.3992 21.6
    endloop
  endfacet
  facet normal 0.242891 -0.970054 0
    outer loop
      vertex 84.0759 76.5601 21.6
      vertex 83.4333 76.3992 0
      vertex 84.0759 76.5601 0
    endloop
  endfacet
  facet normal 0.336939 -0.941527 0
    outer loop
      vertex 84.0759 76.5601 0
      vertex 84.6996 76.7833 21.6
      vertex 84.0759 76.5601 21.6
    endloop
  endfacet
  facet normal 0.336939 -0.941527 0
    outer loop
      vertex 84.6996 76.7833 21.6
      vertex 84.0759 76.5601 0
      vertex 84.6996 76.7833 0
    endloop
  endfacet
  facet normal 0.427541 -0.903996 0
    outer loop
      vertex 84.6996 76.7833 0
      vertex 85.2984 77.0665 21.6
      vertex 84.6996 76.7833 21.6
    endloop
  endfacet
  facet normal 0.427541 -0.903996 0
    outer loop
      vertex 85.2984 77.0665 21.6
      vertex 84.6996 76.7833 0
      vertex 85.2984 77.0665 0
    endloop
  endfacet
  facet normal 0.514029 -0.857773 0
    outer loop
      vertex 85.2984 77.0665 0
      vertex 85.8666 77.407 21.6
      vertex 85.2984 77.0665 21.6
    endloop
  endfacet
  facet normal 0.514029 -0.857773 0
    outer loop
      vertex 85.8666 77.407 21.6
      vertex 85.2984 77.0665 0
      vertex 85.8666 77.407 0
    endloop
  endfacet
  facet normal 0.595838 -0.803105 0
    outer loop
      vertex 85.8666 77.407 0
      vertex 86.3986 77.8017 21.6
      vertex 85.8666 77.407 21.6
    endloop
  endfacet
  facet normal 0.595838 -0.803105 0
    outer loop
      vertex 86.3986 77.8017 21.6
      vertex 85.8666 77.407 0
      vertex 86.3986 77.8017 0
    endloop
  endfacet
  facet normal 0.67153 -0.740978 0
    outer loop
      vertex 86.3986 77.8017 0
      vertex 86.8894 78.2465 21.6
      vertex 86.3986 77.8017 21.6
    endloop
  endfacet
  facet normal 0.67153 -0.740978 0
    outer loop
      vertex 86.8894 78.2465 21.6
      vertex 86.3986 77.8017 0
      vertex 86.8894 78.2465 0
    endloop
  endfacet
  facet normal 0.740902 -0.671613 0
    outer loop
      vertex 86.8894 78.2465 21.6
      vertex 87.3343 78.7373 0
      vertex 87.3343 78.7373 21.6
    endloop
  endfacet
  facet normal 0.740902 -0.671613 0
    outer loop
      vertex 87.3343 78.7373 0
      vertex 86.8894 78.2465 21.6
      vertex 86.8894 78.2465 0
    endloop
  endfacet
  facet normal 0.803231 -0.595668 0
    outer loop
      vertex 87.3343 78.7373 21.6
      vertex 87.7289 79.2694 0
      vertex 87.7289 79.2694 21.6
    endloop
  endfacet
  facet normal 0.803231 -0.595668 0
    outer loop
      vertex 87.7289 79.2694 0
      vertex 87.3343 78.7373 21.6
      vertex 87.3343 78.7373 0
    endloop
  endfacet
  facet normal 0.857733 -0.514096 0
    outer loop
      vertex 87.7289 79.2694 21.6
      vertex 88.0694 79.8375 0
      vertex 88.0694 79.8375 21.6
    endloop
  endfacet
  facet normal 0.857733 -0.514096 0
    outer loop
      vertex 88.0694 79.8375 0
      vertex 87.7289 79.2694 21.6
      vertex 87.7289 79.2694 0
    endloop
  endfacet
  facet normal 0.904023 -0.427483 0
    outer loop
      vertex 88.0694 79.8375 21.6
      vertex 88.3526 80.4364 0
      vertex 88.3526 80.4364 21.6
    endloop
  endfacet
  facet normal 0.904023 -0.427483 0
    outer loop
      vertex 88.3526 80.4364 0
      vertex 88.0694 79.8375 21.6
      vertex 88.0694 79.8375 0
    endloop
  endfacet
  facet normal 0.941509 -0.336987 0
    outer loop
      vertex 88.3526 80.4364 21.6
      vertex 88.5758 81.06 0
      vertex 88.5758 81.06 21.6
    endloop
  endfacet
  facet normal 0.941509 -0.336987 0
    outer loop
      vertex 88.5758 81.06 0
      vertex 88.3526 80.4364 21.6
      vertex 88.3526 80.4364 0
    endloop
  endfacet
  facet normal 0.970018 -0.243033 0
    outer loop
      vertex 88.5758 81.06 21.6
      vertex 88.7368 81.7026 0
      vertex 88.7368 81.7026 21.6
    endloop
  endfacet
  facet normal 0.970018 -0.243033 0
    outer loop
      vertex 88.7368 81.7026 0
      vertex 88.5758 81.06 21.6
      vertex 88.5758 81.06 0
    endloop
  endfacet
  facet normal 0.989174 -0.146746 0
    outer loop
      vertex 88.7368 81.7026 21.6
      vertex 88.834 82.3578 0
      vertex 88.834 82.3578 21.6
    endloop
  endfacet
  facet normal 0.989174 -0.146746 0
    outer loop
      vertex 88.834 82.3578 0
      vertex 88.7368 81.7026 21.6
      vertex 88.7368 81.7026 0
    endloop
  endfacet
  facet normal 0.998796 -0.0490568 0
    outer loop
      vertex 88.834 82.3578 21.6
      vertex 88.8665 83.0195 0
      vertex 88.8665 83.0195 21.6
    endloop
  endfacet
  facet normal 0.998796 -0.0490568 0
    outer loop
      vertex 88.8665 83.0195 0
      vertex 88.834 82.3578 21.6
      vertex 88.834 82.3578 0
    endloop
  endfacet
  facet normal 0.998796 0.0490642 0
    outer loop
      vertex 88.8665 83.0195 21.6
      vertex 88.834 83.6811 0
      vertex 88.834 83.6811 21.6
    endloop
  endfacet
  facet normal 0.998796 0.0490642 0
    outer loop
      vertex 88.834 83.6811 0
      vertex 88.8665 83.0195 21.6
      vertex 88.8665 83.0195 0
    endloop
  endfacet
  facet normal 0.989174 0.146746 0
    outer loop
      vertex 88.834 83.6811 21.6
      vertex 88.7368 84.3363 0
      vertex 88.7368 84.3363 21.6
    endloop
  endfacet
  facet normal 0.989174 0.146746 0
    outer loop
      vertex 88.7368 84.3363 0
      vertex 88.834 83.6811 21.6
      vertex 88.834 83.6811 0
    endloop
  endfacet
  facet normal 0.970018 0.243033 0
    outer loop
      vertex 88.7368 84.3363 21.6
      vertex 88.5758 84.9789 0
      vertex 88.5758 84.9789 21.6
    endloop
  endfacet
  facet normal 0.970018 0.243033 0
    outer loop
      vertex 88.5758 84.9789 0
      vertex 88.7368 84.3363 21.6
      vertex 88.7368 84.3363 0
    endloop
  endfacet
  facet normal 0.941527 0.336939 0
    outer loop
      vertex 88.5758 84.9789 21.6
      vertex 88.3526 85.6026 0
      vertex 88.3526 85.6026 21.6
    endloop
  endfacet
  facet normal 0.941527 0.336939 0
    outer loop
      vertex 88.3526 85.6026 0
      vertex 88.5758 84.9789 21.6
      vertex 88.5758 84.9789 0
    endloop
  endfacet
  facet normal 0.903996 0.427541 0
    outer loop
      vertex 88.3526 85.6026 21.6
      vertex 88.0694 86.2014 0
      vertex 88.0694 86.2014 21.6
    endloop
  endfacet
  facet normal 0.903996 0.427541 0
    outer loop
      vertex 88.0694 86.2014 0
      vertex 88.3526 85.6026 21.6
      vertex 88.3526 85.6026 0
    endloop
  endfacet
  facet normal 0.857773 0.514029 0
    outer loop
      vertex 88.0694 86.2014 21.6
      vertex 87.7289 86.7696 0
      vertex 87.7289 86.7696 21.6
    endloop
  endfacet
  facet normal 0.857773 0.514029 0
    outer loop
      vertex 87.7289 86.7696 0
      vertex 88.0694 86.2014 21.6
      vertex 88.0694 86.2014 0
    endloop
  endfacet
  facet normal 0.803177 0.59574 0
    outer loop
      vertex 87.7289 86.7696 21.6
      vertex 87.3343 87.3016 0
      vertex 87.3343 87.3016 21.6
    endloop
  endfacet
  facet normal 0.803177 0.59574 0
    outer loop
      vertex 87.3343 87.3016 0
      vertex 87.7289 86.7696 21.6
      vertex 87.7289 86.7696 0
    endloop
  endfacet
  facet normal 0.740902 0.671613 0
    outer loop
      vertex 87.3343 87.3016 21.6
      vertex 86.8894 87.7924 0
      vertex 86.8894 87.7924 21.6
    endloop
  endfacet
  facet normal 0.740902 0.671613 0
    outer loop
      vertex 86.8894 87.7924 0
      vertex 87.3343 87.3016 21.6
      vertex 87.3343 87.3016 0
    endloop
  endfacet
  facet normal 0.671613 0.740902 -0
    outer loop
      vertex 86.8894 87.7924 0
      vertex 86.3986 88.2373 21.6
      vertex 86.8894 87.7924 21.6
    endloop
  endfacet
  facet normal 0.671613 0.740902 0
    outer loop
      vertex 86.3986 88.2373 21.6
      vertex 86.8894 87.7924 0
      vertex 86.3986 88.2373 0
    endloop
  endfacet
  facet normal 0.59574 0.803177 -0
    outer loop
      vertex 86.3986 88.2373 0
      vertex 85.8666 88.6319 21.6
      vertex 86.3986 88.2373 21.6
    endloop
  endfacet
  facet normal 0.59574 0.803177 0
    outer loop
      vertex 85.8666 88.6319 21.6
      vertex 86.3986 88.2373 0
      vertex 85.8666 88.6319 0
    endloop
  endfacet
  facet normal 0.514029 0.857773 -0
    outer loop
      vertex 85.8666 88.6319 0
      vertex 85.2984 88.9724 21.6
      vertex 85.8666 88.6319 21.6
    endloop
  endfacet
  facet normal 0.514029 0.857773 0
    outer loop
      vertex 85.2984 88.9724 21.6
      vertex 85.8666 88.6319 0
      vertex 85.2984 88.9724 0
    endloop
  endfacet
  facet normal 0.427541 0.903996 -0
    outer loop
      vertex 85.2984 88.9724 0
      vertex 84.6996 89.2556 21.6
      vertex 85.2984 88.9724 21.6
    endloop
  endfacet
  facet normal 0.427541 0.903996 0
    outer loop
      vertex 84.6996 89.2556 21.6
      vertex 85.2984 88.9724 0
      vertex 84.6996 89.2556 0
    endloop
  endfacet
  facet normal 0.336939 0.941527 -0
    outer loop
      vertex 84.6996 89.2556 0
      vertex 84.0759 89.4788 21.6
      vertex 84.6996 89.2556 21.6
    endloop
  endfacet
  facet normal 0.336939 0.941527 0
    outer loop
      vertex 84.0759 89.4788 21.6
      vertex 84.6996 89.2556 0
      vertex 84.0759 89.4788 0
    endloop
  endfacet
  facet normal 0.243033 0.970018 -0
    outer loop
      vertex 84.0759 89.4788 0
      vertex 83.4333 89.6398 21.6
      vertex 84.0759 89.4788 21.6
    endloop
  endfacet
  facet normal 0.243033 0.970018 0
    outer loop
      vertex 83.4333 89.6398 21.6
      vertex 84.0759 89.4788 0
      vertex 83.4333 89.6398 0
    endloop
  endfacet
  facet normal 0.146746 0.989174 -0
    outer loop
      vertex 83.4333 89.6398 0
      vertex 82.7781 89.737 21.6
      vertex 83.4333 89.6398 21.6
    endloop
  endfacet
  facet normal 0.146746 0.989174 0
    outer loop
      vertex 82.7781 89.737 21.6
      vertex 83.4333 89.6398 0
      vertex 82.7781 89.737 0
    endloop
  endfacet
  facet normal 0.0490642 0.998796 -0
    outer loop
      vertex 82.7781 89.737 0
      vertex 82.1165 89.7695 21.6
      vertex 82.7781 89.737 21.6
    endloop
  endfacet
  facet normal 0.0490642 0.998796 0
    outer loop
      vertex 82.1165 89.7695 21.6
      vertex 82.7781 89.737 0
      vertex 82.1165 89.7695 0
    endloop
  endfacet
  facet normal -0.0490568 0.998796 0
    outer loop
      vertex 82.1165 89.7695 0
      vertex 81.4548 89.737 21.6
      vertex 82.1165 89.7695 21.6
    endloop
  endfacet
  facet normal -0.0490568 0.998796 0
    outer loop
      vertex 81.4548 89.737 21.6
      vertex 82.1165 89.7695 0
      vertex 81.4548 89.737 0
    endloop
  endfacet
  facet normal -0.146746 0.989174 0
    outer loop
      vertex 81.4548 89.737 0
      vertex 80.7996 89.6398 21.6
      vertex 81.4548 89.737 21.6
    endloop
  endfacet
  facet normal -0.146746 0.989174 0
    outer loop
      vertex 80.7996 89.6398 21.6
      vertex 81.4548 89.737 0
      vertex 80.7996 89.6398 0
    endloop
  endfacet
  facet normal -0.243033 0.970018 0
    outer loop
      vertex 80.7996 89.6398 0
      vertex 80.157 89.4788 21.6
      vertex 80.7996 89.6398 21.6
    endloop
  endfacet
  facet normal -0.243033 0.970018 0
    outer loop
      vertex 80.157 89.4788 21.6
      vertex 80.7996 89.6398 0
      vertex 80.157 89.4788 0
    endloop
  endfacet
  facet normal -0.336987 0.941509 0
    outer loop
      vertex 80.157 89.4788 0
      vertex 79.5334 89.2556 21.6
      vertex 80.157 89.4788 21.6
    endloop
  endfacet
  facet normal -0.336987 0.941509 0
    outer loop
      vertex 79.5334 89.2556 21.6
      vertex 80.157 89.4788 0
      vertex 79.5334 89.2556 0
    endloop
  endfacet
  facet normal -0.427483 0.904023 0
    outer loop
      vertex 79.5334 89.2556 0
      vertex 78.9345 88.9724 21.6
      vertex 79.5334 89.2556 21.6
    endloop
  endfacet
  facet normal -0.427483 0.904023 0
    outer loop
      vertex 78.9345 88.9724 21.6
      vertex 79.5334 89.2556 0
      vertex 78.9345 88.9724 0
    endloop
  endfacet
  facet normal -0.514096 0.857733 0
    outer loop
      vertex 78.9345 88.9724 0
      vertex 78.3664 88.6319 21.6
      vertex 78.9345 88.9724 21.6
    endloop
  endfacet
  facet normal -0.514096 0.857733 0
    outer loop
      vertex 78.3664 88.6319 21.6
      vertex 78.9345 88.9724 0
      vertex 78.3664 88.6319 0
    endloop
  endfacet
  facet normal -0.595668 0.803231 0
    outer loop
      vertex 78.3664 88.6319 0
      vertex 77.8343 88.2373 21.6
      vertex 78.3664 88.6319 21.6
    endloop
  endfacet
  facet normal -0.595668 0.803231 0
    outer loop
      vertex 77.8343 88.2373 21.6
      vertex 78.3664 88.6319 0
      vertex 77.8343 88.2373 0
    endloop
  endfacet
  facet normal -0.671613 0.740902 0
    outer loop
      vertex 77.8343 88.2373 0
      vertex 77.3435 87.7924 21.6
      vertex 77.8343 88.2373 21.6
    endloop
  endfacet
  facet normal -0.671613 0.740902 0
    outer loop
      vertex 77.3435 87.7924 21.6
      vertex 77.8343 88.2373 0
      vertex 77.3435 87.7924 0
    endloop
  endfacet
  facet normal -0.740978 0.67153 0
    outer loop
      vertex 76.8987 87.3016 0
      vertex 77.3435 87.7924 21.6
      vertex 77.3435 87.7924 0
    endloop
  endfacet
  facet normal -0.740978 0.67153 0
    outer loop
      vertex 77.3435 87.7924 21.6
      vertex 76.8987 87.3016 0
      vertex 76.8987 87.3016 21.6
    endloop
  endfacet
  facet normal -0.803105 0.595838 0
    outer loop
      vertex 76.504 86.7696 0
      vertex 76.8987 87.3016 21.6
      vertex 76.8987 87.3016 0
    endloop
  endfacet
  facet normal -0.803105 0.595838 0
    outer loop
      vertex 76.8987 87.3016 21.6
      vertex 76.504 86.7696 0
      vertex 76.504 86.7696 21.6
    endloop
  endfacet
  facet normal -0.857773 0.514029 0
    outer loop
      vertex 76.1635 86.2014 0
      vertex 76.504 86.7696 21.6
      vertex 76.504 86.7696 0
    endloop
  endfacet
  facet normal -0.857773 0.514029 0
    outer loop
      vertex 76.504 86.7696 21.6
      vertex 76.1635 86.2014 0
      vertex 76.1635 86.2014 21.6
    endloop
  endfacet
  facet normal -0.903996 0.427541 0
    outer loop
      vertex 75.8803 85.6026 0
      vertex 76.1635 86.2014 21.6
      vertex 76.1635 86.2014 0
    endloop
  endfacet
  facet normal -0.903996 0.427541 0
    outer loop
      vertex 76.1635 86.2014 21.6
      vertex 75.8803 85.6026 0
      vertex 75.8803 85.6026 21.6
    endloop
  endfacet
  facet normal -0.941527 0.336939 0
    outer loop
      vertex 75.6571 84.9789 0
      vertex 75.8803 85.6026 21.6
      vertex 75.8803 85.6026 0
    endloop
  endfacet
  facet normal -0.941527 0.336939 0
    outer loop
      vertex 75.8803 85.6026 21.6
      vertex 75.6571 84.9789 0
      vertex 75.6571 84.9789 21.6
    endloop
  endfacet
  facet normal -0.970054 0.242891 0
    outer loop
      vertex 75.4962 84.3363 0
      vertex 75.6571 84.9789 21.6
      vertex 75.6571 84.9789 0
    endloop
  endfacet
  facet normal -0.970054 0.242891 0
    outer loop
      vertex 75.6571 84.9789 21.6
      vertex 75.4962 84.3363 0
      vertex 75.4962 84.3363 21.6
    endloop
  endfacet
  facet normal -0.988915 0.148486 0
    outer loop
      vertex 75.4912 84.303 0
      vertex 75.4962 84.3363 21.6
      vertex 75.4962 84.3363 0
    endloop
  endfacet
  facet normal -0.988915 0.148486 0
    outer loop
      vertex 75.4962 84.3363 21.6
      vertex 75.4912 84.303 0
      vertex 75.4912 84.303 21.6
    endloop
  endfacet
  facet normal 0 1 -0
    outer loop
      vertex 75.4912 84.303 0
      vertex 31.6058 84.303 21.6
      vertex 75.4912 84.303 21.6
    endloop
  endfacet
  facet normal 0 1 0
    outer loop
      vertex 31.6058 84.303 21.6
      vertex 75.4912 84.303 0
      vertex 31.6058 84.303 0
    endloop
  endfacet
  facet normal 0.988915 0.148486 0
    outer loop
      vertex 31.6058 84.303 21.6
      vertex 31.6008 84.3363 0
      vertex 31.6008 84.3363 21.6
    endloop
  endfacet
  facet normal 0.988915 0.148486 0
    outer loop
      vertex 31.6008 84.3363 0
      vertex 31.6058 84.303 21.6
      vertex 31.6058 84.303 0
    endloop
  endfacet
  facet normal 0.970054 0.242891 0
    outer loop
      vertex 31.6008 84.3363 21.6
      vertex 31.4399 84.9789 0
      vertex 31.4399 84.9789 21.6
    endloop
  endfacet
  facet normal 0.970054 0.242891 0
    outer loop
      vertex 31.4399 84.9789 0
      vertex 31.6008 84.3363 21.6
      vertex 31.6008 84.3363 0
    endloop
  endfacet
  facet normal 0.941527 0.336939 0
    outer loop
      vertex 31.4399 84.9789 21.6
      vertex 31.2167 85.6026 0
      vertex 31.2167 85.6026 21.6
    endloop
  endfacet
  facet normal 0.941527 0.336939 0
    outer loop
      vertex 31.2167 85.6026 0
      vertex 31.4399 84.9789 21.6
      vertex 31.4399 84.9789 0
    endloop
  endfacet
  facet normal 0.903996 0.427541 0
    outer loop
      vertex 31.2167 85.6026 21.6
      vertex 30.9335 86.2014 0
      vertex 30.9335 86.2014 21.6
    endloop
  endfacet
  facet normal 0.903996 0.427541 0
    outer loop
      vertex 30.9335 86.2014 0
      vertex 31.2167 85.6026 21.6
      vertex 31.2167 85.6026 0
    endloop
  endfacet
  facet normal 0.857706 0.514141 0
    outer loop
      vertex 30.9335 86.2014 21.6
      vertex 30.5929 86.7696 0
      vertex 30.5929 86.7696 21.6
    endloop
  endfacet
  facet normal 0.857706 0.514141 0
    outer loop
      vertex 30.5929 86.7696 0
      vertex 30.9335 86.2014 21.6
      vertex 30.9335 86.2014 0
    endloop
  endfacet
  facet normal 0.803177 0.59574 0
    outer loop
      vertex 30.5929 86.7696 21.6
      vertex 30.1983 87.3016 0
      vertex 30.1983 87.3016 21.6
    endloop
  endfacet
  facet normal 0.803177 0.59574 0
    outer loop
      vertex 30.1983 87.3016 0
      vertex 30.5929 86.7696 21.6
      vertex 30.5929 86.7696 0
    endloop
  endfacet
  facet normal 0.740978 0.67153 0
    outer loop
      vertex 30.1983 87.3016 21.6
      vertex 29.7535 87.7924 0
      vertex 29.7535 87.7924 21.6
    endloop
  endfacet
  facet normal 0.740978 0.67153 0
    outer loop
      vertex 29.7535 87.7924 0
      vertex 30.1983 87.3016 21.6
      vertex 30.1983 87.3016 0
    endloop
  endfacet
  facet normal 0.671613 0.740902 -0
    outer loop
      vertex 29.7535 87.7924 0
      vertex 29.2627 88.2373 21.6
      vertex 29.7535 87.7924 21.6
    endloop
  endfacet
  facet normal 0.671613 0.740902 0
    outer loop
      vertex 29.2627 88.2373 21.6
      vertex 29.7535 87.7924 0
      vertex 29.2627 88.2373 0
    endloop
  endfacet
  facet normal 0.595668 0.803231 -0
    outer loop
      vertex 29.2627 88.2373 0
      vertex 28.7306 88.6319 21.6
      vertex 29.2627 88.2373 21.6
    endloop
  endfacet
  facet normal 0.595668 0.803231 0
    outer loop
      vertex 28.7306 88.6319 21.6
      vertex 29.2627 88.2373 0
      vertex 28.7306 88.6319 0
    endloop
  endfacet
  facet normal 0.514029 0.857773 -0
    outer loop
      vertex 28.7306 88.6319 0
      vertex 28.1624 88.9724 21.6
      vertex 28.7306 88.6319 21.6
    endloop
  endfacet
  facet normal 0.514029 0.857773 0
    outer loop
      vertex 28.1624 88.9724 21.6
      vertex 28.7306 88.6319 0
      vertex 28.1624 88.9724 0
    endloop
  endfacet
  facet normal 0.427541 0.903996 -0
    outer loop
      vertex 28.1624 88.9724 0
      vertex 27.5636 89.2556 21.6
      vertex 28.1624 88.9724 21.6
    endloop
  endfacet
  facet normal 0.427541 0.903996 0
    outer loop
      vertex 27.5636 89.2556 21.6
      vertex 28.1624 88.9724 0
      vertex 27.5636 89.2556 0
    endloop
  endfacet
  facet normal 0.336939 0.941527 -0
    outer loop
      vertex 27.5636 89.2556 0
      vertex 26.9399 89.4788 21.6
      vertex 27.5636 89.2556 21.6
    endloop
  endfacet
  facet normal 0.336939 0.941527 0
    outer loop
      vertex 26.9399 89.4788 21.6
      vertex 27.5636 89.2556 0
      vertex 26.9399 89.4788 0
    endloop
  endfacet
  facet normal 0.243068 0.970009 -0
    outer loop
      vertex 26.9399 89.4788 0
      vertex 26.2974 89.6398 21.6
      vertex 26.9399 89.4788 21.6
    endloop
  endfacet
  facet normal 0.243068 0.970009 0
    outer loop
      vertex 26.2974 89.6398 21.6
      vertex 26.9399 89.4788 0
      vertex 26.2974 89.6398 0
    endloop
  endfacet
  facet normal 0.146724 0.989178 -0
    outer loop
      vertex 26.2974 89.6398 0
      vertex 25.6421 89.737 21.6
      vertex 26.2974 89.6398 21.6
    endloop
  endfacet
  facet normal 0.146724 0.989178 0
    outer loop
      vertex 25.6421 89.737 21.6
      vertex 26.2974 89.6398 0
      vertex 25.6421 89.737 0
    endloop
  endfacet
  facet normal 0.0490642 0.998796 -0
    outer loop
      vertex 25.6421 89.737 0
      vertex 24.9805 89.7695 21.6
      vertex 25.6421 89.737 21.6
    endloop
  endfacet
  facet normal 0.0490642 0.998796 0
    outer loop
      vertex 24.9805 89.7695 21.6
      vertex 25.6421 89.737 0
      vertex 24.9805 89.7695 0
    endloop
  endfacet
  facet normal -0.0490642 0.998796 0
    outer loop
      vertex 24.9805 89.7695 0
      vertex 24.3189 89.737 21.6
      vertex 24.9805 89.7695 21.6
    endloop
  endfacet
  facet normal -0.0490642 0.998796 0
    outer loop
      vertex 24.3189 89.737 21.6
      vertex 24.9805 89.7695 0
      vertex 24.3189 89.737 0
    endloop
  endfacet
  facet normal -0.146746 0.989174 0
    outer loop
      vertex 24.3189 89.737 0
      vertex 23.6637 89.6398 21.6
      vertex 24.3189 89.737 21.6
    endloop
  endfacet
  facet normal -0.146746 0.989174 0
    outer loop
      vertex 23.6637 89.6398 21.6
      vertex 24.3189 89.737 0
      vertex 23.6637 89.6398 0
    endloop
  endfacet
  facet normal -0.243033 0.970018 0
    outer loop
      vertex 23.6637 89.6398 0
      vertex 23.0211 89.4788 21.6
      vertex 23.6637 89.6398 21.6
    endloop
  endfacet
  facet normal -0.243033 0.970018 0
    outer loop
      vertex 23.0211 89.4788 21.6
      vertex 23.6637 89.6398 0
      vertex 23.0211 89.4788 0
    endloop
  endfacet
  facet normal -0.336939 0.941527 0
    outer loop
      vertex 23.0211 89.4788 0
      vertex 22.3974 89.2556 21.6
      vertex 23.0211 89.4788 21.6
    endloop
  endfacet
  facet normal -0.336939 0.941527 0
    outer loop
      vertex 22.3974 89.2556 21.6
      vertex 23.0211 89.4788 0
      vertex 22.3974 89.2556 0
    endloop
  endfacet
  facet normal -0.427541 0.903996 0
    outer loop
      vertex 22.3974 89.2556 0
      vertex 21.7986 88.9724 21.6
      vertex 22.3974 89.2556 21.6
    endloop
  endfacet
  facet normal -0.427541 0.903996 0
    outer loop
      vertex 21.7986 88.9724 21.6
      vertex 22.3974 89.2556 0
      vertex 21.7986 88.9724 0
    endloop
  endfacet
  facet normal -0.514029 0.857773 0
    outer loop
      vertex 21.7986 88.9724 0
      vertex 21.2304 88.6319 21.6
      vertex 21.7986 88.9724 21.6
    endloop
  endfacet
  facet normal -0.514029 0.857773 0
    outer loop
      vertex 21.2304 88.6319 21.6
      vertex 21.7986 88.9724 0
      vertex 21.2304 88.6319 0
    endloop
  endfacet
  facet normal -0.59574 0.803177 0
    outer loop
      vertex 21.2304 88.6319 0
      vertex 20.6984 88.2373 21.6
      vertex 21.2304 88.6319 21.6
    endloop
  endfacet
  facet normal -0.59574 0.803177 0
    outer loop
      vertex 20.6984 88.2373 21.6
      vertex 21.2304 88.6319 0
      vertex 20.6984 88.2373 0
    endloop
  endfacet
  facet normal -0.671613 0.740902 0
    outer loop
      vertex 20.6984 88.2373 0
      vertex 20.2076 87.7924 21.6
      vertex 20.6984 88.2373 21.6
    endloop
  endfacet
  facet normal -0.671613 0.740902 0
    outer loop
      vertex 20.2076 87.7924 21.6
      vertex 20.6984 88.2373 0
      vertex 20.2076 87.7924 0
    endloop
  endfacet
  facet normal -0.740902 0.671613 0
    outer loop
      vertex 19.7627 87.3016 0
      vertex 20.2076 87.7924 21.6
      vertex 20.2076 87.7924 0
    endloop
  endfacet
  facet normal -0.740902 0.671613 0
    outer loop
      vertex 20.2076 87.7924 21.6
      vertex 19.7627 87.3016 0
      vertex 19.7627 87.3016 21.6
    endloop
  endfacet
  facet normal -0.803177 0.59574 0
    outer loop
      vertex 19.3681 86.7696 0
      vertex 19.7627 87.3016 21.6
      vertex 19.7627 87.3016 0
    endloop
  endfacet
  facet normal -0.803177 0.59574 0
    outer loop
      vertex 19.7627 87.3016 21.6
      vertex 19.3681 86.7696 0
      vertex 19.3681 86.7696 21.6
    endloop
  endfacet
  facet normal -0.857773 0.514029 0
    outer loop
      vertex 19.0276 86.2014 0
      vertex 19.3681 86.7696 21.6
      vertex 19.3681 86.7696 0
    endloop
  endfacet
  facet normal -0.857773 0.514029 0
    outer loop
      vertex 19.3681 86.7696 21.6
      vertex 19.0276 86.2014 0
      vertex 19.0276 86.2014 21.6
    endloop
  endfacet
  facet normal -0.903938 0.427665 0
    outer loop
      vertex 18.7443 85.6026 0
      vertex 19.0276 86.2014 21.6
      vertex 19.0276 86.2014 0
    endloop
  endfacet
  facet normal -0.903938 0.427665 0
    outer loop
      vertex 19.0276 86.2014 21.6
      vertex 18.7443 85.6026 0
      vertex 18.7443 85.6026 21.6
    endloop
  endfacet
  facet normal -0.941574 0.336805 0
    outer loop
      vertex 18.5212 84.9789 0
      vertex 18.7443 85.6026 21.6
      vertex 18.7443 85.6026 0
    endloop
  endfacet
  facet normal -0.941574 0.336805 0
    outer loop
      vertex 18.7443 85.6026 21.6
      vertex 18.5212 84.9789 0
      vertex 18.5212 84.9789 21.6
    endloop
  endfacet
  facet normal -0.970018 0.243033 0
    outer loop
      vertex 18.3602 84.3363 0
      vertex 18.5212 84.9789 21.6
      vertex 18.5212 84.9789 0
    endloop
  endfacet
  facet normal -0.970018 0.243033 0
    outer loop
      vertex 18.5212 84.9789 21.6
      vertex 18.3602 84.3363 0
      vertex 18.3602 84.3363 21.6
    endloop
  endfacet
  facet normal -0.989174 0.146746 0
    outer loop
      vertex 18.263 83.6811 0
      vertex 18.3602 84.3363 21.6
      vertex 18.3602 84.3363 0
    endloop
  endfacet
  facet normal -0.989174 0.146746 0
    outer loop
      vertex 18.3602 84.3363 21.6
      vertex 18.263 83.6811 0
      vertex 18.263 83.6811 21.6
    endloop
  endfacet
  facet normal -0.998796 0.0490642 0
    outer loop
      vertex 18.2305 83.0195 0
      vertex 18.263 83.6811 21.6
      vertex 18.263 83.6811 0
    endloop
  endfacet
  facet normal -0.998796 0.0490642 0
    outer loop
      vertex 18.263 83.6811 21.6
      vertex 18.2305 83.0195 0
      vertex 18.2305 83.0195 21.6
    endloop
  endfacet
  facet normal -0.998796 -0.0490568 0
    outer loop
      vertex 18.263 82.3578 0
      vertex 18.2305 83.0195 21.6
      vertex 18.2305 83.0195 0
    endloop
  endfacet
  facet normal -0.998796 -0.0490568 0
    outer loop
      vertex 18.2305 83.0195 21.6
      vertex 18.263 82.3578 0
      vertex 18.263 82.3578 21.6
    endloop
  endfacet
  facet normal -0.989174 -0.146746 0
    outer loop
      vertex 18.3602 81.7026 0
      vertex 18.263 82.3578 21.6
      vertex 18.263 82.3578 0
    endloop
  endfacet
  facet normal -0.989174 -0.146746 0
    outer loop
      vertex 18.263 82.3578 21.6
      vertex 18.3602 81.7026 0
      vertex 18.3602 81.7026 21.6
    endloop
  endfacet
  facet normal -0.970018 -0.243033 0
    outer loop
      vertex 18.5212 81.06 0
      vertex 18.3602 81.7026 21.6
      vertex 18.3602 81.7026 0
    endloop
  endfacet
  facet normal -0.970018 -0.243033 0
    outer loop
      vertex 18.3602 81.7026 21.6
      vertex 18.5212 81.06 0
      vertex 18.5212 81.06 21.6
    endloop
  endfacet
  facet normal -0.941557 -0.336853 0
    outer loop
      vertex 18.7443 80.4364 0
      vertex 18.5212 81.06 21.6
      vertex 18.5212 81.06 0
    endloop
  endfacet
  facet normal -0.941557 -0.336853 0
    outer loop
      vertex 18.5212 81.06 21.6
      vertex 18.7443 80.4364 0
      vertex 18.7443 80.4364 21.6
    endloop
  endfacet
  facet normal -0.903965 -0.427606 0
    outer loop
      vertex 19.0276 79.8375 0
      vertex 18.7443 80.4364 21.6
      vertex 18.7443 80.4364 0
    endloop
  endfacet
  facet normal -0.903965 -0.427606 0
    outer loop
      vertex 18.7443 80.4364 21.6
      vertex 19.0276 79.8375 0
      vertex 19.0276 79.8375 21.6
    endloop
  endfacet
  facet normal -0.857733 -0.514096 0
    outer loop
      vertex 19.3681 79.2694 0
      vertex 19.0276 79.8375 21.6
      vertex 19.0276 79.8375 0
    endloop
  endfacet
  facet normal -0.857733 -0.514096 0
    outer loop
      vertex 19.0276 79.8375 21.6
      vertex 19.3681 79.2694 0
      vertex 19.3681 79.2694 21.6
    endloop
  endfacet
  facet normal -0.803231 -0.595668 0
    outer loop
      vertex 19.7627 78.7373 0
      vertex 19.3681 79.2694 21.6
      vertex 19.3681 79.2694 0
    endloop
  endfacet
  facet normal -0.803231 -0.595668 0
    outer loop
      vertex 19.3681 79.2694 21.6
      vertex 19.7627 78.7373 0
      vertex 19.7627 78.7373 21.6
    endloop
  endfacet
  facet normal -0.740902 -0.671613 0
    outer loop
      vertex 20.2076 78.2465 0
      vertex 19.7627 78.7373 21.6
      vertex 19.7627 78.7373 0
    endloop
  endfacet
  facet normal -0.740902 -0.671613 0
    outer loop
      vertex 19.7627 78.7373 21.6
      vertex 20.2076 78.2465 0
      vertex 20.2076 78.2465 21.6
    endloop
  endfacet
  facet normal -0.67153 -0.740978 0
    outer loop
      vertex 20.2076 78.2465 0
      vertex 20.6984 77.8017 21.6
      vertex 20.2076 78.2465 21.6
    endloop
  endfacet
  facet normal -0.67153 -0.740978 -0
    outer loop
      vertex 20.6984 77.8017 21.6
      vertex 20.2076 78.2465 0
      vertex 20.6984 77.8017 0
    endloop
  endfacet
  facet normal -0.595838 -0.803105 0
    outer loop
      vertex 20.6984 77.8017 0
      vertex 21.2304 77.407 21.6
      vertex 20.6984 77.8017 21.6
    endloop
  endfacet
  facet normal -0.595838 -0.803105 -0
    outer loop
      vertex 21.2304 77.407 21.6
      vertex 20.6984 77.8017 0
      vertex 21.2304 77.407 0
    endloop
  endfacet
  facet normal -0.514029 -0.857773 0
    outer loop
      vertex 21.2304 77.407 0
      vertex 21.7986 77.0665 21.6
      vertex 21.2304 77.407 21.6
    endloop
  endfacet
  facet normal -0.514029 -0.857773 -0
    outer loop
      vertex 21.7986 77.0665 21.6
      vertex 21.2304 77.407 0
      vertex 21.7986 77.0665 0
    endloop
  endfacet
  facet normal -0.427541 -0.903996 0
    outer loop
      vertex 21.7986 77.0665 0
      vertex 22.3974 76.7833 21.6
      vertex 21.7986 77.0665 21.6
    endloop
  endfacet
  facet normal -0.427541 -0.903996 -0
    outer loop
      vertex 22.3974 76.7833 21.6
      vertex 21.7986 77.0665 0
      vertex 22.3974 76.7833 0
    endloop
  endfacet
  facet normal -0.336939 -0.941527 0
    outer loop
      vertex 22.3974 76.7833 0
      vertex 23.0211 76.5601 21.6
      vertex 22.3974 76.7833 21.6
    endloop
  endfacet
  facet normal -0.336939 -0.941527 -0
    outer loop
      vertex 23.0211 76.5601 21.6
      vertex 22.3974 76.7833 0
      vertex 23.0211 76.5601 0
    endloop
  endfacet
  facet normal -0.242891 -0.970054 0
    outer loop
      vertex 23.0211 76.5601 0
      vertex 23.6637 76.3992 21.6
      vertex 23.0211 76.5601 21.6
    endloop
  endfacet
  facet normal -0.242891 -0.970054 -0
    outer loop
      vertex 23.6637 76.3992 21.6
      vertex 23.0211 76.5601 0
      vertex 23.6637 76.3992 0
    endloop
  endfacet
  facet normal -0.148486 -0.988915 0
    outer loop
      vertex 23.6637 76.3992 0
      vertex 23.697 76.3942 21.6
      vertex 23.6637 76.3992 21.6
    endloop
  endfacet
  facet normal -0.148486 -0.988915 -0
    outer loop
      vertex 23.697 76.3942 21.6
      vertex 23.6637 76.3992 0
      vertex 23.697 76.3942 0
    endloop
  endfacet
  facet normal -1 0 0
    outer loop
      vertex 23.697 76.3942 0
      vertex 23.697 60.5 7.4
      vertex 23.697 76.3942 21.6
    endloop
  endfacet
  facet normal -1 0 0
    outer loop
      vertex 23.697 76.3942 0
      vertex 23.697 48.5 7.4
      vertex 23.697 60.5 7.4
    endloop
  endfacet
  facet normal -1 0 0
    outer loop
      vertex 23.697 32.6058 21.6
      vertex 23.697 48.5 7.4
      vertex 23.697 32.6058 0
    endloop
  endfacet
  facet normal -1 0 0
    outer loop
      vertex 23.697 32.6058 0
      vertex 23.697 48.5 7.4
      vertex 23.697 76.3942 0
    endloop
  endfacet
  facet normal -1 0 0
    outer loop
      vertex 23.697 60.5 14.4
      vertex 23.697 76.3942 21.6
      vertex 23.697 60.5 7.4
    endloop
  endfacet
  facet normal -1 0 0
    outer loop
      vertex 23.697 48.5 14.4
      vertex 23.697 76.3942 21.6
      vertex 23.697 60.5 14.4
    endloop
  endfacet
  facet normal -1 0 0
    outer loop
      vertex 23.697 48.5 14.4
      vertex 23.697 32.6058 21.6
      vertex 23.697 76.3942 21.6
    endloop
  endfacet
  facet normal -1 0 0
    outer loop
      vertex 23.697 48.5 7.4
      vertex 23.697 32.6058 21.6
      vertex 23.697 48.5 14.4
    endloop
  endfacet
  facet normal -0.148486 0.988915 0
    outer loop
      vertex 23.697 32.6058 0
      vertex 23.6637 32.6008 21.6
      vertex 23.697 32.6058 21.6
    endloop
  endfacet
  facet normal -0.148486 0.988915 0
    outer loop
      vertex 23.6637 32.6008 21.6
      vertex 23.697 32.6058 0
      vertex 23.6637 32.6008 0
    endloop
  endfacet
  facet normal -0.242891 0.970054 0
    outer loop
      vertex 23.6637 32.6008 0
      vertex 23.0211 32.4399 21.6
      vertex 23.6637 32.6008 21.6
    endloop
  endfacet
  facet normal -0.242891 0.970054 0
    outer loop
      vertex 23.0211 32.4399 21.6
      vertex 23.6637 32.6008 0
      vertex 23.0211 32.4399 0
    endloop
  endfacet
  facet normal -0.336939 0.941527 0
    outer loop
      vertex 23.0211 32.4399 0
      vertex 22.3974 32.2167 21.6
      vertex 23.0211 32.4399 21.6
    endloop
  endfacet
  facet normal -0.336939 0.941527 0
    outer loop
      vertex 22.3974 32.2167 21.6
      vertex 23.0211 32.4399 0
      vertex 22.3974 32.2167 0
    endloop
  endfacet
  facet normal -0.427541 0.903996 0
    outer loop
      vertex 22.3974 32.2167 0
      vertex 21.7986 31.9335 21.6
      vertex 22.3974 32.2167 21.6
    endloop
  endfacet
  facet normal -0.427541 0.903996 0
    outer loop
      vertex 21.7986 31.9335 21.6
      vertex 22.3974 32.2167 0
      vertex 21.7986 31.9335 0
    endloop
  endfacet
  facet normal -0.514141 0.857706 0
    outer loop
      vertex 21.7986 31.9335 0
      vertex 21.2304 31.5929 21.6
      vertex 21.7986 31.9335 21.6
    endloop
  endfacet
  facet normal -0.514141 0.857706 0
    outer loop
      vertex 21.2304 31.5929 21.6
      vertex 21.7986 31.9335 0
      vertex 21.2304 31.5929 0
    endloop
  endfacet
  facet normal -0.59574 0.803177 0
    outer loop
      vertex 21.2304 31.5929 0
      vertex 20.6984 31.1983 21.6
      vertex 21.2304 31.5929 21.6
    endloop
  endfacet
  facet normal -0.59574 0.803177 0
    outer loop
      vertex 20.6984 31.1983 21.6
      vertex 21.2304 31.5929 0
      vertex 20.6984 31.1983 0
    endloop
  endfacet
  facet normal -0.67153 0.740978 0
    outer loop
      vertex 20.6984 31.1983 0
      vertex 20.2076 30.7535 21.6
      vertex 20.6984 31.1983 21.6
    endloop
  endfacet
  facet normal -0.67153 0.740978 0
    outer loop
      vertex 20.2076 30.7535 21.6
      vertex 20.6984 31.1983 0
      vertex 20.2076 30.7535 0
    endloop
  endfacet
  facet normal -0.740902 0.671613 0
    outer loop
      vertex 19.7627 30.2627 0
      vertex 20.2076 30.7535 21.6
      vertex 20.2076 30.7535 0
    endloop
  endfacet
  facet normal -0.740902 0.671613 0
    outer loop
      vertex 20.2076 30.7535 21.6
      vertex 19.7627 30.2627 0
      vertex 19.7627 30.2627 21.6
    endloop
  endfacet
  facet normal -0.803231 0.595668 0
    outer loop
      vertex 19.3681 29.7306 0
      vertex 19.7627 30.2627 21.6
      vertex 19.7627 30.2627 0
    endloop
  endfacet
  facet normal -0.803231 0.595668 0
    outer loop
      vertex 19.7627 30.2627 21.6
      vertex 19.3681 29.7306 0
      vertex 19.3681 29.7306 21.6
    endloop
  endfacet
  facet normal -0.857773 0.514029 0
    outer loop
      vertex 19.0276 29.1624 0
      vertex 19.3681 29.7306 21.6
      vertex 19.3681 29.7306 0
    endloop
  endfacet
  facet normal -0.857773 0.514029 0
    outer loop
      vertex 19.3681 29.7306 21.6
      vertex 19.0276 29.1624 0
      vertex 19.0276 29.1624 21.6
    endloop
  endfacet
  facet normal -0.903938 0.427665 0
    outer loop
      vertex 18.7443 28.5636 0
      vertex 19.0276 29.1624 21.6
      vertex 19.0276 29.1624 0
    endloop
  endfacet
  facet normal -0.903938 0.427665 0
    outer loop
      vertex 19.0276 29.1624 21.6
      vertex 18.7443 28.5636 0
      vertex 18.7443 28.5636 21.6
    endloop
  endfacet
  facet normal -0.941574 0.336805 0
    outer loop
      vertex 18.5212 27.9399 0
      vertex 18.7443 28.5636 21.6
      vertex 18.7443 28.5636 0
    endloop
  endfacet
  facet normal -0.941574 0.336805 0
    outer loop
      vertex 18.7443 28.5636 21.6
      vertex 18.5212 27.9399 0
      vertex 18.5212 27.9399 21.6
    endloop
  endfacet
  facet normal -0.970009 0.243068 0
    outer loop
      vertex 18.3602 27.2974 0
      vertex 18.5212 27.9399 21.6
      vertex 18.5212 27.9399 0
    endloop
  endfacet
  facet normal -0.970009 0.243068 0
    outer loop
      vertex 18.5212 27.9399 21.6
      vertex 18.3602 27.2974 0
      vertex 18.3602 27.2974 21.6
    endloop
  endfacet
  facet normal -0.989178 0.146724 0
    outer loop
      vertex 18.263 26.6421 0
      vertex 18.3602 27.2974 21.6
      vertex 18.3602 27.2974 0
    endloop
  endfacet
  facet normal -0.989178 0.146724 0
    outer loop
      vertex 18.3602 27.2974 21.6
      vertex 18.263 26.6421 0
      vertex 18.263 26.6421 21.6
    endloop
  endfacet
  facet normal -0.998796 0.0490642 0
    outer loop
      vertex 18.2305 25.9805 0
      vertex 18.263 26.6421 21.6
      vertex 18.263 26.6421 0
    endloop
  endfacet
  facet normal -0.998796 0.0490642 0
    outer loop
      vertex 18.263 26.6421 21.6
      vertex 18.2305 25.9805 0
      vertex 18.2305 25.9805 21.6
    endloop
  endfacet
  facet normal -0.998796 -0.0490642 0
    outer loop
      vertex 18.263 25.3189 0
      vertex 18.2305 25.9805 21.6
      vertex 18.2305 25.9805 0
    endloop
  endfacet
  facet normal -0.998796 -0.0490642 0
    outer loop
      vertex 18.2305 25.9805 21.6
      vertex 18.263 25.3189 0
      vertex 18.263 25.3189 21.6
    endloop
  endfacet
  facet normal -0.989174 -0.146746 0
    outer loop
      vertex 18.3602 24.6637 0
      vertex 18.263 25.3189 21.6
      vertex 18.263 25.3189 0
    endloop
  endfacet
  facet normal -0.989174 -0.146746 0
    outer loop
      vertex 18.263 25.3189 21.6
      vertex 18.3602 24.6637 0
      vertex 18.3602 24.6637 21.6
    endloop
  endfacet
  facet normal -0.970018 -0.243033 0
    outer loop
      vertex 18.5212 24.0211 0
      vertex 18.3602 24.6637 21.6
      vertex 18.3602 24.6637 0
    endloop
  endfacet
  facet normal -0.970018 -0.243033 0
    outer loop
      vertex 18.3602 24.6637 21.6
      vertex 18.5212 24.0211 0
      vertex 18.5212 24.0211 21.6
    endloop
  endfacet
  facet normal -0.941574 -0.336805 0
    outer loop
      vertex 18.7443 23.3974 0
      vertex 18.5212 24.0211 21.6
      vertex 18.5212 24.0211 0
    endloop
  endfacet
  facet normal -0.941574 -0.336805 0
    outer loop
      vertex 18.5212 24.0211 21.6
      vertex 18.7443 23.3974 0
      vertex 18.7443 23.3974 21.6
    endloop
  endfacet
  facet normal -0.903938 -0.427665 0
    outer loop
      vertex 19.0276 22.7986 0
      vertex 18.7443 23.3974 21.6
      vertex 18.7443 23.3974 0
    endloop
  endfacet
  facet normal -0.903938 -0.427665 0
    outer loop
      vertex 18.7443 23.3974 21.6
      vertex 19.0276 22.7986 0
      vertex 19.0276 22.7986 21.6
    endloop
  endfacet
  facet normal -0.857773 -0.514029 0
    outer loop
      vertex 19.3681 22.2304 0
      vertex 19.0276 22.7986 21.6
      vertex 19.0276 22.7986 0
    endloop
  endfacet
  facet normal -0.857773 -0.514029 0
    outer loop
      vertex 19.0276 22.7986 21.6
      vertex 19.3681 22.2304 0
      vertex 19.3681 22.2304 21.6
    endloop
  endfacet
  facet normal -0.803177 -0.59574 0
    outer loop
      vertex 19.7627 21.6984 0
      vertex 19.3681 22.2304 21.6
      vertex 19.3681 22.2304 0
    endloop
  endfacet
  facet normal -0.803177 -0.59574 0
    outer loop
      vertex 19.3681 22.2304 21.6
      vertex 19.7627 21.6984 0
      vertex 19.7627 21.6984 21.6
    endloop
  endfacet
  facet normal -0.740902 -0.671613 0
    outer loop
      vertex 20.2076 21.2076 0
      vertex 19.7627 21.6984 21.6
      vertex 19.7627 21.6984 0
    endloop
  endfacet
  facet normal -0.740902 -0.671613 0
    outer loop
      vertex 19.7627 21.6984 21.6
      vertex 20.2076 21.2076 0
      vertex 20.2076 21.2076 21.6
    endloop
  endfacet
  facet normal -0.671613 -0.740902 0
    outer loop
      vertex 20.2076 21.2076 0
      vertex 20.6984 20.7627 21.6
      vertex 20.2076 21.2076 21.6
    endloop
  endfacet
  facet normal -0.671613 -0.740902 -0
    outer loop
      vertex 20.6984 20.7627 21.6
      vertex 20.2076 21.2076 0
      vertex 20.6984 20.7627 0
    endloop
  endfacet
  facet normal -0.59574 -0.803177 0
    outer loop
      vertex 20.6984 20.7627 0
      vertex 21.2304 20.3681 21.6
      vertex 20.6984 20.7627 21.6
    endloop
  endfacet
  facet normal -0.59574 -0.803177 -0
    outer loop
      vertex 21.2304 20.3681 21.6
      vertex 20.6984 20.7627 0
      vertex 21.2304 20.3681 0
    endloop
  endfacet
  facet normal -0.514029 -0.857773 0
    outer loop
      vertex 21.2304 20.3681 0
      vertex 21.7986 20.0276 21.6
      vertex 21.2304 20.3681 21.6
    endloop
  endfacet
  facet normal -0.514029 -0.857773 -0
    outer loop
      vertex 21.7986 20.0276 21.6
      vertex 21.2304 20.3681 0
      vertex 21.7986 20.0276 0
    endloop
  endfacet
  facet normal -0.427665 -0.903938 0
    outer loop
      vertex 21.7986 20.0276 0
      vertex 22.3974 19.7443 21.6
      vertex 21.7986 20.0276 21.6
    endloop
  endfacet
  facet normal -0.427665 -0.903938 -0
    outer loop
      vertex 22.3974 19.7443 21.6
      vertex 21.7986 20.0276 0
      vertex 22.3974 19.7443 0
    endloop
  endfacet
  facet normal -0.336805 -0.941574 0
    outer loop
      vertex 22.3974 19.7443 0
      vertex 23.0211 19.5212 21.6
      vertex 22.3974 19.7443 21.6
    endloop
  endfacet
  facet normal -0.336805 -0.941574 -0
    outer loop
      vertex 23.0211 19.5212 21.6
      vertex 22.3974 19.7443 0
      vertex 23.0211 19.5212 0
    endloop
  endfacet
  facet normal -0.243033 -0.970018 0
    outer loop
      vertex 23.0211 19.5212 0
      vertex 23.6637 19.3602 21.6
      vertex 23.0211 19.5212 21.6
    endloop
  endfacet
  facet normal -0.243033 -0.970018 -0
    outer loop
      vertex 23.6637 19.3602 21.6
      vertex 23.0211 19.5212 0
      vertex 23.6637 19.3602 0
    endloop
  endfacet
  facet normal -0.146746 -0.989174 0
    outer loop
      vertex 23.6637 19.3602 0
      vertex 24.3189 19.263 21.6
      vertex 23.6637 19.3602 21.6
    endloop
  endfacet
  facet normal -0.146746 -0.989174 -0
    outer loop
      vertex 24.3189 19.263 21.6
      vertex 23.6637 19.3602 0
      vertex 24.3189 19.263 0
    endloop
  endfacet
  facet normal -0.0490642 -0.998796 0
    outer loop
      vertex 24.3189 19.263 0
      vertex 24.9805 19.2305 21.6
      vertex 24.3189 19.263 21.6
    endloop
  endfacet
  facet normal -0.0490642 -0.998796 -0
    outer loop
      vertex 24.9805 19.2305 21.6
      vertex 24.3189 19.263 0
      vertex 24.9805 19.2305 0
    endloop
  endfacet
  facet normal 0.0490642 -0.998796 0
    outer loop
      vertex 24.9805 19.2305 0
      vertex 25.6421 19.263 21.6
      vertex 24.9805 19.2305 21.6
    endloop
  endfacet
  facet normal 0.0490642 -0.998796 0
    outer loop
      vertex 25.6421 19.263 21.6
      vertex 24.9805 19.2305 0
      vertex 25.6421 19.263 0
    endloop
  endfacet
  facet normal 0.146724 -0.989178 0
    outer loop
      vertex 25.6421 19.263 0
      vertex 26.2974 19.3602 21.6
      vertex 25.6421 19.263 21.6
    endloop
  endfacet
  facet normal 0.146724 -0.989178 0
    outer loop
      vertex 26.2974 19.3602 21.6
      vertex 25.6421 19.263 0
      vertex 26.2974 19.3602 0
    endloop
  endfacet
  facet normal 0.243068 -0.970009 0
    outer loop
      vertex 26.2974 19.3602 0
      vertex 26.9399 19.5212 21.6
      vertex 26.2974 19.3602 21.6
    endloop
  endfacet
  facet normal 0.243068 -0.970009 0
    outer loop
      vertex 26.9399 19.5212 21.6
      vertex 26.2974 19.3602 0
      vertex 26.9399 19.5212 0
    endloop
  endfacet
  facet normal 0.336805 -0.941574 0
    outer loop
      vertex 26.9399 19.5212 0
      vertex 27.5636 19.7443 21.6
      vertex 26.9399 19.5212 21.6
    endloop
  endfacet
  facet normal 0.336805 -0.941574 0
    outer loop
      vertex 27.5636 19.7443 21.6
      vertex 26.9399 19.5212 0
      vertex 27.5636 19.7443 0
    endloop
  endfacet
  facet normal 0.427665 -0.903938 0
    outer loop
      vertex 27.5636 19.7443 0
      vertex 28.1624 20.0276 21.6
      vertex 27.5636 19.7443 21.6
    endloop
  endfacet
  facet normal 0.427665 -0.903938 0
    outer loop
      vertex 28.1624 20.0276 21.6
      vertex 27.5636 19.7443 0
      vertex 28.1624 20.0276 0
    endloop
  endfacet
  facet normal 0.514029 -0.857773 0
    outer loop
      vertex 28.1624 20.0276 0
      vertex 28.7306 20.3681 21.6
      vertex 28.1624 20.0276 21.6
    endloop
  endfacet
  facet normal 0.514029 -0.857773 0
    outer loop
      vertex 28.7306 20.3681 21.6
      vertex 28.1624 20.0276 0
      vertex 28.7306 20.3681 0
    endloop
  endfacet
  facet normal 0.595668 -0.803231 0
    outer loop
      vertex 28.7306 20.3681 0
      vertex 29.2627 20.7627 21.6
      vertex 28.7306 20.3681 21.6
    endloop
  endfacet
  facet normal 0.595668 -0.803231 0
    outer loop
      vertex 29.2627 20.7627 21.6
      vertex 28.7306 20.3681 0
      vertex 29.2627 20.7627 0
    endloop
  endfacet
  facet normal 0.671613 -0.740902 0
    outer loop
      vertex 29.2627 20.7627 0
      vertex 29.7535 21.2076 21.6
      vertex 29.2627 20.7627 21.6
    endloop
  endfacet
  facet normal 0.671613 -0.740902 0
    outer loop
      vertex 29.7535 21.2076 21.6
      vertex 29.2627 20.7627 0
      vertex 29.7535 21.2076 0
    endloop
  endfacet
  facet normal 0.740978 -0.67153 0
    outer loop
      vertex 29.7535 21.2076 21.6
      vertex 30.1983 21.6984 0
      vertex 30.1983 21.6984 21.6
    endloop
  endfacet
  facet normal 0.740978 -0.67153 0
    outer loop
      vertex 30.1983 21.6984 0
      vertex 29.7535 21.2076 21.6
      vertex 29.7535 21.2076 0
    endloop
  endfacet
  facet normal 0.803177 -0.59574 0
    outer loop
      vertex 30.1983 21.6984 21.6
      vertex 30.5929 22.2304 0
      vertex 30.5929 22.2304 21.6
    endloop
  endfacet
  facet normal 0.803177 -0.59574 0
    outer loop
      vertex 30.5929 22.2304 0
      vertex 30.1983 21.6984 21.6
      vertex 30.1983 21.6984 0
    endloop
  endfacet
  facet normal 0.857706 -0.514141 0
    outer loop
      vertex 30.5929 22.2304 21.6
      vertex 30.9335 22.7986 0
      vertex 30.9335 22.7986 21.6
    endloop
  endfacet
  facet normal 0.857706 -0.514141 0
    outer loop
      vertex 30.9335 22.7986 0
      vertex 30.5929 22.2304 21.6
      vertex 30.5929 22.2304 0
    endloop
  endfacet
  facet normal 0.903996 -0.427541 0
    outer loop
      vertex 30.9335 22.7986 21.6
      vertex 31.2167 23.3974 0
      vertex 31.2167 23.3974 21.6
    endloop
  endfacet
  facet normal 0.903996 -0.427541 0
    outer loop
      vertex 31.2167 23.3974 0
      vertex 30.9335 22.7986 21.6
      vertex 30.9335 22.7986 0
    endloop
  endfacet
  facet normal 0.941527 -0.336939 0
    outer loop
      vertex 31.2167 23.3974 21.6
      vertex 31.4399 24.0211 0
      vertex 31.4399 24.0211 21.6
    endloop
  endfacet
  facet normal 0.941527 -0.336939 0
    outer loop
      vertex 31.4399 24.0211 0
      vertex 31.2167 23.3974 21.6
      vertex 31.2167 23.3974 0
    endloop
  endfacet
  facet normal 0.970054 -0.242891 0
    outer loop
      vertex 31.4399 24.0211 21.6
      vertex 31.6008 24.6637 0
      vertex 31.6008 24.6637 21.6
    endloop
  endfacet
  facet normal 0.970054 -0.242891 0
    outer loop
      vertex 31.6008 24.6637 0
      vertex 31.4399 24.0211 21.6
      vertex 31.4399 24.0211 0
    endloop
  endfacet
  facet normal 0.988915 -0.148486 0
    outer loop
      vertex 31.6008 24.6637 21.6
      vertex 31.6058 24.697 0
      vertex 31.6058 24.697 21.6
    endloop
  endfacet
  facet normal 0.988915 -0.148486 0
    outer loop
      vertex 31.6058 24.697 0
      vertex 31.6008 24.6637 21.6
      vertex 31.6008 24.6637 0
    endloop
  endfacet
  facet normal 0 -1 0
    outer loop
      vertex 31.6058 24.697 0
      vertex 75.4912 24.697 21.6
      vertex 31.6058 24.697 21.6
    endloop
  endfacet
  facet normal 0 -1 -0
    outer loop
      vertex 75.4912 24.697 21.6
      vertex 31.6058 24.697 0
      vertex 75.4912 24.697 0
    endloop
  endfacet
  facet normal -0.988915 -0.148486 0
    outer loop
      vertex 75.4962 24.6637 0
      vertex 75.4912 24.697 21.6
      vertex 75.4912 24.697 0
    endloop
  endfacet
  facet normal -0.988915 -0.148486 0
    outer loop
      vertex 75.4912 24.697 21.6
      vertex 75.4962 24.6637 0
      vertex 75.4962 24.6637 21.6
    endloop
  endfacet
  facet normal -0.970054 -0.242891 0
    outer loop
      vertex 75.6571 24.0211 0
      vertex 75.4962 24.6637 21.6
      vertex 75.4962 24.6637 0
    endloop
  endfacet
  facet normal -0.970054 -0.242891 0
    outer loop
      vertex 75.4962 24.6637 21.6
      vertex 75.6571 24.0211 0
      vertex 75.6571 24.0211 21.6
    endloop
  endfacet
  facet normal -0.941527 -0.336939 0
    outer loop
      vertex 75.8803 23.3974 0
      vertex 75.6571 24.0211 21.6
      vertex 75.6571 24.0211 0
    endloop
  endfacet
  facet normal -0.941527 -0.336939 0
    outer loop
      vertex 75.6571 24.0211 21.6
      vertex 75.8803 23.3974 0
      vertex 75.8803 23.3974 21.6
    endloop
  endfacet
  facet normal -0.903996 -0.427541 0
    outer loop
      vertex 76.1635 22.7986 0
      vertex 75.8803 23.3974 21.6
      vertex 75.8803 23.3974 0
    endloop
  endfacet
  facet normal -0.903996 -0.427541 0
    outer loop
      vertex 75.8803 23.3974 21.6
      vertex 76.1635 22.7986 0
      vertex 76.1635 22.7986 21.6
    endloop
  endfacet
  facet normal -0.857773 -0.514029 0
    outer loop
      vertex 76.504 22.2304 0
      vertex 76.1635 22.7986 21.6
      vertex 76.1635 22.7986 0
    endloop
  endfacet
  facet normal -0.857773 -0.514029 0
    outer loop
      vertex 76.1635 22.7986 21.6
      vertex 76.504 22.2304 0
      vertex 76.504 22.2304 21.6
    endloop
  endfacet
  facet normal -0.803105 -0.595838 0
    outer loop
      vertex 76.8987 21.6984 0
      vertex 76.504 22.2304 21.6
      vertex 76.504 22.2304 0
    endloop
  endfacet
  facet normal -0.803105 -0.595838 0
    outer loop
      vertex 76.504 22.2304 21.6
      vertex 76.8987 21.6984 0
      vertex 76.8987 21.6984 21.6
    endloop
  endfacet
  facet normal -0.740978 -0.67153 0
    outer loop
      vertex 77.3435 21.2076 0
      vertex 76.8987 21.6984 21.6
      vertex 76.8987 21.6984 0
    endloop
  endfacet
  facet normal -0.740978 -0.67153 0
    outer loop
      vertex 76.8987 21.6984 21.6
      vertex 77.3435 21.2076 0
      vertex 77.3435 21.2076 21.6
    endloop
  endfacet
  facet normal -0.671613 -0.740902 0
    outer loop
      vertex 77.3435 21.2076 0
      vertex 77.8343 20.7627 21.6
      vertex 77.3435 21.2076 21.6
    endloop
  endfacet
  facet normal -0.671613 -0.740902 -0
    outer loop
      vertex 77.8343 20.7627 21.6
      vertex 77.3435 21.2076 0
      vertex 77.8343 20.7627 0
    endloop
  endfacet
  facet normal -0.595668 -0.803231 0
    outer loop
      vertex 77.8343 20.7627 0
      vertex 78.3664 20.3681 21.6
      vertex 77.8343 20.7627 21.6
    endloop
  endfacet
  facet normal -0.595668 -0.803231 -0
    outer loop
      vertex 78.3664 20.3681 21.6
      vertex 77.8343 20.7627 0
      vertex 78.3664 20.3681 0
    endloop
  endfacet
  facet normal -0.514096 -0.857733 0
    outer loop
      vertex 78.3664 20.3681 0
      vertex 78.9345 20.0276 21.6
      vertex 78.3664 20.3681 21.6
    endloop
  endfacet
  facet normal -0.514096 -0.857733 -0
    outer loop
      vertex 78.9345 20.0276 21.6
      vertex 78.3664 20.3681 0
      vertex 78.9345 20.0276 0
    endloop
  endfacet
  facet normal -0.427606 -0.903965 0
    outer loop
      vertex 78.9345 20.0276 0
      vertex 79.5334 19.7443 21.6
      vertex 78.9345 20.0276 21.6
    endloop
  endfacet
  facet normal -0.427606 -0.903965 -0
    outer loop
      vertex 79.5334 19.7443 21.6
      vertex 78.9345 20.0276 0
      vertex 79.5334 19.7443 0
    endloop
  endfacet
  facet normal -0.336853 -0.941557 0
    outer loop
      vertex 79.5334 19.7443 0
      vertex 80.157 19.5212 21.6
      vertex 79.5334 19.7443 21.6
    endloop
  endfacet
  facet normal -0.336853 -0.941557 -0
    outer loop
      vertex 80.157 19.5212 21.6
      vertex 79.5334 19.7443 0
      vertex 80.157 19.5212 0
    endloop
  endfacet
  facet normal -0.243033 -0.970018 0
    outer loop
      vertex 80.157 19.5212 0
      vertex 80.7996 19.3602 21.6
      vertex 80.157 19.5212 21.6
    endloop
  endfacet
  facet normal -0.243033 -0.970018 -0
    outer loop
      vertex 80.7996 19.3602 21.6
      vertex 80.157 19.5212 0
      vertex 80.7996 19.3602 0
    endloop
  endfacet
  facet normal -0.146746 -0.989174 0
    outer loop
      vertex 80.7996 19.3602 0
      vertex 81.4548 19.263 21.6
      vertex 80.7996 19.3602 21.6
    endloop
  endfacet
  facet normal -0.146746 -0.989174 -0
    outer loop
      vertex 81.4548 19.263 21.6
      vertex 80.7996 19.3602 0
      vertex 81.4548 19.263 0
    endloop
  endfacet
  facet normal -0.0490568 -0.998796 0
    outer loop
      vertex 81.4548 19.263 0
      vertex 82.1165 19.2305 21.6
      vertex 81.4548 19.263 21.6
    endloop
  endfacet
  facet normal -0.0490568 -0.998796 -0
    outer loop
      vertex 82.1165 19.2305 21.6
      vertex 81.4548 19.263 0
      vertex 82.1165 19.2305 0
    endloop
  endfacet
  facet normal 0.0490642 -0.998796 0
    outer loop
      vertex 82.1165 19.2305 0
      vertex 82.7781 19.263 21.6
      vertex 82.1165 19.2305 21.6
    endloop
  endfacet
  facet normal 0.0490642 -0.998796 0
    outer loop
      vertex 82.7781 19.263 21.6
      vertex 82.1165 19.2305 0
      vertex 82.7781 19.263 0
    endloop
  endfacet
  facet normal -0.989268 -0.146115 0
    outer loop
      vertex 25.8264 26.0638 0
      vertex 25.8142 26.1464 20.4
      vertex 25.8142 26.1464 0
    endloop
  endfacet
  facet normal -0.989268 -0.146115 0
    outer loop
      vertex 25.8142 26.1464 20.4
      vertex 25.8264 26.0638 0
      vertex 25.8264 26.0638 20.4
    endloop
  endfacet
  facet normal -0.998791 -0.0491602 0
    outer loop
      vertex 25.8305 25.9805 0
      vertex 25.8264 26.0638 20.4
      vertex 25.8264 26.0638 0
    endloop
  endfacet
  facet normal -0.998791 -0.0491602 0
    outer loop
      vertex 25.8264 26.0638 20.4
      vertex 25.8305 25.9805 0
      vertex 25.8305 25.9805 20.4
    endloop
  endfacet
  facet normal -0.969931 -0.243382 0
    outer loop
      vertex 25.8142 26.1464 0
      vertex 25.7939 26.2273 20.4
      vertex 25.7939 26.2273 0
    endloop
  endfacet
  facet normal -0.969931 -0.243382 0
    outer loop
      vertex 25.7939 26.2273 20.4
      vertex 25.8142 26.1464 0
      vertex 25.8142 26.1464 20.4
    endloop
  endfacet
  facet normal 0.514496 0.857493 -0
    outer loop
      vertex 24.5798 25.2309 0
      vertex 24.5083 25.2738 20.4
      vertex 24.5798 25.2309 20.4
    endloop
  endfacet
  facet normal 0.514496 0.857493 0
    outer loop
      vertex 24.5083 25.2738 20.4
      vertex 24.5798 25.2309 0
      vertex 24.5083 25.2738 0
    endloop
  endfacet
  facet normal 0.427932 0.903811 -0
    outer loop
      vertex 24.6552 25.1952 0
      vertex 24.5798 25.2309 20.4
      vertex 24.6552 25.1952 20.4
    endloop
  endfacet
  facet normal 0.427932 0.903811 0
    outer loop
      vertex 24.5798 25.2309 20.4
      vertex 24.6552 25.1952 0
      vertex 24.5798 25.2309 0
    endloop
  endfacet
  facet normal 0.0491602 -0.998791 0
    outer loop
      vertex 24.8972 26.8264 0
      vertex 24.9805 26.8305 20.4
      vertex 24.8972 26.8264 20.4
    endloop
  endfacet
  facet normal 0.0491602 -0.998791 0
    outer loop
      vertex 24.9805 26.8305 20.4
      vertex 24.8972 26.8264 0
      vertex 24.9805 26.8305 0
    endloop
  endfacet
  facet normal 0.514496 -0.857493 0
    outer loop
      vertex 24.5083 26.6873 0
      vertex 24.5798 26.7302 20.4
      vertex 24.5083 26.6873 20.4
    endloop
  endfacet
  facet normal 0.514496 -0.857493 0
    outer loop
      vertex 24.5798 26.7302 20.4
      vertex 24.5083 26.6873 0
      vertex 24.5798 26.7302 0
    endloop
  endfacet
  facet normal 0.941633 0.33664 0
    outer loop
      vertex 24.1952 25.6552 20.4
      vertex 24.1671 25.7338 0
      vertex 24.1671 25.7338 20.4
    endloop
  endfacet
  facet normal 0.941633 0.33664 0
    outer loop
      vertex 24.1671 25.7338 0
      vertex 24.1952 25.6552 20.4
      vertex 24.1952 25.6552 0
    endloop
  endfacet
  facet normal 0.595772 -0.803154 0
    outer loop
      vertex 24.4413 26.6376 0
      vertex 24.5083 26.6873 20.4
      vertex 24.4413 26.6376 20.4
    endloop
  endfacet
  facet normal 0.595772 -0.803154 0
    outer loop
      vertex 24.5083 26.6873 20.4
      vertex 24.4413 26.6376 0
      vertex 24.5083 26.6873 0
    endloop
  endfacet
  facet normal -0.671478 -0.741024 0
    outer loop
      vertex 25.5198 26.6376 0
      vertex 25.5816 26.5816 20.4
      vertex 25.5198 26.6376 20.4
    endloop
  endfacet
  facet normal -0.671478 -0.741024 -0
    outer loop
      vertex 25.5816 26.5816 20.4
      vertex 25.5198 26.6376 0
      vertex 25.5816 26.5816 0
    endloop
  endfacet
  facet normal -0.0491602 -0.998791 0
    outer loop
      vertex 24.9805 26.8305 0
      vertex 25.0638 26.8264 20.4
      vertex 24.9805 26.8305 20.4
    endloop
  endfacet
  facet normal -0.0491602 -0.998791 -0
    outer loop
      vertex 25.0638 26.8264 20.4
      vertex 24.9805 26.8305 0
      vertex 25.0638 26.8264 0
    endloop
  endfacet
  facet normal 0.242253 0.970213 -0
    outer loop
      vertex 24.8147 25.1469 0
      vertex 24.7338 25.1671 20.4
      vertex 24.8147 25.1469 20.4
    endloop
  endfacet
  facet normal 0.242253 0.970213 0
    outer loop
      vertex 24.7338 25.1671 20.4
      vertex 24.8147 25.1469 0
      vertex 24.7338 25.1671 0
    endloop
  endfacet
  facet normal -0.513967 0.85781 0
    outer loop
      vertex 25.4528 25.2738 0
      vertex 25.3812 25.2309 20.4
      vertex 25.4528 25.2738 20.4
    endloop
  endfacet
  facet normal -0.513967 0.85781 0
    outer loop
      vertex 25.3812 25.2309 20.4
      vertex 25.4528 25.2738 0
      vertex 25.3812 25.2309 0
    endloop
  endfacet
  facet normal 0.741024 0.671478 0
    outer loop
      vertex 24.3795 25.3795 20.4
      vertex 24.3235 25.4413 0
      vertex 24.3235 25.4413 20.4
    endloop
  endfacet
  facet normal 0.741024 0.671478 0
    outer loop
      vertex 24.3235 25.4413 0
      vertex 24.3795 25.3795 20.4
      vertex 24.3795 25.3795 0
    endloop
  endfacet
  facet normal -0.904274 -0.426952 0
    outer loop
      vertex 25.7658 26.3058 0
      vertex 25.7302 26.3812 20.4
      vertex 25.7302 26.3812 0
    endloop
  endfacet
  facet normal -0.904274 -0.426952 0
    outer loop
      vertex 25.7302 26.3812 20.4
      vertex 25.7658 26.3058 0
      vertex 25.7658 26.3058 20.4
    endloop
  endfacet
  facet normal -0.969931 0.243382 0
    outer loop
      vertex 25.7939 25.7338 0
      vertex 25.8142 25.8147 20.4
      vertex 25.8142 25.8147 0
    endloop
  endfacet
  facet normal -0.969931 0.243382 0
    outer loop
      vertex 25.8142 25.8147 20.4
      vertex 25.7939 25.7338 0
      vertex 25.7939 25.7338 20.4
    endloop
  endfacet
  facet normal -0.904274 0.426952 0
    outer loop
      vertex 25.7302 25.5798 0
      vertex 25.7658 25.6552 20.4
      vertex 25.7658 25.6552 0
    endloop
  endfacet
  facet normal -0.904274 0.426952 0
    outer loop
      vertex 25.7658 25.6552 20.4
      vertex 25.7302 25.5798 0
      vertex 25.7302 25.5798 20.4
    endloop
  endfacet
  facet normal -0.857493 0.514496 0
    outer loop
      vertex 25.6873 25.5083 0
      vertex 25.7302 25.5798 20.4
      vertex 25.7302 25.5798 0
    endloop
  endfacet
  facet normal -0.857493 0.514496 0
    outer loop
      vertex 25.7302 25.5798 20.4
      vertex 25.6873 25.5083 0
      vertex 25.6873 25.5083 20.4
    endloop
  endfacet
  facet normal -0.941497 -0.33702 0
    outer loop
      vertex 25.7939 26.2273 0
      vertex 25.7658 26.3058 20.4
      vertex 25.7658 26.3058 0
    endloop
  endfacet
  facet normal -0.941497 -0.33702 0
    outer loop
      vertex 25.7658 26.3058 20.4
      vertex 25.7939 26.2273 0
      vertex 25.7939 26.2273 20.4
    endloop
  endfacet
  facet normal -0.595772 -0.803154 0
    outer loop
      vertex 25.4528 26.6873 0
      vertex 25.5198 26.6376 20.4
      vertex 25.4528 26.6873 20.4
    endloop
  endfacet
  facet normal -0.595772 -0.803154 -0
    outer loop
      vertex 25.5198 26.6376 20.4
      vertex 25.4528 26.6873 0
      vertex 25.5198 26.6376 0
    endloop
  endfacet
  facet normal -0.33702 0.941497 0
    outer loop
      vertex 25.3058 25.1952 0
      vertex 25.2273 25.1671 20.4
      vertex 25.3058 25.1952 20.4
    endloop
  endfacet
  facet normal -0.33702 0.941497 0
    outer loop
      vertex 25.2273 25.1671 20.4
      vertex 25.3058 25.1952 0
      vertex 25.2273 25.1671 0
    endloop
  endfacet
  facet normal 0.85781 -0.513967 0
    outer loop
      vertex 24.2309 26.3812 20.4
      vertex 24.2738 26.4528 0
      vertex 24.2738 26.4528 20.4
    endloop
  endfacet
  facet normal 0.85781 -0.513967 0
    outer loop
      vertex 24.2738 26.4528 0
      vertex 24.2309 26.3812 20.4
      vertex 24.2309 26.3812 0
    endloop
  endfacet
  facet normal -0.989242 0.146288 0
    outer loop
      vertex 25.8142 25.8147 0
      vertex 25.8264 25.8972 20.4
      vertex 25.8264 25.8972 0
    endloop
  endfacet
  facet normal -0.989242 0.146288 0
    outer loop
      vertex 25.8264 25.8972 20.4
      vertex 25.8142 25.8147 0
      vertex 25.8142 25.8147 20.4
    endloop
  endfacet
  facet normal -0.513967 -0.85781 0
    outer loop
      vertex 25.3812 26.7302 0
      vertex 25.4528 26.6873 20.4
      vertex 25.3812 26.7302 20.4
    endloop
  endfacet
  facet normal -0.513967 -0.85781 -0
    outer loop
      vertex 25.4528 26.6873 20.4
      vertex 25.3812 26.7302 0
      vertex 25.4528 26.6873 0
    endloop
  endfacet
  facet normal -0.803154 -0.595772 0
    outer loop
      vertex 25.6873 26.4528 0
      vertex 25.6376 26.5198 20.4
      vertex 25.6376 26.5198 0
    endloop
  endfacet
  facet normal -0.803154 -0.595772 0
    outer loop
      vertex 25.6376 26.5198 20.4
      vertex 25.6873 26.4528 0
      vertex 25.6873 26.4528 20.4
    endloop
  endfacet
  facet normal 0.998791 0.0491602 0
    outer loop
      vertex 24.1346 25.8972 20.4
      vertex 24.1305 25.9805 0
      vertex 24.1305 25.9805 20.4
    endloop
  endfacet
  facet normal 0.998791 0.0491602 0
    outer loop
      vertex 24.1305 25.9805 0
      vertex 24.1346 25.8972 20.4
      vertex 24.1346 25.8972 0
    endloop
  endfacet
  facet normal 0.146288 -0.989242 0
    outer loop
      vertex 24.8147 26.8142 0
      vertex 24.8972 26.8264 20.4
      vertex 24.8147 26.8142 20.4
    endloop
  endfacet
  facet normal 0.146288 -0.989242 0
    outer loop
      vertex 24.8972 26.8264 20.4
      vertex 24.8147 26.8142 0
      vertex 24.8972 26.8264 0
    endloop
  endfacet
  facet normal -0.427932 0.903811 0
    outer loop
      vertex 25.3812 25.2309 0
      vertex 25.3058 25.1952 20.4
      vertex 25.3812 25.2309 20.4
    endloop
  endfacet
  facet normal -0.427932 0.903811 0
    outer loop
      vertex 25.3058 25.1952 20.4
      vertex 25.3812 25.2309 0
      vertex 25.3058 25.1952 0
    endloop
  endfacet
  facet normal -0.998791 0.0491602 0
    outer loop
      vertex 25.8264 25.8972 0
      vertex 25.8305 25.9805 20.4
      vertex 25.8305 25.9805 0
    endloop
  endfacet
  facet normal -0.998791 0.0491602 0
    outer loop
      vertex 25.8305 25.9805 20.4
      vertex 25.8264 25.8972 0
      vertex 25.8264 25.8972 20.4
    endloop
  endfacet
  facet normal 0.33664 -0.941633 0
    outer loop
      vertex 24.6552 26.7658 0
      vertex 24.7338 26.7939 20.4
      vertex 24.6552 26.7658 20.4
    endloop
  endfacet
  facet normal 0.33664 -0.941633 0
    outer loop
      vertex 24.7338 26.7939 20.4
      vertex 24.6552 26.7658 0
      vertex 24.7338 26.7939 0
    endloop
  endfacet
  facet normal 0.941497 -0.33702 0
    outer loop
      vertex 24.1671 26.2273 20.4
      vertex 24.1952 26.3058 0
      vertex 24.1952 26.3058 20.4
    endloop
  endfacet
  facet normal 0.941497 -0.33702 0
    outer loop
      vertex 24.1952 26.3058 0
      vertex 24.1671 26.2273 20.4
      vertex 24.1671 26.2273 0
    endloop
  endfacet
  facet normal 0.595772 0.803154 -0
    outer loop
      vertex 24.5083 25.2738 0
      vertex 24.4413 25.3235 20.4
      vertex 24.5083 25.2738 20.4
    endloop
  endfacet
  facet normal 0.595772 0.803154 0
    outer loop
      vertex 24.4413 25.3235 20.4
      vertex 24.5083 25.2738 0
      vertex 24.4413 25.3235 0
    endloop
  endfacet
  facet normal -0.146115 -0.989268 0
    outer loop
      vertex 25.0638 26.8264 0
      vertex 25.1464 26.8142 20.4
      vertex 25.0638 26.8264 20.4
    endloop
  endfacet
  facet normal -0.146115 -0.989268 -0
    outer loop
      vertex 25.1464 26.8142 20.4
      vertex 25.0638 26.8264 0
      vertex 25.1464 26.8142 0
    endloop
  endfacet
  facet normal -0.0491602 0.998791 0
    outer loop
      vertex 25.0638 25.1346 0
      vertex 24.9805 25.1305 20.4
      vertex 25.0638 25.1346 20.4
    endloop
  endfacet
  facet normal -0.0491602 0.998791 0
    outer loop
      vertex 24.9805 25.1305 20.4
      vertex 25.0638 25.1346 0
      vertex 24.9805 25.1305 0
    endloop
  endfacet
  facet normal -0.85781 -0.513967 0
    outer loop
      vertex 25.7302 26.3812 0
      vertex 25.6873 26.4528 20.4
      vertex 25.6873 26.4528 0
    endloop
  endfacet
  facet normal -0.85781 -0.513967 0
    outer loop
      vertex 25.6873 26.4528 20.4
      vertex 25.7302 26.3812 0
      vertex 25.7302 26.3812 20.4
    endloop
  endfacet
  facet normal 0.147461 0.989068 -0
    outer loop
      vertex 24.8972 25.1346 0
      vertex 24.8147 25.1469 20.4
      vertex 24.8972 25.1346 20.4
    endloop
  endfacet
  facet normal 0.147461 0.989068 0
    outer loop
      vertex 24.8147 25.1469 20.4
      vertex 24.8972 25.1346 0
      vertex 24.8147 25.1469 0
    endloop
  endfacet
  facet normal 0.741024 -0.671478 0
    outer loop
      vertex 24.3235 26.5198 20.4
      vertex 24.3795 26.5816 0
      vertex 24.3795 26.5816 20.4
    endloop
  endfacet
  facet normal 0.741024 -0.671478 0
    outer loop
      vertex 24.3795 26.5816 0
      vertex 24.3235 26.5198 20.4
      vertex 24.3235 26.5198 0
    endloop
  endfacet
  facet normal -0.243382 -0.969931 0
    outer loop
      vertex 25.1464 26.8142 0
      vertex 25.2273 26.7939 20.4
      vertex 25.1464 26.8142 20.4
    endloop
  endfacet
  facet normal -0.243382 -0.969931 -0
    outer loop
      vertex 25.2273 26.7939 20.4
      vertex 25.1464 26.8142 0
      vertex 25.2273 26.7939 0
    endloop
  endfacet
  facet normal -0.33702 -0.941497 0
    outer loop
      vertex 25.2273 26.7939 0
      vertex 25.3058 26.7658 20.4
      vertex 25.2273 26.7939 20.4
    endloop
  endfacet
  facet normal -0.33702 -0.941497 -0
    outer loop
      vertex 25.3058 26.7658 20.4
      vertex 25.2273 26.7939 0
      vertex 25.3058 26.7658 0
    endloop
  endfacet
  facet normal 0.243382 -0.969931 0
    outer loop
      vertex 24.7338 26.7939 0
      vertex 24.8147 26.8142 20.4
      vertex 24.7338 26.7939 20.4
    endloop
  endfacet
  facet normal 0.243382 -0.969931 0
    outer loop
      vertex 24.8147 26.8142 20.4
      vertex 24.7338 26.7939 0
      vertex 24.8147 26.8142 0
    endloop
  endfacet
  facet normal -0.147286 0.989094 0
    outer loop
      vertex 25.1464 25.1469 0
      vertex 25.0638 25.1346 20.4
      vertex 25.1464 25.1469 20.4
    endloop
  endfacet
  facet normal -0.147286 0.989094 0
    outer loop
      vertex 25.0638 25.1346 20.4
      vertex 25.1464 25.1469 0
      vertex 25.0638 25.1346 0
    endloop
  endfacet
  facet normal -0.741024 0.671478 0
    outer loop
      vertex 25.5816 25.3795 0
      vertex 25.6376 25.4413 20.4
      vertex 25.6376 25.4413 0
    endloop
  endfacet
  facet normal -0.741024 0.671478 0
    outer loop
      vertex 25.6376 25.4413 20.4
      vertex 25.5816 25.3795 0
      vertex 25.5816 25.3795 20.4
    endloop
  endfacet
  facet normal -0.803154 0.595772 0
    outer loop
      vertex 25.6376 25.4413 0
      vertex 25.6873 25.5083 20.4
      vertex 25.6873 25.5083 0
    endloop
  endfacet
  facet normal -0.803154 0.595772 0
    outer loop
      vertex 25.6873 25.5083 20.4
      vertex 25.6376 25.4413 0
      vertex 25.6376 25.4413 20.4
    endloop
  endfacet
  facet normal -0.426952 -0.904274 0
    outer loop
      vertex 25.3058 26.7658 0
      vertex 25.3812 26.7302 20.4
      vertex 25.3058 26.7658 20.4
    endloop
  endfacet
  facet normal -0.426952 -0.904274 -0
    outer loop
      vertex 25.3812 26.7302 20.4
      vertex 25.3058 26.7658 0
      vertex 25.3812 26.7302 0
    endloop
  endfacet
  facet normal 0.970213 -0.242253 0
    outer loop
      vertex 24.1469 26.1464 20.4
      vertex 24.1671 26.2273 0
      vertex 24.1671 26.2273 20.4
    endloop
  endfacet
  facet normal 0.970213 -0.242253 0
    outer loop
      vertex 24.1671 26.2273 0
      vertex 24.1469 26.1464 20.4
      vertex 24.1469 26.1464 0
    endloop
  endfacet
  facet normal 0.671478 0.741024 -0
    outer loop
      vertex 24.4413 25.3235 0
      vertex 24.3795 25.3795 20.4
      vertex 24.4413 25.3235 20.4
    endloop
  endfacet
  facet normal 0.671478 0.741024 0
    outer loop
      vertex 24.3795 25.3795 20.4
      vertex 24.4413 25.3235 0
      vertex 24.3795 25.3795 0
    endloop
  endfacet
  facet normal 0.426952 -0.904274 0
    outer loop
      vertex 24.5798 26.7302 0
      vertex 24.6552 26.7658 20.4
      vertex 24.5798 26.7302 20.4
    endloop
  endfacet
  facet normal 0.426952 -0.904274 0
    outer loop
      vertex 24.6552 26.7658 20.4
      vertex 24.5798 26.7302 0
      vertex 24.6552 26.7658 0
    endloop
  endfacet
  facet normal 0.671478 -0.741024 0
    outer loop
      vertex 24.3795 26.5816 0
      vertex 24.4413 26.6376 20.4
      vertex 24.3795 26.5816 20.4
    endloop
  endfacet
  facet normal 0.671478 -0.741024 0
    outer loop
      vertex 24.4413 26.6376 20.4
      vertex 24.3795 26.5816 0
      vertex 24.4413 26.6376 0
    endloop
  endfacet
  facet normal 0.903811 0.427932 0
    outer loop
      vertex 24.2309 25.5798 20.4
      vertex 24.1952 25.6552 0
      vertex 24.1952 25.6552 20.4
    endloop
  endfacet
  facet normal 0.903811 0.427932 0
    outer loop
      vertex 24.1952 25.6552 0
      vertex 24.2309 25.5798 20.4
      vertex 24.2309 25.5798 0
    endloop
  endfacet
  facet normal 0.857493 0.514496 0
    outer loop
      vertex 24.2738 25.5083 20.4
      vertex 24.2309 25.5798 0
      vertex 24.2309 25.5798 20.4
    endloop
  endfacet
  facet normal 0.857493 0.514496 0
    outer loop
      vertex 24.2309 25.5798 0
      vertex 24.2738 25.5083 20.4
      vertex 24.2738 25.5083 0
    endloop
  endfacet
  facet normal -0.242253 0.970213 0
    outer loop
      vertex 25.2273 25.1671 0
      vertex 25.1464 25.1469 20.4
      vertex 25.2273 25.1671 20.4
    endloop
  endfacet
  facet normal -0.242253 0.970213 0
    outer loop
      vertex 25.1464 25.1469 20.4
      vertex 25.2273 25.1671 0
      vertex 25.1464 25.1469 0
    endloop
  endfacet
  facet normal -0.741024 -0.671478 0
    outer loop
      vertex 25.6376 26.5198 0
      vertex 25.5816 26.5816 20.4
      vertex 25.5816 26.5816 0
    endloop
  endfacet
  facet normal -0.741024 -0.671478 0
    outer loop
      vertex 25.5816 26.5816 20.4
      vertex 25.6376 26.5198 0
      vertex 25.6376 26.5198 20.4
    endloop
  endfacet
  facet normal -0.595772 0.803154 0
    outer loop
      vertex 25.5198 25.3235 0
      vertex 25.4528 25.2738 20.4
      vertex 25.5198 25.3235 20.4
    endloop
  endfacet
  facet normal -0.595772 0.803154 0
    outer loop
      vertex 25.4528 25.2738 20.4
      vertex 25.5198 25.3235 0
      vertex 25.4528 25.2738 0
    endloop
  endfacet
  facet normal 0.989094 -0.147286 0
    outer loop
      vertex 24.1346 26.0638 20.4
      vertex 24.1469 26.1464 0
      vertex 24.1469 26.1464 20.4
    endloop
  endfacet
  facet normal 0.989094 -0.147286 0
    outer loop
      vertex 24.1469 26.1464 0
      vertex 24.1346 26.0638 20.4
      vertex 24.1346 26.0638 0
    endloop
  endfacet
  facet normal 0.970213 0.242253 0
    outer loop
      vertex 24.1671 25.7338 20.4
      vertex 24.1469 25.8147 0
      vertex 24.1469 25.8147 20.4
    endloop
  endfacet
  facet normal 0.970213 0.242253 0
    outer loop
      vertex 24.1469 25.8147 0
      vertex 24.1671 25.7338 20.4
      vertex 24.1671 25.7338 0
    endloop
  endfacet
  facet normal 0.803154 0.595772 0
    outer loop
      vertex 24.3235 25.4413 20.4
      vertex 24.2738 25.5083 0
      vertex 24.2738 25.5083 20.4
    endloop
  endfacet
  facet normal 0.803154 0.595772 0
    outer loop
      vertex 24.2738 25.5083 0
      vertex 24.3235 25.4413 20.4
      vertex 24.3235 25.4413 0
    endloop
  endfacet
  facet normal 0.903811 -0.427932 0
    outer loop
      vertex 24.1952 26.3058 20.4
      vertex 24.2309 26.3812 0
      vertex 24.2309 26.3812 20.4
    endloop
  endfacet
  facet normal 0.903811 -0.427932 0
    outer loop
      vertex 24.2309 26.3812 0
      vertex 24.1952 26.3058 20.4
      vertex 24.1952 26.3058 0
    endloop
  endfacet
  facet normal 0.989068 0.147461 0
    outer loop
      vertex 24.1469 25.8147 20.4
      vertex 24.1346 25.8972 0
      vertex 24.1346 25.8972 20.4
    endloop
  endfacet
  facet normal 0.989068 0.147461 0
    outer loop
      vertex 24.1346 25.8972 0
      vertex 24.1469 25.8147 20.4
      vertex 24.1469 25.8147 0
    endloop
  endfacet
  facet normal -0.941633 0.33664 0
    outer loop
      vertex 25.7658 25.6552 0
      vertex 25.7939 25.7338 20.4
      vertex 25.7939 25.7338 0
    endloop
  endfacet
  facet normal -0.941633 0.33664 0
    outer loop
      vertex 25.7939 25.7338 20.4
      vertex 25.7658 25.6552 0
      vertex 25.7658 25.6552 20.4
    endloop
  endfacet
  facet normal 0.803154 -0.595772 0
    outer loop
      vertex 24.2738 26.4528 20.4
      vertex 24.3235 26.5198 0
      vertex 24.3235 26.5198 20.4
    endloop
  endfacet
  facet normal 0.803154 -0.595772 0
    outer loop
      vertex 24.3235 26.5198 0
      vertex 24.2738 26.4528 20.4
      vertex 24.2738 26.4528 0
    endloop
  endfacet
  facet normal 0.0491602 0.998791 -0
    outer loop
      vertex 24.9805 25.1305 0
      vertex 24.8972 25.1346 20.4
      vertex 24.9805 25.1305 20.4
    endloop
  endfacet
  facet normal 0.0491602 0.998791 0
    outer loop
      vertex 24.8972 25.1346 20.4
      vertex 24.9805 25.1305 0
      vertex 24.8972 25.1346 0
    endloop
  endfacet
  facet normal 0.998791 -0.0491602 0
    outer loop
      vertex 24.1305 25.9805 20.4
      vertex 24.1346 26.0638 0
      vertex 24.1346 26.0638 20.4
    endloop
  endfacet
  facet normal 0.998791 -0.0491602 0
    outer loop
      vertex 24.1346 26.0638 0
      vertex 24.1305 25.9805 20.4
      vertex 24.1305 25.9805 0
    endloop
  endfacet
  facet normal 0.33664 0.941633 -0
    outer loop
      vertex 24.7338 25.1671 0
      vertex 24.6552 25.1952 20.4
      vertex 24.7338 25.1671 20.4
    endloop
  endfacet
  facet normal 0.33664 0.941633 0
    outer loop
      vertex 24.6552 25.1952 20.4
      vertex 24.7338 25.1671 0
      vertex 24.6552 25.1952 0
    endloop
  endfacet
  facet normal -0.671478 0.741024 0
    outer loop
      vertex 25.5816 25.3795 0
      vertex 25.5198 25.3235 20.4
      vertex 25.5816 25.3795 20.4
    endloop
  endfacet
  facet normal -0.671478 0.741024 0
    outer loop
      vertex 25.5198 25.3235 20.4
      vertex 25.5816 25.3795 0
      vertex 25.5198 25.3235 0
    endloop
  endfacet
  facet normal -0.989094 -0.147286 0
    outer loop
      vertex 82.9624 26.0638 0
      vertex 82.9501 26.1464 20.4
      vertex 82.9501 26.1464 0
    endloop
  endfacet
  facet normal -0.989094 -0.147286 0
    outer loop
      vertex 82.9501 26.1464 20.4
      vertex 82.9624 26.0638 0
      vertex 82.9624 26.0638 20.4
    endloop
  endfacet
  facet normal -0.998791 -0.0491602 0
    outer loop
      vertex 82.9665 25.9805 0
      vertex 82.9624 26.0638 20.4
      vertex 82.9624 26.0638 0
    endloop
  endfacet
  facet normal -0.998791 -0.0491602 0
    outer loop
      vertex 82.9624 26.0638 20.4
      vertex 82.9665 25.9805 0
      vertex 82.9665 25.9805 20.4
    endloop
  endfacet
  facet normal -0.970213 -0.242253 0
    outer loop
      vertex 82.9501 26.1464 0
      vertex 82.9299 26.2273 20.4
      vertex 82.9299 26.2273 0
    endloop
  endfacet
  facet normal -0.970213 -0.242253 0
    outer loop
      vertex 82.9299 26.2273 20.4
      vertex 82.9501 26.1464 0
      vertex 82.9501 26.1464 20.4
    endloop
  endfacet
  facet normal 0.513967 0.85781 -0
    outer loop
      vertex 81.7158 25.2309 0
      vertex 81.6442 25.2738 20.4
      vertex 81.7158 25.2309 20.4
    endloop
  endfacet
  facet normal 0.513967 0.85781 0
    outer loop
      vertex 81.6442 25.2738 20.4
      vertex 81.7158 25.2309 0
      vertex 81.6442 25.2738 0
    endloop
  endfacet
  facet normal -0.146288 -0.989242 0
    outer loop
      vertex 82.1998 26.8264 0
      vertex 82.2823 26.8142 20.4
      vertex 82.1998 26.8264 20.4
    endloop
  endfacet
  facet normal -0.146288 -0.989242 -0
    outer loop
      vertex 82.2823 26.8142 20.4
      vertex 82.1998 26.8264 0
      vertex 82.2823 26.8142 0
    endloop
  endfacet
  facet normal -0.33664 0.941633 0
    outer loop
      vertex 82.4418 25.1952 0
      vertex 82.3632 25.1671 20.4
      vertex 82.4418 25.1952 20.4
    endloop
  endfacet
  facet normal -0.33664 0.941633 0
    outer loop
      vertex 82.3632 25.1671 20.4
      vertex 82.4418 25.1952 0
      vertex 82.3632 25.1671 0
    endloop
  endfacet
  facet normal 0.0491602 -0.998791 0
    outer loop
      vertex 82.0332 26.8264 0
      vertex 82.1165 26.8305 20.4
      vertex 82.0332 26.8264 20.4
    endloop
  endfacet
  facet normal 0.0491602 -0.998791 0
    outer loop
      vertex 82.1165 26.8305 20.4
      vertex 82.0332 26.8264 0
      vertex 82.1165 26.8305 0
    endloop
  endfacet
  facet normal -0.33664 -0.941633 0
    outer loop
      vertex 82.3632 26.7939 0
      vertex 82.4418 26.7658 20.4
      vertex 82.3632 26.7939 20.4
    endloop
  endfacet
  facet normal -0.33664 -0.941633 -0
    outer loop
      vertex 82.4418 26.7658 20.4
      vertex 82.3632 26.7939 0
      vertex 82.4418 26.7658 0
    endloop
  endfacet
  facet normal -0.989068 0.147461 0
    outer loop
      vertex 82.9501 25.8147 0
      vertex 82.9624 25.8972 20.4
      vertex 82.9624 25.8972 0
    endloop
  endfacet
  facet normal -0.989068 0.147461 0
    outer loop
      vertex 82.9624 25.8972 20.4
      vertex 82.9501 25.8147 0
      vertex 82.9501 25.8147 20.4
    endloop
  endfacet
  facet normal 0.941633 0.33664 0
    outer loop
      vertex 81.3312 25.6552 20.4
      vertex 81.3031 25.7338 0
      vertex 81.3031 25.7338 20.4
    endloop
  endfacet
  facet normal 0.941633 0.33664 0
    outer loop
      vertex 81.3031 25.7338 0
      vertex 81.3312 25.6552 20.4
      vertex 81.3312 25.6552 0
    endloop
  endfacet
  facet normal 0.904274 -0.426952 0
    outer loop
      vertex 81.3312 26.3058 20.4
      vertex 81.3668 26.3812 0
      vertex 81.3668 26.3812 20.4
    endloop
  endfacet
  facet normal 0.904274 -0.426952 0
    outer loop
      vertex 81.3668 26.3812 0
      vertex 81.3312 26.3058 20.4
      vertex 81.3312 26.3058 0
    endloop
  endfacet
  facet normal 0.242253 0.970213 -0
    outer loop
      vertex 81.9506 25.1469 0
      vertex 81.8697 25.1671 20.4
      vertex 81.9506 25.1469 20.4
    endloop
  endfacet
  facet normal 0.242253 0.970213 0
    outer loop
      vertex 81.8697 25.1671 20.4
      vertex 81.9506 25.1469 0
      vertex 81.8697 25.1671 0
    endloop
  endfacet
  facet normal -0.857493 0.514496 0
    outer loop
      vertex 82.8232 25.5083 0
      vertex 82.8661 25.5798 20.4
      vertex 82.8661 25.5798 0
    endloop
  endfacet
  facet normal -0.857493 0.514496 0
    outer loop
      vertex 82.8661 25.5798 20.4
      vertex 82.8232 25.5083 0
      vertex 82.8232 25.5083 20.4
    endloop
  endfacet
  facet normal 0.147286 0.989094 -0
    outer loop
      vertex 82.0332 25.1346 0
      vertex 81.9506 25.1469 20.4
      vertex 82.0332 25.1346 20.4
    endloop
  endfacet
  facet normal 0.147286 0.989094 0
    outer loop
      vertex 81.9506 25.1469 20.4
      vertex 82.0332 25.1346 0
      vertex 81.9506 25.1469 0
    endloop
  endfacet
  facet normal 0.427932 0.903811 -0
    outer loop
      vertex 81.7912 25.1952 0
      vertex 81.7158 25.2309 20.4
      vertex 81.7912 25.1952 20.4
    endloop
  endfacet
  facet normal 0.427932 0.903811 0
    outer loop
      vertex 81.7158 25.2309 20.4
      vertex 81.7912 25.1952 0
      vertex 81.7158 25.2309 0
    endloop
  endfacet
  facet normal 0.85781 -0.513967 0
    outer loop
      vertex 81.3668 26.3812 20.4
      vertex 81.4097 26.4528 0
      vertex 81.4097 26.4528 20.4
    endloop
  endfacet
  facet normal 0.85781 -0.513967 0
    outer loop
      vertex 81.4097 26.4528 0
      vertex 81.3668 26.3812 20.4
      vertex 81.3668 26.3812 0
    endloop
  endfacet
  facet normal 0.243382 -0.969931 0
    outer loop
      vertex 81.8697 26.7939 0
      vertex 81.9506 26.8142 20.4
      vertex 81.8697 26.7939 20.4
    endloop
  endfacet
  facet normal 0.243382 -0.969931 0
    outer loop
      vertex 81.9506 26.8142 20.4
      vertex 81.8697 26.7939 0
      vertex 81.9506 26.8142 0
    endloop
  endfacet
  facet normal -0.514496 0.857493 0
    outer loop
      vertex 82.5887 25.2738 0
      vertex 82.5172 25.2309 20.4
      vertex 82.5887 25.2738 20.4
    endloop
  endfacet
  facet normal -0.514496 0.857493 0
    outer loop
      vertex 82.5172 25.2309 20.4
      vertex 82.5887 25.2738 0
      vertex 82.5172 25.2309 0
    endloop
  endfacet
  facet normal -0.243382 -0.969931 0
    outer loop
      vertex 82.2823 26.8142 0
      vertex 82.3632 26.7939 20.4
      vertex 82.2823 26.8142 20.4
    endloop
  endfacet
  facet normal -0.243382 -0.969931 -0
    outer loop
      vertex 82.3632 26.7939 20.4
      vertex 82.2823 26.8142 0
      vertex 82.3632 26.7939 0
    endloop
  endfacet
  facet normal -0.426952 -0.904274 0
    outer loop
      vertex 82.4418 26.7658 0
      vertex 82.5172 26.7302 20.4
      vertex 82.4418 26.7658 20.4
    endloop
  endfacet
  facet normal -0.426952 -0.904274 -0
    outer loop
      vertex 82.5172 26.7302 20.4
      vertex 82.4418 26.7658 0
      vertex 82.5172 26.7302 0
    endloop
  endfacet
  facet normal 0.998791 0.0491602 0
    outer loop
      vertex 81.2706 25.8972 20.4
      vertex 81.2665 25.9805 0
      vertex 81.2665 25.9805 20.4
    endloop
  endfacet
  facet normal 0.998791 0.0491602 0
    outer loop
      vertex 81.2665 25.9805 0
      vertex 81.2706 25.8972 20.4
      vertex 81.2706 25.8972 0
    endloop
  endfacet
  facet normal 0.513967 -0.85781 0
    outer loop
      vertex 81.6442 26.6873 0
      vertex 81.7158 26.7302 20.4
      vertex 81.6442 26.6873 20.4
    endloop
  endfacet
  facet normal 0.513967 -0.85781 0
    outer loop
      vertex 81.7158 26.7302 20.4
      vertex 81.6442 26.6873 0
      vertex 81.7158 26.7302 0
    endloop
  endfacet
  facet normal -0.903811 0.427932 0
    outer loop
      vertex 82.8661 25.5798 0
      vertex 82.9018 25.6552 20.4
      vertex 82.9018 25.6552 0
    endloop
  endfacet
  facet normal -0.903811 0.427932 0
    outer loop
      vertex 82.9018 25.6552 20.4
      vertex 82.8661 25.5798 0
      vertex 82.8661 25.5798 20.4
    endloop
  endfacet
  facet normal -0.970213 0.242253 0
    outer loop
      vertex 82.9299 25.7338 0
      vertex 82.9501 25.8147 20.4
      vertex 82.9501 25.8147 0
    endloop
  endfacet
  facet normal -0.970213 0.242253 0
    outer loop
      vertex 82.9501 25.8147 20.4
      vertex 82.9299 25.7338 0
      vertex 82.9299 25.7338 20.4
    endloop
  endfacet
  facet normal -0.0491602 -0.998791 0
    outer loop
      vertex 82.1165 26.8305 0
      vertex 82.1998 26.8264 20.4
      vertex 82.1165 26.8305 20.4
    endloop
  endfacet
  facet normal -0.0491602 -0.998791 -0
    outer loop
      vertex 82.1998 26.8264 20.4
      vertex 82.1165 26.8305 0
      vertex 82.1998 26.8264 0
    endloop
  endfacet
  facet normal 0.33702 -0.941497 0
    outer loop
      vertex 81.7912 26.7658 0
      vertex 81.8697 26.7939 20.4
      vertex 81.7912 26.7658 20.4
    endloop
  endfacet
  facet normal 0.33702 -0.941497 0
    outer loop
      vertex 81.8697 26.7939 20.4
      vertex 81.7912 26.7658 0
      vertex 81.8697 26.7939 0
    endloop
  endfacet
  facet normal 0.595772 -0.803154 0
    outer loop
      vertex 81.5772 26.6376 0
      vertex 81.6442 26.6873 20.4
      vertex 81.5772 26.6376 20.4
    endloop
  endfacet
  facet normal 0.595772 -0.803154 0
    outer loop
      vertex 81.6442 26.6873 20.4
      vertex 81.5772 26.6376 0
      vertex 81.6442 26.6873 0
    endloop
  endfacet
  facet normal -0.427932 0.903811 0
    outer loop
      vertex 82.5172 25.2309 0
      vertex 82.4418 25.1952 20.4
      vertex 82.5172 25.2309 20.4
    endloop
  endfacet
  facet normal -0.427932 0.903811 0
    outer loop
      vertex 82.4418 25.1952 20.4
      vertex 82.5172 25.2309 0
      vertex 82.4418 25.1952 0
    endloop
  endfacet
  facet normal -0.803154 -0.595772 0
    outer loop
      vertex 82.8232 26.4528 0
      vertex 82.7735 26.5198 20.4
      vertex 82.7735 26.5198 0
    endloop
  endfacet
  facet normal -0.803154 -0.595772 0
    outer loop
      vertex 82.7735 26.5198 20.4
      vertex 82.8232 26.4528 0
      vertex 82.8232 26.4528 20.4
    endloop
  endfacet
  facet normal -0.0491602 0.998791 0
    outer loop
      vertex 82.1998 25.1346 0
      vertex 82.1165 25.1305 20.4
      vertex 82.1998 25.1346 20.4
    endloop
  endfacet
  facet normal -0.0491602 0.998791 0
    outer loop
      vertex 82.1165 25.1305 20.4
      vertex 82.1998 25.1346 0
      vertex 82.1165 25.1305 0
    endloop
  endfacet
  facet normal 0.741024 0.671478 0
    outer loop
      vertex 81.5154 25.3795 20.4
      vertex 81.4594 25.4413 0
      vertex 81.4594 25.4413 20.4
    endloop
  endfacet
  facet normal 0.741024 0.671478 0
    outer loop
      vertex 81.4594 25.4413 0
      vertex 81.5154 25.3795 20.4
      vertex 81.5154 25.3795 0
    endloop
  endfacet
  facet normal -0.85781 -0.513967 0
    outer loop
      vertex 82.8661 26.3812 0
      vertex 82.8232 26.4528 20.4
      vertex 82.8232 26.4528 0
    endloop
  endfacet
  facet normal -0.85781 -0.513967 0
    outer loop
      vertex 82.8232 26.4528 20.4
      vertex 82.8661 26.3812 0
      vertex 82.8661 26.3812 20.4
    endloop
  endfacet
  facet normal 0.146115 -0.989268 0
    outer loop
      vertex 81.9506 26.8142 0
      vertex 82.0332 26.8264 20.4
      vertex 81.9506 26.8142 20.4
    endloop
  endfacet
  facet normal 0.146115 -0.989268 0
    outer loop
      vertex 82.0332 26.8264 20.4
      vertex 81.9506 26.8142 0
      vertex 82.0332 26.8264 0
    endloop
  endfacet
  facet normal 0.741024 -0.671478 0
    outer loop
      vertex 81.4594 26.5198 20.4
      vertex 81.5154 26.5816 0
      vertex 81.5154 26.5816 20.4
    endloop
  endfacet
  facet normal 0.741024 -0.671478 0
    outer loop
      vertex 81.5154 26.5816 0
      vertex 81.4594 26.5198 20.4
      vertex 81.4594 26.5198 0
    endloop
  endfacet
  facet normal -0.998791 0.0491602 0
    outer loop
      vertex 82.9624 25.8972 0
      vertex 82.9665 25.9805 20.4
      vertex 82.9665 25.9805 0
    endloop
  endfacet
  facet normal -0.998791 0.0491602 0
    outer loop
      vertex 82.9665 25.9805 20.4
      vertex 82.9624 25.8972 0
      vertex 82.9624 25.8972 20.4
    endloop
  endfacet
  facet normal -0.595772 -0.803154 0
    outer loop
      vertex 82.5887 26.6873 0
      vertex 82.6557 26.6376 20.4
      vertex 82.5887 26.6873 20.4
    endloop
  endfacet
  facet normal -0.595772 -0.803154 -0
    outer loop
      vertex 82.6557 26.6376 20.4
      vertex 82.5887 26.6873 0
      vertex 82.6557 26.6376 0
    endloop
  endfacet
  facet normal -0.514496 -0.857493 0
    outer loop
      vertex 82.5172 26.7302 0
      vertex 82.5887 26.6873 20.4
      vertex 82.5172 26.7302 20.4
    endloop
  endfacet
  facet normal -0.514496 -0.857493 -0
    outer loop
      vertex 82.5887 26.6873 20.4
      vertex 82.5172 26.7302 0
      vertex 82.5887 26.6873 0
    endloop
  endfacet
  facet normal -0.147461 0.989068 0
    outer loop
      vertex 82.2823 25.1469 0
      vertex 82.1998 25.1346 20.4
      vertex 82.2823 25.1469 20.4
    endloop
  endfacet
  facet normal -0.147461 0.989068 0
    outer loop
      vertex 82.1998 25.1346 20.4
      vertex 82.2823 25.1469 0
      vertex 82.1998 25.1346 0
    endloop
  endfacet
  facet normal -0.941497 -0.33702 0
    outer loop
      vertex 82.9299 26.2273 0
      vertex 82.9018 26.3058 20.4
      vertex 82.9018 26.3058 0
    endloop
  endfacet
  facet normal -0.941497 -0.33702 0
    outer loop
      vertex 82.9018 26.3058 20.4
      vertex 82.9299 26.2273 0
      vertex 82.9299 26.2273 20.4
    endloop
  endfacet
  facet normal -0.741024 0.671478 0
    outer loop
      vertex 82.7175 25.3795 0
      vertex 82.7735 25.4413 20.4
      vertex 82.7735 25.4413 0
    endloop
  endfacet
  facet normal -0.741024 0.671478 0
    outer loop
      vertex 82.7735 25.4413 20.4
      vertex 82.7175 25.3795 0
      vertex 82.7175 25.3795 20.4
    endloop
  endfacet
  facet normal -0.803154 0.595772 0
    outer loop
      vertex 82.7735 25.4413 0
      vertex 82.8232 25.5083 20.4
      vertex 82.8232 25.5083 0
    endloop
  endfacet
  facet normal -0.803154 0.595772 0
    outer loop
      vertex 82.8232 25.5083 20.4
      vertex 82.7735 25.4413 0
      vertex 82.7735 25.4413 20.4
    endloop
  endfacet
  facet normal -0.941633 0.33664 0
    outer loop
      vertex 82.9018 25.6552 0
      vertex 82.9299 25.7338 20.4
      vertex 82.9299 25.7338 0
    endloop
  endfacet
  facet normal -0.941633 0.33664 0
    outer loop
      vertex 82.9299 25.7338 20.4
      vertex 82.9018 25.6552 0
      vertex 82.9018 25.6552 20.4
    endloop
  endfacet
  facet normal 0.941497 -0.33702 0
    outer loop
      vertex 81.3031 26.2273 20.4
      vertex 81.3312 26.3058 0
      vertex 81.3312 26.3058 20.4
    endloop
  endfacet
  facet normal 0.941497 -0.33702 0
    outer loop
      vertex 81.3312 26.3058 0
      vertex 81.3031 26.2273 20.4
      vertex 81.3031 26.2273 0
    endloop
  endfacet
  facet normal 0.969931 -0.243382 0
    outer loop
      vertex 81.2828 26.1464 20.4
      vertex 81.3031 26.2273 0
      vertex 81.3031 26.2273 20.4
    endloop
  endfacet
  facet normal 0.969931 -0.243382 0
    outer loop
      vertex 81.3031 26.2273 0
      vertex 81.2828 26.1464 20.4
      vertex 81.2828 26.1464 0
    endloop
  endfacet
  facet normal 0.671478 0.741024 -0
    outer loop
      vertex 81.5772 25.3235 0
      vertex 81.5154 25.3795 20.4
      vertex 81.5772 25.3235 20.4
    endloop
  endfacet
  facet normal 0.671478 0.741024 0
    outer loop
      vertex 81.5154 25.3795 20.4
      vertex 81.5772 25.3235 0
      vertex 81.5154 25.3795 0
    endloop
  endfacet
  facet normal 0.426952 -0.904274 0
    outer loop
      vertex 81.7158 26.7302 0
      vertex 81.7912 26.7658 20.4
      vertex 81.7158 26.7302 20.4
    endloop
  endfacet
  facet normal 0.426952 -0.904274 0
    outer loop
      vertex 81.7912 26.7658 20.4
      vertex 81.7158 26.7302 0
      vertex 81.7912 26.7658 0
    endloop
  endfacet
  facet normal -0.903811 -0.427932 0
    outer loop
      vertex 82.9018 26.3058 0
      vertex 82.8661 26.3812 20.4
      vertex 82.8661 26.3812 0
    endloop
  endfacet
  facet normal -0.903811 -0.427932 0
    outer loop
      vertex 82.8661 26.3812 20.4
      vertex 82.9018 26.3058 0
      vertex 82.9018 26.3058 20.4
    endloop
  endfacet
  facet normal 0.671478 -0.741024 0
    outer loop
      vertex 81.5154 26.5816 0
      vertex 81.5772 26.6376 20.4
      vertex 81.5154 26.5816 20.4
    endloop
  endfacet
  facet normal 0.671478 -0.741024 0
    outer loop
      vertex 81.5772 26.6376 20.4
      vertex 81.5154 26.5816 0
      vertex 81.5772 26.6376 0
    endloop
  endfacet
  facet normal 0.904274 0.426952 0
    outer loop
      vertex 81.3668 25.5798 20.4
      vertex 81.3312 25.6552 0
      vertex 81.3312 25.6552 20.4
    endloop
  endfacet
  facet normal 0.904274 0.426952 0
    outer loop
      vertex 81.3312 25.6552 0
      vertex 81.3668 25.5798 20.4
      vertex 81.3668 25.5798 0
    endloop
  endfacet
  facet normal 0.857493 0.514496 0
    outer loop
      vertex 81.4097 25.5083 20.4
      vertex 81.3668 25.5798 0
      vertex 81.3668 25.5798 20.4
    endloop
  endfacet
  facet normal 0.857493 0.514496 0
    outer loop
      vertex 81.3668 25.5798 0
      vertex 81.4097 25.5083 20.4
      vertex 81.4097 25.5083 0
    endloop
  endfacet
  facet normal -0.242253 0.970213 0
    outer loop
      vertex 82.3632 25.1671 0
      vertex 82.2823 25.1469 20.4
      vertex 82.3632 25.1671 20.4
    endloop
  endfacet
  facet normal -0.242253 0.970213 0
    outer loop
      vertex 82.2823 25.1469 20.4
      vertex 82.3632 25.1671 0
      vertex 82.2823 25.1469 0
    endloop
  endfacet
  facet normal -0.741024 -0.671478 0
    outer loop
      vertex 82.7735 26.5198 0
      vertex 82.7175 26.5816 20.4
      vertex 82.7175 26.5816 0
    endloop
  endfacet
  facet normal -0.741024 -0.671478 0
    outer loop
      vertex 82.7175 26.5816 20.4
      vertex 82.7735 26.5198 0
      vertex 82.7735 26.5198 20.4
    endloop
  endfacet
  facet normal -0.595772 0.803154 0
    outer loop
      vertex 82.6557 25.3235 0
      vertex 82.5887 25.2738 20.4
      vertex 82.6557 25.3235 20.4
    endloop
  endfacet
  facet normal -0.595772 0.803154 0
    outer loop
      vertex 82.5887 25.2738 20.4
      vertex 82.6557 25.3235 0
      vertex 82.5887 25.2738 0
    endloop
  endfacet
  facet normal 0.989268 -0.146115 0
    outer loop
      vertex 81.2706 26.0638 20.4
      vertex 81.2828 26.1464 0
      vertex 81.2828 26.1464 20.4
    endloop
  endfacet
  facet normal 0.989268 -0.146115 0
    outer loop
      vertex 81.2828 26.1464 0
      vertex 81.2706 26.0638 20.4
      vertex 81.2706 26.0638 0
    endloop
  endfacet
  facet normal -0.671478 -0.741024 0
    outer loop
      vertex 82.6557 26.6376 0
      vertex 82.7175 26.5816 20.4
      vertex 82.6557 26.6376 20.4
    endloop
  endfacet
  facet normal -0.671478 -0.741024 -0
    outer loop
      vertex 82.7175 26.5816 20.4
      vertex 82.6557 26.6376 0
      vertex 82.7175 26.5816 0
    endloop
  endfacet
  facet normal 0.969931 0.243382 0
    outer loop
      vertex 81.3031 25.7338 20.4
      vertex 81.2828 25.8147 0
      vertex 81.2828 25.8147 20.4
    endloop
  endfacet
  facet normal 0.969931 0.243382 0
    outer loop
      vertex 81.2828 25.8147 0
      vertex 81.3031 25.7338 20.4
      vertex 81.3031 25.7338 0
    endloop
  endfacet
  facet normal 0.803154 0.595772 0
    outer loop
      vertex 81.4594 25.4413 20.4
      vertex 81.4097 25.5083 0
      vertex 81.4097 25.5083 20.4
    endloop
  endfacet
  facet normal 0.803154 0.595772 0
    outer loop
      vertex 81.4097 25.5083 0
      vertex 81.4594 25.4413 20.4
      vertex 81.4594 25.4413 0
    endloop
  endfacet
  facet normal 0.989242 0.146288 0
    outer loop
      vertex 81.2828 25.8147 20.4
      vertex 81.2706 25.8972 0
      vertex 81.2706 25.8972 20.4
    endloop
  endfacet
  facet normal 0.989242 0.146288 0
    outer loop
      vertex 81.2706 25.8972 0
      vertex 81.2828 25.8147 20.4
      vertex 81.2828 25.8147 0
    endloop
  endfacet
  facet normal 0.595772 0.803154 -0
    outer loop
      vertex 81.6442 25.2738 0
      vertex 81.5772 25.3235 20.4
      vertex 81.6442 25.2738 20.4
    endloop
  endfacet
  facet normal 0.595772 0.803154 0
    outer loop
      vertex 81.5772 25.3235 20.4
      vertex 81.6442 25.2738 0
      vertex 81.5772 25.3235 0
    endloop
  endfacet
  facet normal 0.803154 -0.595772 0
    outer loop
      vertex 81.4097 26.4528 20.4
      vertex 81.4594 26.5198 0
      vertex 81.4594 26.5198 20.4
    endloop
  endfacet
  facet normal 0.803154 -0.595772 0
    outer loop
      vertex 81.4594 26.5198 0
      vertex 81.4097 26.4528 20.4
      vertex 81.4097 26.4528 0
    endloop
  endfacet
  facet normal 0.0491602 0.998791 -0
    outer loop
      vertex 82.1165 25.1305 0
      vertex 82.0332 25.1346 20.4
      vertex 82.1165 25.1305 20.4
    endloop
  endfacet
  facet normal 0.0491602 0.998791 0
    outer loop
      vertex 82.0332 25.1346 20.4
      vertex 82.1165 25.1305 0
      vertex 82.0332 25.1346 0
    endloop
  endfacet
  facet normal 0.998791 -0.0491602 0
    outer loop
      vertex 81.2665 25.9805 20.4
      vertex 81.2706 26.0638 0
      vertex 81.2706 26.0638 20.4
    endloop
  endfacet
  facet normal 0.998791 -0.0491602 0
    outer loop
      vertex 81.2706 26.0638 0
      vertex 81.2665 25.9805 20.4
      vertex 81.2665 25.9805 0
    endloop
  endfacet
  facet normal 0.33702 0.941497 -0
    outer loop
      vertex 81.8697 25.1671 0
      vertex 81.7912 25.1952 20.4
      vertex 81.8697 25.1671 20.4
    endloop
  endfacet
  facet normal 0.33702 0.941497 0
    outer loop
      vertex 81.7912 25.1952 20.4
      vertex 81.8697 25.1671 0
      vertex 81.7912 25.1952 0
    endloop
  endfacet
  facet normal -0.671478 0.741024 0
    outer loop
      vertex 82.7175 25.3795 0
      vertex 82.6557 25.3235 20.4
      vertex 82.7175 25.3795 20.4
    endloop
  endfacet
  facet normal -0.671478 0.741024 0
    outer loop
      vertex 82.6557 25.3235 20.4
      vertex 82.7175 25.3795 0
      vertex 82.6557 25.3235 0
    endloop
  endfacet
  facet normal -0.989068 -0.147461 0
    outer loop
      vertex 82.9624 83.1028 0
      vertex 82.9501 83.1853 20.4
      vertex 82.9501 83.1853 0
    endloop
  endfacet
  facet normal -0.989068 -0.147461 0
    outer loop
      vertex 82.9501 83.1853 20.4
      vertex 82.9624 83.1028 0
      vertex 82.9624 83.1028 20.4
    endloop
  endfacet
  facet normal -0.998791 -0.0491602 0
    outer loop
      vertex 82.9665 83.0195 0
      vertex 82.9624 83.1028 20.4
      vertex 82.9624 83.1028 0
    endloop
  endfacet
  facet normal -0.998791 -0.0491602 0
    outer loop
      vertex 82.9624 83.1028 20.4
      vertex 82.9665 83.0195 0
      vertex 82.9665 83.0195 20.4
    endloop
  endfacet
  facet normal -0.514496 -0.857493 0
    outer loop
      vertex 82.5172 83.7691 0
      vertex 82.5887 83.7262 20.4
      vertex 82.5172 83.7691 20.4
    endloop
  endfacet
  facet normal -0.514496 -0.857493 -0
    outer loop
      vertex 82.5887 83.7262 20.4
      vertex 82.5172 83.7691 0
      vertex 82.5887 83.7262 0
    endloop
  endfacet
  facet normal 0.941497 0.33702 0
    outer loop
      vertex 81.3312 82.6942 20.4
      vertex 81.3031 82.7727 0
      vertex 81.3031 82.7727 20.4
    endloop
  endfacet
  facet normal 0.941497 0.33702 0
    outer loop
      vertex 81.3031 82.7727 0
      vertex 81.3312 82.6942 20.4
      vertex 81.3312 82.6942 0
    endloop
  endfacet
  facet normal -0.671478 -0.741024 0
    outer loop
      vertex 82.6557 83.6765 0
      vertex 82.7175 83.6205 20.4
      vertex 82.6557 83.6765 20.4
    endloop
  endfacet
  facet normal -0.671478 -0.741024 -0
    outer loop
      vertex 82.7175 83.6205 20.4
      vertex 82.6557 83.6765 0
      vertex 82.7175 83.6205 0
    endloop
  endfacet
  facet normal 0.146115 0.989268 -0
    outer loop
      vertex 82.0332 82.1736 0
      vertex 81.9506 82.1858 20.4
      vertex 82.0332 82.1736 20.4
    endloop
  endfacet
  facet normal 0.146115 0.989268 0
    outer loop
      vertex 81.9506 82.1858 20.4
      vertex 82.0332 82.1736 0
      vertex 81.9506 82.1858 0
    endloop
  endfacet
  facet normal -0.741024 -0.671478 0
    outer loop
      vertex 82.7735 83.5587 0
      vertex 82.7175 83.6205 20.4
      vertex 82.7175 83.6205 0
    endloop
  endfacet
  facet normal -0.741024 -0.671478 0
    outer loop
      vertex 82.7175 83.6205 20.4
      vertex 82.7735 83.5587 0
      vertex 82.7735 83.5587 20.4
    endloop
  endfacet
  facet normal 0.989242 -0.146288 0
    outer loop
      vertex 81.2706 83.1028 20.4
      vertex 81.2828 83.1853 0
      vertex 81.2828 83.1853 20.4
    endloop
  endfacet
  facet normal 0.989242 -0.146288 0
    outer loop
      vertex 81.2828 83.1853 0
      vertex 81.2706 83.1028 20.4
      vertex 81.2706 83.1028 0
    endloop
  endfacet
  facet normal -0.741024 0.671478 0
    outer loop
      vertex 82.7175 82.4184 0
      vertex 82.7735 82.4802 20.4
      vertex 82.7735 82.4802 0
    endloop
  endfacet
  facet normal -0.741024 0.671478 0
    outer loop
      vertex 82.7735 82.4802 20.4
      vertex 82.7175 82.4184 0
      vertex 82.7175 82.4184 20.4
    endloop
  endfacet
  facet normal -0.998791 0.0491602 0
    outer loop
      vertex 82.9624 82.9362 0
      vertex 82.9665 83.0195 20.4
      vertex 82.9665 83.0195 0
    endloop
  endfacet
  facet normal -0.998791 0.0491602 0
    outer loop
      vertex 82.9665 83.0195 20.4
      vertex 82.9624 82.9362 0
      vertex 82.9624 82.9362 20.4
    endloop
  endfacet
  facet normal -0.426952 0.904274 0
    outer loop
      vertex 82.5172 82.2698 0
      vertex 82.4418 82.2342 20.4
      vertex 82.5172 82.2698 20.4
    endloop
  endfacet
  facet normal -0.426952 0.904274 0
    outer loop
      vertex 82.4418 82.2342 20.4
      vertex 82.5172 82.2698 0
      vertex 82.4418 82.2342 0
    endloop
  endfacet
  facet normal 0.33702 0.941497 -0
    outer loop
      vertex 81.8697 82.2061 0
      vertex 81.7912 82.2342 20.4
      vertex 81.8697 82.2061 20.4
    endloop
  endfacet
  facet normal 0.33702 0.941497 0
    outer loop
      vertex 81.7912 82.2342 20.4
      vertex 81.8697 82.2061 0
      vertex 81.7912 82.2342 0
    endloop
  endfacet
  facet normal 0.147286 -0.989094 0
    outer loop
      vertex 81.9506 83.8531 0
      vertex 82.0332 83.8654 20.4
      vertex 81.9506 83.8531 20.4
    endloop
  endfacet
  facet normal 0.147286 -0.989094 0
    outer loop
      vertex 82.0332 83.8654 20.4
      vertex 81.9506 83.8531 0
      vertex 82.0332 83.8654 0
    endloop
  endfacet
  facet normal -0.970213 0.242253 0
    outer loop
      vertex 82.9299 82.7727 0
      vertex 82.9501 82.8536 20.4
      vertex 82.9501 82.8536 0
    endloop
  endfacet
  facet normal -0.970213 0.242253 0
    outer loop
      vertex 82.9501 82.8536 20.4
      vertex 82.9299 82.7727 0
      vertex 82.9299 82.7727 20.4
    endloop
  endfacet
  facet normal -0.903811 -0.427932 0
    outer loop
      vertex 82.9018 83.3448 0
      vertex 82.8661 83.4202 20.4
      vertex 82.8661 83.4202 0
    endloop
  endfacet
  facet normal -0.903811 -0.427932 0
    outer loop
      vertex 82.8661 83.4202 20.4
      vertex 82.9018 83.3448 0
      vertex 82.9018 83.3448 20.4
    endloop
  endfacet
  facet normal -0.671478 0.741024 0
    outer loop
      vertex 82.7175 82.4184 0
      vertex 82.6557 82.3624 20.4
      vertex 82.7175 82.4184 20.4
    endloop
  endfacet
  facet normal -0.671478 0.741024 0
    outer loop
      vertex 82.6557 82.3624 20.4
      vertex 82.7175 82.4184 0
      vertex 82.6557 82.3624 0
    endloop
  endfacet
  facet normal -0.595772 0.803154 0
    outer loop
      vertex 82.6557 82.3624 0
      vertex 82.5887 82.3127 20.4
      vertex 82.6557 82.3624 20.4
    endloop
  endfacet
  facet normal -0.595772 0.803154 0
    outer loop
      vertex 82.5887 82.3127 20.4
      vertex 82.6557 82.3624 0
      vertex 82.5887 82.3127 0
    endloop
  endfacet
  facet normal 0.998791 -0.0491602 0
    outer loop
      vertex 81.2665 83.0195 20.4
      vertex 81.2706 83.1028 0
      vertex 81.2706 83.1028 20.4
    endloop
  endfacet
  facet normal 0.998791 -0.0491602 0
    outer loop
      vertex 81.2706 83.1028 0
      vertex 81.2665 83.0195 20.4
      vertex 81.2665 83.0195 0
    endloop
  endfacet
  facet normal 0.595772 0.803154 -0
    outer loop
      vertex 81.6442 82.3127 0
      vertex 81.5772 82.3624 20.4
      vertex 81.6442 82.3127 20.4
    endloop
  endfacet
  facet normal 0.595772 0.803154 0
    outer loop
      vertex 81.5772 82.3624 20.4
      vertex 81.6442 82.3127 0
      vertex 81.5772 82.3624 0
    endloop
  endfacet
  facet normal -0.803154 0.595772 0
    outer loop
      vertex 82.7735 82.4802 0
      vertex 82.8232 82.5472 20.4
      vertex 82.8232 82.5472 0
    endloop
  endfacet
  facet normal -0.803154 0.595772 0
    outer loop
      vertex 82.8232 82.5472 20.4
      vertex 82.7735 82.4802 0
      vertex 82.7735 82.4802 20.4
    endloop
  endfacet
  facet normal 0.671478 -0.741024 0
    outer loop
      vertex 81.5154 83.6205 0
      vertex 81.5772 83.6765 20.4
      vertex 81.5154 83.6205 20.4
    endloop
  endfacet
  facet normal 0.671478 -0.741024 0
    outer loop
      vertex 81.5772 83.6765 20.4
      vertex 81.5154 83.6205 0
      vertex 81.5772 83.6765 0
    endloop
  endfacet
  facet normal 0.242253 -0.970213 0
    outer loop
      vertex 81.8697 83.8329 0
      vertex 81.9506 83.8531 20.4
      vertex 81.8697 83.8329 20.4
    endloop
  endfacet
  facet normal 0.242253 -0.970213 0
    outer loop
      vertex 81.9506 83.8531 20.4
      vertex 81.8697 83.8329 0
      vertex 81.9506 83.8531 0
    endloop
  endfacet
  facet normal 0.595772 -0.803154 0
    outer loop
      vertex 81.5772 83.6765 0
      vertex 81.6442 83.7262 20.4
      vertex 81.5772 83.6765 20.4
    endloop
  endfacet
  facet normal 0.595772 -0.803154 0
    outer loop
      vertex 81.6442 83.7262 20.4
      vertex 81.5772 83.6765 0
      vertex 81.6442 83.7262 0
    endloop
  endfacet
  facet normal -0.146288 0.989242 0
    outer loop
      vertex 82.2823 82.1858 0
      vertex 82.1998 82.1736 20.4
      vertex 82.2823 82.1858 20.4
    endloop
  endfacet
  facet normal -0.146288 0.989242 0
    outer loop
      vertex 82.1998 82.1736 20.4
      vertex 82.2823 82.1858 0
      vertex 82.1998 82.1736 0
    endloop
  endfacet
  facet normal 0.33702 -0.941497 0
    outer loop
      vertex 81.7912 83.8048 0
      vertex 81.8697 83.8329 20.4
      vertex 81.7912 83.8048 20.4
    endloop
  endfacet
  facet normal 0.33702 -0.941497 0
    outer loop
      vertex 81.8697 83.8329 20.4
      vertex 81.7912 83.8048 0
      vertex 81.8697 83.8329 0
    endloop
  endfacet
  facet normal -0.147461 -0.989068 0
    outer loop
      vertex 82.1998 83.8654 0
      vertex 82.2823 83.8531 20.4
      vertex 82.1998 83.8654 20.4
    endloop
  endfacet
  facet normal -0.147461 -0.989068 -0
    outer loop
      vertex 82.2823 83.8531 20.4
      vertex 82.1998 83.8654 0
      vertex 82.2823 83.8531 0
    endloop
  endfacet
  facet normal 0.969931 0.243382 0
    outer loop
      vertex 81.3031 82.7727 20.4
      vertex 81.2828 82.8536 0
      vertex 81.2828 82.8536 20.4
    endloop
  endfacet
  facet normal 0.969931 0.243382 0
    outer loop
      vertex 81.2828 82.8536 0
      vertex 81.3031 82.7727 20.4
      vertex 81.3031 82.7727 0
    endloop
  endfacet
  facet normal -0.514496 0.857493 0
    outer loop
      vertex 82.5887 82.3127 0
      vertex 82.5172 82.2698 20.4
      vertex 82.5887 82.3127 20.4
    endloop
  endfacet
  facet normal -0.514496 0.857493 0
    outer loop
      vertex 82.5172 82.2698 20.4
      vertex 82.5887 82.3127 0
      vertex 82.5172 82.2698 0
    endloop
  endfacet
  facet normal 0.904274 0.426952 0
    outer loop
      vertex 81.3668 82.6188 20.4
      vertex 81.3312 82.6942 0
      vertex 81.3312 82.6942 20.4
    endloop
  endfacet
  facet normal 0.904274 0.426952 0
    outer loop
      vertex 81.3312 82.6942 0
      vertex 81.3668 82.6188 20.4
      vertex 81.3668 82.6188 0
    endloop
  endfacet
  facet normal 0.513967 -0.85781 0
    outer loop
      vertex 81.6442 83.7262 0
      vertex 81.7158 83.7691 20.4
      vertex 81.6442 83.7262 20.4
    endloop
  endfacet
  facet normal 0.513967 -0.85781 0
    outer loop
      vertex 81.7158 83.7691 20.4
      vertex 81.6442 83.7262 0
      vertex 81.7158 83.7691 0
    endloop
  endfacet
  facet normal 0.741024 -0.671478 0
    outer loop
      vertex 81.4594 83.5587 20.4
      vertex 81.5154 83.6205 0
      vertex 81.5154 83.6205 20.4
    endloop
  endfacet
  facet normal 0.741024 -0.671478 0
    outer loop
      vertex 81.5154 83.6205 0
      vertex 81.4594 83.5587 20.4
      vertex 81.4594 83.5587 0
    endloop
  endfacet
  facet normal -0.242253 -0.970213 0
    outer loop
      vertex 82.2823 83.8531 0
      vertex 82.3632 83.8329 20.4
      vertex 82.2823 83.8531 20.4
    endloop
  endfacet
  facet normal -0.242253 -0.970213 -0
    outer loop
      vertex 82.3632 83.8329 20.4
      vertex 82.2823 83.8531 0
      vertex 82.3632 83.8329 0
    endloop
  endfacet
  facet normal -0.803154 -0.595772 0
    outer loop
      vertex 82.8232 83.4917 0
      vertex 82.7735 83.5587 20.4
      vertex 82.7735 83.5587 0
    endloop
  endfacet
  facet normal -0.803154 -0.595772 0
    outer loop
      vertex 82.7735 83.5587 20.4
      vertex 82.8232 83.4917 0
      vertex 82.8232 83.4917 20.4
    endloop
  endfacet
  facet normal -0.941633 -0.33664 0
    outer loop
      vertex 82.9299 83.2662 0
      vertex 82.9018 83.3448 20.4
      vertex 82.9018 83.3448 0
    endloop
  endfacet
  facet normal -0.941633 -0.33664 0
    outer loop
      vertex 82.9018 83.3448 20.4
      vertex 82.9299 83.2662 0
      vertex 82.9299 83.2662 20.4
    endloop
  endfacet
  facet normal -0.85781 0.513967 0
    outer loop
      vertex 82.8232 82.5472 0
      vertex 82.8661 82.6188 20.4
      vertex 82.8661 82.6188 0
    endloop
  endfacet
  facet normal -0.85781 0.513967 0
    outer loop
      vertex 82.8661 82.6188 20.4
      vertex 82.8232 82.5472 0
      vertex 82.8232 82.5472 20.4
    endloop
  endfacet
  facet normal -0.857493 -0.514496 0
    outer loop
      vertex 82.8661 83.4202 0
      vertex 82.8232 83.4917 20.4
      vertex 82.8232 83.4917 0
    endloop
  endfacet
  facet normal -0.857493 -0.514496 0
    outer loop
      vertex 82.8232 83.4917 20.4
      vertex 82.8661 83.4202 0
      vertex 82.8661 83.4202 20.4
    endloop
  endfacet
  facet normal 0.0491602 0.998791 -0
    outer loop
      vertex 82.1165 82.1695 0
      vertex 82.0332 82.1736 20.4
      vertex 82.1165 82.1695 20.4
    endloop
  endfacet
  facet normal 0.0491602 0.998791 0
    outer loop
      vertex 82.0332 82.1736 20.4
      vertex 82.1165 82.1695 0
      vertex 82.0332 82.1736 0
    endloop
  endfacet
  facet normal -0.941497 0.33702 0
    outer loop
      vertex 82.9018 82.6942 0
      vertex 82.9299 82.7727 20.4
      vertex 82.9299 82.7727 0
    endloop
  endfacet
  facet normal -0.941497 0.33702 0
    outer loop
      vertex 82.9299 82.7727 20.4
      vertex 82.9018 82.6942 0
      vertex 82.9018 82.6942 20.4
    endloop
  endfacet
  facet normal 0.989268 0.146115 0
    outer loop
      vertex 81.2828 82.8536 20.4
      vertex 81.2706 82.9362 0
      vertex 81.2706 82.9362 20.4
    endloop
  endfacet
  facet normal 0.989268 0.146115 0
    outer loop
      vertex 81.2706 82.9362 0
      vertex 81.2828 82.8536 20.4
      vertex 81.2828 82.8536 0
    endloop
  endfacet
  facet normal -0.595772 -0.803154 0
    outer loop
      vertex 82.5887 83.7262 0
      vertex 82.6557 83.6765 20.4
      vertex 82.5887 83.7262 20.4
    endloop
  endfacet
  facet normal -0.595772 -0.803154 -0
    outer loop
      vertex 82.6557 83.6765 20.4
      vertex 82.5887 83.7262 0
      vertex 82.6557 83.6765 0
    endloop
  endfacet
  facet normal -0.989094 0.147286 0
    outer loop
      vertex 82.9501 82.8536 0
      vertex 82.9624 82.9362 20.4
      vertex 82.9624 82.9362 0
    endloop
  endfacet
  facet normal -0.989094 0.147286 0
    outer loop
      vertex 82.9624 82.9362 20.4
      vertex 82.9501 82.8536 0
      vertex 82.9501 82.8536 20.4
    endloop
  endfacet
  facet normal -0.427932 -0.903811 0
    outer loop
      vertex 82.4418 83.8048 0
      vertex 82.5172 83.7691 20.4
      vertex 82.4418 83.8048 20.4
    endloop
  endfacet
  facet normal -0.427932 -0.903811 -0
    outer loop
      vertex 82.5172 83.7691 20.4
      vertex 82.4418 83.8048 0
      vertex 82.5172 83.7691 0
    endloop
  endfacet
  facet normal -0.243382 0.969931 0
    outer loop
      vertex 82.3632 82.2061 0
      vertex 82.2823 82.1858 20.4
      vertex 82.3632 82.2061 20.4
    endloop
  endfacet
  facet normal -0.243382 0.969931 0
    outer loop
      vertex 82.2823 82.1858 20.4
      vertex 82.3632 82.2061 0
      vertex 82.2823 82.1858 0
    endloop
  endfacet
  facet normal -0.970213 -0.242253 0
    outer loop
      vertex 82.9501 83.1853 0
      vertex 82.9299 83.2662 20.4
      vertex 82.9299 83.2662 0
    endloop
  endfacet
  facet normal -0.970213 -0.242253 0
    outer loop
      vertex 82.9299 83.2662 20.4
      vertex 82.9501 83.1853 0
      vertex 82.9501 83.1853 20.4
    endloop
  endfacet
  facet normal 0.803154 -0.595772 0
    outer loop
      vertex 81.4097 83.4917 20.4
      vertex 81.4594 83.5587 0
      vertex 81.4594 83.5587 20.4
    endloop
  endfacet
  facet normal 0.803154 -0.595772 0
    outer loop
      vertex 81.4594 83.5587 0
      vertex 81.4097 83.4917 20.4
      vertex 81.4097 83.4917 0
    endloop
  endfacet
  facet normal -0.0491602 -0.998791 0
    outer loop
      vertex 82.1165 83.8695 0
      vertex 82.1998 83.8654 20.4
      vertex 82.1165 83.8695 20.4
    endloop
  endfacet
  facet normal -0.0491602 -0.998791 -0
    outer loop
      vertex 82.1998 83.8654 20.4
      vertex 82.1165 83.8695 0
      vertex 82.1998 83.8654 0
    endloop
  endfacet
  facet normal 0.941633 -0.33664 0
    outer loop
      vertex 81.3031 83.2662 20.4
      vertex 81.3312 83.3448 0
      vertex 81.3312 83.3448 20.4
    endloop
  endfacet
  facet normal 0.941633 -0.33664 0
    outer loop
      vertex 81.3312 83.3448 0
      vertex 81.3031 83.2662 20.4
      vertex 81.3031 83.2662 0
    endloop
  endfacet
  facet normal 0.0491602 -0.998791 0
    outer loop
      vertex 82.0332 83.8654 0
      vertex 82.1165 83.8695 20.4
      vertex 82.0332 83.8654 20.4
    endloop
  endfacet
  facet normal 0.0491602 -0.998791 0
    outer loop
      vertex 82.1165 83.8695 20.4
      vertex 82.0332 83.8654 0
      vertex 82.1165 83.8695 0
    endloop
  endfacet
  facet normal 0.671478 0.741024 -0
    outer loop
      vertex 81.5772 82.3624 0
      vertex 81.5154 82.4184 20.4
      vertex 81.5772 82.3624 20.4
    endloop
  endfacet
  facet normal 0.671478 0.741024 0
    outer loop
      vertex 81.5154 82.4184 20.4
      vertex 81.5772 82.3624 0
      vertex 81.5154 82.4184 0
    endloop
  endfacet
  facet normal 0.741024 0.671478 0
    outer loop
      vertex 81.5154 82.4184 20.4
      vertex 81.4594 82.4802 0
      vertex 81.4594 82.4802 20.4
    endloop
  endfacet
  facet normal 0.741024 0.671478 0
    outer loop
      vertex 81.4594 82.4802 0
      vertex 81.5154 82.4184 20.4
      vertex 81.5154 82.4184 0
    endloop
  endfacet
  facet normal 0.803154 0.595772 0
    outer loop
      vertex 81.4594 82.4802 20.4
      vertex 81.4097 82.5472 0
      vertex 81.4097 82.5472 20.4
    endloop
  endfacet
  facet normal 0.803154 0.595772 0
    outer loop
      vertex 81.4097 82.5472 0
      vertex 81.4594 82.4802 20.4
      vertex 81.4594 82.4802 0
    endloop
  endfacet
  facet normal 0.427932 -0.903811 0
    outer loop
      vertex 81.7158 83.7691 0
      vertex 81.7912 83.8048 20.4
      vertex 81.7158 83.7691 20.4
    endloop
  endfacet
  facet normal 0.427932 -0.903811 0
    outer loop
      vertex 81.7912 83.8048 20.4
      vertex 81.7158 83.7691 0
      vertex 81.7912 83.8048 0
    endloop
  endfacet
  facet normal 0.243382 0.969931 -0
    outer loop
      vertex 81.9506 82.1858 0
      vertex 81.8697 82.2061 20.4
      vertex 81.9506 82.1858 20.4
    endloop
  endfacet
  facet normal 0.243382 0.969931 0
    outer loop
      vertex 81.8697 82.2061 20.4
      vertex 81.9506 82.1858 0
      vertex 81.8697 82.2061 0
    endloop
  endfacet
  facet normal -0.0491602 0.998791 0
    outer loop
      vertex 82.1998 82.1736 0
      vertex 82.1165 82.1695 20.4
      vertex 82.1998 82.1736 20.4
    endloop
  endfacet
  facet normal -0.0491602 0.998791 0
    outer loop
      vertex 82.1165 82.1695 20.4
      vertex 82.1998 82.1736 0
      vertex 82.1165 82.1695 0
    endloop
  endfacet
  facet normal 0.857493 -0.514496 0
    outer loop
      vertex 81.3668 83.4202 20.4
      vertex 81.4097 83.4917 0
      vertex 81.4097 83.4917 20.4
    endloop
  endfacet
  facet normal 0.857493 -0.514496 0
    outer loop
      vertex 81.4097 83.4917 0
      vertex 81.3668 83.4202 20.4
      vertex 81.3668 83.4202 0
    endloop
  endfacet
  facet normal 0.998791 0.0491602 0
    outer loop
      vertex 81.2706 82.9362 20.4
      vertex 81.2665 83.0195 0
      vertex 81.2665 83.0195 20.4
    endloop
  endfacet
  facet normal 0.998791 0.0491602 0
    outer loop
      vertex 81.2665 83.0195 0
      vertex 81.2706 82.9362 20.4
      vertex 81.2706 82.9362 0
    endloop
  endfacet
  facet normal -0.33664 0.941633 0
    outer loop
      vertex 82.4418 82.2342 0
      vertex 82.3632 82.2061 20.4
      vertex 82.4418 82.2342 20.4
    endloop
  endfacet
  facet normal -0.33664 0.941633 0
    outer loop
      vertex 82.3632 82.2061 20.4
      vertex 82.4418 82.2342 0
      vertex 82.3632 82.2061 0
    endloop
  endfacet
  facet normal 0.969931 -0.243382 0
    outer loop
      vertex 81.2828 83.1853 20.4
      vertex 81.3031 83.2662 0
      vertex 81.3031 83.2662 20.4
    endloop
  endfacet
  facet normal 0.969931 -0.243382 0
    outer loop
      vertex 81.3031 83.2662 0
      vertex 81.2828 83.1853 20.4
      vertex 81.2828 83.1853 0
    endloop
  endfacet
  facet normal -0.903811 0.427932 0
    outer loop
      vertex 82.8661 82.6188 0
      vertex 82.9018 82.6942 20.4
      vertex 82.9018 82.6942 0
    endloop
  endfacet
  facet normal -0.903811 0.427932 0
    outer loop
      vertex 82.9018 82.6942 20.4
      vertex 82.8661 82.6188 0
      vertex 82.8661 82.6188 20.4
    endloop
  endfacet
  facet normal -0.33664 -0.941633 0
    outer loop
      vertex 82.3632 83.8329 0
      vertex 82.4418 83.8048 20.4
      vertex 82.3632 83.8329 20.4
    endloop
  endfacet
  facet normal -0.33664 -0.941633 -0
    outer loop
      vertex 82.4418 83.8048 20.4
      vertex 82.3632 83.8329 0
      vertex 82.4418 83.8048 0
    endloop
  endfacet
  facet normal 0.904274 -0.426952 0
    outer loop
      vertex 81.3312 83.3448 20.4
      vertex 81.3668 83.4202 0
      vertex 81.3668 83.4202 20.4
    endloop
  endfacet
  facet normal 0.904274 -0.426952 0
    outer loop
      vertex 81.3668 83.4202 0
      vertex 81.3312 83.3448 20.4
      vertex 81.3312 83.3448 0
    endloop
  endfacet
  facet normal 0.85781 0.513967 0
    outer loop
      vertex 81.4097 82.5472 20.4
      vertex 81.3668 82.6188 0
      vertex 81.3668 82.6188 20.4
    endloop
  endfacet
  facet normal 0.85781 0.513967 0
    outer loop
      vertex 81.3668 82.6188 0
      vertex 81.4097 82.5472 20.4
      vertex 81.4097 82.5472 0
    endloop
  endfacet
  facet normal 0.513967 0.85781 -0
    outer loop
      vertex 81.7158 82.2698 0
      vertex 81.6442 82.3127 20.4
      vertex 81.7158 82.2698 20.4
    endloop
  endfacet
  facet normal 0.513967 0.85781 0
    outer loop
      vertex 81.6442 82.3127 20.4
      vertex 81.7158 82.2698 0
      vertex 81.6442 82.3127 0
    endloop
  endfacet
  facet normal 0.426952 0.904274 -0
    outer loop
      vertex 81.7912 82.2342 0
      vertex 81.7158 82.2698 20.4
      vertex 81.7912 82.2342 20.4
    endloop
  endfacet
  facet normal 0.426952 0.904274 0
    outer loop
      vertex 81.7158 82.2698 20.4
      vertex 81.7912 82.2342 0
      vertex 81.7158 82.2698 0
    endloop
  endfacet
  facet normal 0.803154 -0.595772 0
    outer loop
      vertex 24.2738 83.4917 20.4
      vertex 24.3235 83.5587 0
      vertex 24.3235 83.5587 20.4
    endloop
  endfacet
  facet normal 0.803154 -0.595772 0
    outer loop
      vertex 24.3235 83.5587 0
      vertex 24.2738 83.4917 20.4
      vertex 24.2738 83.4917 0
    endloop
  endfacet
  facet normal -0.989242 -0.146288 0
    outer loop
      vertex 25.8264 83.1028 0
      vertex 25.8142 83.1853 20.4
      vertex 25.8142 83.1853 0
    endloop
  endfacet
  facet normal -0.989242 -0.146288 0
    outer loop
      vertex 25.8142 83.1853 20.4
      vertex 25.8264 83.1028 0
      vertex 25.8264 83.1028 20.4
    endloop
  endfacet
  facet normal -0.998791 -0.0491602 0
    outer loop
      vertex 25.8305 83.0195 0
      vertex 25.8264 83.1028 20.4
      vertex 25.8264 83.1028 0
    endloop
  endfacet
  facet normal -0.998791 -0.0491602 0
    outer loop
      vertex 25.8264 83.1028 20.4
      vertex 25.8305 83.0195 0
      vertex 25.8305 83.0195 20.4
    endloop
  endfacet
  facet normal -0.426952 0.904274 0
    outer loop
      vertex 25.3812 82.2698 0
      vertex 25.3058 82.2342 20.4
      vertex 25.3812 82.2698 20.4
    endloop
  endfacet
  facet normal -0.426952 0.904274 0
    outer loop
      vertex 25.3058 82.2342 20.4
      vertex 25.3812 82.2698 0
      vertex 25.3058 82.2342 0
    endloop
  endfacet
  facet normal -0.671478 -0.741024 0
    outer loop
      vertex 25.5198 83.6765 0
      vertex 25.5816 83.6205 20.4
      vertex 25.5198 83.6765 20.4
    endloop
  endfacet
  facet normal -0.671478 -0.741024 -0
    outer loop
      vertex 25.5816 83.6205 20.4
      vertex 25.5198 83.6765 0
      vertex 25.5816 83.6205 0
    endloop
  endfacet
  facet normal 0.671478 -0.741024 0
    outer loop
      vertex 24.3795 83.6205 0
      vertex 24.4413 83.6765 20.4
      vertex 24.3795 83.6205 20.4
    endloop
  endfacet
  facet normal 0.671478 -0.741024 0
    outer loop
      vertex 24.4413 83.6765 20.4
      vertex 24.3795 83.6205 0
      vertex 24.4413 83.6765 0
    endloop
  endfacet
  facet normal 0.427932 -0.903811 0
    outer loop
      vertex 24.5798 83.7691 0
      vertex 24.6552 83.8048 20.4
      vertex 24.5798 83.7691 20.4
    endloop
  endfacet
  facet normal 0.427932 -0.903811 0
    outer loop
      vertex 24.6552 83.8048 20.4
      vertex 24.5798 83.7691 0
      vertex 24.6552 83.8048 0
    endloop
  endfacet
  facet normal 0.595772 -0.803154 0
    outer loop
      vertex 24.4413 83.6765 0
      vertex 24.5083 83.7262 20.4
      vertex 24.4413 83.6765 20.4
    endloop
  endfacet
  facet normal 0.595772 -0.803154 0
    outer loop
      vertex 24.5083 83.7262 20.4
      vertex 24.4413 83.6765 0
      vertex 24.5083 83.7262 0
    endloop
  endfacet
  facet normal 0.941497 0.33702 0
    outer loop
      vertex 24.1952 82.6942 20.4
      vertex 24.1671 82.7727 0
      vertex 24.1671 82.7727 20.4
    endloop
  endfacet
  facet normal 0.941497 0.33702 0
    outer loop
      vertex 24.1671 82.7727 0
      vertex 24.1952 82.6942 20.4
      vertex 24.1952 82.6942 0
    endloop
  endfacet
  facet normal -0.513967 -0.85781 0
    outer loop
      vertex 25.3812 83.7691 0
      vertex 25.4528 83.7262 20.4
      vertex 25.3812 83.7691 20.4
    endloop
  endfacet
  facet normal -0.513967 -0.85781 -0
    outer loop
      vertex 25.4528 83.7262 20.4
      vertex 25.3812 83.7691 0
      vertex 25.4528 83.7262 0
    endloop
  endfacet
  facet normal 0.989094 0.147286 0
    outer loop
      vertex 24.1469 82.8536 20.4
      vertex 24.1346 82.9362 0
      vertex 24.1346 82.9362 20.4
    endloop
  endfacet
  facet normal 0.989094 0.147286 0
    outer loop
      vertex 24.1346 82.9362 0
      vertex 24.1469 82.8536 20.4
      vertex 24.1469 82.8536 0
    endloop
  endfacet
  facet normal 0.989068 -0.147461 0
    outer loop
      vertex 24.1346 83.1028 20.4
      vertex 24.1469 83.1853 0
      vertex 24.1469 83.1853 20.4
    endloop
  endfacet
  facet normal 0.989068 -0.147461 0
    outer loop
      vertex 24.1469 83.1853 0
      vertex 24.1346 83.1028 20.4
      vertex 24.1346 83.1028 0
    endloop
  endfacet
  facet normal -0.741024 -0.671478 0
    outer loop
      vertex 25.6376 83.5587 0
      vertex 25.5816 83.6205 20.4
      vertex 25.5816 83.6205 0
    endloop
  endfacet
  facet normal -0.741024 -0.671478 0
    outer loop
      vertex 25.5816 83.6205 20.4
      vertex 25.6376 83.5587 0
      vertex 25.6376 83.5587 20.4
    endloop
  endfacet
  facet normal -0.33702 0.941497 0
    outer loop
      vertex 25.3058 82.2342 0
      vertex 25.2273 82.2061 20.4
      vertex 25.3058 82.2342 20.4
    endloop
  endfacet
  facet normal -0.33702 0.941497 0
    outer loop
      vertex 25.2273 82.2061 20.4
      vertex 25.3058 82.2342 0
      vertex 25.2273 82.2061 0
    endloop
  endfacet
  facet normal -0.147286 -0.989094 0
    outer loop
      vertex 25.0638 83.8654 0
      vertex 25.1464 83.8531 20.4
      vertex 25.0638 83.8654 20.4
    endloop
  endfacet
  facet normal -0.147286 -0.989094 -0
    outer loop
      vertex 25.1464 83.8531 20.4
      vertex 25.0638 83.8654 0
      vertex 25.1464 83.8531 0
    endloop
  endfacet
  facet normal -0.998791 0.0491602 0
    outer loop
      vertex 25.8264 82.9362 0
      vertex 25.8305 83.0195 20.4
      vertex 25.8305 83.0195 0
    endloop
  endfacet
  facet normal -0.998791 0.0491602 0
    outer loop
      vertex 25.8305 83.0195 20.4
      vertex 25.8264 82.9362 0
      vertex 25.8264 82.9362 20.4
    endloop
  endfacet
  facet normal -0.242253 -0.970213 0
    outer loop
      vertex 25.1464 83.8531 0
      vertex 25.2273 83.8329 20.4
      vertex 25.1464 83.8531 20.4
    endloop
  endfacet
  facet normal -0.242253 -0.970213 -0
    outer loop
      vertex 25.2273 83.8329 20.4
      vertex 25.1464 83.8531 0
      vertex 25.2273 83.8329 0
    endloop
  endfacet
  facet normal 0.0491602 0.998791 -0
    outer loop
      vertex 24.9805 82.1695 0
      vertex 24.8972 82.1736 20.4
      vertex 24.9805 82.1695 20.4
    endloop
  endfacet
  facet normal 0.0491602 0.998791 0
    outer loop
      vertex 24.8972 82.1736 20.4
      vertex 24.9805 82.1695 0
      vertex 24.8972 82.1736 0
    endloop
  endfacet
  facet normal 0.33664 0.941633 -0
    outer loop
      vertex 24.7338 82.2061 0
      vertex 24.6552 82.2342 20.4
      vertex 24.7338 82.2061 20.4
    endloop
  endfacet
  facet normal 0.33664 0.941633 0
    outer loop
      vertex 24.6552 82.2342 20.4
      vertex 24.7338 82.2061 0
      vertex 24.6552 82.2342 0
    endloop
  endfacet
  facet normal -0.146115 0.989268 0
    outer loop
      vertex 25.1464 82.1858 0
      vertex 25.0638 82.1736 20.4
      vertex 25.1464 82.1858 20.4
    endloop
  endfacet
  facet normal -0.146115 0.989268 0
    outer loop
      vertex 25.0638 82.1736 20.4
      vertex 25.1464 82.1858 0
      vertex 25.0638 82.1736 0
    endloop
  endfacet
  facet normal -0.513967 0.85781 0
    outer loop
      vertex 25.4528 82.3127 0
      vertex 25.3812 82.2698 20.4
      vertex 25.4528 82.3127 20.4
    endloop
  endfacet
  facet normal -0.513967 0.85781 0
    outer loop
      vertex 25.3812 82.2698 20.4
      vertex 25.4528 82.3127 0
      vertex 25.3812 82.2698 0
    endloop
  endfacet
  facet normal 0.998791 -0.0491602 0
    outer loop
      vertex 24.1305 83.0195 20.4
      vertex 24.1346 83.1028 0
      vertex 24.1346 83.1028 20.4
    endloop
  endfacet
  facet normal 0.998791 -0.0491602 0
    outer loop
      vertex 24.1346 83.1028 0
      vertex 24.1305 83.0195 20.4
      vertex 24.1305 83.0195 0
    endloop
  endfacet
  facet normal -0.969931 0.243382 0
    outer loop
      vertex 25.7939 82.7727 0
      vertex 25.8142 82.8536 20.4
      vertex 25.8142 82.8536 0
    endloop
  endfacet
  facet normal -0.969931 0.243382 0
    outer loop
      vertex 25.8142 82.8536 20.4
      vertex 25.7939 82.7727 0
      vertex 25.7939 82.7727 20.4
    endloop
  endfacet
  facet normal -0.803154 -0.595772 0
    outer loop
      vertex 25.6873 83.4917 0
      vertex 25.6376 83.5587 20.4
      vertex 25.6376 83.5587 0
    endloop
  endfacet
  facet normal -0.803154 -0.595772 0
    outer loop
      vertex 25.6376 83.5587 20.4
      vertex 25.6873 83.4917 0
      vertex 25.6873 83.4917 20.4
    endloop
  endfacet
  facet normal -0.0491602 0.998791 0
    outer loop
      vertex 25.0638 82.1736 0
      vertex 24.9805 82.1695 20.4
      vertex 25.0638 82.1736 20.4
    endloop
  endfacet
  facet normal -0.0491602 0.998791 0
    outer loop
      vertex 24.9805 82.1695 20.4
      vertex 25.0638 82.1736 0
      vertex 24.9805 82.1695 0
    endloop
  endfacet
  facet normal 0.998791 0.0491602 0
    outer loop
      vertex 24.1346 82.9362 20.4
      vertex 24.1305 83.0195 0
      vertex 24.1305 83.0195 20.4
    endloop
  endfacet
  facet normal 0.998791 0.0491602 0
    outer loop
      vertex 24.1305 83.0195 0
      vertex 24.1346 82.9362 20.4
      vertex 24.1346 82.9362 0
    endloop
  endfacet
  facet normal 0.147461 -0.989068 0
    outer loop
      vertex 24.8147 83.8531 0
      vertex 24.8972 83.8654 20.4
      vertex 24.8147 83.8531 20.4
    endloop
  endfacet
  facet normal 0.147461 -0.989068 0
    outer loop
      vertex 24.8972 83.8654 20.4
      vertex 24.8147 83.8531 0
      vertex 24.8972 83.8654 0
    endloop
  endfacet
  facet normal -0.989268 0.146115 0
    outer loop
      vertex 25.8142 82.8536 0
      vertex 25.8264 82.9362 20.4
      vertex 25.8264 82.9362 0
    endloop
  endfacet
  facet normal -0.989268 0.146115 0
    outer loop
      vertex 25.8264 82.9362 20.4
      vertex 25.8142 82.8536 0
      vertex 25.8142 82.8536 20.4
    endloop
  endfacet
  facet normal 0.741024 -0.671478 0
    outer loop
      vertex 24.3235 83.5587 20.4
      vertex 24.3795 83.6205 0
      vertex 24.3795 83.6205 20.4
    endloop
  endfacet
  facet normal 0.741024 -0.671478 0
    outer loop
      vertex 24.3795 83.6205 0
      vertex 24.3235 83.5587 20.4
      vertex 24.3235 83.5587 0
    endloop
  endfacet
  facet normal -0.33702 -0.941497 0
    outer loop
      vertex 25.2273 83.8329 0
      vertex 25.3058 83.8048 20.4
      vertex 25.2273 83.8329 20.4
    endloop
  endfacet
  facet normal -0.33702 -0.941497 -0
    outer loop
      vertex 25.3058 83.8048 20.4
      vertex 25.2273 83.8329 0
      vertex 25.3058 83.8048 0
    endloop
  endfacet
  facet normal -0.941497 0.33702 0
    outer loop
      vertex 25.7658 82.6942 0
      vertex 25.7939 82.7727 20.4
      vertex 25.7939 82.7727 0
    endloop
  endfacet
  facet normal -0.941497 0.33702 0
    outer loop
      vertex 25.7939 82.7727 20.4
      vertex 25.7658 82.6942 0
      vertex 25.7658 82.6942 20.4
    endloop
  endfacet
  facet normal 0.970213 0.242253 0
    outer loop
      vertex 24.1671 82.7727 20.4
      vertex 24.1469 82.8536 0
      vertex 24.1469 82.8536 20.4
    endloop
  endfacet
  facet normal 0.970213 0.242253 0
    outer loop
      vertex 24.1469 82.8536 0
      vertex 24.1671 82.7727 20.4
      vertex 24.1671 82.7727 0
    endloop
  endfacet
  facet normal -0.741024 0.671478 0
    outer loop
      vertex 25.5816 82.4184 0
      vertex 25.6376 82.4802 20.4
      vertex 25.6376 82.4802 0
    endloop
  endfacet
  facet normal -0.741024 0.671478 0
    outer loop
      vertex 25.6376 82.4802 20.4
      vertex 25.5816 82.4184 0
      vertex 25.5816 82.4184 20.4
    endloop
  endfacet
  facet normal -0.595772 -0.803154 0
    outer loop
      vertex 25.4528 83.7262 0
      vertex 25.5198 83.6765 20.4
      vertex 25.4528 83.7262 20.4
    endloop
  endfacet
  facet normal -0.595772 -0.803154 -0
    outer loop
      vertex 25.5198 83.6765 20.4
      vertex 25.4528 83.7262 0
      vertex 25.5198 83.6765 0
    endloop
  endfacet
  facet normal -0.857493 -0.514496 0
    outer loop
      vertex 25.7302 83.4202 0
      vertex 25.6873 83.4917 20.4
      vertex 25.6873 83.4917 0
    endloop
  endfacet
  facet normal -0.857493 -0.514496 0
    outer loop
      vertex 25.6873 83.4917 20.4
      vertex 25.7302 83.4202 0
      vertex 25.7302 83.4202 20.4
    endloop
  endfacet
  facet normal -0.85781 0.513967 0
    outer loop
      vertex 25.6873 82.5472 0
      vertex 25.7302 82.6188 20.4
      vertex 25.7302 82.6188 0
    endloop
  endfacet
  facet normal -0.85781 0.513967 0
    outer loop
      vertex 25.7302 82.6188 20.4
      vertex 25.6873 82.5472 0
      vertex 25.6873 82.5472 20.4
    endloop
  endfacet
  facet normal -0.941633 -0.33664 0
    outer loop
      vertex 25.7939 83.2662 0
      vertex 25.7658 83.3448 20.4
      vertex 25.7658 83.3448 0
    endloop
  endfacet
  facet normal -0.941633 -0.33664 0
    outer loop
      vertex 25.7658 83.3448 20.4
      vertex 25.7939 83.2662 0
      vertex 25.7939 83.2662 20.4
    endloop
  endfacet
  facet normal -0.904274 0.426952 0
    outer loop
      vertex 25.7302 82.6188 0
      vertex 25.7658 82.6942 20.4
      vertex 25.7658 82.6942 0
    endloop
  endfacet
  facet normal -0.904274 0.426952 0
    outer loop
      vertex 25.7658 82.6942 20.4
      vertex 25.7302 82.6188 0
      vertex 25.7302 82.6188 20.4
    endloop
  endfacet
  facet normal 0.970213 -0.242253 0
    outer loop
      vertex 24.1469 83.1853 20.4
      vertex 24.1671 83.2662 0
      vertex 24.1671 83.2662 20.4
    endloop
  endfacet
  facet normal 0.970213 -0.242253 0
    outer loop
      vertex 24.1671 83.2662 0
      vertex 24.1469 83.1853 20.4
      vertex 24.1469 83.1853 0
    endloop
  endfacet
  facet normal -0.904274 -0.426952 0
    outer loop
      vertex 25.7658 83.3448 0
      vertex 25.7302 83.4202 20.4
      vertex 25.7302 83.4202 0
    endloop
  endfacet
  facet normal -0.904274 -0.426952 0
    outer loop
      vertex 25.7302 83.4202 20.4
      vertex 25.7658 83.3448 0
      vertex 25.7658 83.3448 20.4
    endloop
  endfacet
  facet normal -0.0491602 -0.998791 0
    outer loop
      vertex 24.9805 83.8695 0
      vertex 25.0638 83.8654 20.4
      vertex 24.9805 83.8695 20.4
    endloop
  endfacet
  facet normal -0.0491602 -0.998791 -0
    outer loop
      vertex 25.0638 83.8654 20.4
      vertex 24.9805 83.8695 0
      vertex 25.0638 83.8654 0
    endloop
  endfacet
  facet normal -0.243382 0.969931 0
    outer loop
      vertex 25.2273 82.2061 0
      vertex 25.1464 82.1858 20.4
      vertex 25.2273 82.2061 20.4
    endloop
  endfacet
  facet normal -0.243382 0.969931 0
    outer loop
      vertex 25.1464 82.1858 20.4
      vertex 25.2273 82.2061 0
      vertex 25.1464 82.1858 0
    endloop
  endfacet
  facet normal -0.427932 -0.903811 0
    outer loop
      vertex 25.3058 83.8048 0
      vertex 25.3812 83.7691 20.4
      vertex 25.3058 83.8048 20.4
    endloop
  endfacet
  facet normal -0.427932 -0.903811 -0
    outer loop
      vertex 25.3812 83.7691 20.4
      vertex 25.3058 83.8048 0
      vertex 25.3812 83.7691 0
    endloop
  endfacet
  facet normal 0.242253 -0.970213 0
    outer loop
      vertex 24.7338 83.8329 0
      vertex 24.8147 83.8531 20.4
      vertex 24.7338 83.8329 20.4
    endloop
  endfacet
  facet normal 0.242253 -0.970213 0
    outer loop
      vertex 24.8147 83.8531 20.4
      vertex 24.7338 83.8329 0
      vertex 24.8147 83.8531 0
    endloop
  endfacet
  facet normal 0.941633 -0.33664 0
    outer loop
      vertex 24.1671 83.2662 20.4
      vertex 24.1952 83.3448 0
      vertex 24.1952 83.3448 20.4
    endloop
  endfacet
  facet normal 0.941633 -0.33664 0
    outer loop
      vertex 24.1952 83.3448 0
      vertex 24.1671 83.2662 20.4
      vertex 24.1671 83.2662 0
    endloop
  endfacet
  facet normal -0.969931 -0.243382 0
    outer loop
      vertex 25.8142 83.1853 0
      vertex 25.7939 83.2662 20.4
      vertex 25.7939 83.2662 0
    endloop
  endfacet
  facet normal -0.969931 -0.243382 0
    outer loop
      vertex 25.7939 83.2662 20.4
      vertex 25.8142 83.1853 0
      vertex 25.8142 83.1853 20.4
    endloop
  endfacet
  facet normal 0.803154 0.595772 0
    outer loop
      vertex 24.3235 82.4802 20.4
      vertex 24.2738 82.5472 0
      vertex 24.2738 82.5472 20.4
    endloop
  endfacet
  facet normal 0.803154 0.595772 0
    outer loop
      vertex 24.2738 82.5472 0
      vertex 24.3235 82.4802 20.4
      vertex 24.3235 82.4802 0
    endloop
  endfacet
  facet normal 0.903811 0.427932 0
    outer loop
      vertex 24.2309 82.6188 20.4
      vertex 24.1952 82.6942 0
      vertex 24.1952 82.6942 20.4
    endloop
  endfacet
  facet normal 0.903811 0.427932 0
    outer loop
      vertex 24.1952 82.6942 0
      vertex 24.2309 82.6188 20.4
      vertex 24.2309 82.6188 0
    endloop
  endfacet
  facet normal 0.33664 -0.941633 0
    outer loop
      vertex 24.6552 83.8048 0
      vertex 24.7338 83.8329 20.4
      vertex 24.6552 83.8048 20.4
    endloop
  endfacet
  facet normal 0.33664 -0.941633 0
    outer loop
      vertex 24.7338 83.8329 20.4
      vertex 24.6552 83.8048 0
      vertex 24.7338 83.8329 0
    endloop
  endfacet
  facet normal 0.0491602 -0.998791 0
    outer loop
      vertex 24.8972 83.8654 0
      vertex 24.9805 83.8695 20.4
      vertex 24.8972 83.8654 20.4
    endloop
  endfacet
  facet normal 0.0491602 -0.998791 0
    outer loop
      vertex 24.9805 83.8695 20.4
      vertex 24.8972 83.8654 0
      vertex 24.9805 83.8695 0
    endloop
  endfacet
  facet normal -0.803154 0.595772 0
    outer loop
      vertex 25.6376 82.4802 0
      vertex 25.6873 82.5472 20.4
      vertex 25.6873 82.5472 0
    endloop
  endfacet
  facet normal -0.803154 0.595772 0
    outer loop
      vertex 25.6873 82.5472 20.4
      vertex 25.6376 82.4802 0
      vertex 25.6376 82.4802 20.4
    endloop
  endfacet
  facet normal 0.595772 0.803154 -0
    outer loop
      vertex 24.5083 82.3127 0
      vertex 24.4413 82.3624 20.4
      vertex 24.5083 82.3127 20.4
    endloop
  endfacet
  facet normal 0.595772 0.803154 0
    outer loop
      vertex 24.4413 82.3624 20.4
      vertex 24.5083 82.3127 0
      vertex 24.4413 82.3624 0
    endloop
  endfacet
  facet normal 0.741024 0.671478 0
    outer loop
      vertex 24.3795 82.4184 20.4
      vertex 24.3235 82.4802 0
      vertex 24.3235 82.4802 20.4
    endloop
  endfacet
  facet normal 0.741024 0.671478 0
    outer loop
      vertex 24.3235 82.4802 0
      vertex 24.3795 82.4184 20.4
      vertex 24.3795 82.4184 0
    endloop
  endfacet
  facet normal 0.243382 0.969931 -0
    outer loop
      vertex 24.8147 82.1858 0
      vertex 24.7338 82.2061 20.4
      vertex 24.8147 82.1858 20.4
    endloop
  endfacet
  facet normal 0.243382 0.969931 0
    outer loop
      vertex 24.7338 82.2061 20.4
      vertex 24.8147 82.1858 0
      vertex 24.7338 82.2061 0
    endloop
  endfacet
  facet normal 0.857493 -0.514496 0
    outer loop
      vertex 24.2309 83.4202 20.4
      vertex 24.2738 83.4917 0
      vertex 24.2738 83.4917 20.4
    endloop
  endfacet
  facet normal 0.857493 -0.514496 0
    outer loop
      vertex 24.2738 83.4917 0
      vertex 24.2309 83.4202 20.4
      vertex 24.2309 83.4202 0
    endloop
  endfacet
  facet normal -0.595772 0.803154 0
    outer loop
      vertex 25.5198 82.3624 0
      vertex 25.4528 82.3127 20.4
      vertex 25.5198 82.3624 20.4
    endloop
  endfacet
  facet normal -0.595772 0.803154 0
    outer loop
      vertex 25.4528 82.3127 20.4
      vertex 25.5198 82.3624 0
      vertex 25.4528 82.3127 0
    endloop
  endfacet
  facet normal -0.671478 0.741024 0
    outer loop
      vertex 25.5816 82.4184 0
      vertex 25.5198 82.3624 20.4
      vertex 25.5816 82.4184 20.4
    endloop
  endfacet
  facet normal -0.671478 0.741024 0
    outer loop
      vertex 25.5198 82.3624 20.4
      vertex 25.5816 82.4184 0
      vertex 25.5198 82.3624 0
    endloop
  endfacet
  facet normal 0.514496 0.857493 -0
    outer loop
      vertex 24.5798 82.2698 0
      vertex 24.5083 82.3127 20.4
      vertex 24.5798 82.2698 20.4
    endloop
  endfacet
  facet normal 0.514496 0.857493 0
    outer loop
      vertex 24.5083 82.3127 20.4
      vertex 24.5798 82.2698 0
      vertex 24.5083 82.3127 0
    endloop
  endfacet
  facet normal 0.903811 -0.427932 0
    outer loop
      vertex 24.1952 83.3448 20.4
      vertex 24.2309 83.4202 0
      vertex 24.2309 83.4202 20.4
    endloop
  endfacet
  facet normal 0.903811 -0.427932 0
    outer loop
      vertex 24.2309 83.4202 0
      vertex 24.1952 83.3448 20.4
      vertex 24.1952 83.3448 0
    endloop
  endfacet
  facet normal 0.85781 0.513967 0
    outer loop
      vertex 24.2738 82.5472 20.4
      vertex 24.2309 82.6188 0
      vertex 24.2309 82.6188 20.4
    endloop
  endfacet
  facet normal 0.85781 0.513967 0
    outer loop
      vertex 24.2309 82.6188 0
      vertex 24.2738 82.5472 20.4
      vertex 24.2738 82.5472 0
    endloop
  endfacet
  facet normal 0.146288 0.989242 -0
    outer loop
      vertex 24.8972 82.1736 0
      vertex 24.8147 82.1858 20.4
      vertex 24.8972 82.1736 20.4
    endloop
  endfacet
  facet normal 0.146288 0.989242 0
    outer loop
      vertex 24.8147 82.1858 20.4
      vertex 24.8972 82.1736 0
      vertex 24.8147 82.1858 0
    endloop
  endfacet
  facet normal 0.514496 -0.857493 0
    outer loop
      vertex 24.5083 83.7262 0
      vertex 24.5798 83.7691 20.4
      vertex 24.5083 83.7262 20.4
    endloop
  endfacet
  facet normal 0.514496 -0.857493 0
    outer loop
      vertex 24.5798 83.7691 20.4
      vertex 24.5083 83.7262 0
      vertex 24.5798 83.7691 0
    endloop
  endfacet
  facet normal 0.426952 0.904274 -0
    outer loop
      vertex 24.6552 82.2342 0
      vertex 24.5798 82.2698 20.4
      vertex 24.6552 82.2342 20.4
    endloop
  endfacet
  facet normal 0.426952 0.904274 0
    outer loop
      vertex 24.5798 82.2698 20.4
      vertex 24.6552 82.2342 0
      vertex 24.5798 82.2698 0
    endloop
  endfacet
  facet normal 0.671478 0.741024 -0
    outer loop
      vertex 24.4413 82.3624 0
      vertex 24.3795 82.4184 20.4
      vertex 24.4413 82.3624 20.4
    endloop
  endfacet
  facet normal 0.671478 0.741024 0
    outer loop
      vertex 24.3795 82.4184 20.4
      vertex 24.4413 82.3624 0
      vertex 24.3795 82.4184 0
    endloop
  endfacet
  facet normal 0.608729 0.793378 -0
    outer loop
      vertex 38.135 73.634 0
      vertex 37.9279 73.7929 2
      vertex 38.135 73.634 2
    endloop
  endfacet
  facet normal 0.608729 0.793378 0
    outer loop
      vertex 37.9279 73.7929 2
      vertex 38.135 73.634 0
      vertex 37.9279 73.7929 0
    endloop
  endfacet
  facet normal -0.608729 0.793378 0
    outer loop
      vertex 51.3421 73.7929 0
      vertex 51.135 73.634 2
      vertex 51.3421 73.7929 2
    endloop
  endfacet
  facet normal -0.608729 0.793378 0
    outer loop
      vertex 51.135 73.634 2
      vertex 51.3421 73.7929 0
      vertex 51.135 73.634 0
    endloop
  endfacet
  facet normal -0.382656 0.923891 0
    outer loop
      vertex 51.135 73.634 0
      vertex 50.8938 73.5341 2
      vertex 51.135 73.634 2
    endloop
  endfacet
  facet normal -0.382656 0.923891 0
    outer loop
      vertex 50.8938 73.5341 2
      vertex 51.135 73.634 0
      vertex 50.8938 73.5341 0
    endloop
  endfacet
  facet normal -0.130633 0.991431 0
    outer loop
      vertex 50.8938 73.5341 0
      vertex 50.635 73.5 2
      vertex 50.8938 73.5341 2
    endloop
  endfacet
  facet normal -0.130633 0.991431 0
    outer loop
      vertex 50.635 73.5 2
      vertex 50.8938 73.5341 0
      vertex 50.635 73.5 0
    endloop
  endfacet
  facet normal 1 -0 0
    outer loop
      vertex 37.635 74.5 2
      vertex 37.635 77.5 0
      vertex 37.635 77.5 2
    endloop
  endfacet
  facet normal 1 0 0
    outer loop
      vertex 37.635 77.5 0
      vertex 37.635 74.5 2
      vertex 37.635 74.5 0
    endloop
  endfacet
  facet normal 0.130633 -0.991431 0
    outer loop
      vertex 38.3762 78.4659 0
      vertex 38.635 78.5 2
      vertex 38.3762 78.4659 2
    endloop
  endfacet
  facet normal 0.130633 -0.991431 0
    outer loop
      vertex 38.635 78.5 2
      vertex 38.3762 78.4659 0
      vertex 38.635 78.5 0
    endloop
  endfacet
  facet normal 0 1 -0
    outer loop
      vertex 50.635 73.5 0
      vertex 38.635 73.5 2
      vertex 50.635 73.5 2
    endloop
  endfacet
  facet normal 0 1 0
    outer loop
      vertex 38.635 73.5 2
      vertex 50.635 73.5 0
      vertex 38.635 73.5 0
    endloop
  endfacet
  facet normal 0.382656 0.923891 -0
    outer loop
      vertex 38.3762 73.5341 0
      vertex 38.135 73.634 2
      vertex 38.3762 73.5341 2
    endloop
  endfacet
  facet normal 0.382656 0.923891 0
    outer loop
      vertex 38.135 73.634 2
      vertex 38.3762 73.5341 0
      vertex 38.135 73.634 0
    endloop
  endfacet
  facet normal -0.130633 -0.991431 0
    outer loop
      vertex 50.635 78.5 0
      vertex 50.8938 78.4659 2
      vertex 50.635 78.5 2
    endloop
  endfacet
  facet normal -0.130633 -0.991431 -0
    outer loop
      vertex 50.8938 78.4659 2
      vertex 50.635 78.5 0
      vertex 50.8938 78.4659 0
    endloop
  endfacet
  facet normal 0.793378 -0.608729 0
    outer loop
      vertex 37.769 78 2
      vertex 37.9279 78.2071 0
      vertex 37.9279 78.2071 2
    endloop
  endfacet
  facet normal 0.793378 -0.608729 0
    outer loop
      vertex 37.9279 78.2071 0
      vertex 37.769 78 2
      vertex 37.769 78 0
    endloop
  endfacet
  facet normal 0.130633 0.991431 -0
    outer loop
      vertex 38.635 73.5 0
      vertex 38.3762 73.5341 2
      vertex 38.635 73.5 2
    endloop
  endfacet
  facet normal 0.130633 0.991431 0
    outer loop
      vertex 38.3762 73.5341 2
      vertex 38.635 73.5 0
      vertex 38.3762 73.5341 0
    endloop
  endfacet
  facet normal 0.923891 -0.382656 0
    outer loop
      vertex 37.6691 77.7588 2
      vertex 37.769 78 0
      vertex 37.769 78 2
    endloop
  endfacet
  facet normal 0.923891 -0.382656 0
    outer loop
      vertex 37.769 78 0
      vertex 37.6691 77.7588 2
      vertex 37.6691 77.7588 0
    endloop
  endfacet
  facet normal -0.923891 -0.382656 0
    outer loop
      vertex 51.6009 77.7588 0
      vertex 51.501 78 2
      vertex 51.501 78 0
    endloop
  endfacet
  facet normal -0.923891 -0.382656 0
    outer loop
      vertex 51.501 78 2
      vertex 51.6009 77.7588 0
      vertex 51.6009 77.7588 2
    endloop
  endfacet
  facet normal -0.991431 0.130633 0
    outer loop
      vertex 51.6009 74.2412 0
      vertex 51.635 74.5 2
      vertex 51.635 74.5 0
    endloop
  endfacet
  facet normal -0.991431 0.130633 0
    outer loop
      vertex 51.635 74.5 2
      vertex 51.6009 74.2412 0
      vertex 51.6009 74.2412 2
    endloop
  endfacet
  facet normal 0.923891 0.382656 0
    outer loop
      vertex 37.769 74 2
      vertex 37.6691 74.2412 0
      vertex 37.6691 74.2412 2
    endloop
  endfacet
  facet normal 0.923891 0.382656 0
    outer loop
      vertex 37.6691 74.2412 0
      vertex 37.769 74 2
      vertex 37.769 74 0
    endloop
  endfacet
  facet normal -0.608729 -0.793378 0
    outer loop
      vertex 51.135 78.366 0
      vertex 51.3421 78.2071 2
      vertex 51.135 78.366 2
    endloop
  endfacet
  facet normal -0.608729 -0.793378 -0
    outer loop
      vertex 51.3421 78.2071 2
      vertex 51.135 78.366 0
      vertex 51.3421 78.2071 0
    endloop
  endfacet
  facet normal -0.991431 -0.130633 0
    outer loop
      vertex 51.635 77.5 0
      vertex 51.6009 77.7588 2
      vertex 51.6009 77.7588 0
    endloop
  endfacet
  facet normal -0.991431 -0.130633 0
    outer loop
      vertex 51.6009 77.7588 2
      vertex 51.635 77.5 0
      vertex 51.635 77.5 2
    endloop
  endfacet
  facet normal 0.382656 -0.923891 0
    outer loop
      vertex 38.135 78.366 0
      vertex 38.3762 78.4659 2
      vertex 38.135 78.366 2
    endloop
  endfacet
  facet normal 0.382656 -0.923891 0
    outer loop
      vertex 38.3762 78.4659 2
      vertex 38.135 78.366 0
      vertex 38.3762 78.4659 0
    endloop
  endfacet
  facet normal 0.991431 0.130633 0
    outer loop
      vertex 37.6691 74.2412 2
      vertex 37.635 74.5 0
      vertex 37.635 74.5 2
    endloop
  endfacet
  facet normal 0.991431 0.130633 0
    outer loop
      vertex 37.635 74.5 0
      vertex 37.6691 74.2412 2
      vertex 37.6691 74.2412 0
    endloop
  endfacet
  facet normal -0.923891 0.382656 0
    outer loop
      vertex 51.501 74 0
      vertex 51.6009 74.2412 2
      vertex 51.6009 74.2412 0
    endloop
  endfacet
  facet normal -0.923891 0.382656 0
    outer loop
      vertex 51.6009 74.2412 2
      vertex 51.501 74 0
      vertex 51.501 74 2
    endloop
  endfacet
  facet normal 0.608729 -0.793378 0
    outer loop
      vertex 37.9279 78.2071 0
      vertex 38.135 78.366 2
      vertex 37.9279 78.2071 2
    endloop
  endfacet
  facet normal 0.608729 -0.793378 0
    outer loop
      vertex 38.135 78.366 2
      vertex 37.9279 78.2071 0
      vertex 38.135 78.366 0
    endloop
  endfacet
  facet normal -0.382656 -0.923891 0
    outer loop
      vertex 50.8938 78.4659 0
      vertex 51.135 78.366 2
      vertex 50.8938 78.4659 2
    endloop
  endfacet
  facet normal -0.382656 -0.923891 -0
    outer loop
      vertex 51.135 78.366 2
      vertex 50.8938 78.4659 0
      vertex 51.135 78.366 0
    endloop
  endfacet
  facet normal 0.991431 -0.130633 0
    outer loop
      vertex 37.635 77.5 2
      vertex 37.6691 77.7588 0
      vertex 37.6691 77.7588 2
    endloop
  endfacet
  facet normal 0.991431 -0.130633 0
    outer loop
      vertex 37.6691 77.7588 0
      vertex 37.635 77.5 2
      vertex 37.635 77.5 0
    endloop
  endfacet
  facet normal 0.793378 0.608729 0
    outer loop
      vertex 37.9279 73.7929 2
      vertex 37.769 74 0
      vertex 37.769 74 2
    endloop
  endfacet
  facet normal 0.793378 0.608729 0
    outer loop
      vertex 37.769 74 0
      vertex 37.9279 73.7929 2
      vertex 37.9279 73.7929 0
    endloop
  endfacet
  facet normal -1 0 0
    outer loop
      vertex 51.635 74.5 0
      vertex 51.635 77.5 2
      vertex 51.635 77.5 0
    endloop
  endfacet
  facet normal -1 -0 0
    outer loop
      vertex 51.635 77.5 2
      vertex 51.635 74.5 0
      vertex 51.635 74.5 2
    endloop
  endfacet
  facet normal 0 -1 0
    outer loop
      vertex 38.635 78.5 0
      vertex 50.635 78.5 2
      vertex 38.635 78.5 2
    endloop
  endfacet
  facet normal 0 -1 -0
    outer loop
      vertex 50.635 78.5 2
      vertex 38.635 78.5 0
      vertex 50.635 78.5 0
    endloop
  endfacet
  facet normal -0.793378 -0.608729 0
    outer loop
      vertex 51.501 78 0
      vertex 51.3421 78.2071 2
      vertex 51.3421 78.2071 0
    endloop
  endfacet
  facet normal -0.793378 -0.608729 0
    outer loop
      vertex 51.3421 78.2071 2
      vertex 51.501 78 0
      vertex 51.501 78 2
    endloop
  endfacet
  facet normal -0.793378 0.608729 0
    outer loop
      vertex 51.3421 73.7929 0
      vertex 51.501 74 2
      vertex 51.501 74 0
    endloop
  endfacet
  facet normal -0.793378 0.608729 0
    outer loop
      vertex 51.501 74 2
      vertex 51.3421 73.7929 0
      vertex 51.3421 73.7929 2
    endloop
  endfacet
  facet normal 0.382656 0.923891 -0
    outer loop
      vertex 28.3012 64.6841 0
      vertex 28.06 64.784 2
      vertex 28.3012 64.6841 2
    endloop
  endfacet
  facet normal 0.382656 0.923891 0
    outer loop
      vertex 28.06 64.784 2
      vertex 28.3012 64.6841 0
      vertex 28.06 64.784 0
    endloop
  endfacet
  facet normal -0.608729 0.793378 0
    outer loop
      vertex 32.2671 64.9429 0
      vertex 32.06 64.784 2
      vertex 32.2671 64.9429 2
    endloop
  endfacet
  facet normal -0.608729 0.793378 0
    outer loop
      vertex 32.06 64.784 2
      vertex 32.2671 64.9429 0
      vertex 32.06 64.784 0
    endloop
  endfacet
  facet normal 0 1 -0
    outer loop
      vertex 31.56 64.65 0
      vertex 28.56 64.65 2
      vertex 31.56 64.65 2
    endloop
  endfacet
  facet normal 0 1 0
    outer loop
      vertex 28.56 64.65 2
      vertex 31.56 64.65 0
      vertex 28.56 64.65 0
    endloop
  endfacet
  facet normal -0.382656 0.923891 0
    outer loop
      vertex 32.06 64.784 0
      vertex 31.8188 64.6841 2
      vertex 32.06 64.784 2
    endloop
  endfacet
  facet normal -0.382656 0.923891 0
    outer loop
      vertex 31.8188 64.6841 2
      vertex 32.06 64.784 0
      vertex 31.8188 64.6841 0
    endloop
  endfacet
  facet normal 1 -0 0
    outer loop
      vertex 27.56 65.65 2
      vertex 27.56 69.65 0
      vertex 27.56 69.65 2
    endloop
  endfacet
  facet normal 1 0 0
    outer loop
      vertex 27.56 69.65 0
      vertex 27.56 65.65 2
      vertex 27.56 65.65 0
    endloop
  endfacet
  facet normal -0.130633 0.991431 0
    outer loop
      vertex 31.8188 64.6841 0
      vertex 31.56 64.65 2
      vertex 31.8188 64.6841 2
    endloop
  endfacet
  facet normal -0.130633 0.991431 0
    outer loop
      vertex 31.56 64.65 2
      vertex 31.8188 64.6841 0
      vertex 31.56 64.65 0
    endloop
  endfacet
  facet normal 0.130633 0.991431 -0
    outer loop
      vertex 28.56 64.65 0
      vertex 28.3012 64.6841 2
      vertex 28.56 64.65 2
    endloop
  endfacet
  facet normal 0.130633 0.991431 0
    outer loop
      vertex 28.3012 64.6841 2
      vertex 28.56 64.65 0
      vertex 28.3012 64.6841 0
    endloop
  endfacet
  facet normal 0.608729 0.793378 -0
    outer loop
      vertex 28.06 64.784 0
      vertex 27.8529 64.9429 2
      vertex 28.06 64.784 2
    endloop
  endfacet
  facet normal 0.608729 0.793378 0
    outer loop
      vertex 27.8529 64.9429 2
      vertex 28.06 64.784 0
      vertex 27.8529 64.9429 0
    endloop
  endfacet
  facet normal -0.608729 -0.793378 0
    outer loop
      vertex 32.06 70.516 0
      vertex 32.2671 70.3571 2
      vertex 32.06 70.516 2
    endloop
  endfacet
  facet normal -0.608729 -0.793378 -0
    outer loop
      vertex 32.2671 70.3571 2
      vertex 32.06 70.516 0
      vertex 32.2671 70.3571 0
    endloop
  endfacet
  facet normal 0.991431 -0.130633 0
    outer loop
      vertex 27.56 69.65 2
      vertex 27.5941 69.9088 0
      vertex 27.5941 69.9088 2
    endloop
  endfacet
  facet normal 0.991431 -0.130633 0
    outer loop
      vertex 27.5941 69.9088 0
      vertex 27.56 69.65 2
      vertex 27.56 69.65 0
    endloop
  endfacet
  facet normal -0.991431 -0.130633 0
    outer loop
      vertex 32.56 69.65 0
      vertex 32.5259 69.9088 2
      vertex 32.5259 69.9088 0
    endloop
  endfacet
  facet normal -0.991431 -0.130633 0
    outer loop
      vertex 32.5259 69.9088 2
      vertex 32.56 69.65 0
      vertex 32.56 69.65 2
    endloop
  endfacet
  facet normal 0.793378 -0.608729 0
    outer loop
      vertex 27.694 70.15 2
      vertex 27.8529 70.3571 0
      vertex 27.8529 70.3571 2
    endloop
  endfacet
  facet normal 0.793378 -0.608729 0
    outer loop
      vertex 27.8529 70.3571 0
      vertex 27.694 70.15 2
      vertex 27.694 70.15 0
    endloop
  endfacet
  facet normal -1 0 0
    outer loop
      vertex 32.56 65.65 0
      vertex 32.56 69.65 2
      vertex 32.56 69.65 0
    endloop
  endfacet
  facet normal -1 -0 0
    outer loop
      vertex 32.56 69.65 2
      vertex 32.56 65.65 0
      vertex 32.56 65.65 2
    endloop
  endfacet
  facet normal -0.130633 -0.991431 0
    outer loop
      vertex 31.56 70.65 0
      vertex 31.8188 70.6159 2
      vertex 31.56 70.65 2
    endloop
  endfacet
  facet normal -0.130633 -0.991431 -0
    outer loop
      vertex 31.8188 70.6159 2
      vertex 31.56 70.65 0
      vertex 31.8188 70.6159 0
    endloop
  endfacet
  facet normal 0.130633 -0.991431 0
    outer loop
      vertex 28.3012 70.6159 0
      vertex 28.56 70.65 2
      vertex 28.3012 70.6159 2
    endloop
  endfacet
  facet normal 0.130633 -0.991431 0
    outer loop
      vertex 28.56 70.65 2
      vertex 28.3012 70.6159 0
      vertex 28.56 70.65 0
    endloop
  endfacet
  facet normal 0.923891 -0.382656 0
    outer loop
      vertex 27.5941 69.9088 2
      vertex 27.694 70.15 0
      vertex 27.694 70.15 2
    endloop
  endfacet
  facet normal 0.923891 -0.382656 0
    outer loop
      vertex 27.694 70.15 0
      vertex 27.5941 69.9088 2
      vertex 27.5941 69.9088 0
    endloop
  endfacet
  facet normal 0.608729 -0.793378 0
    outer loop
      vertex 27.8529 70.3571 0
      vertex 28.06 70.516 2
      vertex 27.8529 70.3571 2
    endloop
  endfacet
  facet normal 0.608729 -0.793378 0
    outer loop
      vertex 28.06 70.516 2
      vertex 27.8529 70.3571 0
      vertex 28.06 70.516 0
    endloop
  endfacet
  facet normal 0.382656 -0.923891 0
    outer loop
      vertex 28.06 70.516 0
      vertex 28.3012 70.6159 2
      vertex 28.06 70.516 2
    endloop
  endfacet
  facet normal 0.382656 -0.923891 0
    outer loop
      vertex 28.3012 70.6159 2
      vertex 28.06 70.516 0
      vertex 28.3012 70.6159 0
    endloop
  endfacet
  facet normal 0.793378 0.608729 0
    outer loop
      vertex 27.8529 64.9429 2
      vertex 27.694 65.15 0
      vertex 27.694 65.15 2
    endloop
  endfacet
  facet normal 0.793378 0.608729 0
    outer loop
      vertex 27.694 65.15 0
      vertex 27.8529 64.9429 2
      vertex 27.8529 64.9429 0
    endloop
  endfacet
  facet normal 0 -1 0
    outer loop
      vertex 28.56 70.65 0
      vertex 31.56 70.65 2
      vertex 28.56 70.65 2
    endloop
  endfacet
  facet normal 0 -1 -0
    outer loop
      vertex 31.56 70.65 2
      vertex 28.56 70.65 0
      vertex 31.56 70.65 0
    endloop
  endfacet
  facet normal -0.923891 -0.382656 0
    outer loop
      vertex 32.5259 69.9088 0
      vertex 32.426 70.15 2
      vertex 32.426 70.15 0
    endloop
  endfacet
  facet normal -0.923891 -0.382656 0
    outer loop
      vertex 32.426 70.15 2
      vertex 32.5259 69.9088 0
      vertex 32.5259 69.9088 2
    endloop
  endfacet
  facet normal -0.382656 -0.923891 0
    outer loop
      vertex 31.8188 70.6159 0
      vertex 32.06 70.516 2
      vertex 31.8188 70.6159 2
    endloop
  endfacet
  facet normal -0.382656 -0.923891 -0
    outer loop
      vertex 32.06 70.516 2
      vertex 31.8188 70.6159 0
      vertex 32.06 70.516 0
    endloop
  endfacet
  facet normal -0.793378 -0.608729 0
    outer loop
      vertex 32.426 70.15 0
      vertex 32.2671 70.3571 2
      vertex 32.2671 70.3571 0
    endloop
  endfacet
  facet normal -0.793378 -0.608729 0
    outer loop
      vertex 32.2671 70.3571 2
      vertex 32.426 70.15 0
      vertex 32.426 70.15 2
    endloop
  endfacet
  facet normal -0.923891 0.382656 0
    outer loop
      vertex 32.426 65.15 0
      vertex 32.5259 65.3912 2
      vertex 32.5259 65.3912 0
    endloop
  endfacet
  facet normal -0.923891 0.382656 0
    outer loop
      vertex 32.5259 65.3912 2
      vertex 32.426 65.15 0
      vertex 32.426 65.15 2
    endloop
  endfacet
  facet normal -0.991431 0.130633 0
    outer loop
      vertex 32.5259 65.3912 0
      vertex 32.56 65.65 2
      vertex 32.56 65.65 0
    endloop
  endfacet
  facet normal -0.991431 0.130633 0
    outer loop
      vertex 32.56 65.65 2
      vertex 32.5259 65.3912 0
      vertex 32.5259 65.3912 2
    endloop
  endfacet
  facet normal -0.793378 0.608729 0
    outer loop
      vertex 32.2671 64.9429 0
      vertex 32.426 65.15 2
      vertex 32.426 65.15 0
    endloop
  endfacet
  facet normal -0.793378 0.608729 0
    outer loop
      vertex 32.426 65.15 2
      vertex 32.2671 64.9429 0
      vertex 32.2671 64.9429 2
    endloop
  endfacet
  facet normal 0.991431 0.130633 0
    outer loop
      vertex 27.5941 65.3912 2
      vertex 27.56 65.65 0
      vertex 27.56 65.65 2
    endloop
  endfacet
  facet normal 0.991431 0.130633 0
    outer loop
      vertex 27.56 65.65 0
      vertex 27.5941 65.3912 2
      vertex 27.5941 65.3912 0
    endloop
  endfacet
  facet normal 0.923891 0.382656 0
    outer loop
      vertex 27.694 65.15 2
      vertex 27.5941 65.3912 0
      vertex 27.5941 65.3912 2
    endloop
  endfacet
  facet normal 0.923891 0.382656 0
    outer loop
      vertex 27.5941 65.3912 0
      vertex 27.694 65.15 2
      vertex 27.694 65.15 0
    endloop
  endfacet
  facet normal 0.904026 0.427478 0
    outer loop
      vertex 26.3346 29.5515 20.4
      vertex 26.1081 30.0305 2
      vertex 26.1081 30.0305 20.4
    endloop
  endfacet
  facet normal 0.904026 0.427478 0
    outer loop
      vertex 26.1081 30.0305 2
      vertex 26.3346 29.5515 20.4
      vertex 26.3346 29.5515 2
    endloop
  endfacet
  facet normal 0.595643 0.803249 -0
    outer loop
      vertex 28.0969 27.6071 2
      vertex 27.6713 27.9227 20.4
      vertex 28.0969 27.6071 20.4
    endloop
  endfacet
  facet normal 0.595643 0.803249 0
    outer loop
      vertex 27.6713 27.9227 20.4
      vertex 28.0969 27.6071 2
      vertex 27.6713 27.9227 2
    endloop
  endfacet
  facet normal 0.0490623 0.998796 -0
    outer loop
      vertex 31.097 26.697 2
      vertex 30.5677 26.723 20.4
      vertex 31.097 26.697 20.4
    endloop
  endfacet
  facet normal 0.0490623 0.998796 0
    outer loop
      vertex 30.5677 26.723 20.4
      vertex 31.097 26.697 2
      vertex 30.5677 26.723 2
    endloop
  endfacet
  facet normal 0.998796 0.0490623 0
    outer loop
      vertex 25.723 31.5677 20.4
      vertex 25.697 32.097 2
      vertex 25.697 32.097 20.4
    endloop
  endfacet
  facet normal 0.998796 0.0490623 0
    outer loop
      vertex 25.697 32.097 2
      vertex 25.723 31.5677 20.4
      vertex 25.723 31.5677 2
    endloop
  endfacet
  facet normal -0.740972 0.671536 0
    outer loop
      vertex 79.8184 28.2786 2
      vertex 80.1743 28.6713 20.4
      vertex 80.1743 28.6713 2
    endloop
  endfacet
  facet normal -0.740972 0.671536 0
    outer loop
      vertex 80.1743 28.6713 20.4
      vertex 79.8184 28.2786 2
      vertex 79.8184 28.2786 20.4
    endloop
  endfacet
  facet normal -0.857709 0.514135 0
    outer loop
      vertex 80.4899 29.0969 2
      vertex 80.7624 29.5515 20.4
      vertex 80.7624 29.5515 2
    endloop
  endfacet
  facet normal -0.857709 0.514135 0
    outer loop
      vertex 80.7624 29.5515 20.4
      vertex 80.4899 29.0969 2
      vertex 80.4899 29.0969 20.4
    endloop
  endfacet
  facet normal 0.857709 -0.514135 0
    outer loop
      vertex 26.3346 79.4485 20.4
      vertex 26.6071 79.9031 2
      vertex 26.6071 79.9031 20.4
    endloop
  endfacet
  facet normal 0.857709 -0.514135 0
    outer loop
      vertex 26.6071 79.9031 2
      vertex 26.3346 79.4485 20.4
      vertex 26.3346 79.4485 2
    endloop
  endfacet
  facet normal 0.0490623 -0.998796 0
    outer loop
      vertex 30.5677 82.277 2
      vertex 31.097 82.303 20.4
      vertex 30.5677 82.277 20.4
    endloop
  endfacet
  facet normal 0.0490623 -0.998796 0
    outer loop
      vertex 31.097 82.303 20.4
      vertex 30.5677 82.277 2
      vertex 31.097 82.303 2
    endloop
  endfacet
  facet normal -0.146809 -0.989165 0
    outer loop
      vertex 76.5293 82.277 2
      vertex 77.0535 82.1992 20.4
      vertex 76.5293 82.277 20.4
    endloop
  endfacet
  facet normal -0.146809 -0.989165 -0
    outer loop
      vertex 77.0535 82.1992 20.4
      vertex 76.5293 82.277 2
      vertex 77.0535 82.1992 2
    endloop
  endfacet
  facet normal 0.970054 0.242891 0
    outer loop
      vertex 25.9295 30.5295 20.4
      vertex 25.8008 31.0435 2
      vertex 25.8008 31.0435 20.4
    endloop
  endfacet
  facet normal 0.970054 0.242891 0
    outer loop
      vertex 25.8008 31.0435 2
      vertex 25.9295 30.5295 20.4
      vertex 25.9295 30.5295 2
    endloop
  endfacet
  facet normal 0.941511 0.336982 0
    outer loop
      vertex 26.1081 30.0305 20.4
      vertex 25.9295 30.5295 2
      vertex 25.9295 30.5295 20.4
    endloop
  endfacet
  facet normal 0.941511 0.336982 0
    outer loop
      vertex 25.9295 30.5295 2
      vertex 26.1081 30.0305 20.4
      vertex 26.1081 30.0305 2
    endloop
  endfacet
  facet normal 0 -1 0
    outer loop
      vertex 31.097 82.303 2
      vertex 76 82.303 20.4
      vertex 31.097 82.303 20.4
    endloop
  endfacet
  facet normal 0 -1 -0
    outer loop
      vertex 76 82.303 20.4
      vertex 31.097 82.303 2
      vertex 76 82.303 2
    endloop
  endfacet
  facet normal -0.427632 -0.903953 0
    outer loop
      vertex 78.0665 81.892 2
      vertex 78.5455 81.6654 20.4
      vertex 78.0665 81.892 20.4
    endloop
  endfacet
  facet normal -0.427632 -0.903953 -0
    outer loop
      vertex 78.5455 81.6654 20.4
      vertex 78.0665 81.892 2
      vertex 78.5455 81.6654 2
    endloop
  endfacet
  facet normal -0.903953 0.427632 0
    outer loop
      vertex 80.7624 29.5515 2
      vertex 80.989 30.0305 20.4
      vertex 80.989 30.0305 2
    endloop
  endfacet
  facet normal -0.903953 0.427632 0
    outer loop
      vertex 80.989 30.0305 20.4
      vertex 80.7624 29.5515 2
      vertex 80.7624 29.5515 20.4
    endloop
  endfacet
  facet normal -0.941571 -0.336814 0
    outer loop
      vertex 81.1675 78.4705 2
      vertex 80.989 78.9695 20.4
      vertex 80.989 78.9695 2
    endloop
  endfacet
  facet normal -0.941571 -0.336814 0
    outer loop
      vertex 80.989 78.9695 20.4
      vertex 81.1675 78.4705 2
      vertex 81.1675 78.4705 20.4
    endloop
  endfacet
  facet normal 0.740972 -0.671536 0
    outer loop
      vertex 26.9227 80.3287 20.4
      vertex 27.2786 80.7214 2
      vertex 27.2786 80.7214 20.4
    endloop
  endfacet
  facet normal 0.740972 -0.671536 0
    outer loop
      vertex 27.2786 80.7214 2
      vertex 26.9227 80.3287 20.4
      vertex 26.9227 80.3287 2
    endloop
  endfacet
  facet normal 0 1 -0
    outer loop
      vertex 76 26.697 2
      vertex 31.097 26.697 20.4
      vertex 76 26.697 20.4
    endloop
  endfacet
  facet normal 0 1 0
    outer loop
      vertex 31.097 26.697 20.4
      vertex 76 26.697 2
      vertex 31.097 26.697 2
    endloop
  endfacet
  facet normal 0.941511 -0.336982 0
    outer loop
      vertex 25.9295 78.4705 20.4
      vertex 26.1081 78.9695 2
      vertex 26.1081 78.9695 20.4
    endloop
  endfacet
  facet normal 0.941511 -0.336982 0
    outer loop
      vertex 26.1081 78.9695 2
      vertex 25.9295 78.4705 20.4
      vertex 25.9295 78.4705 2
    endloop
  endfacet
  facet normal -0.998796 -0.0490623 0
    outer loop
      vertex 81.4 76.903 2
      vertex 81.374 77.4323 20.4
      vertex 81.374 77.4323 2
    endloop
  endfacet
  facet normal -0.998796 -0.0490623 0
    outer loop
      vertex 81.374 77.4323 20.4
      vertex 81.4 76.903 2
      vertex 81.4 76.903 20.4
    endloop
  endfacet
  facet normal -0.242891 -0.970054 0
    outer loop
      vertex 77.0535 82.1992 2
      vertex 77.5675 82.0705 20.4
      vertex 77.0535 82.1992 20.4
    endloop
  endfacet
  facet normal -0.242891 -0.970054 -0
    outer loop
      vertex 77.5675 82.0705 20.4
      vertex 77.0535 82.1992 2
      vertex 77.5675 82.0705 2
    endloop
  endfacet
  facet normal 0.514135 0.857709 -0
    outer loop
      vertex 28.5515 27.3346 2
      vertex 28.0969 27.6071 20.4
      vertex 28.5515 27.3346 20.4
    endloop
  endfacet
  facet normal 0.514135 0.857709 0
    outer loop
      vertex 28.0969 27.6071 20.4
      vertex 28.5515 27.3346 2
      vertex 28.0969 27.6071 2
    endloop
  endfacet
  facet normal -0.671536 0.740972 0
    outer loop
      vertex 79.8184 28.2786 2
      vertex 79.4257 27.9227 20.4
      vertex 79.8184 28.2786 20.4
    endloop
  endfacet
  facet normal -0.671536 0.740972 0
    outer loop
      vertex 79.4257 27.9227 20.4
      vertex 79.8184 28.2786 2
      vertex 79.4257 27.9227 2
    endloop
  endfacet
  facet normal 0.671536 -0.740972 0
    outer loop
      vertex 27.2786 80.7214 2
      vertex 27.6713 81.0773 20.4
      vertex 27.2786 80.7214 20.4
    endloop
  endfacet
  facet normal 0.671536 -0.740972 0
    outer loop
      vertex 27.6713 81.0773 20.4
      vertex 27.2786 80.7214 2
      vertex 27.6713 81.0773 2
    endloop
  endfacet
  facet normal 1 0 0
    outer loop
      vertex 25.697 76.903 20.4
      vertex 25.697 60.5 14.4
      vertex 25.697 76.903 2
    endloop
  endfacet
  facet normal 1 0 0
    outer loop
      vertex 25.697 76.903 20.4
      vertex 25.697 48.5 14.4
      vertex 25.697 60.5 14.4
    endloop
  endfacet
  facet normal 1 0 0
    outer loop
      vertex 25.697 32.097 2
      vertex 25.697 48.5 14.4
      vertex 25.697 32.097 20.4
    endloop
  endfacet
  facet normal 1 -0 0
    outer loop
      vertex 25.697 32.097 20.4
      vertex 25.697 48.5 14.4
      vertex 25.697 76.903 20.4
    endloop
  endfacet
  facet normal 1 -0 0
    outer loop
      vertex 25.697 60.5 7.4
      vertex 25.697 76.903 2
      vertex 25.697 60.5 14.4
    endloop
  endfacet
  facet normal 1 -0 0
    outer loop
      vertex 25.697 48.5 7.4
      vertex 25.697 76.903 2
      vertex 25.697 60.5 7.4
    endloop
  endfacet
  facet normal 1 0 0
    outer loop
      vertex 25.697 48.5 7.4
      vertex 25.697 32.097 2
      vertex 25.697 76.903 2
    endloop
  endfacet
  facet normal 1 0 0
    outer loop
      vertex 25.697 48.5 14.4
      vertex 25.697 32.097 2
      vertex 25.697 48.5 7.4
    endloop
  endfacet
  facet normal -0.242891 0.970054 0
    outer loop
      vertex 77.5675 26.9295 2
      vertex 77.0535 26.8008 20.4
      vertex 77.5675 26.9295 20.4
    endloop
  endfacet
  facet normal -0.242891 0.970054 0
    outer loop
      vertex 77.0535 26.8008 20.4
      vertex 77.5675 26.9295 2
      vertex 77.0535 26.8008 2
    endloop
  endfacet
  facet normal 0.989165 0.146809 0
    outer loop
      vertex 25.8008 31.0435 20.4
      vertex 25.723 31.5677 2
      vertex 25.723 31.5677 20.4
    endloop
  endfacet
  facet normal 0.989165 0.146809 0
    outer loop
      vertex 25.723 31.5677 2
      vertex 25.8008 31.0435 20.4
      vertex 25.8008 31.0435 2
    endloop
  endfacet
  facet normal -0.989165 -0.146809 0
    outer loop
      vertex 81.374 77.4323 2
      vertex 81.2962 77.9565 20.4
      vertex 81.2962 77.9565 2
    endloop
  endfacet
  facet normal -0.989165 -0.146809 0
    outer loop
      vertex 81.2962 77.9565 20.4
      vertex 81.374 77.4323 2
      vertex 81.374 77.4323 20.4
    endloop
  endfacet
  facet normal -1 0 0
    outer loop
      vertex 81.4 32.097 2
      vertex 81.4 76.903 20.4
      vertex 81.4 76.903 2
    endloop
  endfacet
  facet normal -1 -0 0
    outer loop
      vertex 81.4 76.903 20.4
      vertex 81.4 32.097 2
      vertex 81.4 32.097 20.4
    endloop
  endfacet
  facet normal -0.146809 0.989165 0
    outer loop
      vertex 77.0535 26.8008 2
      vertex 76.5293 26.723 20.4
      vertex 77.0535 26.8008 20.4
    endloop
  endfacet
  facet normal -0.146809 0.989165 0
    outer loop
      vertex 76.5293 26.723 20.4
      vertex 77.0535 26.8008 2
      vertex 76.5293 26.723 2
    endloop
  endfacet
  facet normal -0.0490623 -0.998796 0
    outer loop
      vertex 76 82.303 2
      vertex 76.5293 82.277 20.4
      vertex 76 82.303 20.4
    endloop
  endfacet
  facet normal -0.0490623 -0.998796 -0
    outer loop
      vertex 76.5293 82.277 20.4
      vertex 76 82.303 2
      vertex 76.5293 82.277 2
    endloop
  endfacet
  facet normal 0.427632 -0.903953 0
    outer loop
      vertex 28.5515 81.6654 2
      vertex 29.0305 81.892 20.4
      vertex 28.5515 81.6654 20.4
    endloop
  endfacet
  facet normal 0.427632 -0.903953 0
    outer loop
      vertex 29.0305 81.892 20.4
      vertex 28.5515 81.6654 2
      vertex 29.0305 81.892 2
    endloop
  endfacet
  facet normal 0.904026 -0.427478 0
    outer loop
      vertex 26.1081 78.9695 20.4
      vertex 26.3346 79.4485 2
      vertex 26.3346 79.4485 20.4
    endloop
  endfacet
  facet normal 0.904026 -0.427478 0
    outer loop
      vertex 26.3346 79.4485 2
      vertex 26.1081 78.9695 20.4
      vertex 26.1081 78.9695 2
    endloop
  endfacet
  facet normal -0.595643 -0.803249 0
    outer loop
      vertex 79.0001 81.3929 2
      vertex 79.4257 81.0773 20.4
      vertex 79.0001 81.3929 20.4
    endloop
  endfacet
  facet normal -0.595643 -0.803249 -0
    outer loop
      vertex 79.4257 81.0773 20.4
      vertex 79.0001 81.3929 2
      vertex 79.4257 81.0773 2
    endloop
  endfacet
  facet normal -0.514135 -0.857709 0
    outer loop
      vertex 78.5455 81.6654 2
      vertex 79.0001 81.3929 20.4
      vertex 78.5455 81.6654 20.4
    endloop
  endfacet
  facet normal -0.514135 -0.857709 -0
    outer loop
      vertex 79.0001 81.3929 20.4
      vertex 78.5455 81.6654 2
      vertex 79.0001 81.3929 2
    endloop
  endfacet
  facet normal -0.740972 -0.671536 0
    outer loop
      vertex 80.1743 80.3287 2
      vertex 79.8184 80.7214 20.4
      vertex 79.8184 80.7214 2
    endloop
  endfacet
  facet normal -0.740972 -0.671536 0
    outer loop
      vertex 79.8184 80.7214 20.4
      vertex 80.1743 80.3287 2
      vertex 80.1743 80.3287 20.4
    endloop
  endfacet
  facet normal -0.514135 0.857709 0
    outer loop
      vertex 79.0001 27.6071 2
      vertex 78.5455 27.3346 20.4
      vertex 79.0001 27.6071 20.4
    endloop
  endfacet
  facet normal -0.514135 0.857709 0
    outer loop
      vertex 78.5455 27.3346 20.4
      vertex 79.0001 27.6071 2
      vertex 78.5455 27.3346 2
    endloop
  endfacet
  facet normal 0.242891 -0.970054 0
    outer loop
      vertex 29.5295 82.0705 2
      vertex 30.0435 82.1992 20.4
      vertex 29.5295 82.0705 20.4
    endloop
  endfacet
  facet normal 0.242891 -0.970054 0
    outer loop
      vertex 30.0435 82.1992 20.4
      vertex 29.5295 82.0705 2
      vertex 30.0435 82.1992 2
    endloop
  endfacet
  facet normal -0.427478 0.904026 0
    outer loop
      vertex 78.5455 27.3346 2
      vertex 78.0665 27.1081 20.4
      vertex 78.5455 27.3346 20.4
    endloop
  endfacet
  facet normal -0.427478 0.904026 0
    outer loop
      vertex 78.0665 27.1081 20.4
      vertex 78.5455 27.3346 2
      vertex 78.0665 27.1081 2
    endloop
  endfacet
  facet normal -0.998796 0.0490623 0
    outer loop
      vertex 81.374 31.5677 2
      vertex 81.4 32.097 20.4
      vertex 81.4 32.097 2
    endloop
  endfacet
  facet normal -0.998796 0.0490623 0
    outer loop
      vertex 81.4 32.097 20.4
      vertex 81.374 31.5677 2
      vertex 81.374 31.5677 20.4
    endloop
  endfacet
  facet normal -0.941571 0.336814 0
    outer loop
      vertex 80.989 30.0305 2
      vertex 81.1675 30.5295 20.4
      vertex 81.1675 30.5295 2
    endloop
  endfacet
  facet normal -0.941571 0.336814 0
    outer loop
      vertex 81.1675 30.5295 20.4
      vertex 80.989 30.0305 2
      vertex 80.989 30.0305 20.4
    endloop
  endfacet
  facet normal 0.671536 0.740972 -0
    outer loop
      vertex 27.6713 27.9227 2
      vertex 27.2786 28.2786 20.4
      vertex 27.6713 27.9227 20.4
    endloop
  endfacet
  facet normal 0.671536 0.740972 0
    outer loop
      vertex 27.2786 28.2786 20.4
      vertex 27.6713 27.9227 2
      vertex 27.2786 28.2786 2
    endloop
  endfacet
  facet normal -0.857709 -0.514135 0
    outer loop
      vertex 80.7624 79.4485 2
      vertex 80.4899 79.9031 20.4
      vertex 80.4899 79.9031 2
    endloop
  endfacet
  facet normal -0.857709 -0.514135 0
    outer loop
      vertex 80.4899 79.9031 20.4
      vertex 80.7624 79.4485 2
      vertex 80.7624 79.4485 20.4
    endloop
  endfacet
  facet normal 0.989165 -0.146809 0
    outer loop
      vertex 25.723 77.4323 20.4
      vertex 25.8008 77.9565 2
      vertex 25.8008 77.9565 20.4
    endloop
  endfacet
  facet normal 0.989165 -0.146809 0
    outer loop
      vertex 25.8008 77.9565 2
      vertex 25.723 77.4323 20.4
      vertex 25.723 77.4323 2
    endloop
  endfacet
  facet normal 0.336814 -0.941571 0
    outer loop
      vertex 29.0305 81.892 2
      vertex 29.5295 82.0705 20.4
      vertex 29.0305 81.892 20.4
    endloop
  endfacet
  facet normal 0.336814 -0.941571 0
    outer loop
      vertex 29.5295 82.0705 20.4
      vertex 29.0305 81.892 2
      vertex 29.5295 82.0705 2
    endloop
  endfacet
  facet normal 0.803249 -0.595643 0
    outer loop
      vertex 26.6071 79.9031 20.4
      vertex 26.9227 80.3287 2
      vertex 26.9227 80.3287 20.4
    endloop
  endfacet
  facet normal 0.803249 -0.595643 0
    outer loop
      vertex 26.9227 80.3287 2
      vertex 26.6071 79.9031 20.4
      vertex 26.6071 79.9031 2
    endloop
  endfacet
  facet normal -0.970054 0.242891 0
    outer loop
      vertex 81.1675 30.5295 2
      vertex 81.2962 31.0435 20.4
      vertex 81.2962 31.0435 2
    endloop
  endfacet
  facet normal -0.970054 0.242891 0
    outer loop
      vertex 81.2962 31.0435 20.4
      vertex 81.1675 30.5295 2
      vertex 81.1675 30.5295 20.4
    endloop
  endfacet
  facet normal -0.803249 -0.595643 0
    outer loop
      vertex 80.4899 79.9031 2
      vertex 80.1743 80.3287 20.4
      vertex 80.1743 80.3287 2
    endloop
  endfacet
  facet normal -0.803249 -0.595643 0
    outer loop
      vertex 80.1743 80.3287 20.4
      vertex 80.4899 79.9031 2
      vertex 80.4899 79.9031 20.4
    endloop
  endfacet
  facet normal 0.336982 0.941511 -0
    outer loop
      vertex 29.5295 26.9295 2
      vertex 29.0305 27.1081 20.4
      vertex 29.5295 26.9295 20.4
    endloop
  endfacet
  facet normal 0.336982 0.941511 0
    outer loop
      vertex 29.0305 27.1081 20.4
      vertex 29.5295 26.9295 2
      vertex 29.0305 27.1081 2
    endloop
  endfacet
  facet normal -0.903953 -0.427632 0
    outer loop
      vertex 80.989 78.9695 2
      vertex 80.7624 79.4485 20.4
      vertex 80.7624 79.4485 2
    endloop
  endfacet
  facet normal -0.903953 -0.427632 0
    outer loop
      vertex 80.7624 79.4485 20.4
      vertex 80.989 78.9695 2
      vertex 80.989 78.9695 20.4
    endloop
  endfacet
  facet normal -0.970054 -0.242891 0
    outer loop
      vertex 81.2962 77.9565 2
      vertex 81.1675 78.4705 20.4
      vertex 81.1675 78.4705 2
    endloop
  endfacet
  facet normal -0.970054 -0.242891 0
    outer loop
      vertex 81.1675 78.4705 20.4
      vertex 81.2962 77.9565 2
      vertex 81.2962 77.9565 20.4
    endloop
  endfacet
  facet normal -0.803249 0.595643 0
    outer loop
      vertex 80.1743 28.6713 2
      vertex 80.4899 29.0969 20.4
      vertex 80.4899 29.0969 2
    endloop
  endfacet
  facet normal -0.803249 0.595643 0
    outer loop
      vertex 80.4899 29.0969 20.4
      vertex 80.1743 28.6713 2
      vertex 80.1743 28.6713 20.4
    endloop
  endfacet
  facet normal 0.146809 -0.989165 0
    outer loop
      vertex 30.0435 82.1992 2
      vertex 30.5677 82.277 20.4
      vertex 30.0435 82.1992 20.4
    endloop
  endfacet
  facet normal 0.146809 -0.989165 0
    outer loop
      vertex 30.5677 82.277 20.4
      vertex 30.0435 82.1992 2
      vertex 30.5677 82.277 2
    endloop
  endfacet
  facet normal 0.595643 -0.803249 0
    outer loop
      vertex 27.6713 81.0773 2
      vertex 28.0969 81.3929 20.4
      vertex 27.6713 81.0773 20.4
    endloop
  endfacet
  facet normal 0.595643 -0.803249 0
    outer loop
      vertex 28.0969 81.3929 20.4
      vertex 27.6713 81.0773 2
      vertex 28.0969 81.3929 2
    endloop
  endfacet
  facet normal 0.970054 -0.242891 0
    outer loop
      vertex 25.8008 77.9565 20.4
      vertex 25.9295 78.4705 2
      vertex 25.9295 78.4705 20.4
    endloop
  endfacet
  facet normal 0.970054 -0.242891 0
    outer loop
      vertex 25.9295 78.4705 2
      vertex 25.8008 77.9565 20.4
      vertex 25.8008 77.9565 2
    endloop
  endfacet
  facet normal 0.740972 0.671536 0
    outer loop
      vertex 27.2786 28.2786 20.4
      vertex 26.9227 28.6713 2
      vertex 26.9227 28.6713 20.4
    endloop
  endfacet
  facet normal 0.740972 0.671536 0
    outer loop
      vertex 26.9227 28.6713 2
      vertex 27.2786 28.2786 20.4
      vertex 27.2786 28.2786 2
    endloop
  endfacet
  facet normal -0.0490623 0.998796 0
    outer loop
      vertex 76.5293 26.723 2
      vertex 76 26.697 20.4
      vertex 76.5293 26.723 20.4
    endloop
  endfacet
  facet normal -0.0490623 0.998796 0
    outer loop
      vertex 76 26.697 20.4
      vertex 76.5293 26.723 2
      vertex 76 26.697 2
    endloop
  endfacet
  facet normal 0 0 1
    outer loop
      vertex 30.8459 31.0833 2
      vertex 30.8459 30.9167 2
      vertex 30.85 31 2
    endloop
  endfacet
  facet normal 0 0 1
    outer loop
      vertex 30.8337 31.1658 2
      vertex 30.8459 30.9167 2
      vertex 30.8459 31.0833 2
    endloop
  endfacet
  facet normal 0 0 1
    outer loop
      vertex 30.8337 31.1658 2
      vertex 30.8337 30.8342 2
      vertex 30.8459 30.9167 2
    endloop
  endfacet
  facet normal 0 0 1
    outer loop
      vertex 30.8134 31.2467 2
      vertex 30.8337 30.8342 2
      vertex 30.8337 31.1658 2
    endloop
  endfacet
  facet normal 0 0 1
    outer loop
      vertex 30.8134 31.2467 2
      vertex 30.8134 30.7533 2
      vertex 30.8337 30.8342 2
    endloop
  endfacet
  facet normal 0 0 1
    outer loop
      vertex 30.7853 31.3253 2
      vertex 30.8134 30.7533 2
      vertex 30.8134 31.2467 2
    endloop
  endfacet
  facet normal 0 0 1
    outer loop
      vertex 30.7853 31.3253 2
      vertex 30.7853 30.6747 2
      vertex 30.8134 30.7533 2
    endloop
  endfacet
  facet normal 0 0 1
    outer loop
      vertex 30.7496 31.4007 2
      vertex 30.7853 30.6747 2
      vertex 30.7853 31.3253 2
    endloop
  endfacet
  facet normal 0 0 1
    outer loop
      vertex 30.7496 31.4007 2
      vertex 30.7496 30.5993 2
      vertex 30.7853 30.6747 2
    endloop
  endfacet
  facet normal 0 0 1
    outer loop
      vertex 30.7067 31.4722 2
      vertex 30.7496 30.5993 2
      vertex 30.7496 31.4007 2
    endloop
  endfacet
  facet normal 0 0 1
    outer loop
      vertex 30.7067 31.4722 2
      vertex 30.7067 30.5278 2
      vertex 30.7496 30.5993 2
    endloop
  endfacet
  facet normal 0 0 1
    outer loop
      vertex 30.6571 31.5392 2
      vertex 30.7067 30.5278 2
      vertex 30.7067 31.4722 2
    endloop
  endfacet
  facet normal 0 0 1
    outer loop
      vertex 30.6571 31.5392 2
      vertex 30.6571 30.4608 2
      vertex 30.7067 30.5278 2
    endloop
  endfacet
  facet normal 0 0 1
    outer loop
      vertex 30.601 31.601 2
      vertex 30.6571 30.4608 2
      vertex 30.6571 31.5392 2
    endloop
  endfacet
  facet normal 0 0 1
    outer loop
      vertex 30.601 31.601 2
      vertex 30.601 30.399 2
      vertex 30.6571 30.4608 2
    endloop
  endfacet
  facet normal 0 0 1
    outer loop
      vertex 30.5392 31.6571 2
      vertex 30.601 30.399 2
      vertex 30.601 31.601 2
    endloop
  endfacet
  facet normal 0 0 1
    outer loop
      vertex 30.5392 31.6571 2
      vertex 30.5392 30.3429 2
      vertex 30.601 30.399 2
    endloop
  endfacet
  facet normal 0 0 1
    outer loop
      vertex 30.4722 31.7067 2
      vertex 30.5392 30.3429 2
      vertex 30.5392 31.6571 2
    endloop
  endfacet
  facet normal 0 0 1
    outer loop
      vertex 30.4722 31.7067 2
      vertex 30.4722 30.2933 2
      vertex 30.5392 30.3429 2
    endloop
  endfacet
  facet normal 0 0 1
    outer loop
      vertex 30.4007 31.7496 2
      vertex 30.4722 30.2933 2
      vertex 30.4722 31.7067 2
    endloop
  endfacet
  facet normal 0 0 1
    outer loop
      vertex 30.4007 31.7496 2
      vertex 30.4007 30.2504 2
      vertex 30.4722 30.2933 2
    endloop
  endfacet
  facet normal 0 0 1
    outer loop
      vertex 30.3253 31.7853 2
      vertex 30.4007 30.2504 2
      vertex 30.4007 31.7496 2
    endloop
  endfacet
  facet normal 0 0 1
    outer loop
      vertex 30.3253 31.7853 2
      vertex 30.3253 30.2147 2
      vertex 30.4007 30.2504 2
    endloop
  endfacet
  facet normal 0 0 1
    outer loop
      vertex 30.2467 31.8134 2
      vertex 30.3253 30.2147 2
      vertex 30.3253 31.7853 2
    endloop
  endfacet
  facet normal 0 0 1
    outer loop
      vertex 30.2467 31.8134 2
      vertex 30.2467 30.1866 2
      vertex 30.3253 30.2147 2
    endloop
  endfacet
  facet normal 0 0 1
    outer loop
      vertex 30.1658 31.8337 2
      vertex 30.2467 30.1866 2
      vertex 30.2467 31.8134 2
    endloop
  endfacet
  facet normal 0 0 1
    outer loop
      vertex 30.1658 31.8337 2
      vertex 30.1658 30.1663 2
      vertex 30.2467 30.1866 2
    endloop
  endfacet
  facet normal 0 0 1
    outer loop
      vertex 30.0833 31.8459 2
      vertex 30.1658 30.1663 2
      vertex 30.1658 31.8337 2
    endloop
  endfacet
  facet normal 0 0 1
    outer loop
      vertex 30.0833 31.8459 2
      vertex 30.0833 30.1541 2
      vertex 30.1658 30.1663 2
    endloop
  endfacet
  facet normal 0 0 1
    outer loop
      vertex 30 31.85 2
      vertex 30.0833 30.1541 2
      vertex 30.0833 31.8459 2
    endloop
  endfacet
  facet normal 0 0 1
    outer loop
      vertex 30 31.85 2
      vertex 30 30.15 2
      vertex 30.0833 30.1541 2
    endloop
  endfacet
  facet normal -0 0 1
    outer loop
      vertex 29.9167 31.8459 2
      vertex 30 30.15 2
      vertex 30 31.85 2
    endloop
  endfacet
  facet normal 0 0 1
    outer loop
      vertex 29.9167 31.8459 2
      vertex 29.9167 30.1541 2
      vertex 30 30.15 2
    endloop
  endfacet
  facet normal -0 0 1
    outer loop
      vertex 29.8342 31.8337 2
      vertex 29.9167 30.1541 2
      vertex 29.9167 31.8459 2
    endloop
  endfacet
  facet normal 0 0 1
    outer loop
      vertex 29.8342 31.8337 2
      vertex 29.8342 30.1663 2
      vertex 29.9167 30.1541 2
    endloop
  endfacet
  facet normal -0 0 1
    outer loop
      vertex 29.7533 31.8134 2
      vertex 29.8342 30.1663 2
      vertex 29.8342 31.8337 2
    endloop
  endfacet
  facet normal 0 0 1
    outer loop
      vertex 29.7533 31.8134 2
      vertex 29.7533 30.1866 2
      vertex 29.8342 30.1663 2
    endloop
  endfacet
  facet normal -0 0 1
    outer loop
      vertex 29.6747 31.7853 2
      vertex 29.7533 30.1866 2
      vertex 29.7533 31.8134 2
    endloop
  endfacet
  facet normal 0 0 1
    outer loop
      vertex 29.6747 31.7853 2
      vertex 29.6747 30.2147 2
      vertex 29.7533 30.1866 2
    endloop
  endfacet
  facet normal -0 0 1
    outer loop
      vertex 29.5993 31.7496 2
      vertex 29.6747 30.2147 2
      vertex 29.6747 31.7853 2
    endloop
  endfacet
  facet normal 0 0 1
    outer loop
      vertex 29.5993 31.7496 2
      vertex 29.5993 30.2504 2
      vertex 29.6747 30.2147 2
    endloop
  endfacet
  facet normal -0 0 1
    outer loop
      vertex 29.5278 31.7067 2
      vertex 29.5993 30.2504 2
      vertex 29.5993 31.7496 2
    endloop
  endfacet
  facet normal 0 0 1
    outer loop
      vertex 29.5278 31.7067 2
      vertex 29.5278 30.2933 2
      vertex 29.5993 30.2504 2
    endloop
  endfacet
  facet normal -0 0 1
    outer loop
      vertex 29.4608 31.6571 2
      vertex 29.5278 30.2933 2
      vertex 29.5278 31.7067 2
    endloop
  endfacet
  facet normal 0 0 1
    outer loop
      vertex 29.4608 31.6571 2
      vertex 29.4608 30.3429 2
      vertex 29.5278 30.2933 2
    endloop
  endfacet
  facet normal -0 0 1
    outer loop
      vertex 29.399 31.601 2
      vertex 29.4608 30.3429 2
      vertex 29.4608 31.6571 2
    endloop
  endfacet
  facet normal 0 0 1
    outer loop
      vertex 29.399 31.601 2
      vertex 29.399 30.399 2
      vertex 29.4608 30.3429 2
    endloop
  endfacet
  facet normal -0 0 1
    outer loop
      vertex 29.3429 31.5392 2
      vertex 29.399 30.399 2
      vertex 29.399 31.601 2
    endloop
  endfacet
  facet normal 0 0 1
    outer loop
      vertex 29.3429 31.5392 2
      vertex 29.3429 30.4608 2
      vertex 29.399 30.399 2
    endloop
  endfacet
  facet normal -0 0 1
    outer loop
      vertex 29.2933 31.4722 2
      vertex 29.3429 30.4608 2
      vertex 29.3429 31.5392 2
    endloop
  endfacet
  facet normal 0 0 1
    outer loop
      vertex 29.2933 31.4722 2
      vertex 29.2933 30.5278 2
      vertex 29.3429 30.4608 2
    endloop
  endfacet
  facet normal -0 0 1
    outer loop
      vertex 29.2504 31.4007 2
      vertex 29.2933 30.5278 2
      vertex 29.2933 31.4722 2
    endloop
  endfacet
  facet normal 0 0 1
    outer loop
      vertex 29.2504 31.4007 2
      vertex 29.2504 30.5993 2
      vertex 29.2933 30.5278 2
    endloop
  endfacet
  facet normal -0 0 1
    outer loop
      vertex 29.2147 31.3253 2
      vertex 29.2504 30.5993 2
      vertex 29.2504 31.4007 2
    endloop
  endfacet
  facet normal 0 0 1
    outer loop
      vertex 29.2147 31.3253 2
      vertex 29.2147 30.6747 2
      vertex 29.2504 30.5993 2
    endloop
  endfacet
  facet normal -0 0 1
    outer loop
      vertex 29.1866 31.2467 2
      vertex 29.2147 30.6747 2
      vertex 29.2147 31.3253 2
    endloop
  endfacet
  facet normal 0 0 1
    outer loop
      vertex 29.1866 31.2467 2
      vertex 29.1866 30.7533 2
      vertex 29.2147 30.6747 2
    endloop
  endfacet
  facet normal -0 0 1
    outer loop
      vertex 29.1663 31.1658 2
      vertex 29.1866 30.7533 2
      vertex 29.1866 31.2467 2
    endloop
  endfacet
  facet normal 0 0 1
    outer loop
      vertex 29.1663 31.1658 2
      vertex 29.1663 30.8342 2
      vertex 29.1866 30.7533 2
    endloop
  endfacet
  facet normal -0 0 1
    outer loop
      vertex 29.1541 31.0833 2
      vertex 29.1663 30.8342 2
      vertex 29.1663 31.1658 2
    endloop
  endfacet
  facet normal 0 0 1
    outer loop
      vertex 29.1541 31.0833 2
      vertex 29.1541 30.9167 2
      vertex 29.1663 30.8342 2
    endloop
  endfacet
  facet normal 0 -0 1
    outer loop
      vertex 29.1541 30.9167 2
      vertex 29.1541 31.0833 2
      vertex 29.15 31 2
    endloop
  endfacet
  facet normal 0 0 1
    outer loop
      vertex 77.8459 78.0833 2
      vertex 77.8459 77.9167 2
      vertex 77.85 78 2
    endloop
  endfacet
  facet normal 0 0 1
    outer loop
      vertex 77.8337 78.1658 2
      vertex 77.8459 77.9167 2
      vertex 77.8459 78.0833 2
    endloop
  endfacet
  facet normal 0 0 1
    outer loop
      vertex 77.8337 78.1658 2
      vertex 77.8337 77.8342 2
      vertex 77.8459 77.9167 2
    endloop
  endfacet
  facet normal 0 0 1
    outer loop
      vertex 77.8134 78.2467 2
      vertex 77.8337 77.8342 2
      vertex 77.8337 78.1658 2
    endloop
  endfacet
  facet normal 0 0 1
    outer loop
      vertex 77.8134 78.2467 2
      vertex 77.8134 77.7533 2
      vertex 77.8337 77.8342 2
    endloop
  endfacet
  facet normal 0 0 1
    outer loop
      vertex 77.7853 78.3253 2
      vertex 77.8134 77.7533 2
      vertex 77.8134 78.2467 2
    endloop
  endfacet
  facet normal 0 0 1
    outer loop
      vertex 77.7853 78.3253 2
      vertex 77.7853 77.6747 2
      vertex 77.8134 77.7533 2
    endloop
  endfacet
  facet normal 0 0 1
    outer loop
      vertex 77.7496 78.4007 2
      vertex 77.7853 77.6747 2
      vertex 77.7853 78.3253 2
    endloop
  endfacet
  facet normal 0 0 1
    outer loop
      vertex 77.7496 78.4007 2
      vertex 77.7496 77.5993 2
      vertex 77.7853 77.6747 2
    endloop
  endfacet
  facet normal 0 0 1
    outer loop
      vertex 77.7067 78.4722 2
      vertex 77.7496 77.5993 2
      vertex 77.7496 78.4007 2
    endloop
  endfacet
  facet normal 0 0 1
    outer loop
      vertex 77.7067 78.4722 2
      vertex 77.7067 77.5278 2
      vertex 77.7496 77.5993 2
    endloop
  endfacet
  facet normal 0 0 1
    outer loop
      vertex 77.6571 78.5392 2
      vertex 77.7067 77.5278 2
      vertex 77.7067 78.4722 2
    endloop
  endfacet
  facet normal 0 0 1
    outer loop
      vertex 77.6571 78.5392 2
      vertex 77.6571 77.4608 2
      vertex 77.7067 77.5278 2
    endloop
  endfacet
  facet normal 0 0 1
    outer loop
      vertex 77.601 78.601 2
      vertex 77.6571 77.4608 2
      vertex 77.6571 78.5392 2
    endloop
  endfacet
  facet normal 0 0 1
    outer loop
      vertex 77.601 78.601 2
      vertex 77.601 77.399 2
      vertex 77.6571 77.4608 2
    endloop
  endfacet
  facet normal 0 0 1
    outer loop
      vertex 77.5392 78.6571 2
      vertex 77.601 77.399 2
      vertex 77.601 78.601 2
    endloop
  endfacet
  facet normal 0 0 1
    outer loop
      vertex 77.5392 78.6571 2
      vertex 77.5392 77.3429 2
      vertex 77.601 77.399 2
    endloop
  endfacet
  facet normal 0 0 1
    outer loop
      vertex 77.4722 78.7067 2
      vertex 77.5392 77.3429 2
      vertex 77.5392 78.6571 2
    endloop
  endfacet
  facet normal 0 0 1
    outer loop
      vertex 77.4722 78.7067 2
      vertex 77.4722 77.2933 2
      vertex 77.5392 77.3429 2
    endloop
  endfacet
  facet normal 0 0 1
    outer loop
      vertex 77.4007 78.7496 2
      vertex 77.4722 77.2933 2
      vertex 77.4722 78.7067 2
    endloop
  endfacet
  facet normal 0 0 1
    outer loop
      vertex 77.4007 78.7496 2
      vertex 77.4007 77.2504 2
      vertex 77.4722 77.2933 2
    endloop
  endfacet
  facet normal 0 0 1
    outer loop
      vertex 77.3253 78.7853 2
      vertex 77.4007 77.2504 2
      vertex 77.4007 78.7496 2
    endloop
  endfacet
  facet normal 0 0 1
    outer loop
      vertex 77.3253 78.7853 2
      vertex 77.3253 77.2147 2
      vertex 77.4007 77.2504 2
    endloop
  endfacet
  facet normal 0 0 1
    outer loop
      vertex 77.2467 78.8134 2
      vertex 77.3253 77.2147 2
      vertex 77.3253 78.7853 2
    endloop
  endfacet
  facet normal 0 0 1
    outer loop
      vertex 77.2467 78.8134 2
      vertex 77.2467 77.1866 2
      vertex 77.3253 77.2147 2
    endloop
  endfacet
  facet normal 0 0 1
    outer loop
      vertex 77.1658 78.8337 2
      vertex 77.2467 77.1866 2
      vertex 77.2467 78.8134 2
    endloop
  endfacet
  facet normal 0 0 1
    outer loop
      vertex 77.1658 78.8337 2
      vertex 77.1658 77.1663 2
      vertex 77.2467 77.1866 2
    endloop
  endfacet
  facet normal 0 0 1
    outer loop
      vertex 77.0833 78.8459 2
      vertex 77.1658 77.1663 2
      vertex 77.1658 78.8337 2
    endloop
  endfacet
  facet normal 0 0 1
    outer loop
      vertex 77.0833 78.8459 2
      vertex 77.0833 77.1541 2
      vertex 77.1658 77.1663 2
    endloop
  endfacet
  facet normal 0 0 1
    outer loop
      vertex 77 78.85 2
      vertex 77.0833 77.1541 2
      vertex 77.0833 78.8459 2
    endloop
  endfacet
  facet normal 0 0 1
    outer loop
      vertex 77 78.85 2
      vertex 77 77.15 2
      vertex 77.0833 77.1541 2
    endloop
  endfacet
  facet normal -0 0 1
    outer loop
      vertex 76.9167 78.8459 2
      vertex 77 77.15 2
      vertex 77 78.85 2
    endloop
  endfacet
  facet normal 0 0 1
    outer loop
      vertex 76.9167 78.8459 2
      vertex 76.9167 77.1541 2
      vertex 77 77.15 2
    endloop
  endfacet
  facet normal -0 0 1
    outer loop
      vertex 76.8342 78.8337 2
      vertex 76.9167 77.1541 2
      vertex 76.9167 78.8459 2
    endloop
  endfacet
  facet normal 0 0 1
    outer loop
      vertex 76.8342 78.8337 2
      vertex 76.8342 77.1663 2
      vertex 76.9167 77.1541 2
    endloop
  endfacet
  facet normal -0 0 1
    outer loop
      vertex 76.7533 78.8134 2
      vertex 76.8342 77.1663 2
      vertex 76.8342 78.8337 2
    endloop
  endfacet
  facet normal 0 0 1
    outer loop
      vertex 76.7533 78.8134 2
      vertex 76.7533 77.1866 2
      vertex 76.8342 77.1663 2
    endloop
  endfacet
  facet normal -0 0 1
    outer loop
      vertex 76.6747 78.7853 2
      vertex 76.7533 77.1866 2
      vertex 76.7533 78.8134 2
    endloop
  endfacet
  facet normal 0 0 1
    outer loop
      vertex 76.6747 78.7853 2
      vertex 76.6747 77.2147 2
      vertex 76.7533 77.1866 2
    endloop
  endfacet
  facet normal -0 0 1
    outer loop
      vertex 76.5993 78.7496 2
      vertex 76.6747 77.2147 2
      vertex 76.6747 78.7853 2
    endloop
  endfacet
  facet normal 0 0 1
    outer loop
      vertex 76.5993 78.7496 2
      vertex 76.5993 77.2504 2
      vertex 76.6747 77.2147 2
    endloop
  endfacet
  facet normal -0 0 1
    outer loop
      vertex 76.5278 78.7067 2
      vertex 76.5993 77.2504 2
      vertex 76.5993 78.7496 2
    endloop
  endfacet
  facet normal 0 0 1
    outer loop
      vertex 76.5278 78.7067 2
      vertex 76.5278 77.2933 2
      vertex 76.5993 77.2504 2
    endloop
  endfacet
  facet normal -0 0 1
    outer loop
      vertex 76.4608 78.6571 2
      vertex 76.5278 77.2933 2
      vertex 76.5278 78.7067 2
    endloop
  endfacet
  facet normal 0 0 1
    outer loop
      vertex 76.4608 78.6571 2
      vertex 76.4608 77.3429 2
      vertex 76.5278 77.2933 2
    endloop
  endfacet
  facet normal -0 0 1
    outer loop
      vertex 76.399 78.601 2
      vertex 76.4608 77.3429 2
      vertex 76.4608 78.6571 2
    endloop
  endfacet
  facet normal 0 0 1
    outer loop
      vertex 76.399 78.601 2
      vertex 76.399 77.399 2
      vertex 76.4608 77.3429 2
    endloop
  endfacet
  facet normal -0 0 1
    outer loop
      vertex 76.3429 78.5392 2
      vertex 76.399 77.399 2
      vertex 76.399 78.601 2
    endloop
  endfacet
  facet normal 0 0 1
    outer loop
      vertex 76.3429 78.5392 2
      vertex 76.3429 77.4608 2
      vertex 76.399 77.399 2
    endloop
  endfacet
  facet normal -0 0 1
    outer loop
      vertex 76.2933 78.4722 2
      vertex 76.3429 77.4608 2
      vertex 76.3429 78.5392 2
    endloop
  endfacet
  facet normal 0 0 1
    outer loop
      vertex 76.2933 78.4722 2
      vertex 76.2933 77.5278 2
      vertex 76.3429 77.4608 2
    endloop
  endfacet
  facet normal -0 0 1
    outer loop
      vertex 76.2504 78.4007 2
      vertex 76.2933 77.5278 2
      vertex 76.2933 78.4722 2
    endloop
  endfacet
  facet normal 0 0 1
    outer loop
      vertex 76.2504 78.4007 2
      vertex 76.2504 77.5993 2
      vertex 76.2933 77.5278 2
    endloop
  endfacet
  facet normal -0 0 1
    outer loop
      vertex 76.2147 78.3253 2
      vertex 76.2504 77.5993 2
      vertex 76.2504 78.4007 2
    endloop
  endfacet
  facet normal 0 0 1
    outer loop
      vertex 76.2147 78.3253 2
      vertex 76.2147 77.6747 2
      vertex 76.2504 77.5993 2
    endloop
  endfacet
  facet normal -0 0 1
    outer loop
      vertex 76.1866 78.2467 2
      vertex 76.2147 77.6747 2
      vertex 76.2147 78.3253 2
    endloop
  endfacet
  facet normal 0 0 1
    outer loop
      vertex 76.1866 78.2467 2
      vertex 76.1866 77.7533 2
      vertex 76.2147 77.6747 2
    endloop
  endfacet
  facet normal -0 0 1
    outer loop
      vertex 76.1663 78.1658 2
      vertex 76.1866 77.7533 2
      vertex 76.1866 78.2467 2
    endloop
  endfacet
  facet normal 0 0 1
    outer loop
      vertex 76.1663 78.1658 2
      vertex 76.1663 77.8342 2
      vertex 76.1866 77.7533 2
    endloop
  endfacet
  facet normal -0 0 1
    outer loop
      vertex 76.1541 78.0833 2
      vertex 76.1663 77.8342 2
      vertex 76.1663 78.1658 2
    endloop
  endfacet
  facet normal 0 0 1
    outer loop
      vertex 76.1541 78.0833 2
      vertex 76.1541 77.9167 2
      vertex 76.1663 77.8342 2
    endloop
  endfacet
  facet normal 0 -0 1
    outer loop
      vertex 76.1541 77.9167 2
      vertex 76.1541 78.0833 2
      vertex 76.15 78 2
    endloop
  endfacet
  facet normal 0 0 1
    outer loop
      vertex 77.8459 31.0833 2
      vertex 77.8459 30.9167 2
      vertex 77.85 31 2
    endloop
  endfacet
  facet normal 0 0 1
    outer loop
      vertex 77.8337 31.1658 2
      vertex 77.8459 30.9167 2
      vertex 77.8459 31.0833 2
    endloop
  endfacet
  facet normal 0 0 1
    outer loop
      vertex 77.8337 31.1658 2
      vertex 77.8337 30.8342 2
      vertex 77.8459 30.9167 2
    endloop
  endfacet
  facet normal 0 0 1
    outer loop
      vertex 77.8134 31.2467 2
      vertex 77.8337 30.8342 2
      vertex 77.8337 31.1658 2
    endloop
  endfacet
  facet normal 0 0 1
    outer loop
      vertex 77.8134 31.2467 2
      vertex 77.8134 30.7533 2
      vertex 77.8337 30.8342 2
    endloop
  endfacet
  facet normal 0 0 1
    outer loop
      vertex 77.7853 31.3253 2
      vertex 77.8134 30.7533 2
      vertex 77.8134 31.2467 2
    endloop
  endfacet
  facet normal 0 0 1
    outer loop
      vertex 77.7853 31.3253 2
      vertex 77.7853 30.6747 2
      vertex 77.8134 30.7533 2
    endloop
  endfacet
  facet normal 0 0 1
    outer loop
      vertex 77.7496 31.4007 2
      vertex 77.7853 30.6747 2
      vertex 77.7853 31.3253 2
    endloop
  endfacet
  facet normal 0 0 1
    outer loop
      vertex 77.7496 31.4007 2
      vertex 77.7496 30.5993 2
      vertex 77.7853 30.6747 2
    endloop
  endfacet
  facet normal 0 0 1
    outer loop
      vertex 77.7067 31.4722 2
      vertex 77.7496 30.5993 2
      vertex 77.7496 31.4007 2
    endloop
  endfacet
  facet normal 0 0 1
    outer loop
      vertex 77.7067 31.4722 2
      vertex 77.7067 30.5278 2
      vertex 77.7496 30.5993 2
    endloop
  endfacet
  facet normal 0 0 1
    outer loop
      vertex 77.6571 31.5392 2
      vertex 77.7067 30.5278 2
      vertex 77.7067 31.4722 2
    endloop
  endfacet
  facet normal 0 0 1
    outer loop
      vertex 77.6571 31.5392 2
      vertex 77.6571 30.4608 2
      vertex 77.7067 30.5278 2
    endloop
  endfacet
  facet normal 0 0 1
    outer loop
      vertex 77.601 31.601 2
      vertex 77.6571 30.4608 2
      vertex 77.6571 31.5392 2
    endloop
  endfacet
  facet normal 0 0 1
    outer loop
      vertex 77.601 31.601 2
      vertex 77.601 30.399 2
      vertex 77.6571 30.4608 2
    endloop
  endfacet
  facet normal 0 0 1
    outer loop
      vertex 77.5392 31.6571 2
      vertex 77.601 30.399 2
      vertex 77.601 31.601 2
    endloop
  endfacet
  facet normal 0 0 1
    outer loop
      vertex 77.5392 31.6571 2
      vertex 77.5392 30.3429 2
      vertex 77.601 30.399 2
    endloop
  endfacet
  facet normal 0 0 1
    outer loop
      vertex 77.4722 31.7067 2
      vertex 77.5392 30.3429 2
      vertex 77.5392 31.6571 2
    endloop
  endfacet
  facet normal 0 0 1
    outer loop
      vertex 77.4722 31.7067 2
      vertex 77.4722 30.2933 2
      vertex 77.5392 30.3429 2
    endloop
  endfacet
  facet normal 0 0 1
    outer loop
      vertex 77.4007 31.7496 2
      vertex 77.4722 30.2933 2
      vertex 77.4722 31.7067 2
    endloop
  endfacet
  facet normal 0 0 1
    outer loop
      vertex 77.4007 31.7496 2
      vertex 77.4007 30.2504 2
      vertex 77.4722 30.2933 2
    endloop
  endfacet
  facet normal 0 0 1
    outer loop
      vertex 77.3253 31.7853 2
      vertex 77.4007 30.2504 2
      vertex 77.4007 31.7496 2
    endloop
  endfacet
  facet normal 0 0 1
    outer loop
      vertex 77.3253 31.7853 2
      vertex 77.3253 30.2147 2
      vertex 77.4007 30.2504 2
    endloop
  endfacet
  facet normal 0 0 1
    outer loop
      vertex 77.2467 31.8134 2
      vertex 77.3253 30.2147 2
      vertex 77.3253 31.7853 2
    endloop
  endfacet
  facet normal 0 0 1
    outer loop
      vertex 77.2467 31.8134 2
      vertex 77.2467 30.1866 2
      vertex 77.3253 30.2147 2
    endloop
  endfacet
  facet normal 0 0 1
    outer loop
      vertex 77.1658 31.8337 2
      vertex 77.2467 30.1866 2
      vertex 77.2467 31.8134 2
    endloop
  endfacet
  facet normal 0 0 1
    outer loop
      vertex 77.1658 31.8337 2
      vertex 77.1658 30.1663 2
      vertex 77.2467 30.1866 2
    endloop
  endfacet
  facet normal 0 0 1
    outer loop
      vertex 77.0833 31.8459 2
      vertex 77.1658 30.1663 2
      vertex 77.1658 31.8337 2
    endloop
  endfacet
  facet normal 0 0 1
    outer loop
      vertex 77.0833 31.8459 2
      vertex 77.0833 30.1541 2
      vertex 77.1658 30.1663 2
    endloop
  endfacet
  facet normal 0 0 1
    outer loop
      vertex 77 31.85 2
      vertex 77.0833 30.1541 2
      vertex 77.0833 31.8459 2
    endloop
  endfacet
  facet normal 0 0 1
    outer loop
      vertex 77 31.85 2
      vertex 77 30.15 2
      vertex 77.0833 30.1541 2
    endloop
  endfacet
  facet normal -0 0 1
    outer loop
      vertex 76.9167 31.8459 2
      vertex 77 30.15 2
      vertex 77 31.85 2
    endloop
  endfacet
  facet normal 0 0 1
    outer loop
      vertex 76.9167 31.8459 2
      vertex 76.9167 30.1541 2
      vertex 77 30.15 2
    endloop
  endfacet
  facet normal -0 0 1
    outer loop
      vertex 76.8342 31.8337 2
      vertex 76.9167 30.1541 2
      vertex 76.9167 31.8459 2
    endloop
  endfacet
  facet normal 0 0 1
    outer loop
      vertex 76.8342 31.8337 2
      vertex 76.8342 30.1663 2
      vertex 76.9167 30.1541 2
    endloop
  endfacet
  facet normal -0 0 1
    outer loop
      vertex 76.7533 31.8134 2
      vertex 76.8342 30.1663 2
      vertex 76.8342 31.8337 2
    endloop
  endfacet
  facet normal 0 0 1
    outer loop
      vertex 76.7533 31.8134 2
      vertex 76.7533 30.1866 2
      vertex 76.8342 30.1663 2
    endloop
  endfacet
  facet normal -0 0 1
    outer loop
      vertex 76.6747 31.7853 2
      vertex 76.7533 30.1866 2
      vertex 76.7533 31.8134 2
    endloop
  endfacet
  facet normal 0 0 1
    outer loop
      vertex 76.6747 31.7853 2
      vertex 76.6747 30.2147 2
      vertex 76.7533 30.1866 2
    endloop
  endfacet
  facet normal -0 0 1
    outer loop
      vertex 76.5993 31.7496 2
      vertex 76.6747 30.2147 2
      vertex 76.6747 31.7853 2
    endloop
  endfacet
  facet normal 0 0 1
    outer loop
      vertex 76.5993 31.7496 2
      vertex 76.5993 30.2504 2
      vertex 76.6747 30.2147 2
    endloop
  endfacet
  facet normal -0 0 1
    outer loop
      vertex 76.5278 31.7067 2
      vertex 76.5993 30.2504 2
      vertex 76.5993 31.7496 2
    endloop
  endfacet
  facet normal 0 0 1
    outer loop
      vertex 76.5278 31.7067 2
      vertex 76.5278 30.2933 2
      vertex 76.5993 30.2504 2
    endloop
  endfacet
  facet normal -0 0 1
    outer loop
      vertex 76.4608 31.6571 2
      vertex 76.5278 30.2933 2
      vertex 76.5278 31.7067 2
    endloop
  endfacet
  facet normal 0 0 1
    outer loop
      vertex 76.4608 31.6571 2
      vertex 76.4608 30.3429 2
      vertex 76.5278 30.2933 2
    endloop
  endfacet
  facet normal -0 0 1
    outer loop
      vertex 76.399 31.601 2
      vertex 76.4608 30.3429 2
      vertex 76.4608 31.6571 2
    endloop
  endfacet
  facet normal 0 0 1
    outer loop
      vertex 76.399 31.601 2
      vertex 76.399 30.399 2
      vertex 76.4608 30.3429 2
    endloop
  endfacet
  facet normal -0 0 1
    outer loop
      vertex 76.3429 31.5392 2
      vertex 76.399 30.399 2
      vertex 76.399 31.601 2
    endloop
  endfacet
  facet normal 0 0 1
    outer loop
      vertex 76.3429 31.5392 2
      vertex 76.3429 30.4608 2
      vertex 76.399 30.399 2
    endloop
  endfacet
  facet normal -0 0 1
    outer loop
      vertex 76.2933 31.4722 2
      vertex 76.3429 30.4608 2
      vertex 76.3429 31.5392 2
    endloop
  endfacet
  facet normal 0 0 1
    outer loop
      vertex 76.2933 31.4722 2
      vertex 76.2933 30.5278 2
      vertex 76.3429 30.4608 2
    endloop
  endfacet
  facet normal -0 0 1
    outer loop
      vertex 76.2504 31.4007 2
      vertex 76.2933 30.5278 2
      vertex 76.2933 31.4722 2
    endloop
  endfacet
  facet normal 0 0 1
    outer loop
      vertex 76.2504 31.4007 2
      vertex 76.2504 30.5993 2
      vertex 76.2933 30.5278 2
    endloop
  endfacet
  facet normal -0 0 1
    outer loop
      vertex 76.2147 31.3253 2
      vertex 76.2504 30.5993 2
      vertex 76.2504 31.4007 2
    endloop
  endfacet
  facet normal 0 0 1
    outer loop
      vertex 76.2147 31.3253 2
      vertex 76.2147 30.6747 2
      vertex 76.2504 30.5993 2
    endloop
  endfacet
  facet normal -0 0 1
    outer loop
      vertex 76.1866 31.2467 2
      vertex 76.2147 30.6747 2
      vertex 76.2147 31.3253 2
    endloop
  endfacet
  facet normal 0 0 1
    outer loop
      vertex 76.1866 31.2467 2
      vertex 76.1866 30.7533 2
      vertex 76.2147 30.6747 2
    endloop
  endfacet
  facet normal -0 0 1
    outer loop
      vertex 76.1663 31.1658 2
      vertex 76.1866 30.7533 2
      vertex 76.1866 31.2467 2
    endloop
  endfacet
  facet normal 0 0 1
    outer loop
      vertex 76.1663 31.1658 2
      vertex 76.1663 30.8342 2
      vertex 76.1866 30.7533 2
    endloop
  endfacet
  facet normal -0 0 1
    outer loop
      vertex 76.1541 31.0833 2
      vertex 76.1663 30.8342 2
      vertex 76.1663 31.1658 2
    endloop
  endfacet
  facet normal 0 0 1
    outer loop
      vertex 76.1541 31.0833 2
      vertex 76.1541 30.9167 2
      vertex 76.1663 30.8342 2
    endloop
  endfacet
  facet normal 0 -0 1
    outer loop
      vertex 76.1541 30.9167 2
      vertex 76.1541 31.0833 2
      vertex 76.15 31 2
    endloop
  endfacet
  facet normal 0 0 1
    outer loop
      vertex 30.8459 78.0833 2
      vertex 30.8459 77.9167 2
      vertex 30.85 78 2
    endloop
  endfacet
  facet normal 0 0 1
    outer loop
      vertex 30.8337 78.1658 2
      vertex 30.8459 77.9167 2
      vertex 30.8459 78.0833 2
    endloop
  endfacet
  facet normal 0 0 1
    outer loop
      vertex 30.8337 78.1658 2
      vertex 30.8337 77.8342 2
      vertex 30.8459 77.9167 2
    endloop
  endfacet
  facet normal 0 0 1
    outer loop
      vertex 30.8134 78.2467 2
      vertex 30.8337 77.8342 2
      vertex 30.8337 78.1658 2
    endloop
  endfacet
  facet normal 0 0 1
    outer loop
      vertex 30.8134 78.2467 2
      vertex 30.8134 77.7533 2
      vertex 30.8337 77.8342 2
    endloop
  endfacet
  facet normal 0 0 1
    outer loop
      vertex 30.7853 78.3253 2
      vertex 30.8134 77.7533 2
      vertex 30.8134 78.2467 2
    endloop
  endfacet
  facet normal 0 0 1
    outer loop
      vertex 30.7853 78.3253 2
      vertex 30.7853 77.6747 2
      vertex 30.8134 77.7533 2
    endloop
  endfacet
  facet normal 0 0 1
    outer loop
      vertex 30.7496 78.4007 2
      vertex 30.7853 77.6747 2
      vertex 30.7853 78.3253 2
    endloop
  endfacet
  facet normal 0 0 1
    outer loop
      vertex 30.7496 78.4007 2
      vertex 30.7496 77.5993 2
      vertex 30.7853 77.6747 2
    endloop
  endfacet
  facet normal 0 0 1
    outer loop
      vertex 30.7067 78.4722 2
      vertex 30.7496 77.5993 2
      vertex 30.7496 78.4007 2
    endloop
  endfacet
  facet normal 0 0 1
    outer loop
      vertex 30.7067 78.4722 2
      vertex 30.7067 77.5278 2
      vertex 30.7496 77.5993 2
    endloop
  endfacet
  facet normal 0 0 1
    outer loop
      vertex 30.6571 78.5392 2
      vertex 30.7067 77.5278 2
      vertex 30.7067 78.4722 2
    endloop
  endfacet
  facet normal 0 0 1
    outer loop
      vertex 30.6571 78.5392 2
      vertex 30.6571 77.4608 2
      vertex 30.7067 77.5278 2
    endloop
  endfacet
  facet normal 0 0 1
    outer loop
      vertex 30.601 78.601 2
      vertex 30.6571 77.4608 2
      vertex 30.6571 78.5392 2
    endloop
  endfacet
  facet normal 0 0 1
    outer loop
      vertex 30.601 78.601 2
      vertex 30.601 77.399 2
      vertex 30.6571 77.4608 2
    endloop
  endfacet
  facet normal 0 0 1
    outer loop
      vertex 30.5392 78.6571 2
      vertex 30.601 77.399 2
      vertex 30.601 78.601 2
    endloop
  endfacet
  facet normal 0 0 1
    outer loop
      vertex 30.5392 78.6571 2
      vertex 30.5392 77.3429 2
      vertex 30.601 77.399 2
    endloop
  endfacet
  facet normal 0 0 1
    outer loop
      vertex 30.4722 78.7067 2
      vertex 30.5392 77.3429 2
      vertex 30.5392 78.6571 2
    endloop
  endfacet
  facet normal 0 0 1
    outer loop
      vertex 30.4722 78.7067 2
      vertex 30.4722 77.2933 2
      vertex 30.5392 77.3429 2
    endloop
  endfacet
  facet normal 0 0 1
    outer loop
      vertex 30.4007 78.7496 2
      vertex 30.4722 77.2933 2
      vertex 30.4722 78.7067 2
    endloop
  endfacet
  facet normal 0 0 1
    outer loop
      vertex 30.4007 78.7496 2
      vertex 30.4007 77.2504 2
      vertex 30.4722 77.2933 2
    endloop
  endfacet
  facet normal 0 0 1
    outer loop
      vertex 30.3253 78.7853 2
      vertex 30.4007 77.2504 2
      vertex 30.4007 78.7496 2
    endloop
  endfacet
  facet normal 0 0 1
    outer loop
      vertex 30.3253 78.7853 2
      vertex 30.3253 77.2147 2
      vertex 30.4007 77.2504 2
    endloop
  endfacet
  facet normal 0 0 1
    outer loop
      vertex 30.2467 78.8134 2
      vertex 30.3253 77.2147 2
      vertex 30.3253 78.7853 2
    endloop
  endfacet
  facet normal 0 0 1
    outer loop
      vertex 30.2467 78.8134 2
      vertex 30.2467 77.1866 2
      vertex 30.3253 77.2147 2
    endloop
  endfacet
  facet normal 0 0 1
    outer loop
      vertex 30.1658 78.8337 2
      vertex 30.2467 77.1866 2
      vertex 30.2467 78.8134 2
    endloop
  endfacet
  facet normal 0 0 1
    outer loop
      vertex 30.1658 78.8337 2
      vertex 30.1658 77.1663 2
      vertex 30.2467 77.1866 2
    endloop
  endfacet
  facet normal 0 0 1
    outer loop
      vertex 30.0833 78.8459 2
      vertex 30.1658 77.1663 2
      vertex 30.1658 78.8337 2
    endloop
  endfacet
  facet normal 0 0 1
    outer loop
      vertex 30.0833 78.8459 2
      vertex 30.0833 77.1541 2
      vertex 30.1658 77.1663 2
    endloop
  endfacet
  facet normal 0 0 1
    outer loop
      vertex 30 78.85 2
      vertex 30.0833 77.1541 2
      vertex 30.0833 78.8459 2
    endloop
  endfacet
  facet normal 0 0 1
    outer loop
      vertex 30 78.85 2
      vertex 30 77.15 2
      vertex 30.0833 77.1541 2
    endloop
  endfacet
  facet normal -0 0 1
    outer loop
      vertex 29.9167 78.8459 2
      vertex 30 77.15 2
      vertex 30 78.85 2
    endloop
  endfacet
  facet normal 0 0 1
    outer loop
      vertex 29.9167 78.8459 2
      vertex 29.9167 77.1541 2
      vertex 30 77.15 2
    endloop
  endfacet
  facet normal -0 0 1
    outer loop
      vertex 29.8342 78.8337 2
      vertex 29.9167 77.1541 2
      vertex 29.9167 78.8459 2
    endloop
  endfacet
  facet normal 0 0 1
    outer loop
      vertex 29.8342 78.8337 2
      vertex 29.8342 77.1663 2
      vertex 29.9167 77.1541 2
    endloop
  endfacet
  facet normal -0 0 1
    outer loop
      vertex 29.7533 78.8134 2
      vertex 29.8342 77.1663 2
      vertex 29.8342 78.8337 2
    endloop
  endfacet
  facet normal 0 0 1
    outer loop
      vertex 29.7533 78.8134 2
      vertex 29.7533 77.1866 2
      vertex 29.8342 77.1663 2
    endloop
  endfacet
  facet normal -0 0 1
    outer loop
      vertex 29.6747 78.7853 2
      vertex 29.7533 77.1866 2
      vertex 29.7533 78.8134 2
    endloop
  endfacet
  facet normal 0 0 1
    outer loop
      vertex 29.6747 78.7853 2
      vertex 29.6747 77.2147 2
      vertex 29.7533 77.1866 2
    endloop
  endfacet
  facet normal -0 0 1
    outer loop
      vertex 29.5993 78.7496 2
      vertex 29.6747 77.2147 2
      vertex 29.6747 78.7853 2
    endloop
  endfacet
  facet normal 0 0 1
    outer loop
      vertex 29.5993 78.7496 2
      vertex 29.5993 77.2504 2
      vertex 29.6747 77.2147 2
    endloop
  endfacet
  facet normal -0 0 1
    outer loop
      vertex 29.5278 78.7067 2
      vertex 29.5993 77.2504 2
      vertex 29.5993 78.7496 2
    endloop
  endfacet
  facet normal 0 0 1
    outer loop
      vertex 29.5278 78.7067 2
      vertex 29.5278 77.2933 2
      vertex 29.5993 77.2504 2
    endloop
  endfacet
  facet normal -0 0 1
    outer loop
      vertex 29.4608 78.6571 2
      vertex 29.5278 77.2933 2
      vertex 29.5278 78.7067 2
    endloop
  endfacet
  facet normal 0 0 1
    outer loop
      vertex 29.4608 78.6571 2
      vertex 29.4608 77.3429 2
      vertex 29.5278 77.2933 2
    endloop
  endfacet
  facet normal -0 0 1
    outer loop
      vertex 29.399 78.601 2
      vertex 29.4608 77.3429 2
      vertex 29.4608 78.6571 2
    endloop
  endfacet
  facet normal 0 0 1
    outer loop
      vertex 29.399 78.601 2
      vertex 29.399 77.399 2
      vertex 29.4608 77.3429 2
    endloop
  endfacet
  facet normal -0 0 1
    outer loop
      vertex 29.3429 78.5392 2
      vertex 29.399 77.399 2
      vertex 29.399 78.601 2
    endloop
  endfacet
  facet normal 0 0 1
    outer loop
      vertex 29.3429 78.5392 2
      vertex 29.3429 77.4608 2
      vertex 29.399 77.399 2
    endloop
  endfacet
  facet normal -0 0 1
    outer loop
      vertex 29.2933 78.4722 2
      vertex 29.3429 77.4608 2
      vertex 29.3429 78.5392 2
    endloop
  endfacet
  facet normal 0 0 1
    outer loop
      vertex 29.2933 78.4722 2
      vertex 29.2933 77.5278 2
      vertex 29.3429 77.4608 2
    endloop
  endfacet
  facet normal -0 0 1
    outer loop
      vertex 29.2504 78.4007 2
      vertex 29.2933 77.5278 2
      vertex 29.2933 78.4722 2
    endloop
  endfacet
  facet normal 0 0 1
    outer loop
      vertex 29.2504 78.4007 2
      vertex 29.2504 77.5993 2
      vertex 29.2933 77.5278 2
    endloop
  endfacet
  facet normal -0 0 1
    outer loop
      vertex 29.2147 78.3253 2
      vertex 29.2504 77.5993 2
      vertex 29.2504 78.4007 2
    endloop
  endfacet
  facet normal 0 0 1
    outer loop
      vertex 29.2147 78.3253 2
      vertex 29.2147 77.6747 2
      vertex 29.2504 77.5993 2
    endloop
  endfacet
  facet normal -0 0 1
    outer loop
      vertex 29.1866 78.2467 2
      vertex 29.2147 77.6747 2
      vertex 29.2147 78.3253 2
    endloop
  endfacet
  facet normal 0 0 1
    outer loop
      vertex 29.1866 78.2467 2
      vertex 29.1866 77.7533 2
      vertex 29.2147 77.6747 2
    endloop
  endfacet
  facet normal -0 0 1
    outer loop
      vertex 29.1663 78.1658 2
      vertex 29.1866 77.7533 2
      vertex 29.1866 78.2467 2
    endloop
  endfacet
  facet normal 0 0 1
    outer loop
      vertex 29.1663 78.1658 2
      vertex 29.1663 77.8342 2
      vertex 29.1866 77.7533 2
    endloop
  endfacet
  facet normal -0 0 1
    outer loop
      vertex 29.1541 78.0833 2
      vertex 29.1663 77.8342 2
      vertex 29.1663 78.1658 2
    endloop
  endfacet
  facet normal 0 0 1
    outer loop
      vertex 29.1541 78.0833 2
      vertex 29.1541 77.9167 2
      vertex 29.1663 77.8342 2
    endloop
  endfacet
  facet normal 0 -0 1
    outer loop
      vertex 29.1541 77.9167 2
      vertex 29.1541 78.0833 2
      vertex 29.15 78 2
    endloop
  endfacet
  facet normal -0 0 1
    outer loop
      vertex 32.4253 76.7037 2
      vertex 37.635 74.5 2
      vertex 32.5407 76.9476 2
    endloop
  endfacet
  facet normal 0 0 1
    outer loop
      vertex 32.5259 65.3912 2
      vertex 37.9279 73.7929 2
      vertex 32.56 65.65 2
    endloop
  endfacet
  facet normal -0 0 1
    outer loop
      vertex 32.2865 76.4722 2
      vertex 37.635 74.5 2
      vertex 32.4253 76.7037 2
    endloop
  endfacet
  facet normal 0 0 1
    outer loop
      vertex 37.9279 73.7929 2
      vertex 32.7368 31.2695 2
      vertex 32.75 31 2
    endloop
  endfacet
  facet normal -0 0 1
    outer loop
      vertex 32.1258 76.2554 2
      vertex 37.635 74.5 2
      vertex 32.2865 76.4722 2
    endloop
  endfacet
  facet normal 0 0 1
    outer loop
      vertex 37.9279 73.7929 2
      vertex 32.56 69.65 2
      vertex 32.56 65.65 2
    endloop
  endfacet
  facet normal 0 0 1
    outer loop
      vertex 37.9279 73.7929 2
      vertex 32.6972 31.5365 2
      vertex 32.7368 31.2695 2
    endloop
  endfacet
  facet normal 0 0 1
    outer loop
      vertex 37.635 74.5 2
      vertex 32.1258 76.2554 2
      vertex 37.6691 74.2412 2
    endloop
  endfacet
  facet normal 0 0 1
    outer loop
      vertex 37.9279 73.7929 2
      vertex 32.5259 69.9088 2
      vertex 32.56 69.65 2
    endloop
  endfacet
  facet normal 0 0 1
    outer loop
      vertex 37.9279 73.7929 2
      vertex 32.426 70.15 2
      vertex 32.5259 69.9088 2
    endloop
  endfacet
  facet normal -0 0 1
    outer loop
      vertex 31.9445 76.0555 2
      vertex 37.6691 74.2412 2
      vertex 32.1258 76.2554 2
    endloop
  endfacet
  facet normal 0 -0 1
    outer loop
      vertex 32.06 70.516 2
      vertex 37.6691 74.2412 2
      vertex 31.9445 76.0555 2
    endloop
  endfacet
  facet normal 0 0 1
    outer loop
      vertex 37.769 74 2
      vertex 32.426 70.15 2
      vertex 37.9279 73.7929 2
    endloop
  endfacet
  facet normal 0 -0 1
    outer loop
      vertex 32.2671 70.3571 2
      vertex 37.6691 74.2412 2
      vertex 32.06 70.516 2
    endloop
  endfacet
  facet normal 0 0 1
    outer loop
      vertex 37.6691 74.2412 2
      vertex 32.2671 70.3571 2
      vertex 37.769 74 2
    endloop
  endfacet
  facet normal 0 -0 1
    outer loop
      vertex 32.426 70.15 2
      vertex 37.769 74 2
      vertex 32.2671 70.3571 2
    endloop
  endfacet
  facet normal -0 0 1
    outer loop
      vertex 31.7446 75.8742 2
      vertex 32.06 70.516 2
      vertex 31.9445 76.0555 2
    endloop
  endfacet
  facet normal -0 0 1
    outer loop
      vertex 31.5278 75.7135 2
      vertex 32.06 70.516 2
      vertex 31.7446 75.8742 2
    endloop
  endfacet
  facet normal 0 0 1
    outer loop
      vertex 32.06 70.516 2
      vertex 31.5278 75.7135 2
      vertex 31.8188 70.6159 2
    endloop
  endfacet
  facet normal -0 0 1
    outer loop
      vertex 31.2963 75.5747 2
      vertex 31.8188 70.6159 2
      vertex 31.5278 75.7135 2
    endloop
  endfacet
  facet normal -0 0 1
    outer loop
      vertex 31.0524 75.4593 2
      vertex 31.8188 70.6159 2
      vertex 31.2963 75.5747 2
    endloop
  endfacet
  facet normal 0 0 1
    outer loop
      vertex 31.8188 70.6159 2
      vertex 31.0524 75.4593 2
      vertex 31.56 70.65 2
    endloop
  endfacet
  facet normal -0 0 1
    outer loop
      vertex 30.7983 75.3684 2
      vertex 31.56 70.65 2
      vertex 31.0524 75.4593 2
    endloop
  endfacet
  facet normal -0 0 1
    outer loop
      vertex 30.5365 75.3028 2
      vertex 31.56 70.65 2
      vertex 30.7983 75.3684 2
    endloop
  endfacet
  facet normal -0 0 1
    outer loop
      vertex 30.2695 75.2632 2
      vertex 31.56 70.65 2
      vertex 30.5365 75.3028 2
    endloop
  endfacet
  facet normal -0 0 1
    outer loop
      vertex 30 75.25 2
      vertex 31.56 70.65 2
      vertex 30.2695 75.2632 2
    endloop
  endfacet
  facet normal 0 0 1
    outer loop
      vertex 28.56 70.65 2
      vertex 30 75.25 2
      vertex 29.7305 75.2632 2
    endloop
  endfacet
  facet normal 0 0 1
    outer loop
      vertex 28.56 70.65 2
      vertex 29.7305 75.2632 2
      vertex 29.4635 75.3028 2
    endloop
  endfacet
  facet normal 0 0 1
    outer loop
      vertex 28.56 70.65 2
      vertex 29.4635 75.3028 2
      vertex 29.2017 75.3684 2
    endloop
  endfacet
  facet normal 0 0 1
    outer loop
      vertex 28.56 70.65 2
      vertex 29.2017 75.3684 2
      vertex 28.9476 75.4593 2
    endloop
  endfacet
  facet normal 0 0 1
    outer loop
      vertex 28.3012 70.6159 2
      vertex 28.9476 75.4593 2
      vertex 28.7037 75.5747 2
    endloop
  endfacet
  facet normal 0 0 1
    outer loop
      vertex 30 75.25 2
      vertex 28.56 70.65 2
      vertex 31.56 70.65 2
    endloop
  endfacet
  facet normal 0 0 1
    outer loop
      vertex 28.3012 70.6159 2
      vertex 28.7037 75.5747 2
      vertex 28.4722 75.7135 2
    endloop
  endfacet
  facet normal 0 0 1
    outer loop
      vertex 28.9476 75.4593 2
      vertex 28.3012 70.6159 2
      vertex 28.56 70.65 2
    endloop
  endfacet
  facet normal 0 0 1
    outer loop
      vertex 28.06 70.516 2
      vertex 28.4722 75.7135 2
      vertex 28.2554 75.8742 2
    endloop
  endfacet
  facet normal 0 0 1
    outer loop
      vertex 28.4722 75.7135 2
      vertex 28.06 70.516 2
      vertex 28.3012 70.6159 2
    endloop
  endfacet
  facet normal 0 0 1
    outer loop
      vertex 28.0555 76.0555 2
      vertex 28.06 70.516 2
      vertex 28.2554 75.8742 2
    endloop
  endfacet
  facet normal 0 0 1
    outer loop
      vertex 25.697 76.903 2
      vertex 28.0555 76.0555 2
      vertex 27.8742 76.2554 2
    endloop
  endfacet
  facet normal 0 0 1
    outer loop
      vertex 28.0555 76.0555 2
      vertex 25.697 76.903 2
      vertex 28.06 70.516 2
    endloop
  endfacet
  facet normal 0 0 1
    outer loop
      vertex 25.697 76.903 2
      vertex 27.8742 76.2554 2
      vertex 27.7135 76.4722 2
    endloop
  endfacet
  facet normal 0 0 1
    outer loop
      vertex 28.06 70.516 2
      vertex 25.697 76.903 2
      vertex 27.8529 70.3571 2
    endloop
  endfacet
  facet normal 0 0 1
    outer loop
      vertex 27.8529 70.3571 2
      vertex 25.697 76.903 2
      vertex 27.694 70.15 2
    endloop
  endfacet
  facet normal 0 0 1
    outer loop
      vertex 25.697 76.903 2
      vertex 27.7135 76.4722 2
      vertex 27.5747 76.7037 2
    endloop
  endfacet
  facet normal 0 0 1
    outer loop
      vertex 27.694 70.15 2
      vertex 25.697 76.903 2
      vertex 27.5941 69.9088 2
    endloop
  endfacet
  facet normal 0 0 1
    outer loop
      vertex 27.5941 69.9088 2
      vertex 25.697 76.903 2
      vertex 27.56 69.65 2
    endloop
  endfacet
  facet normal -0 0 1
    outer loop
      vertex 25.697 76.903 2
      vertex 27.5747 76.7037 2
      vertex 27.4593 76.9476 2
    endloop
  endfacet
  facet normal -0 0 1
    outer loop
      vertex 79.6316 77.2017 2
      vertex 81.4 76.903 2
      vertex 79.6972 77.4635 2
    endloop
  endfacet
  facet normal 0 0 1
    outer loop
      vertex 81.4 32.097 2
      vertex 79.7368 31.2695 2
      vertex 79.75 31 2
    endloop
  endfacet
  facet normal -0 0 1
    outer loop
      vertex 79.5407 76.9476 2
      vertex 81.4 76.903 2
      vertex 79.6316 77.2017 2
    endloop
  endfacet
  facet normal 0 0 1
    outer loop
      vertex 81.4 32.097 2
      vertex 79.6972 31.5365 2
      vertex 79.7368 31.2695 2
    endloop
  endfacet
  facet normal 0 0 1
    outer loop
      vertex 79.4253 76.7037 2
      vertex 81.4 76.903 2
      vertex 79.5407 76.9476 2
    endloop
  endfacet
  facet normal 0 0 1
    outer loop
      vertex 81.4 32.097 2
      vertex 79.6316 31.7983 2
      vertex 79.6972 31.5365 2
    endloop
  endfacet
  facet normal 0 0 1
    outer loop
      vertex 79.2865 76.4722 2
      vertex 81.4 76.903 2
      vertex 79.4253 76.7037 2
    endloop
  endfacet
  facet normal 0 0 1
    outer loop
      vertex 81.4 32.097 2
      vertex 79.5407 32.0524 2
      vertex 79.6316 31.7983 2
    endloop
  endfacet
  facet normal 0 0 1
    outer loop
      vertex 79.1258 76.2554 2
      vertex 81.4 76.903 2
      vertex 79.2865 76.4722 2
    endloop
  endfacet
  facet normal 0 0 1
    outer loop
      vertex 81.4 32.097 2
      vertex 79.4253 32.2963 2
      vertex 79.5407 32.0524 2
    endloop
  endfacet
  facet normal 0 0 1
    outer loop
      vertex 78.9445 76.0555 2
      vertex 81.4 76.903 2
      vertex 79.1258 76.2554 2
    endloop
  endfacet
  facet normal 0 0 1
    outer loop
      vertex 81.4 32.097 2
      vertex 79.2865 32.5278 2
      vertex 79.4253 32.2963 2
    endloop
  endfacet
  facet normal 0 0 1
    outer loop
      vertex 78.7446 75.8742 2
      vertex 81.4 76.903 2
      vertex 78.9445 76.0555 2
    endloop
  endfacet
  facet normal 0 0 1
    outer loop
      vertex 81.4 32.097 2
      vertex 79.1258 32.7446 2
      vertex 79.2865 32.5278 2
    endloop
  endfacet
  facet normal 0 0 1
    outer loop
      vertex 78.5278 75.7135 2
      vertex 81.4 76.903 2
      vertex 78.7446 75.8742 2
    endloop
  endfacet
  facet normal 0 0 1
    outer loop
      vertex 81.4 32.097 2
      vertex 78.9445 32.9445 2
      vertex 79.1258 32.7446 2
    endloop
  endfacet
  facet normal 0 0 1
    outer loop
      vertex 78.2963 75.5747 2
      vertex 81.4 76.903 2
      vertex 78.5278 75.7135 2
    endloop
  endfacet
  facet normal 0 0 1
    outer loop
      vertex 81.4 32.097 2
      vertex 78.7446 33.1258 2
      vertex 78.9445 32.9445 2
    endloop
  endfacet
  facet normal 0 0 1
    outer loop
      vertex 81.4 76.903 2
      vertex 78.2963 75.5747 2
      vertex 81.4 32.097 2
    endloop
  endfacet
  facet normal 0 0 1
    outer loop
      vertex 81.4 32.097 2
      vertex 78.5278 33.2865 2
      vertex 78.7446 33.1258 2
    endloop
  endfacet
  facet normal -0 0 1
    outer loop
      vertex 78.2963 33.4253 2
      vertex 81.4 32.097 2
      vertex 78.2963 75.5747 2
    endloop
  endfacet
  facet normal 0 0 1
    outer loop
      vertex 81.4 32.097 2
      vertex 78.2963 33.4253 2
      vertex 78.5278 33.2865 2
    endloop
  endfacet
  facet normal -0 0 1
    outer loop
      vertex 78.0524 75.4593 2
      vertex 78.2963 33.4253 2
      vertex 78.2963 75.5747 2
    endloop
  endfacet
  facet normal 0 0 1
    outer loop
      vertex 78.0524 75.4593 2
      vertex 78.0524 33.5407 2
      vertex 78.2963 33.4253 2
    endloop
  endfacet
  facet normal -0 0 1
    outer loop
      vertex 77.7983 75.3684 2
      vertex 78.0524 33.5407 2
      vertex 78.0524 75.4593 2
    endloop
  endfacet
  facet normal 0 0 1
    outer loop
      vertex 77.7983 75.3684 2
      vertex 77.7983 33.6316 2
      vertex 78.0524 33.5407 2
    endloop
  endfacet
  facet normal -0 0 1
    outer loop
      vertex 77.5365 75.3028 2
      vertex 77.7983 33.6316 2
      vertex 77.7983 75.3684 2
    endloop
  endfacet
  facet normal 0 0 1
    outer loop
      vertex 77.5365 75.3028 2
      vertex 77.5365 33.6972 2
      vertex 77.7983 33.6316 2
    endloop
  endfacet
  facet normal -0 0 1
    outer loop
      vertex 77.2695 75.2632 2
      vertex 77.5365 33.6972 2
      vertex 77.5365 75.3028 2
    endloop
  endfacet
  facet normal 0 0 1
    outer loop
      vertex 77.2695 75.2632 2
      vertex 77.2695 33.7368 2
      vertex 77.5365 33.6972 2
    endloop
  endfacet
  facet normal -0 0 1
    outer loop
      vertex 77 75.25 2
      vertex 77.2695 33.7368 2
      vertex 77.2695 75.2632 2
    endloop
  endfacet
  facet normal 0 0 1
    outer loop
      vertex 77 75.25 2
      vertex 77 33.75 2
      vertex 77.2695 33.7368 2
    endloop
  endfacet
  facet normal 0 0 1
    outer loop
      vertex 76.7305 75.2632 2
      vertex 77 33.75 2
      vertex 77 75.25 2
    endloop
  endfacet
  facet normal 0 0 1
    outer loop
      vertex 76.7305 75.2632 2
      vertex 76.7305 33.7368 2
      vertex 77 33.75 2
    endloop
  endfacet
  facet normal 0 0 1
    outer loop
      vertex 76.4635 75.3028 2
      vertex 76.7305 33.7368 2
      vertex 76.7305 75.2632 2
    endloop
  endfacet
  facet normal 0 0 1
    outer loop
      vertex 76.4635 75.3028 2
      vertex 76.4635 33.6972 2
      vertex 76.7305 33.7368 2
    endloop
  endfacet
  facet normal 0 0 1
    outer loop
      vertex 76.2017 75.3684 2
      vertex 76.4635 33.6972 2
      vertex 76.4635 75.3028 2
    endloop
  endfacet
  facet normal 0 0 1
    outer loop
      vertex 76.2017 75.3684 2
      vertex 76.2017 33.6316 2
      vertex 76.4635 33.6972 2
    endloop
  endfacet
  facet normal 0 0 1
    outer loop
      vertex 75.9476 75.4593 2
      vertex 76.2017 33.6316 2
      vertex 76.2017 75.3684 2
    endloop
  endfacet
  facet normal 0 0 1
    outer loop
      vertex 75.9476 75.4593 2
      vertex 75.9476 33.5407 2
      vertex 76.2017 33.6316 2
    endloop
  endfacet
  facet normal 0 0 1
    outer loop
      vertex 75.7037 75.5747 2
      vertex 75.9476 33.5407 2
      vertex 75.9476 75.4593 2
    endloop
  endfacet
  facet normal 0 0 1
    outer loop
      vertex 75.7037 75.5747 2
      vertex 75.7037 33.4253 2
      vertex 75.9476 33.5407 2
    endloop
  endfacet
  facet normal 0 0 1
    outer loop
      vertex 51.3421 73.7929 2
      vertex 75.7037 75.5747 2
      vertex 75.4722 75.7135 2
    endloop
  endfacet
  facet normal 0 0 1
    outer loop
      vertex 75.7037 75.5747 2
      vertex 51.135 73.634 2
      vertex 75.7037 33.4253 2
    endloop
  endfacet
  facet normal 0 0 1
    outer loop
      vertex 51.3421 73.7929 2
      vertex 75.4722 75.7135 2
      vertex 75.2554 75.8742 2
    endloop
  endfacet
  facet normal 0 0 1
    outer loop
      vertex 75.7037 33.4253 2
      vertex 51.135 73.634 2
      vertex 75.4722 33.2865 2
    endloop
  endfacet
  facet normal 0 0 1
    outer loop
      vertex 51.3421 73.7929 2
      vertex 75.2554 75.8742 2
      vertex 75.0555 76.0555 2
    endloop
  endfacet
  facet normal 0 0 1
    outer loop
      vertex 75.4722 33.2865 2
      vertex 51.135 73.634 2
      vertex 75.2554 33.1258 2
    endloop
  endfacet
  facet normal 0 0 1
    outer loop
      vertex 51.501 74 2
      vertex 75.0555 76.0555 2
      vertex 74.8742 76.2554 2
    endloop
  endfacet
  facet normal -0 0 1
    outer loop
      vertex 50.8938 73.5341 2
      vertex 75.2554 33.1258 2
      vertex 51.135 73.634 2
    endloop
  endfacet
  facet normal 0 0 1
    outer loop
      vertex 51.501 74 2
      vertex 74.8742 76.2554 2
      vertex 74.7135 76.4722 2
    endloop
  endfacet
  facet normal 0 0 1
    outer loop
      vertex 75.2554 33.1258 2
      vertex 50.8938 73.5341 2
      vertex 75.0555 32.9445 2
    endloop
  endfacet
  facet normal 0 0 1
    outer loop
      vertex 51.6009 74.2412 2
      vertex 74.7135 76.4722 2
      vertex 74.5747 76.7037 2
    endloop
  endfacet
  facet normal 0 0 1
    outer loop
      vertex 75.0555 32.9445 2
      vertex 50.8938 73.5341 2
      vertex 74.8742 32.7446 2
    endloop
  endfacet
  facet normal 0 0 1
    outer loop
      vertex 51.6009 74.2412 2
      vertex 74.5747 76.7037 2
      vertex 74.4593 76.9476 2
    endloop
  endfacet
  facet normal 0 0 1
    outer loop
      vertex 75.7037 75.5747 2
      vertex 51.3421 73.7929 2
      vertex 51.135 73.634 2
    endloop
  endfacet
  facet normal 0 0 1
    outer loop
      vertex 51.635 74.5 2
      vertex 74.4593 76.9476 2
      vertex 74.3684 77.2017 2
    endloop
  endfacet
  facet normal 0 0 1
    outer loop
      vertex 74.8742 32.7446 2
      vertex 50.8938 73.5341 2
      vertex 74.7135 32.5278 2
    endloop
  endfacet
  facet normal 0 0 1
    outer loop
      vertex 51.635 74.5 2
      vertex 74.3684 77.2017 2
      vertex 74.3028 77.4635 2
    endloop
  endfacet
  facet normal -0 0 1
    outer loop
      vertex 50.635 73.5 2
      vertex 74.7135 32.5278 2
      vertex 50.8938 73.5341 2
    endloop
  endfacet
  facet normal 0 0 1
    outer loop
      vertex 51.635 74.5 2
      vertex 74.3028 77.4635 2
      vertex 74.2632 77.7305 2
    endloop
  endfacet
  facet normal 0 0 1
    outer loop
      vertex 32.75 31 2
      vertex 74.7135 32.5278 2
      vertex 50.635 73.5 2
    endloop
  endfacet
  facet normal 0 0 1
    outer loop
      vertex 51.635 77.5 2
      vertex 74.2632 77.7305 2
      vertex 74.25 78 2
    endloop
  endfacet
  facet normal 0 0 1
    outer loop
      vertex 74.7135 32.5278 2
      vertex 32.75 31 2
      vertex 74.5747 32.2963 2
    endloop
  endfacet
  facet normal 0 0 1
    outer loop
      vertex 81.2962 77.9565 2
      vertex 79.7368 77.7305 2
      vertex 81.374 77.4323 2
    endloop
  endfacet
  facet normal -0 0 1
    outer loop
      vertex 79.6972 77.4635 2
      vertex 81.374 77.4323 2
      vertex 79.7368 77.7305 2
    endloop
  endfacet
  facet normal 0 0 1
    outer loop
      vertex 79.7368 77.7305 2
      vertex 81.2962 77.9565 2
      vertex 79.75 78 2
    endloop
  endfacet
  facet normal 0 0 1
    outer loop
      vertex 81.374 77.4323 2
      vertex 79.6972 77.4635 2
      vertex 81.4 76.903 2
    endloop
  endfacet
  facet normal -0 0 1
    outer loop
      vertex 79.75 78 2
      vertex 81.2962 77.9565 2
      vertex 81.1675 78.4705 2
    endloop
  endfacet
  facet normal 0 0 1
    outer loop
      vertex 81.4 32.097 2
      vertex 79.75 31 2
      vertex 81.374 31.5677 2
    endloop
  endfacet
  facet normal 0 0 1
    outer loop
      vertex 79.7368 78.2695 2
      vertex 81.1675 78.4705 2
      vertex 80.989 78.9695 2
    endloop
  endfacet
  facet normal 0 0 1
    outer loop
      vertex 81.374 31.5677 2
      vertex 79.75 31 2
      vertex 81.2962 31.0435 2
    endloop
  endfacet
  facet normal 0 0 1
    outer loop
      vertex 79.6316 78.7983 2
      vertex 80.989 78.9695 2
      vertex 80.7624 79.4485 2
    endloop
  endfacet
  facet normal 0 0 1
    outer loop
      vertex 81.2962 31.0435 2
      vertex 79.75 31 2
      vertex 81.1675 30.5295 2
    endloop
  endfacet
  facet normal 0 0 1
    outer loop
      vertex 79.5407 79.0524 2
      vertex 80.7624 79.4485 2
      vertex 80.4899 79.9031 2
    endloop
  endfacet
  facet normal -0 0 1
    outer loop
      vertex 79.7368 30.7305 2
      vertex 81.1675 30.5295 2
      vertex 79.75 31 2
    endloop
  endfacet
  facet normal 0 0 1
    outer loop
      vertex 79.2865 79.5278 2
      vertex 80.4899 79.9031 2
      vertex 80.1743 80.3287 2
    endloop
  endfacet
  facet normal 0 0 1
    outer loop
      vertex 81.1675 30.5295 2
      vertex 79.7368 30.7305 2
      vertex 80.989 30.0305 2
    endloop
  endfacet
  facet normal 0 0 1
    outer loop
      vertex 79.1258 79.7446 2
      vertex 80.1743 80.3287 2
      vertex 79.8184 80.7214 2
    endloop
  endfacet
  facet normal -0 0 1
    outer loop
      vertex 79.6972 30.4635 2
      vertex 80.989 30.0305 2
      vertex 79.7368 30.7305 2
    endloop
  endfacet
  facet normal -0 0 1
    outer loop
      vertex 79.6316 30.2017 2
      vertex 80.989 30.0305 2
      vertex 79.6972 30.4635 2
    endloop
  endfacet
  facet normal 0 0 1
    outer loop
      vertex 81.1675 78.4705 2
      vertex 79.7368 78.2695 2
      vertex 79.75 78 2
    endloop
  endfacet
  facet normal 0 0 1
    outer loop
      vertex 80.989 78.9695 2
      vertex 79.6972 78.5365 2
      vertex 79.7368 78.2695 2
    endloop
  endfacet
  facet normal 0 0 1
    outer loop
      vertex 80.989 78.9695 2
      vertex 79.6316 78.7983 2
      vertex 79.6972 78.5365 2
    endloop
  endfacet
  facet normal 0 0 1
    outer loop
      vertex 80.7624 79.4485 2
      vertex 79.5407 79.0524 2
      vertex 79.6316 78.7983 2
    endloop
  endfacet
  facet normal 0 0 1
    outer loop
      vertex 78.9445 79.9445 2
      vertex 79.8184 80.7214 2
      vertex 79.4257 81.0773 2
    endloop
  endfacet
  facet normal 0 0 1
    outer loop
      vertex 80.4899 79.9031 2
      vertex 79.4253 79.2963 2
      vertex 79.5407 79.0524 2
    endloop
  endfacet
  facet normal 0 0 1
    outer loop
      vertex 80.4899 79.9031 2
      vertex 79.2865 79.5278 2
      vertex 79.4253 79.2963 2
    endloop
  endfacet
  facet normal 0 0 1
    outer loop
      vertex 80.1743 80.3287 2
      vertex 79.1258 79.7446 2
      vertex 79.2865 79.5278 2
    endloop
  endfacet
  facet normal 0 0 1
    outer loop
      vertex 78.5278 80.2865 2
      vertex 79.4257 81.0773 2
      vertex 79.0001 81.3929 2
    endloop
  endfacet
  facet normal 0 0 1
    outer loop
      vertex 79.8184 80.7214 2
      vertex 78.9445 79.9445 2
      vertex 79.1258 79.7446 2
    endloop
  endfacet
  facet normal 0 0 1
    outer loop
      vertex 79.4257 81.0773 2
      vertex 78.7446 80.1258 2
      vertex 78.9445 79.9445 2
    endloop
  endfacet
  facet normal 0 0 1
    outer loop
      vertex 78.2963 80.4253 2
      vertex 79.0001 81.3929 2
      vertex 78.5455 81.6654 2
    endloop
  endfacet
  facet normal 0 0 1
    outer loop
      vertex 79.4257 81.0773 2
      vertex 78.5278 80.2865 2
      vertex 78.7446 80.1258 2
    endloop
  endfacet
  facet normal 0 0 1
    outer loop
      vertex 79.0001 81.3929 2
      vertex 78.2963 80.4253 2
      vertex 78.5278 80.2865 2
    endloop
  endfacet
  facet normal 0 0 1
    outer loop
      vertex 77.7983 80.6316 2
      vertex 78.5455 81.6654 2
      vertex 78.0665 81.892 2
    endloop
  endfacet
  facet normal 0 0 1
    outer loop
      vertex 78.5455 81.6654 2
      vertex 78.0524 80.5407 2
      vertex 78.2963 80.4253 2
    endloop
  endfacet
  facet normal 0 0 1
    outer loop
      vertex 78.5455 81.6654 2
      vertex 77.7983 80.6316 2
      vertex 78.0524 80.5407 2
    endloop
  endfacet
  facet normal 0 0 1
    outer loop
      vertex 77.5365 80.6972 2
      vertex 78.0665 81.892 2
      vertex 77.5675 82.0705 2
    endloop
  endfacet
  facet normal 0 0 1
    outer loop
      vertex 78.0665 81.892 2
      vertex 77.5365 80.6972 2
      vertex 77.7983 80.6316 2
    endloop
  endfacet
  facet normal 0 0 1
    outer loop
      vertex 77.5675 82.0705 2
      vertex 77.2695 80.7368 2
      vertex 77.5365 80.6972 2
    endloop
  endfacet
  facet normal 0 0 1
    outer loop
      vertex 77 80.75 2
      vertex 77.5675 82.0705 2
      vertex 77.0535 82.1992 2
    endloop
  endfacet
  facet normal 0 0 1
    outer loop
      vertex 77.5675 82.0705 2
      vertex 77 80.75 2
      vertex 77.2695 80.7368 2
    endloop
  endfacet
  facet normal 0 0 1
    outer loop
      vertex 77.0535 82.1992 2
      vertex 76.7305 80.7368 2
      vertex 77 80.75 2
    endloop
  endfacet
  facet normal 0 0 1
    outer loop
      vertex 76.5293 82.277 2
      vertex 76.7305 80.7368 2
      vertex 77.0535 82.1992 2
    endloop
  endfacet
  facet normal 0 0 1
    outer loop
      vertex 76.5293 82.277 2
      vertex 76.4635 80.6972 2
      vertex 76.7305 80.7368 2
    endloop
  endfacet
  facet normal 0 0 1
    outer loop
      vertex 76 82.303 2
      vertex 76.4635 80.6972 2
      vertex 76.5293 82.277 2
    endloop
  endfacet
  facet normal 0 0 1
    outer loop
      vertex 76.4635 80.6972 2
      vertex 76 82.303 2
      vertex 76.2017 80.6316 2
    endloop
  endfacet
  facet normal 0 0 1
    outer loop
      vertex 76 82.303 2
      vertex 75.9476 80.5407 2
      vertex 76.2017 80.6316 2
    endloop
  endfacet
  facet normal 0 0 1
    outer loop
      vertex 76 82.303 2
      vertex 75.7037 80.4253 2
      vertex 75.9476 80.5407 2
    endloop
  endfacet
  facet normal 0 0 1
    outer loop
      vertex 76 82.303 2
      vertex 75.4722 80.2865 2
      vertex 75.7037 80.4253 2
    endloop
  endfacet
  facet normal 0 0 1
    outer loop
      vertex 76 82.303 2
      vertex 75.2554 80.1258 2
      vertex 75.4722 80.2865 2
    endloop
  endfacet
  facet normal 0 0 1
    outer loop
      vertex 76 82.303 2
      vertex 75.0555 79.9445 2
      vertex 75.2554 80.1258 2
    endloop
  endfacet
  facet normal 0 0 1
    outer loop
      vertex 76 82.303 2
      vertex 74.8742 79.7446 2
      vertex 75.0555 79.9445 2
    endloop
  endfacet
  facet normal 0 0 1
    outer loop
      vertex 76 82.303 2
      vertex 74.7135 79.5278 2
      vertex 74.8742 79.7446 2
    endloop
  endfacet
  facet normal 0 0 1
    outer loop
      vertex 51.501 78 2
      vertex 74.7135 79.5278 2
      vertex 76 82.303 2
    endloop
  endfacet
  facet normal 0 0 1
    outer loop
      vertex 74.2632 77.7305 2
      vertex 51.635 77.5 2
      vertex 51.635 74.5 2
    endloop
  endfacet
  facet normal 0 0 1
    outer loop
      vertex 74.2632 78.2695 2
      vertex 51.635 77.5 2
      vertex 74.25 78 2
    endloop
  endfacet
  facet normal 0 0 1
    outer loop
      vertex 51.6009 77.7588 2
      vertex 74.2632 78.2695 2
      vertex 74.3028 78.5365 2
    endloop
  endfacet
  facet normal 0 0 1
    outer loop
      vertex 51.6009 77.7588 2
      vertex 74.3028 78.5365 2
      vertex 74.3684 78.7983 2
    endloop
  endfacet
  facet normal 0 0 1
    outer loop
      vertex 51.501 78 2
      vertex 74.3684 78.7983 2
      vertex 74.4593 79.0524 2
    endloop
  endfacet
  facet normal 0 0 1
    outer loop
      vertex 51.501 78 2
      vertex 74.4593 79.0524 2
      vertex 74.5747 79.2963 2
    endloop
  endfacet
  facet normal 0 0 1
    outer loop
      vertex 74.7135 79.5278 2
      vertex 51.501 78 2
      vertex 74.5747 79.2963 2
    endloop
  endfacet
  facet normal 0 0 1
    outer loop
      vertex 74.2632 78.2695 2
      vertex 51.6009 77.7588 2
      vertex 51.635 77.5 2
    endloop
  endfacet
  facet normal 0 0 1
    outer loop
      vertex 74.3684 78.7983 2
      vertex 51.501 78 2
      vertex 51.6009 77.7588 2
    endloop
  endfacet
  facet normal 0 0 1
    outer loop
      vertex 76 82.303 2
      vertex 51.3421 78.2071 2
      vertex 51.501 78 2
    endloop
  endfacet
  facet normal 0 0 1
    outer loop
      vertex 76 82.303 2
      vertex 51.135 78.366 2
      vertex 51.3421 78.2071 2
    endloop
  endfacet
  facet normal 0 0 1
    outer loop
      vertex 76 82.303 2
      vertex 50.8938 78.4659 2
      vertex 51.135 78.366 2
    endloop
  endfacet
  facet normal 0 0 1
    outer loop
      vertex 76 82.303 2
      vertex 50.635 78.5 2
      vertex 50.8938 78.4659 2
    endloop
  endfacet
  facet normal -0 0 1
    outer loop
      vertex 31.097 82.303 2
      vertex 50.635 78.5 2
      vertex 76 82.303 2
    endloop
  endfacet
  facet normal -0 0 1
    outer loop
      vertex 32.7368 77.7305 2
      vertex 37.635 77.5 2
      vertex 32.75 78 2
    endloop
  endfacet
  facet normal 0 0 1
    outer loop
      vertex 37.6691 77.7588 2
      vertex 32.75 78 2
      vertex 37.635 77.5 2
    endloop
  endfacet
  facet normal 0 0 1
    outer loop
      vertex 32.6972 78.5365 2
      vertex 37.6691 77.7588 2
      vertex 37.769 78 2
    endloop
  endfacet
  facet normal 0 0 1
    outer loop
      vertex 32.6316 78.7983 2
      vertex 37.769 78 2
      vertex 37.9279 78.2071 2
    endloop
  endfacet
  facet normal 0 0 1
    outer loop
      vertex 32.4253 79.2963 2
      vertex 37.9279 78.2071 2
      vertex 38.135 78.366 2
    endloop
  endfacet
  facet normal 0 0 1
    outer loop
      vertex 31.097 82.303 2
      vertex 38.135 78.366 2
      vertex 38.3762 78.4659 2
    endloop
  endfacet
  facet normal 0 0 1
    outer loop
      vertex 31.097 82.303 2
      vertex 38.3762 78.4659 2
      vertex 38.635 78.5 2
    endloop
  endfacet
  facet normal 0 0 1
    outer loop
      vertex 50.635 78.5 2
      vertex 31.097 82.303 2
      vertex 38.635 78.5 2
    endloop
  endfacet
  facet normal 0 0 1
    outer loop
      vertex 37.6691 77.7588 2
      vertex 32.7368 78.2695 2
      vertex 32.75 78 2
    endloop
  endfacet
  facet normal 0 0 1
    outer loop
      vertex 37.6691 77.7588 2
      vertex 32.6972 78.5365 2
      vertex 32.7368 78.2695 2
    endloop
  endfacet
  facet normal 0 0 1
    outer loop
      vertex 37.769 78 2
      vertex 32.6316 78.7983 2
      vertex 32.6972 78.5365 2
    endloop
  endfacet
  facet normal 0 0 1
    outer loop
      vertex 37.9279 78.2071 2
      vertex 32.5407 79.0524 2
      vertex 32.6316 78.7983 2
    endloop
  endfacet
  facet normal 0 0 1
    outer loop
      vertex 37.9279 78.2071 2
      vertex 32.4253 79.2963 2
      vertex 32.5407 79.0524 2
    endloop
  endfacet
  facet normal 0 0 1
    outer loop
      vertex 38.135 78.366 2
      vertex 31.097 82.303 2
      vertex 32.1258 79.7446 2
    endloop
  endfacet
  facet normal 0 0 1
    outer loop
      vertex 38.135 78.366 2
      vertex 32.2865 79.5278 2
      vertex 32.4253 79.2963 2
    endloop
  endfacet
  facet normal 0 0 1
    outer loop
      vertex 38.135 78.366 2
      vertex 32.1258 79.7446 2
      vertex 32.2865 79.5278 2
    endloop
  endfacet
  facet normal 0 0 1
    outer loop
      vertex 32.1258 79.7446 2
      vertex 31.097 82.303 2
      vertex 31.9445 79.9445 2
    endloop
  endfacet
  facet normal 0 0 1
    outer loop
      vertex 31.9445 79.9445 2
      vertex 31.097 82.303 2
      vertex 31.7446 80.1258 2
    endloop
  endfacet
  facet normal 0 0 1
    outer loop
      vertex 31.7446 80.1258 2
      vertex 31.097 82.303 2
      vertex 31.5278 80.2865 2
    endloop
  endfacet
  facet normal 0 0 1
    outer loop
      vertex 31.5278 80.2865 2
      vertex 31.097 82.303 2
      vertex 31.2963 80.4253 2
    endloop
  endfacet
  facet normal 0 0 1
    outer loop
      vertex 31.097 82.303 2
      vertex 31.0524 80.5407 2
      vertex 31.2963 80.4253 2
    endloop
  endfacet
  facet normal 0 0 1
    outer loop
      vertex 31.097 82.303 2
      vertex 30.7983 80.6316 2
      vertex 31.0524 80.5407 2
    endloop
  endfacet
  facet normal -0 0 1
    outer loop
      vertex 30.5677 82.277 2
      vertex 30.7983 80.6316 2
      vertex 31.097 82.303 2
    endloop
  endfacet
  facet normal 0 0 1
    outer loop
      vertex 30.5677 82.277 2
      vertex 30.5365 80.6972 2
      vertex 30.7983 80.6316 2
    endloop
  endfacet
  facet normal 0 0 1
    outer loop
      vertex 30.5677 82.277 2
      vertex 30.2695 80.7368 2
      vertex 30.5365 80.6972 2
    endloop
  endfacet
  facet normal -0 0 1
    outer loop
      vertex 30.0435 82.1992 2
      vertex 30.2695 80.7368 2
      vertex 30.5677 82.277 2
    endloop
  endfacet
  facet normal 0 0 1
    outer loop
      vertex 30.0435 82.1992 2
      vertex 30 80.75 2
      vertex 30.2695 80.7368 2
    endloop
  endfacet
  facet normal -0 0 1
    outer loop
      vertex 29.5295 82.0705 2
      vertex 30 80.75 2
      vertex 30.0435 82.1992 2
    endloop
  endfacet
  facet normal 0 0 1
    outer loop
      vertex 30 80.75 2
      vertex 29.5295 82.0705 2
      vertex 29.7305 80.7368 2
    endloop
  endfacet
  facet normal 0 0 1
    outer loop
      vertex 29.5295 82.0705 2
      vertex 29.4635 80.6972 2
      vertex 29.7305 80.7368 2
    endloop
  endfacet
  facet normal -0 0 1
    outer loop
      vertex 29.0305 81.892 2
      vertex 29.4635 80.6972 2
      vertex 29.5295 82.0705 2
    endloop
  endfacet
  facet normal 0 0 1
    outer loop
      vertex 29.4635 80.6972 2
      vertex 29.0305 81.892 2
      vertex 29.2017 80.6316 2
    endloop
  endfacet
  facet normal -0 0 1
    outer loop
      vertex 28.5515 81.6654 2
      vertex 29.2017 80.6316 2
      vertex 29.0305 81.892 2
    endloop
  endfacet
  facet normal 0 0 1
    outer loop
      vertex 29.2017 80.6316 2
      vertex 28.5515 81.6654 2
      vertex 28.9476 80.5407 2
    endloop
  endfacet
  facet normal -0 0 1
    outer loop
      vertex 28.0969 81.3929 2
      vertex 28.9476 80.5407 2
      vertex 28.5515 81.6654 2
    endloop
  endfacet
  facet normal 0 0 1
    outer loop
      vertex 28.9476 80.5407 2
      vertex 28.0969 81.3929 2
      vertex 28.7037 80.4253 2
    endloop
  endfacet
  facet normal 0 0 1
    outer loop
      vertex 28.7037 80.4253 2
      vertex 28.0969 81.3929 2
      vertex 28.4722 80.2865 2
    endloop
  endfacet
  facet normal -0 0 1
    outer loop
      vertex 27.6713 81.0773 2
      vertex 28.4722 80.2865 2
      vertex 28.0969 81.3929 2
    endloop
  endfacet
  facet normal 0 0 1
    outer loop
      vertex 28.4722 80.2865 2
      vertex 27.6713 81.0773 2
      vertex 28.2554 80.1258 2
    endloop
  endfacet
  facet normal -0 0 1
    outer loop
      vertex 27.2786 80.7214 2
      vertex 28.2554 80.1258 2
      vertex 27.6713 81.0773 2
    endloop
  endfacet
  facet normal 0 0 1
    outer loop
      vertex 28.2554 80.1258 2
      vertex 27.2786 80.7214 2
      vertex 28.0555 79.9445 2
    endloop
  endfacet
  facet normal 0 0 1
    outer loop
      vertex 28.0555 79.9445 2
      vertex 27.2786 80.7214 2
      vertex 27.8742 79.7446 2
    endloop
  endfacet
  facet normal -0 0 1
    outer loop
      vertex 26.9227 80.3287 2
      vertex 27.8742 79.7446 2
      vertex 27.2786 80.7214 2
    endloop
  endfacet
  facet normal 0 0 1
    outer loop
      vertex 27.8742 79.7446 2
      vertex 26.9227 80.3287 2
      vertex 27.7135 79.5278 2
    endloop
  endfacet
  facet normal -0 0 1
    outer loop
      vertex 26.6071 79.9031 2
      vertex 27.7135 79.5278 2
      vertex 26.9227 80.3287 2
    endloop
  endfacet
  facet normal 0 0 1
    outer loop
      vertex 27.7135 79.5278 2
      vertex 26.6071 79.9031 2
      vertex 27.5747 79.2963 2
    endloop
  endfacet
  facet normal 0 0 1
    outer loop
      vertex 27.5747 79.2963 2
      vertex 26.6071 79.9031 2
      vertex 27.4593 79.0524 2
    endloop
  endfacet
  facet normal -0 0 1
    outer loop
      vertex 26.3346 79.4485 2
      vertex 27.4593 79.0524 2
      vertex 26.6071 79.9031 2
    endloop
  endfacet
  facet normal 0 0 1
    outer loop
      vertex 27.4593 79.0524 2
      vertex 26.3346 79.4485 2
      vertex 27.3684 78.7983 2
    endloop
  endfacet
  facet normal 0 0 1
    outer loop
      vertex 27.56 69.65 2
      vertex 25.697 76.903 2
      vertex 27.56 65.65 2
    endloop
  endfacet
  facet normal -0 0 1
    outer loop
      vertex 26.1081 78.9695 2
      vertex 27.3684 78.7983 2
      vertex 26.3346 79.4485 2
    endloop
  endfacet
  facet normal 0 0 1
    outer loop
      vertex 80.989 30.0305 2
      vertex 79.6316 30.2017 2
      vertex 80.7624 29.5515 2
    endloop
  endfacet
  facet normal -0 0 1
    outer loop
      vertex 79.5407 29.9476 2
      vertex 80.7624 29.5515 2
      vertex 79.6316 30.2017 2
    endloop
  endfacet
  facet normal 0 0 1
    outer loop
      vertex 80.7624 29.5515 2
      vertex 79.5407 29.9476 2
      vertex 80.4899 29.0969 2
    endloop
  endfacet
  facet normal -0 0 1
    outer loop
      vertex 79.4253 29.7037 2
      vertex 80.4899 29.0969 2
      vertex 79.5407 29.9476 2
    endloop
  endfacet
  facet normal -0 0 1
    outer loop
      vertex 79.2865 29.4722 2
      vertex 80.4899 29.0969 2
      vertex 79.4253 29.7037 2
    endloop
  endfacet
  facet normal 0 0 1
    outer loop
      vertex 80.4899 29.0969 2
      vertex 79.2865 29.4722 2
      vertex 80.1743 28.6713 2
    endloop
  endfacet
  facet normal -0 0 1
    outer loop
      vertex 79.1258 29.2554 2
      vertex 80.1743 28.6713 2
      vertex 79.2865 29.4722 2
    endloop
  endfacet
  facet normal 0 0 1
    outer loop
      vertex 80.1743 28.6713 2
      vertex 79.1258 29.2554 2
      vertex 79.8184 28.2786 2
    endloop
  endfacet
  facet normal -0 0 1
    outer loop
      vertex 78.9445 29.0555 2
      vertex 79.8184 28.2786 2
      vertex 79.1258 29.2554 2
    endloop
  endfacet
  facet normal 0 0 1
    outer loop
      vertex 79.8184 28.2786 2
      vertex 78.9445 29.0555 2
      vertex 79.4257 27.9227 2
    endloop
  endfacet
  facet normal -0 0 1
    outer loop
      vertex 78.7446 28.8742 2
      vertex 79.4257 27.9227 2
      vertex 78.9445 29.0555 2
    endloop
  endfacet
  facet normal -0 0 1
    outer loop
      vertex 78.5278 28.7135 2
      vertex 79.4257 27.9227 2
      vertex 78.7446 28.8742 2
    endloop
  endfacet
  facet normal 0 0 1
    outer loop
      vertex 79.4257 27.9227 2
      vertex 78.5278 28.7135 2
      vertex 79.0001 27.6071 2
    endloop
  endfacet
  facet normal -0 0 1
    outer loop
      vertex 78.2963 28.5747 2
      vertex 79.0001 27.6071 2
      vertex 78.5278 28.7135 2
    endloop
  endfacet
  facet normal 0 0 1
    outer loop
      vertex 79.0001 27.6071 2
      vertex 78.2963 28.5747 2
      vertex 78.5455 27.3346 2
    endloop
  endfacet
  facet normal -0 0 1
    outer loop
      vertex 78.0524 28.4593 2
      vertex 78.5455 27.3346 2
      vertex 78.2963 28.5747 2
    endloop
  endfacet
  facet normal -0 0 1
    outer loop
      vertex 77.7983 28.3684 2
      vertex 78.5455 27.3346 2
      vertex 78.0524 28.4593 2
    endloop
  endfacet
  facet normal 0 0 1
    outer loop
      vertex 78.5455 27.3346 2
      vertex 77.7983 28.3684 2
      vertex 78.0665 27.1081 2
    endloop
  endfacet
  facet normal -0 0 1
    outer loop
      vertex 77.5365 28.3028 2
      vertex 78.0665 27.1081 2
      vertex 77.7983 28.3684 2
    endloop
  endfacet
  facet normal 0 0 1
    outer loop
      vertex 78.0665 27.1081 2
      vertex 77.5365 28.3028 2
      vertex 77.5675 26.9295 2
    endloop
  endfacet
  facet normal -0 0 1
    outer loop
      vertex 77.2695 28.2632 2
      vertex 77.5675 26.9295 2
      vertex 77.5365 28.3028 2
    endloop
  endfacet
  facet normal -0 0 1
    outer loop
      vertex 77 28.25 2
      vertex 77.5675 26.9295 2
      vertex 77.2695 28.2632 2
    endloop
  endfacet
  facet normal 0 0 1
    outer loop
      vertex 77.5675 26.9295 2
      vertex 77 28.25 2
      vertex 77.0535 26.8008 2
    endloop
  endfacet
  facet normal 0 0 1
    outer loop
      vertex 76.7305 28.2632 2
      vertex 77.0535 26.8008 2
      vertex 77 28.25 2
    endloop
  endfacet
  facet normal 0 0 1
    outer loop
      vertex 76.7305 28.2632 2
      vertex 76.5293 26.723 2
      vertex 77.0535 26.8008 2
    endloop
  endfacet
  facet normal 0 0 1
    outer loop
      vertex 76.4635 28.3028 2
      vertex 76.5293 26.723 2
      vertex 76.7305 28.2632 2
    endloop
  endfacet
  facet normal 0 0 1
    outer loop
      vertex 76 26.697 2
      vertex 76.4635 28.3028 2
      vertex 76.2017 28.3684 2
    endloop
  endfacet
  facet normal 0 0 1
    outer loop
      vertex 76.4635 28.3028 2
      vertex 76 26.697 2
      vertex 76.5293 26.723 2
    endloop
  endfacet
  facet normal 0 0 1
    outer loop
      vertex 75.9476 28.4593 2
      vertex 76 26.697 2
      vertex 76.2017 28.3684 2
    endloop
  endfacet
  facet normal 0 0 1
    outer loop
      vertex 75.7037 28.5747 2
      vertex 76 26.697 2
      vertex 75.9476 28.4593 2
    endloop
  endfacet
  facet normal 0 0 1
    outer loop
      vertex 75.4722 28.7135 2
      vertex 76 26.697 2
      vertex 75.7037 28.5747 2
    endloop
  endfacet
  facet normal 0 0 1
    outer loop
      vertex 75.2554 28.8742 2
      vertex 76 26.697 2
      vertex 75.4722 28.7135 2
    endloop
  endfacet
  facet normal 0 0 1
    outer loop
      vertex 75.0555 29.0555 2
      vertex 76 26.697 2
      vertex 75.2554 28.8742 2
    endloop
  endfacet
  facet normal 0 0 1
    outer loop
      vertex 74.8742 29.2554 2
      vertex 76 26.697 2
      vertex 75.0555 29.0555 2
    endloop
  endfacet
  facet normal 0 0 1
    outer loop
      vertex 74.7135 29.4722 2
      vertex 76 26.697 2
      vertex 74.8742 29.2554 2
    endloop
  endfacet
  facet normal 0 0 1
    outer loop
      vertex 74.5747 29.7037 2
      vertex 76 26.697 2
      vertex 74.7135 29.4722 2
    endloop
  endfacet
  facet normal 0 0 1
    outer loop
      vertex 74.4593 76.9476 2
      vertex 51.635 74.5 2
      vertex 51.6009 74.2412 2
    endloop
  endfacet
  facet normal 0 0 1
    outer loop
      vertex 74.7135 76.4722 2
      vertex 51.6009 74.2412 2
      vertex 51.501 74 2
    endloop
  endfacet
  facet normal 0 0 1
    outer loop
      vertex 75.0555 76.0555 2
      vertex 51.501 74 2
      vertex 51.3421 73.7929 2
    endloop
  endfacet
  facet normal 0 0 1
    outer loop
      vertex 74.5747 32.2963 2
      vertex 32.75 31 2
      vertex 74.4593 32.0524 2
    endloop
  endfacet
  facet normal 0 0 1
    outer loop
      vertex 74.4593 32.0524 2
      vertex 32.75 31 2
      vertex 74.3684 31.7983 2
    endloop
  endfacet
  facet normal 0 0 1
    outer loop
      vertex 74.3684 31.7983 2
      vertex 32.75 31 2
      vertex 74.3028 31.5365 2
    endloop
  endfacet
  facet normal 0 0 1
    outer loop
      vertex 74.3028 31.5365 2
      vertex 32.75 31 2
      vertex 74.2632 31.2695 2
    endloop
  endfacet
  facet normal 0 0 1
    outer loop
      vertex 74.2632 31.2695 2
      vertex 32.75 31 2
      vertex 74.25 31 2
    endloop
  endfacet
  facet normal 0 0 1
    outer loop
      vertex 74.25 31 2
      vertex 32.75 31 2
      vertex 74.2632 30.7305 2
    endloop
  endfacet
  facet normal 0 0 1
    outer loop
      vertex 32.7368 30.7305 2
      vertex 74.2632 30.7305 2
      vertex 32.75 31 2
    endloop
  endfacet
  facet normal 0 0 1
    outer loop
      vertex 32.6972 30.4635 2
      vertex 74.3028 30.4635 2
      vertex 32.7368 30.7305 2
    endloop
  endfacet
  facet normal 0 0 1
    outer loop
      vertex 74.3028 30.4635 2
      vertex 32.6972 30.4635 2
      vertex 74.3684 30.2017 2
    endloop
  endfacet
  facet normal 0 0 1
    outer loop
      vertex 74.2632 30.7305 2
      vertex 32.7368 30.7305 2
      vertex 74.3028 30.4635 2
    endloop
  endfacet
  facet normal 0 0 1
    outer loop
      vertex 32.75 31 2
      vertex 50.635 73.5 2
      vertex 38.635 73.5 2
    endloop
  endfacet
  facet normal 0 0 1
    outer loop
      vertex 32.75 31 2
      vertex 38.635 73.5 2
      vertex 38.3762 73.5341 2
    endloop
  endfacet
  facet normal 0 0 1
    outer loop
      vertex 32.75 31 2
      vertex 38.3762 73.5341 2
      vertex 38.135 73.634 2
    endloop
  endfacet
  facet normal 0 0 1
    outer loop
      vertex 32.75 31 2
      vertex 38.135 73.634 2
      vertex 37.9279 73.7929 2
    endloop
  endfacet
  facet normal 0 0 1
    outer loop
      vertex 32.6972 77.4635 2
      vertex 37.635 77.5 2
      vertex 32.7368 77.7305 2
    endloop
  endfacet
  facet normal 0 0 1
    outer loop
      vertex 32.6316 77.2017 2
      vertex 37.635 77.5 2
      vertex 32.6972 77.4635 2
    endloop
  endfacet
  facet normal 0 0 1
    outer loop
      vertex 32.5407 76.9476 2
      vertex 37.635 77.5 2
      vertex 32.6316 77.2017 2
    endloop
  endfacet
  facet normal 0 0 1
    outer loop
      vertex 37.635 77.5 2
      vertex 32.5407 76.9476 2
      vertex 37.635 74.5 2
    endloop
  endfacet
  facet normal 0 0 1
    outer loop
      vertex 32.6316 30.2017 2
      vertex 74.3684 30.2017 2
      vertex 32.6972 30.4635 2
    endloop
  endfacet
  facet normal 0 0 1
    outer loop
      vertex 74.3684 30.2017 2
      vertex 32.6316 30.2017 2
      vertex 74.4593 29.9476 2
    endloop
  endfacet
  facet normal 0 0 1
    outer loop
      vertex 32.5407 29.9476 2
      vertex 74.4593 29.9476 2
      vertex 32.6316 30.2017 2
    endloop
  endfacet
  facet normal 0 0 1
    outer loop
      vertex 74.4593 29.9476 2
      vertex 32.5407 29.9476 2
      vertex 74.5747 29.7037 2
    endloop
  endfacet
  facet normal 0 0 1
    outer loop
      vertex 32.4253 29.7037 2
      vertex 74.5747 29.7037 2
      vertex 32.5407 29.9476 2
    endloop
  endfacet
  facet normal 0 0 1
    outer loop
      vertex 31.097 26.697 2
      vertex 74.5747 29.7037 2
      vertex 32.4253 29.7037 2
    endloop
  endfacet
  facet normal 0 0 1
    outer loop
      vertex 31.097 26.697 2
      vertex 32.4253 29.7037 2
      vertex 32.2865 29.4722 2
    endloop
  endfacet
  facet normal 0 0 1
    outer loop
      vertex 31.097 26.697 2
      vertex 32.2865 29.4722 2
      vertex 32.1258 29.2554 2
    endloop
  endfacet
  facet normal 0 0 1
    outer loop
      vertex 31.097 26.697 2
      vertex 32.1258 29.2554 2
      vertex 31.9445 29.0555 2
    endloop
  endfacet
  facet normal 0 0 1
    outer loop
      vertex 31.097 26.697 2
      vertex 31.9445 29.0555 2
      vertex 31.7446 28.8742 2
    endloop
  endfacet
  facet normal 0 0 1
    outer loop
      vertex 31.097 26.697 2
      vertex 31.7446 28.8742 2
      vertex 31.5278 28.7135 2
    endloop
  endfacet
  facet normal 0 0 1
    outer loop
      vertex 31.097 26.697 2
      vertex 31.5278 28.7135 2
      vertex 31.2963 28.5747 2
    endloop
  endfacet
  facet normal 0 0 1
    outer loop
      vertex 74.5747 29.7037 2
      vertex 31.097 26.697 2
      vertex 76 26.697 2
    endloop
  endfacet
  facet normal -0 0 1
    outer loop
      vertex 31.0524 28.4593 2
      vertex 31.097 26.697 2
      vertex 31.2963 28.5747 2
    endloop
  endfacet
  facet normal -0 0 1
    outer loop
      vertex 30.7983 28.3684 2
      vertex 31.097 26.697 2
      vertex 31.0524 28.4593 2
    endloop
  endfacet
  facet normal 0 0 1
    outer loop
      vertex 30.7983 28.3684 2
      vertex 30.5677 26.723 2
      vertex 31.097 26.697 2
    endloop
  endfacet
  facet normal -0 0 1
    outer loop
      vertex 30.5365 28.3028 2
      vertex 30.5677 26.723 2
      vertex 30.7983 28.3684 2
    endloop
  endfacet
  facet normal -0 0 1
    outer loop
      vertex 30.2695 28.2632 2
      vertex 30.5677 26.723 2
      vertex 30.5365 28.3028 2
    endloop
  endfacet
  facet normal 0 0 1
    outer loop
      vertex 30.2695 28.2632 2
      vertex 30.0435 26.8008 2
      vertex 30.5677 26.723 2
    endloop
  endfacet
  facet normal -0 0 1
    outer loop
      vertex 30 28.25 2
      vertex 30.0435 26.8008 2
      vertex 30.2695 28.2632 2
    endloop
  endfacet
  facet normal 0 0 1
    outer loop
      vertex 29.5295 26.9295 2
      vertex 30 28.25 2
      vertex 29.7305 28.2632 2
    endloop
  endfacet
  facet normal 0 0 1
    outer loop
      vertex 30 28.25 2
      vertex 29.5295 26.9295 2
      vertex 30.0435 26.8008 2
    endloop
  endfacet
  facet normal 0 0 1
    outer loop
      vertex 29.4635 28.3028 2
      vertex 29.5295 26.9295 2
      vertex 29.7305 28.2632 2
    endloop
  endfacet
  facet normal 0 0 1
    outer loop
      vertex 29.0305 27.1081 2
      vertex 29.4635 28.3028 2
      vertex 29.2017 28.3684 2
    endloop
  endfacet
  facet normal 0 0 1
    outer loop
      vertex 29.4635 28.3028 2
      vertex 29.0305 27.1081 2
      vertex 29.5295 26.9295 2
    endloop
  endfacet
  facet normal 0 0 1
    outer loop
      vertex 28.5515 27.3346 2
      vertex 29.2017 28.3684 2
      vertex 28.9476 28.4593 2
    endloop
  endfacet
  facet normal 0 0 1
    outer loop
      vertex 28.0969 27.6071 2
      vertex 28.9476 28.4593 2
      vertex 28.7037 28.5747 2
    endloop
  endfacet
  facet normal 0 0 1
    outer loop
      vertex 29.2017 28.3684 2
      vertex 28.5515 27.3346 2
      vertex 29.0305 27.1081 2
    endloop
  endfacet
  facet normal 0 0 1
    outer loop
      vertex 28.0969 27.6071 2
      vertex 28.7037 28.5747 2
      vertex 28.4722 28.7135 2
    endloop
  endfacet
  facet normal 0 0 1
    outer loop
      vertex 27.6713 27.9227 2
      vertex 28.4722 28.7135 2
      vertex 28.2554 28.8742 2
    endloop
  endfacet
  facet normal 0 0 1
    outer loop
      vertex 28.9476 28.4593 2
      vertex 28.0969 27.6071 2
      vertex 28.5515 27.3346 2
    endloop
  endfacet
  facet normal 0 0 1
    outer loop
      vertex 27.2786 28.2786 2
      vertex 28.2554 28.8742 2
      vertex 28.0555 29.0555 2
    endloop
  endfacet
  facet normal 0 0 1
    outer loop
      vertex 27.2786 28.2786 2
      vertex 28.0555 29.0555 2
      vertex 27.8742 29.2554 2
    endloop
  endfacet
  facet normal 0 0 1
    outer loop
      vertex 26.9227 28.6713 2
      vertex 27.8742 29.2554 2
      vertex 27.7135 29.4722 2
    endloop
  endfacet
  facet normal 0 0 1
    outer loop
      vertex 28.4722 28.7135 2
      vertex 27.6713 27.9227 2
      vertex 28.0969 27.6071 2
    endloop
  endfacet
  facet normal 0 0 1
    outer loop
      vertex 26.6071 29.0969 2
      vertex 27.7135 29.4722 2
      vertex 27.5747 29.7037 2
    endloop
  endfacet
  facet normal 0 0 1
    outer loop
      vertex 26.6071 29.0969 2
      vertex 27.5747 29.7037 2
      vertex 27.4593 29.9476 2
    endloop
  endfacet
  facet normal 0 0 1
    outer loop
      vertex 26.3346 29.5515 2
      vertex 27.4593 29.9476 2
      vertex 27.3684 30.2017 2
    endloop
  endfacet
  facet normal 0 0 1
    outer loop
      vertex 26.1081 30.0305 2
      vertex 27.3684 30.2017 2
      vertex 27.3028 30.4635 2
    endloop
  endfacet
  facet normal 0 0 1
    outer loop
      vertex 28.2554 28.8742 2
      vertex 27.2786 28.2786 2
      vertex 27.6713 27.9227 2
    endloop
  endfacet
  facet normal 0 0 1
    outer loop
      vertex 26.1081 30.0305 2
      vertex 27.3028 30.4635 2
      vertex 27.2632 30.7305 2
    endloop
  endfacet
  facet normal 0 0 1
    outer loop
      vertex 25.9295 30.5295 2
      vertex 27.2632 30.7305 2
      vertex 27.25 31 2
    endloop
  endfacet
  facet normal 0 0 1
    outer loop
      vertex 27.8742 29.2554 2
      vertex 26.9227 28.6713 2
      vertex 27.2786 28.2786 2
    endloop
  endfacet
  facet normal 0 0 1
    outer loop
      vertex 25.697 32.097 2
      vertex 27.56 65.65 2
      vertex 25.697 76.903 2
    endloop
  endfacet
  facet normal 0 0 1
    outer loop
      vertex 27.3684 78.7983 2
      vertex 26.1081 78.9695 2
      vertex 27.3028 78.5365 2
    endloop
  endfacet
  facet normal 0 0 1
    outer loop
      vertex 27.56 65.65 2
      vertex 25.697 32.097 2
      vertex 27.25 31 2
    endloop
  endfacet
  facet normal 0 0 1
    outer loop
      vertex 27.3028 78.5365 2
      vertex 26.1081 78.9695 2
      vertex 27.2632 78.2695 2
    endloop
  endfacet
  facet normal -0 -0 1
    outer loop
      vertex 25.723 31.5677 2
      vertex 27.25 31 2
      vertex 25.697 32.097 2
    endloop
  endfacet
  facet normal -0 0 1
    outer loop
      vertex 25.9295 78.4705 2
      vertex 27.2632 78.2695 2
      vertex 26.1081 78.9695 2
    endloop
  endfacet
  facet normal 0 0 1
    outer loop
      vertex 27.7135 29.4722 2
      vertex 26.6071 29.0969 2
      vertex 26.9227 28.6713 2
    endloop
  endfacet
  facet normal 0 0 1
    outer loop
      vertex 25.8008 77.9565 2
      vertex 27.2632 78.2695 2
      vertex 25.9295 78.4705 2
    endloop
  endfacet
  facet normal 0 0 1
    outer loop
      vertex 27.4593 29.9476 2
      vertex 26.3346 29.5515 2
      vertex 26.6071 29.0969 2
    endloop
  endfacet
  facet normal 0 0 1
    outer loop
      vertex 25.723 77.4323 2
      vertex 27.2632 78.2695 2
      vertex 25.8008 77.9565 2
    endloop
  endfacet
  facet normal 0 0 1
    outer loop
      vertex 27.3684 30.2017 2
      vertex 26.1081 30.0305 2
      vertex 26.3346 29.5515 2
    endloop
  endfacet
  facet normal 0 0 1
    outer loop
      vertex 27.2632 78.2695 2
      vertex 25.723 77.4323 2
      vertex 25.697 76.903 2
    endloop
  endfacet
  facet normal 0 0 1
    outer loop
      vertex 27.2632 30.7305 2
      vertex 25.9295 30.5295 2
      vertex 26.1081 30.0305 2
    endloop
  endfacet
  facet normal 0 0 1
    outer loop
      vertex 27.25 31 2
      vertex 25.8008 31.0435 2
      vertex 25.9295 30.5295 2
    endloop
  endfacet
  facet normal 0 0 1
    outer loop
      vertex 27.25 31 2
      vertex 25.723 31.5677 2
      vertex 25.8008 31.0435 2
    endloop
  endfacet
  facet normal 0 0 1
    outer loop
      vertex 32.426 65.15 2
      vertex 37.9279 73.7929 2
      vertex 32.5259 65.3912 2
    endloop
  endfacet
  facet normal 0 0 1
    outer loop
      vertex 37.9279 73.7929 2
      vertex 32.6316 31.7983 2
      vertex 32.6972 31.5365 2
    endloop
  endfacet
  facet normal 0 0 1
    outer loop
      vertex 37.9279 73.7929 2
      vertex 32.5407 32.0524 2
      vertex 32.6316 31.7983 2
    endloop
  endfacet
  facet normal 0 0 1
    outer loop
      vertex 37.9279 73.7929 2
      vertex 32.426 65.15 2
      vertex 32.5407 32.0524 2
    endloop
  endfacet
  facet normal 0 0 1
    outer loop
      vertex 32.426 65.15 2
      vertex 32.4253 32.2963 2
      vertex 32.5407 32.0524 2
    endloop
  endfacet
  facet normal 0 0 1
    outer loop
      vertex 32.426 65.15 2
      vertex 32.2865 32.5278 2
      vertex 32.4253 32.2963 2
    endloop
  endfacet
  facet normal -0 0 1
    outer loop
      vertex 32.2671 64.9429 2
      vertex 32.2865 32.5278 2
      vertex 32.426 65.15 2
    endloop
  endfacet
  facet normal 0 0 1
    outer loop
      vertex 32.2671 64.9429 2
      vertex 32.1258 32.7446 2
      vertex 32.2865 32.5278 2
    endloop
  endfacet
  facet normal 0 0 1
    outer loop
      vertex 31.7446 33.1258 2
      vertex 32.2671 64.9429 2
      vertex 32.06 64.784 2
    endloop
  endfacet
  facet normal 0 0 1
    outer loop
      vertex 32.2671 64.9429 2
      vertex 31.9445 32.9445 2
      vertex 32.1258 32.7446 2
    endloop
  endfacet
  facet normal 0 0 1
    outer loop
      vertex 31.2963 33.4253 2
      vertex 32.06 64.784 2
      vertex 31.8188 64.6841 2
    endloop
  endfacet
  facet normal 0 0 1
    outer loop
      vertex 32.2671 64.9429 2
      vertex 31.7446 33.1258 2
      vertex 31.9445 32.9445 2
    endloop
  endfacet
  facet normal 0 0 1
    outer loop
      vertex 30.5365 33.6972 2
      vertex 31.8188 64.6841 2
      vertex 31.56 64.65 2
    endloop
  endfacet
  facet normal 0 0 1
    outer loop
      vertex 32.06 64.784 2
      vertex 31.5278 33.2865 2
      vertex 31.7446 33.1258 2
    endloop
  endfacet
  facet normal 0 0 1
    outer loop
      vertex 32.06 64.784 2
      vertex 31.2963 33.4253 2
      vertex 31.5278 33.2865 2
    endloop
  endfacet
  facet normal 0 0 1
    outer loop
      vertex 31.8188 64.6841 2
      vertex 31.0524 33.5407 2
      vertex 31.2963 33.4253 2
    endloop
  endfacet
  facet normal 0 0 1
    outer loop
      vertex 31.8188 64.6841 2
      vertex 30.7983 33.6316 2
      vertex 31.0524 33.5407 2
    endloop
  endfacet
  facet normal 0 0 1
    outer loop
      vertex 31.8188 64.6841 2
      vertex 30.5365 33.6972 2
      vertex 30.7983 33.6316 2
    endloop
  endfacet
  facet normal 0 0 1
    outer loop
      vertex 31.56 64.65 2
      vertex 30.2695 33.7368 2
      vertex 30.5365 33.6972 2
    endloop
  endfacet
  facet normal 0 0 1
    outer loop
      vertex 31.56 64.65 2
      vertex 30 33.75 2
      vertex 30.2695 33.7368 2
    endloop
  endfacet
  facet normal -0 0 1
    outer loop
      vertex 28.56 64.65 2
      vertex 30 33.75 2
      vertex 31.56 64.65 2
    endloop
  endfacet
  facet normal 0 0 1
    outer loop
      vertex 30 33.75 2
      vertex 28.56 64.65 2
      vertex 29.7305 33.7368 2
    endloop
  endfacet
  facet normal 0 0 1
    outer loop
      vertex 29.7305 33.7368 2
      vertex 28.56 64.65 2
      vertex 29.4635 33.6972 2
    endloop
  endfacet
  facet normal 0 0 1
    outer loop
      vertex 28.3012 64.6841 2
      vertex 29.4635 33.6972 2
      vertex 28.56 64.65 2
    endloop
  endfacet
  facet normal 0 0 1
    outer loop
      vertex 29.4635 33.6972 2
      vertex 28.3012 64.6841 2
      vertex 29.2017 33.6316 2
    endloop
  endfacet
  facet normal 0 0 1
    outer loop
      vertex 29.2017 33.6316 2
      vertex 28.3012 64.6841 2
      vertex 28.9476 33.5407 2
    endloop
  endfacet
  facet normal 0 0 1
    outer loop
      vertex 28.9476 33.5407 2
      vertex 28.3012 64.6841 2
      vertex 28.7037 33.4253 2
    endloop
  endfacet
  facet normal 0 0 1
    outer loop
      vertex 28.06 64.784 2
      vertex 28.7037 33.4253 2
      vertex 28.3012 64.6841 2
    endloop
  endfacet
  facet normal 0 0 1
    outer loop
      vertex 28.7037 33.4253 2
      vertex 28.06 64.784 2
      vertex 28.4722 33.2865 2
    endloop
  endfacet
  facet normal 0 0 1
    outer loop
      vertex 28.4722 33.2865 2
      vertex 28.06 64.784 2
      vertex 28.2554 33.1258 2
    endloop
  endfacet
  facet normal 0 0 1
    outer loop
      vertex 27.8529 64.9429 2
      vertex 28.2554 33.1258 2
      vertex 28.06 64.784 2
    endloop
  endfacet
  facet normal 0 0 1
    outer loop
      vertex 28.2554 33.1258 2
      vertex 27.8529 64.9429 2
      vertex 28.0555 32.9445 2
    endloop
  endfacet
  facet normal 0 0 1
    outer loop
      vertex 28.0555 32.9445 2
      vertex 27.8529 64.9429 2
      vertex 27.8742 32.7446 2
    endloop
  endfacet
  facet normal 0 0 1
    outer loop
      vertex 27.694 65.15 2
      vertex 27.8742 32.7446 2
      vertex 27.8529 64.9429 2
    endloop
  endfacet
  facet normal 0 0 1
    outer loop
      vertex 27.8742 32.7446 2
      vertex 27.694 65.15 2
      vertex 27.7135 32.5278 2
    endloop
  endfacet
  facet normal 0 0 1
    outer loop
      vertex 27.4593 32.0524 2
      vertex 27.694 65.15 2
      vertex 27.5941 65.3912 2
    endloop
  endfacet
  facet normal 0 0 1
    outer loop
      vertex 27.694 65.15 2
      vertex 27.5747 32.2963 2
      vertex 27.7135 32.5278 2
    endloop
  endfacet
  facet normal 0 0 1
    outer loop
      vertex 27.3028 31.5365 2
      vertex 27.5941 65.3912 2
      vertex 27.56 65.65 2
    endloop
  endfacet
  facet normal 0 0 1
    outer loop
      vertex 25.697 76.903 2
      vertex 27.4593 76.9476 2
      vertex 27.3684 77.2017 2
    endloop
  endfacet
  facet normal 0 0 1
    outer loop
      vertex 27.694 65.15 2
      vertex 27.4593 32.0524 2
      vertex 27.5747 32.2963 2
    endloop
  endfacet
  facet normal 0 0 1
    outer loop
      vertex 25.697 76.903 2
      vertex 27.3684 77.2017 2
      vertex 27.3028 77.4635 2
    endloop
  endfacet
  facet normal 0 0 1
    outer loop
      vertex 27.5941 65.3912 2
      vertex 27.3684 31.7983 2
      vertex 27.4593 32.0524 2
    endloop
  endfacet
  facet normal 0 0 1
    outer loop
      vertex 25.697 76.903 2
      vertex 27.3028 77.4635 2
      vertex 27.2632 77.7305 2
    endloop
  endfacet
  facet normal 0 0 1
    outer loop
      vertex 27.5941 65.3912 2
      vertex 27.3028 31.5365 2
      vertex 27.3684 31.7983 2
    endloop
  endfacet
  facet normal 0 0 1
    outer loop
      vertex 27.2632 78.2695 2
      vertex 25.697 76.903 2
      vertex 27.25 78 2
    endloop
  endfacet
  facet normal 0 0 1
    outer loop
      vertex 27.56 65.65 2
      vertex 27.2632 31.2695 2
      vertex 27.3028 31.5365 2
    endloop
  endfacet
  facet normal 0 0 1
    outer loop
      vertex 27.25 78 2
      vertex 25.697 76.903 2
      vertex 27.2632 77.7305 2
    endloop
  endfacet
  facet normal 0 0 1
    outer loop
      vertex 27.56 65.65 2
      vertex 27.25 31 2
      vertex 27.2632 31.2695 2
    endloop
  endfacet
  facet normal 0.857709 0.514135 0
    outer loop
      vertex 26.6071 29.0969 20.4
      vertex 26.3346 29.5515 2
      vertex 26.3346 29.5515 20.4
    endloop
  endfacet
  facet normal 0.857709 0.514135 0
    outer loop
      vertex 26.3346 29.5515 2
      vertex 26.6071 29.0969 20.4
      vertex 26.6071 29.0969 2
    endloop
  endfacet
  facet normal -0.671536 -0.740972 0
    outer loop
      vertex 79.4257 81.0773 2
      vertex 79.8184 80.7214 20.4
      vertex 79.4257 81.0773 20.4
    endloop
  endfacet
  facet normal -0.671536 -0.740972 -0
    outer loop
      vertex 79.8184 80.7214 20.4
      vertex 79.4257 81.0773 2
      vertex 79.8184 80.7214 2
    endloop
  endfacet
  facet normal 0.998796 -0.0490623 0
    outer loop
      vertex 25.697 76.903 20.4
      vertex 25.723 77.4323 2
      vertex 25.723 77.4323 20.4
    endloop
  endfacet
  facet normal 0.998796 -0.0490623 0
    outer loop
      vertex 25.723 77.4323 2
      vertex 25.697 76.903 20.4
      vertex 25.697 76.903 2
    endloop
  endfacet
  facet normal -0.989165 0.146809 0
    outer loop
      vertex 81.2962 31.0435 2
      vertex 81.374 31.5677 20.4
      vertex 81.374 31.5677 2
    endloop
  endfacet
  facet normal -0.989165 0.146809 0
    outer loop
      vertex 81.374 31.5677 20.4
      vertex 81.2962 31.0435 2
      vertex 81.2962 31.0435 20.4
    endloop
  endfacet
  facet normal -0.595643 0.803249 0
    outer loop
      vertex 79.4257 27.9227 2
      vertex 79.0001 27.6071 20.4
      vertex 79.4257 27.9227 20.4
    endloop
  endfacet
  facet normal -0.595643 0.803249 0
    outer loop
      vertex 79.0001 27.6071 20.4
      vertex 79.4257 27.9227 2
      vertex 79.0001 27.6071 2
    endloop
  endfacet
  facet normal 0.146809 0.989165 -0
    outer loop
      vertex 30.5677 26.723 2
      vertex 30.0435 26.8008 20.4
      vertex 30.5677 26.723 20.4
    endloop
  endfacet
  facet normal 0.146809 0.989165 0
    outer loop
      vertex 30.0435 26.8008 20.4
      vertex 30.5677 26.723 2
      vertex 30.0435 26.8008 2
    endloop
  endfacet
  facet normal -0.336982 0.941511 0
    outer loop
      vertex 78.0665 27.1081 2
      vertex 77.5675 26.9295 20.4
      vertex 78.0665 27.1081 20.4
    endloop
  endfacet
  facet normal -0.336982 0.941511 0
    outer loop
      vertex 77.5675 26.9295 20.4
      vertex 78.0665 27.1081 2
      vertex 77.5675 26.9295 2
    endloop
  endfacet
  facet normal -0.336814 -0.941571 0
    outer loop
      vertex 77.5675 82.0705 2
      vertex 78.0665 81.892 20.4
      vertex 77.5675 82.0705 20.4
    endloop
  endfacet
  facet normal -0.336814 -0.941571 -0
    outer loop
      vertex 78.0665 81.892 20.4
      vertex 77.5675 82.0705 2
      vertex 78.0665 81.892 2
    endloop
  endfacet
  facet normal 0.427478 0.904026 -0
    outer loop
      vertex 29.0305 27.1081 2
      vertex 28.5515 27.3346 20.4
      vertex 29.0305 27.1081 20.4
    endloop
  endfacet
  facet normal 0.427478 0.904026 0
    outer loop
      vertex 28.5515 27.3346 20.4
      vertex 29.0305 27.1081 2
      vertex 28.5515 27.3346 2
    endloop
  endfacet
  facet normal 0.514135 -0.857709 0
    outer loop
      vertex 28.0969 81.3929 2
      vertex 28.5515 81.6654 20.4
      vertex 28.0969 81.3929 20.4
    endloop
  endfacet
  facet normal 0.514135 -0.857709 0
    outer loop
      vertex 28.5515 81.6654 20.4
      vertex 28.0969 81.3929 2
      vertex 28.5515 81.6654 2
    endloop
  endfacet
  facet normal 0.242891 0.970054 -0
    outer loop
      vertex 30.0435 26.8008 2
      vertex 29.5295 26.9295 20.4
      vertex 30.0435 26.8008 20.4
    endloop
  endfacet
  facet normal 0.242891 0.970054 0
    outer loop
      vertex 29.5295 26.9295 20.4
      vertex 30.0435 26.8008 2
      vertex 29.5295 26.9295 2
    endloop
  endfacet
  facet normal 0.803249 0.595643 0
    outer loop
      vertex 26.9227 28.6713 20.4
      vertex 26.6071 29.0969 2
      vertex 26.6071 29.0969 20.4
    endloop
  endfacet
  facet normal 0.803249 0.595643 0
    outer loop
      vertex 26.6071 29.0969 2
      vertex 26.9227 28.6713 20.4
      vertex 26.9227 28.6713 2
    endloop
  endfacet
  facet normal 0 0 1
    outer loop
      vertex 82.9665 83.0195 20.4
      vertex 88.0154 83.0195 20.4
      vertex 87.987 83.5977 20.4
    endloop
  endfacet
  facet normal 0 0 1
    outer loop
      vertex 82.9624 83.1028 20.4
      vertex 87.987 83.5977 20.4
      vertex 87.9021 84.1704 20.4
    endloop
  endfacet
  facet normal 0 0 1
    outer loop
      vertex 88.0154 83.0195 20.4
      vertex 82.9665 83.0195 20.4
      vertex 87.987 82.4413 20.4
    endloop
  endfacet
  facet normal -0 0 1
    outer loop
      vertex 82.9624 82.9362 20.4
      vertex 87.987 82.4413 20.4
      vertex 82.9665 83.0195 20.4
    endloop
  endfacet
  facet normal 0 0 1
    outer loop
      vertex 82.9501 83.1853 20.4
      vertex 87.9021 84.1704 20.4
      vertex 87.7614 84.7318 20.4
    endloop
  endfacet
  facet normal 0 0 1
    outer loop
      vertex 82.9299 83.2662 20.4
      vertex 87.7614 84.7318 20.4
      vertex 87.5664 85.2769 20.4
    endloop
  endfacet
  facet normal 0 0 1
    outer loop
      vertex 87.987 82.4413 20.4
      vertex 82.9624 82.9362 20.4
      vertex 87.9021 81.8685 20.4
    endloop
  endfacet
  facet normal -0 0 1
    outer loop
      vertex 82.9501 82.8536 20.4
      vertex 87.9021 81.8685 20.4
      vertex 82.9624 82.9362 20.4
    endloop
  endfacet
  facet normal 0 0 1
    outer loop
      vertex 82.9018 83.3448 20.4
      vertex 87.5664 85.2769 20.4
      vertex 87.3189 85.8002 20.4
    endloop
  endfacet
  facet normal 0 0 1
    outer loop
      vertex 82.8661 83.4202 20.4
      vertex 87.3189 85.8002 20.4
      vertex 87.0213 86.2967 20.4
    endloop
  endfacet
  facet normal 0 0 1
    outer loop
      vertex 87.9021 81.8685 20.4
      vertex 82.9501 82.8536 20.4
      vertex 87.7615 81.3072 20.4
    endloop
  endfacet
  facet normal 0 0 1
    outer loop
      vertex 82.8232 83.4917 20.4
      vertex 87.0213 86.2967 20.4
      vertex 86.6764 86.7617 20.4
    endloop
  endfacet
  facet normal -0 0 1
    outer loop
      vertex 82.9299 82.7727 20.4
      vertex 87.7615 81.3072 20.4
      vertex 82.9501 82.8536 20.4
    endloop
  endfacet
  facet normal 0 0 1
    outer loop
      vertex 82.7735 83.5587 20.4
      vertex 86.6764 86.7617 20.4
      vertex 86.2877 87.1907 20.4
    endloop
  endfacet
  facet normal 0 0 1
    outer loop
      vertex 87.7615 81.3072 20.4
      vertex 82.9299 82.7727 20.4
      vertex 87.5664 80.762 20.4
    endloop
  endfacet
  facet normal -0 0 1
    outer loop
      vertex 82.9018 82.6942 20.4
      vertex 87.5664 80.762 20.4
      vertex 82.9299 82.7727 20.4
    endloop
  endfacet
  facet normal 0 0 1
    outer loop
      vertex 82.7175 83.6205 20.4
      vertex 86.2877 87.1907 20.4
      vertex 85.8587 87.5794 20.4
    endloop
  endfacet
  facet normal 0 0 1
    outer loop
      vertex 87.5664 80.762 20.4
      vertex 82.9018 82.6942 20.4
      vertex 87.3189 80.2388 20.4
    endloop
  endfacet
  facet normal 0 0 1
    outer loop
      vertex 82.6557 83.6765 20.4
      vertex 85.8587 87.5794 20.4
      vertex 85.3937 87.9243 20.4
    endloop
  endfacet
  facet normal 0 0 1
    outer loop
      vertex 82.5887 83.7262 20.4
      vertex 85.3937 87.9243 20.4
      vertex 84.8972 88.2219 20.4
    endloop
  endfacet
  facet normal -0 0 1
    outer loop
      vertex 82.8661 82.6188 20.4
      vertex 87.3189 80.2388 20.4
      vertex 82.9018 82.6942 20.4
    endloop
  endfacet
  facet normal 0 0 1
    outer loop
      vertex 82.5172 83.7691 20.4
      vertex 84.8972 88.2219 20.4
      vertex 84.3739 88.4694 20.4
    endloop
  endfacet
  facet normal 0 0 1
    outer loop
      vertex 87.3189 80.2388 20.4
      vertex 82.8661 82.6188 20.4
      vertex 87.0213 79.7421 20.4
    endloop
  endfacet
  facet normal -0 0 1
    outer loop
      vertex 82.8232 82.5472 20.4
      vertex 87.0213 79.7421 20.4
      vertex 82.8661 82.6188 20.4
    endloop
  endfacet
  facet normal 0 0 1
    outer loop
      vertex 82.4418 83.8048 20.4
      vertex 84.3739 88.4694 20.4
      vertex 83.8288 88.6644 20.4
    endloop
  endfacet
  facet normal 0 0 1
    outer loop
      vertex 82.3632 83.8329 20.4
      vertex 83.8288 88.6644 20.4
      vertex 83.2674 88.8051 20.4
    endloop
  endfacet
  facet normal 0 0 1
    outer loop
      vertex 87.0213 79.7421 20.4
      vertex 82.8232 82.5472 20.4
      vertex 86.6764 79.2772 20.4
    endloop
  endfacet
  facet normal -0 0 1
    outer loop
      vertex 82.7735 82.4802 20.4
      vertex 86.6764 79.2772 20.4
      vertex 82.8232 82.5472 20.4
    endloop
  endfacet
  facet normal 0 0 1
    outer loop
      vertex 86.6764 79.2772 20.4
      vertex 82.7735 82.4802 20.4
      vertex 86.2876 78.8482 20.4
    endloop
  endfacet
  facet normal -0 0 1
    outer loop
      vertex 82.7175 82.4184 20.4
      vertex 86.2876 78.8482 20.4
      vertex 82.7735 82.4802 20.4
    endloop
  endfacet
  facet normal 0 0 1
    outer loop
      vertex 86.2876 78.8482 20.4
      vertex 82.7175 82.4184 20.4
      vertex 85.8588 78.4595 20.4
    endloop
  endfacet
  facet normal 0 0 1
    outer loop
      vertex 87.987 83.5977 20.4
      vertex 82.9624 83.1028 20.4
      vertex 82.9665 83.0195 20.4
    endloop
  endfacet
  facet normal 0 0 1
    outer loop
      vertex 87.9021 84.1704 20.4
      vertex 82.9501 83.1853 20.4
      vertex 82.9624 83.1028 20.4
    endloop
  endfacet
  facet normal 0 0 1
    outer loop
      vertex 87.7614 84.7318 20.4
      vertex 82.9299 83.2662 20.4
      vertex 82.9501 83.1853 20.4
    endloop
  endfacet
  facet normal 0 0 1
    outer loop
      vertex 87.5664 85.2769 20.4
      vertex 82.9018 83.3448 20.4
      vertex 82.9299 83.2662 20.4
    endloop
  endfacet
  facet normal 0 0 1
    outer loop
      vertex 87.3189 85.8002 20.4
      vertex 82.8661 83.4202 20.4
      vertex 82.9018 83.3448 20.4
    endloop
  endfacet
  facet normal 0 0 1
    outer loop
      vertex 87.0213 86.2967 20.4
      vertex 82.8232 83.4917 20.4
      vertex 82.8661 83.4202 20.4
    endloop
  endfacet
  facet normal 0 0 1
    outer loop
      vertex 86.6764 86.7617 20.4
      vertex 82.7735 83.5587 20.4
      vertex 82.8232 83.4917 20.4
    endloop
  endfacet
  facet normal 0 0 1
    outer loop
      vertex 86.2877 87.1907 20.4
      vertex 82.7175 83.6205 20.4
      vertex 82.7735 83.5587 20.4
    endloop
  endfacet
  facet normal 0 0 1
    outer loop
      vertex 82.2823 83.8531 20.4
      vertex 83.2674 88.8051 20.4
      vertex 82.6947 88.89 20.4
    endloop
  endfacet
  facet normal 0 0 1
    outer loop
      vertex 85.8587 87.5794 20.4
      vertex 82.6557 83.6765 20.4
      vertex 82.7175 83.6205 20.4
    endloop
  endfacet
  facet normal 0 0 1
    outer loop
      vertex 85.3937 87.9243 20.4
      vertex 82.5887 83.7262 20.4
      vertex 82.6557 83.6765 20.4
    endloop
  endfacet
  facet normal 0 0 1
    outer loop
      vertex 84.8972 88.2219 20.4
      vertex 82.5172 83.7691 20.4
      vertex 82.5887 83.7262 20.4
    endloop
  endfacet
  facet normal 0 0 1
    outer loop
      vertex 84.3739 88.4694 20.4
      vertex 82.4418 83.8048 20.4
      vertex 82.5172 83.7691 20.4
    endloop
  endfacet
  facet normal 0 0 1
    outer loop
      vertex 83.8288 88.6644 20.4
      vertex 82.3632 83.8329 20.4
      vertex 82.4418 83.8048 20.4
    endloop
  endfacet
  facet normal 0 0 1
    outer loop
      vertex 83.2674 88.8051 20.4
      vertex 82.2823 83.8531 20.4
      vertex 82.3632 83.8329 20.4
    endloop
  endfacet
  facet normal 0 0 1
    outer loop
      vertex 82.6947 88.89 20.4
      vertex 82.1998 83.8654 20.4
      vertex 82.2823 83.8531 20.4
    endloop
  endfacet
  facet normal 0 0 1
    outer loop
      vertex 82.1165 88.9184 20.4
      vertex 82.1998 83.8654 20.4
      vertex 82.6947 88.89 20.4
    endloop
  endfacet
  facet normal 0 0 1
    outer loop
      vertex 82.1165 88.9184 20.4
      vertex 82.1165 83.8695 20.4
      vertex 82.1998 83.8654 20.4
    endloop
  endfacet
  facet normal 0 0 1
    outer loop
      vertex 82.1165 88.9184 20.4
      vertex 82.0332 83.8654 20.4
      vertex 82.1165 83.8695 20.4
    endloop
  endfacet
  facet normal -0 0 1
    outer loop
      vertex 81.5383 88.89 20.4
      vertex 82.0332 83.8654 20.4
      vertex 82.1165 88.9184 20.4
    endloop
  endfacet
  facet normal 0 0 1
    outer loop
      vertex 82.0332 83.8654 20.4
      vertex 81.5383 88.89 20.4
      vertex 81.9506 83.8531 20.4
    endloop
  endfacet
  facet normal -0 0 1
    outer loop
      vertex 80.9655 88.8051 20.4
      vertex 81.9506 83.8531 20.4
      vertex 81.5383 88.89 20.4
    endloop
  endfacet
  facet normal 0 0 1
    outer loop
      vertex 81.9506 83.8531 20.4
      vertex 80.9655 88.8051 20.4
      vertex 81.8697 83.8329 20.4
    endloop
  endfacet
  facet normal -0 0 1
    outer loop
      vertex 80.4042 88.6645 20.4
      vertex 81.8697 83.8329 20.4
      vertex 80.9655 88.8051 20.4
    endloop
  endfacet
  facet normal 0 0 1
    outer loop
      vertex 81.8697 83.8329 20.4
      vertex 80.4042 88.6645 20.4
      vertex 81.7912 83.8048 20.4
    endloop
  endfacet
  facet normal -0 0 1
    outer loop
      vertex 79.859 88.4694 20.4
      vertex 81.7912 83.8048 20.4
      vertex 80.4042 88.6645 20.4
    endloop
  endfacet
  facet normal 0 0 1
    outer loop
      vertex 81.7912 83.8048 20.4
      vertex 79.859 88.4694 20.4
      vertex 81.7158 83.7691 20.4
    endloop
  endfacet
  facet normal -0 0 1
    outer loop
      vertex 79.3358 88.2219 20.4
      vertex 81.7158 83.7691 20.4
      vertex 79.859 88.4694 20.4
    endloop
  endfacet
  facet normal 0 0 1
    outer loop
      vertex 81.7158 83.7691 20.4
      vertex 79.3358 88.2219 20.4
      vertex 81.6442 83.7262 20.4
    endloop
  endfacet
  facet normal -0 0 1
    outer loop
      vertex 78.8391 87.9243 20.4
      vertex 81.6442 83.7262 20.4
      vertex 79.3358 88.2219 20.4
    endloop
  endfacet
  facet normal 0 0 1
    outer loop
      vertex 81.6442 83.7262 20.4
      vertex 78.8391 87.9243 20.4
      vertex 81.5772 83.6765 20.4
    endloop
  endfacet
  facet normal -0 0 1
    outer loop
      vertex 78.3742 87.5794 20.4
      vertex 81.5772 83.6765 20.4
      vertex 78.8391 87.9243 20.4
    endloop
  endfacet
  facet normal 0 0 1
    outer loop
      vertex 81.5772 83.6765 20.4
      vertex 78.3742 87.5794 20.4
      vertex 81.5154 83.6205 20.4
    endloop
  endfacet
  facet normal -0 0 1
    outer loop
      vertex 77.9452 87.1906 20.4
      vertex 81.5154 83.6205 20.4
      vertex 78.3742 87.5794 20.4
    endloop
  endfacet
  facet normal 0 0 1
    outer loop
      vertex 81.5154 83.6205 20.4
      vertex 77.9452 87.1906 20.4
      vertex 81.4594 83.5587 20.4
    endloop
  endfacet
  facet normal -0 -0 1
    outer loop
      vertex 81.2962 77.9565 20.4
      vertex 83.0747 77.1795 20.4
      vertex 81.1675 78.4705 20.4
    endloop
  endfacet
  facet normal -0 0 1
    outer loop
      vertex 77.5565 86.7618 20.4
      vertex 81.4594 83.5587 20.4
      vertex 77.9452 87.1906 20.4
    endloop
  endfacet
  facet normal 0 0 1
    outer loop
      vertex 81.4594 83.5587 20.4
      vertex 77.5565 86.7618 20.4
      vertex 81.4097 83.4917 20.4
    endloop
  endfacet
  facet normal 0 0 1
    outer loop
      vertex 81.2706 82.9362 20.4
      vertex 80.7624 79.4485 20.4
      vertex 80.989 78.9695 20.4
    endloop
  endfacet
  facet normal 0 0 1
    outer loop
      vertex 81.2706 82.9362 20.4
      vertex 80.4899 79.9031 20.4
      vertex 80.7624 79.4485 20.4
    endloop
  endfacet
  facet normal -0 0 1
    outer loop
      vertex 77.2117 86.2968 20.4
      vertex 81.4097 83.4917 20.4
      vertex 77.5565 86.7618 20.4
    endloop
  endfacet
  facet normal 0 0 1
    outer loop
      vertex 81.2706 82.9362 20.4
      vertex 80.1743 80.3287 20.4
      vertex 80.4899 79.9031 20.4
    endloop
  endfacet
  facet normal 0 0 1
    outer loop
      vertex 81.4097 83.4917 20.4
      vertex 77.2117 86.2968 20.4
      vertex 81.3668 83.4202 20.4
    endloop
  endfacet
  facet normal 0 0 1
    outer loop
      vertex 81.2706 82.9362 20.4
      vertex 79.8184 80.7214 20.4
      vertex 80.1743 80.3287 20.4
    endloop
  endfacet
  facet normal 0 0 1
    outer loop
      vertex 81.2706 82.9362 20.4
      vertex 79.4257 81.0773 20.4
      vertex 79.8184 80.7214 20.4
    endloop
  endfacet
  facet normal -0 0 1
    outer loop
      vertex 76.914 85.8002 20.4
      vertex 81.3668 83.4202 20.4
      vertex 77.2117 86.2968 20.4
    endloop
  endfacet
  facet normal 0 0 1
    outer loop
      vertex 81.2706 82.9362 20.4
      vertex 79.0001 81.3929 20.4
      vertex 79.4257 81.0773 20.4
    endloop
  endfacet
  facet normal 0 0 1
    outer loop
      vertex 81.3668 83.4202 20.4
      vertex 76.914 85.8002 20.4
      vertex 81.3312 83.3448 20.4
    endloop
  endfacet
  facet normal -0 0 1
    outer loop
      vertex 76.6665 85.2769 20.4
      vertex 81.3312 83.3448 20.4
      vertex 76.914 85.8002 20.4
    endloop
  endfacet
  facet normal 0 0 1
    outer loop
      vertex 81.2665 83.0195 20.4
      vertex 78.5455 81.6654 20.4
      vertex 79.0001 81.3929 20.4
    endloop
  endfacet
  facet normal 0 -0 1
    outer loop
      vertex 78.0665 81.892 20.4
      vertex 81.3312 83.3448 20.4
      vertex 76.6665 85.2769 20.4
    endloop
  endfacet
  facet normal 0 0 1
    outer loop
      vertex 81.3312 83.3448 20.4
      vertex 78.0665 81.892 20.4
      vertex 81.3031 83.2662 20.4
    endloop
  endfacet
  facet normal 0 0 1
    outer loop
      vertex 81.3031 83.2662 20.4
      vertex 78.0665 81.892 20.4
      vertex 81.2828 83.1853 20.4
    endloop
  endfacet
  facet normal 0 -0 1
    outer loop
      vertex 78.5455 81.6654 20.4
      vertex 81.2828 83.1853 20.4
      vertex 78.0665 81.892 20.4
    endloop
  endfacet
  facet normal 0 0 1
    outer loop
      vertex 81.2706 83.1028 20.4
      vertex 78.5455 81.6654 20.4
      vertex 81.2665 83.0195 20.4
    endloop
  endfacet
  facet normal 0 0 1
    outer loop
      vertex 81.2828 83.1853 20.4
      vertex 78.5455 81.6654 20.4
      vertex 81.2706 83.1028 20.4
    endloop
  endfacet
  facet normal -0 0 1
    outer loop
      vertex 76.4715 84.7319 20.4
      vertex 78.0665 81.892 20.4
      vertex 76.6665 85.2769 20.4
    endloop
  endfacet
  facet normal 0 0 1
    outer loop
      vertex 78.0665 81.892 20.4
      vertex 76.4715 84.7319 20.4
      vertex 77.5675 82.0705 20.4
    endloop
  endfacet
  facet normal -0 0 1
    outer loop
      vertex 76.3289 84.1627 20.4
      vertex 77.5675 82.0705 20.4
      vertex 76.4715 84.7319 20.4
    endloop
  endfacet
  facet normal -0 0 1
    outer loop
      vertex 76.3158 84.0965 20.4
      vertex 77.5675 82.0705 20.4
      vertex 76.3289 84.1627 20.4
    endloop
  endfacet
  facet normal -0 0 1
    outer loop
      vertex 76.2915 84.0166 20.4
      vertex 77.5675 82.0705 20.4
      vertex 76.3158 84.0965 20.4
    endloop
  endfacet
  facet normal 0 0 1
    outer loop
      vertex 77.5675 82.0705 20.4
      vertex 76.2915 84.0166 20.4
      vertex 77.0535 82.1992 20.4
    endloop
  endfacet
  facet normal -0 0 1
    outer loop
      vertex 76.2596 83.9396 20.4
      vertex 77.0535 82.1992 20.4
      vertex 76.2915 84.0166 20.4
    endloop
  endfacet
  facet normal -0 0 1
    outer loop
      vertex 76.2203 83.866 20.4
      vertex 77.0535 82.1992 20.4
      vertex 76.2596 83.9396 20.4
    endloop
  endfacet
  facet normal -0 0 1
    outer loop
      vertex 76.174 83.7966 20.4
      vertex 77.0535 82.1992 20.4
      vertex 76.2203 83.866 20.4
    endloop
  endfacet
  facet normal 0 0 1
    outer loop
      vertex 77.0535 82.1992 20.4
      vertex 76.174 83.7966 20.4
      vertex 76.5293 82.277 20.4
    endloop
  endfacet
  facet normal -0 0 1
    outer loop
      vertex 76.121 83.7322 20.4
      vertex 76.5293 82.277 20.4
      vertex 76.174 83.7966 20.4
    endloop
  endfacet
  facet normal -0 0 1
    outer loop
      vertex 76.062 83.6732 20.4
      vertex 76.5293 82.277 20.4
      vertex 76.121 83.7322 20.4
    endloop
  endfacet
  facet normal -0 0 1
    outer loop
      vertex 75.9976 83.6203 20.4
      vertex 76.5293 82.277 20.4
      vertex 76.062 83.6732 20.4
    endloop
  endfacet
  facet normal -0 0 1
    outer loop
      vertex 75.9282 83.5739 20.4
      vertex 76.5293 82.277 20.4
      vertex 75.9976 83.6203 20.4
    endloop
  endfacet
  facet normal 0 0 1
    outer loop
      vertex 76.5293 82.277 20.4
      vertex 75.9282 83.5739 20.4
      vertex 76 82.303 20.4
    endloop
  endfacet
  facet normal -0 0 1
    outer loop
      vertex 75.8546 83.5346 20.4
      vertex 76 82.303 20.4
      vertex 75.9282 83.5739 20.4
    endloop
  endfacet
  facet normal -0 0 1
    outer loop
      vertex 75.7776 83.5027 20.4
      vertex 76 82.303 20.4
      vertex 75.8546 83.5346 20.4
    endloop
  endfacet
  facet normal -0 0 1
    outer loop
      vertex 75.6978 83.4785 20.4
      vertex 76 82.303 20.4
      vertex 75.7776 83.5027 20.4
    endloop
  endfacet
  facet normal -0 0 1
    outer loop
      vertex 75.6159 83.4622 20.4
      vertex 76 82.303 20.4
      vertex 75.6978 83.4785 20.4
    endloop
  endfacet
  facet normal -0 0 1
    outer loop
      vertex 75.4912 83.453 20.4
      vertex 76 82.303 20.4
      vertex 75.6159 83.4622 20.4
    endloop
  endfacet
  facet normal -0 0 1
    outer loop
      vertex 31.6058 83.453 20.4
      vertex 76 82.303 20.4
      vertex 75.4912 83.453 20.4
    endloop
  endfacet
  facet normal 0 0 1
    outer loop
      vertex 31.6058 83.453 20.4
      vertex 31.097 82.303 20.4
      vertex 76 82.303 20.4
    endloop
  endfacet
  facet normal 0 0 1
    outer loop
      vertex 31.5224 83.4571 20.4
      vertex 31.097 82.303 20.4
      vertex 31.6058 83.453 20.4
    endloop
  endfacet
  facet normal 0 0 1
    outer loop
      vertex 31.4399 83.4693 20.4
      vertex 31.097 82.303 20.4
      vertex 31.5224 83.4571 20.4
    endloop
  endfacet
  facet normal 0 0 1
    outer loop
      vertex 31.359 83.4896 20.4
      vertex 31.097 82.303 20.4
      vertex 31.4399 83.4693 20.4
    endloop
  endfacet
  facet normal 0 0 1
    outer loop
      vertex 31.2805 83.5177 20.4
      vertex 31.097 82.303 20.4
      vertex 31.359 83.4896 20.4
    endloop
  endfacet
  facet normal 0 0 1
    outer loop
      vertex 31.2051 83.5534 20.4
      vertex 31.097 82.303 20.4
      vertex 31.2805 83.5177 20.4
    endloop
  endfacet
  facet normal 0 0 1
    outer loop
      vertex 31.1335 83.5962 20.4
      vertex 31.097 82.303 20.4
      vertex 31.2051 83.5534 20.4
    endloop
  endfacet
  facet normal 0 0 1
    outer loop
      vertex 30.5677 82.277 20.4
      vertex 31.1335 83.5962 20.4
      vertex 31.0665 83.6459 20.4
    endloop
  endfacet
  facet normal 0 0 1
    outer loop
      vertex 30.5677 82.277 20.4
      vertex 31.0665 83.6459 20.4
      vertex 31.0047 83.702 20.4
    endloop
  endfacet
  facet normal 0 0 1
    outer loop
      vertex 30.5677 82.277 20.4
      vertex 31.0047 83.702 20.4
      vertex 30.9487 83.7638 20.4
    endloop
  endfacet
  facet normal 0 0 1
    outer loop
      vertex 30.0435 82.1992 20.4
      vertex 30.9487 83.7638 20.4
      vertex 30.899 83.8308 20.4
    endloop
  endfacet
  facet normal 0 0 1
    outer loop
      vertex 30.0435 82.1992 20.4
      vertex 30.899 83.8308 20.4
      vertex 30.8561 83.9023 20.4
    endloop
  endfacet
  facet normal 0 0 1
    outer loop
      vertex 30.0435 82.1992 20.4
      vertex 30.8561 83.9023 20.4
      vertex 30.8205 83.9777 20.4
    endloop
  endfacet
  facet normal 0 0 1
    outer loop
      vertex 30.0435 82.1992 20.4
      vertex 30.8205 83.9777 20.4
      vertex 30.7924 84.0563 20.4
    endloop
  endfacet
  facet normal 0 0 1
    outer loop
      vertex 29.5295 82.0705 20.4
      vertex 30.7924 84.0563 20.4
      vertex 30.7719 84.1472 20.4
    endloop
  endfacet
  facet normal 0 0 1
    outer loop
      vertex 29.5295 82.0705 20.4
      vertex 30.7719 84.1472 20.4
      vertex 30.6255 84.7319 20.4
    endloop
  endfacet
  facet normal 0 0 1
    outer loop
      vertex 31.1335 83.5962 20.4
      vertex 30.5677 82.277 20.4
      vertex 31.097 82.303 20.4
    endloop
  endfacet
  facet normal 0 0 1
    outer loop
      vertex 29.0305 81.892 20.4
      vertex 30.6255 84.7319 20.4
      vertex 30.4305 85.2769 20.4
    endloop
  endfacet
  facet normal 0 0 1
    outer loop
      vertex 25.7658 83.3448 20.4
      vertex 30.4305 85.2769 20.4
      vertex 30.183 85.8002 20.4
    endloop
  endfacet
  facet normal 0 0 1
    outer loop
      vertex 30.9487 83.7638 20.4
      vertex 30.0435 82.1992 20.4
      vertex 30.5677 82.277 20.4
    endloop
  endfacet
  facet normal 0 0 1
    outer loop
      vertex 25.7302 83.4202 20.4
      vertex 30.183 85.8002 20.4
      vertex 29.8853 86.2968 20.4
    endloop
  endfacet
  facet normal 0 0 1
    outer loop
      vertex 25.6873 83.4917 20.4
      vertex 29.8853 86.2968 20.4
      vertex 29.5404 86.7618 20.4
    endloop
  endfacet
  facet normal 0 0 1
    outer loop
      vertex 30.7924 84.0563 20.4
      vertex 29.5295 82.0705 20.4
      vertex 30.0435 82.1992 20.4
    endloop
  endfacet
  facet normal 0 0 1
    outer loop
      vertex 25.6376 83.5587 20.4
      vertex 29.5404 86.7618 20.4
      vertex 29.1518 87.1906 20.4
    endloop
  endfacet
  facet normal 0 0 1
    outer loop
      vertex 30.6255 84.7319 20.4
      vertex 29.0305 81.892 20.4
      vertex 29.5295 82.0705 20.4
    endloop
  endfacet
  facet normal 0 0 1
    outer loop
      vertex 25.5816 83.6205 20.4
      vertex 29.1518 87.1906 20.4
      vertex 28.7228 87.5794 20.4
    endloop
  endfacet
  facet normal 0 0 1
    outer loop
      vertex 30.183 85.8002 20.4
      vertex 25.7302 83.4202 20.4
      vertex 25.7658 83.3448 20.4
    endloop
  endfacet
  facet normal 0 0 1
    outer loop
      vertex 25.5198 83.6765 20.4
      vertex 28.7228 87.5794 20.4
      vertex 28.2578 87.9243 20.4
    endloop
  endfacet
  facet normal 0 0 1
    outer loop
      vertex 30.4305 85.2769 20.4
      vertex 25.7658 83.3448 20.4
      vertex 29.0305 81.892 20.4
    endloop
  endfacet
  facet normal 0 0 1
    outer loop
      vertex 25.4528 83.7262 20.4
      vertex 28.2578 87.9243 20.4
      vertex 27.7612 88.2219 20.4
    endloop
  endfacet
  facet normal -0 -0 1
    outer loop
      vertex 25.8142 83.1853 20.4
      vertex 29.0305 81.892 20.4
      vertex 25.7939 83.2662 20.4
    endloop
  endfacet
  facet normal -0 -0 1
    outer loop
      vertex 25.8264 83.1028 20.4
      vertex 28.5515 81.6654 20.4
      vertex 25.8142 83.1853 20.4
    endloop
  endfacet
  facet normal 0 0 1
    outer loop
      vertex 25.3812 83.7691 20.4
      vertex 27.7612 88.2219 20.4
      vertex 27.238 88.4694 20.4
    endloop
  endfacet
  facet normal -0 -0 1
    outer loop
      vertex 25.8305 83.0195 20.4
      vertex 28.5515 81.6654 20.4
      vertex 25.8264 83.1028 20.4
    endloop
  endfacet
  facet normal 0 0 1
    outer loop
      vertex 25.3058 83.8048 20.4
      vertex 27.238 88.4694 20.4
      vertex 26.6928 88.6645 20.4
    endloop
  endfacet
  facet normal -0 0 1
    outer loop
      vertex 25.8264 82.9362 20.4
      vertex 28.0969 81.3929 20.4
      vertex 25.8305 83.0195 20.4
    endloop
  endfacet
  facet normal -0 0 1
    outer loop
      vertex 25.7939 82.7727 20.4
      vertex 28.0969 81.3929 20.4
      vertex 25.8142 82.8536 20.4
    endloop
  endfacet
  facet normal 0 0 1
    outer loop
      vertex 25.2273 83.8329 20.4
      vertex 26.6928 88.6645 20.4
      vertex 26.1315 88.8051 20.4
    endloop
  endfacet
  facet normal 0 0 1
    outer loop
      vertex 28.0969 81.3929 20.4
      vertex 25.7939 82.7727 20.4
      vertex 27.6713 81.0773 20.4
    endloop
  endfacet
  facet normal -0 0 1
    outer loop
      vertex 25.7302 82.6188 20.4
      vertex 27.6713 81.0773 20.4
      vertex 25.7658 82.6942 20.4
    endloop
  endfacet
  facet normal -0 0 1
    outer loop
      vertex 25.6873 82.5472 20.4
      vertex 27.6713 81.0773 20.4
      vertex 25.7302 82.6188 20.4
    endloop
  endfacet
  facet normal -0 0 1
    outer loop
      vertex 25.7658 82.6942 20.4
      vertex 27.6713 81.0773 20.4
      vertex 25.7939 82.7727 20.4
    endloop
  endfacet
  facet normal -0 0 1
    outer loop
      vertex 25.8142 82.8536 20.4
      vertex 28.0969 81.3929 20.4
      vertex 25.8264 82.9362 20.4
    endloop
  endfacet
  facet normal 0 0 1
    outer loop
      vertex 28.5515 81.6654 20.4
      vertex 25.8305 83.0195 20.4
      vertex 28.0969 81.3929 20.4
    endloop
  endfacet
  facet normal 0 0 1
    outer loop
      vertex 29.0305 81.892 20.4
      vertex 25.8142 83.1853 20.4
      vertex 28.5515 81.6654 20.4
    endloop
  endfacet
  facet normal -0 -0 1
    outer loop
      vertex 25.7939 83.2662 20.4
      vertex 29.0305 81.892 20.4
      vertex 25.7658 83.3448 20.4
    endloop
  endfacet
  facet normal 0 0 1
    outer loop
      vertex 29.8853 86.2968 20.4
      vertex 25.6873 83.4917 20.4
      vertex 25.7302 83.4202 20.4
    endloop
  endfacet
  facet normal 0 0 1
    outer loop
      vertex 29.5404 86.7618 20.4
      vertex 25.6376 83.5587 20.4
      vertex 25.6873 83.4917 20.4
    endloop
  endfacet
  facet normal 0 0 1
    outer loop
      vertex 29.1518 87.1906 20.4
      vertex 25.5816 83.6205 20.4
      vertex 25.6376 83.5587 20.4
    endloop
  endfacet
  facet normal 0 0 1
    outer loop
      vertex 25.1464 83.8531 20.4
      vertex 26.1315 88.8051 20.4
      vertex 25.5587 88.89 20.4
    endloop
  endfacet
  facet normal 0 0 1
    outer loop
      vertex 28.7228 87.5794 20.4
      vertex 25.5198 83.6765 20.4
      vertex 25.5816 83.6205 20.4
    endloop
  endfacet
  facet normal 0 0 1
    outer loop
      vertex 28.2578 87.9243 20.4
      vertex 25.4528 83.7262 20.4
      vertex 25.5198 83.6765 20.4
    endloop
  endfacet
  facet normal 0 0 1
    outer loop
      vertex 27.7612 88.2219 20.4
      vertex 25.3812 83.7691 20.4
      vertex 25.4528 83.7262 20.4
    endloop
  endfacet
  facet normal 0 0 1
    outer loop
      vertex 27.238 88.4694 20.4
      vertex 25.3058 83.8048 20.4
      vertex 25.3812 83.7691 20.4
    endloop
  endfacet
  facet normal 0 0 1
    outer loop
      vertex 26.6928 88.6645 20.4
      vertex 25.2273 83.8329 20.4
      vertex 25.3058 83.8048 20.4
    endloop
  endfacet
  facet normal 0 0 1
    outer loop
      vertex 26.1315 88.8051 20.4
      vertex 25.1464 83.8531 20.4
      vertex 25.2273 83.8329 20.4
    endloop
  endfacet
  facet normal 0 0 1
    outer loop
      vertex 25.5587 88.89 20.4
      vertex 25.0638 83.8654 20.4
      vertex 25.1464 83.8531 20.4
    endloop
  endfacet
  facet normal 0 0 1
    outer loop
      vertex 25.5587 88.89 20.4
      vertex 24.9805 83.8695 20.4
      vertex 25.0638 83.8654 20.4
    endloop
  endfacet
  facet normal 0 0 1
    outer loop
      vertex 24.9805 88.9184 20.4
      vertex 24.9805 83.8695 20.4
      vertex 25.5587 88.89 20.4
    endloop
  endfacet
  facet normal 0 0 1
    outer loop
      vertex 24.9805 88.9184 20.4
      vertex 24.8972 83.8654 20.4
      vertex 24.9805 83.8695 20.4
    endloop
  endfacet
  facet normal -0 0 1
    outer loop
      vertex 24.4023 88.89 20.4
      vertex 24.8972 83.8654 20.4
      vertex 24.9805 88.9184 20.4
    endloop
  endfacet
  facet normal 0 0 1
    outer loop
      vertex 24.8972 83.8654 20.4
      vertex 24.4023 88.89 20.4
      vertex 24.8147 83.8531 20.4
    endloop
  endfacet
  facet normal -0 0 1
    outer loop
      vertex 23.8296 88.8051 20.4
      vertex 24.8147 83.8531 20.4
      vertex 24.4023 88.89 20.4
    endloop
  endfacet
  facet normal 0 0 1
    outer loop
      vertex 24.8147 83.8531 20.4
      vertex 23.8296 88.8051 20.4
      vertex 24.7338 83.8329 20.4
    endloop
  endfacet
  facet normal -0 0 1
    outer loop
      vertex 23.2682 88.6644 20.4
      vertex 24.7338 83.8329 20.4
      vertex 23.8296 88.8051 20.4
    endloop
  endfacet
  facet normal 0 0 1
    outer loop
      vertex 24.7338 83.8329 20.4
      vertex 23.2682 88.6644 20.4
      vertex 24.6552 83.8048 20.4
    endloop
  endfacet
  facet normal -0 0 1
    outer loop
      vertex 22.7231 88.4694 20.4
      vertex 24.6552 83.8048 20.4
      vertex 23.2682 88.6644 20.4
    endloop
  endfacet
  facet normal 0 0 1
    outer loop
      vertex 24.6552 83.8048 20.4
      vertex 22.7231 88.4694 20.4
      vertex 24.5798 83.7691 20.4
    endloop
  endfacet
  facet normal -0 0 1
    outer loop
      vertex 22.1998 88.2219 20.4
      vertex 24.5798 83.7691 20.4
      vertex 22.7231 88.4694 20.4
    endloop
  endfacet
  facet normal 0 0 1
    outer loop
      vertex 24.5798 83.7691 20.4
      vertex 22.1998 88.2219 20.4
      vertex 24.5083 83.7262 20.4
    endloop
  endfacet
  facet normal -0 0 1
    outer loop
      vertex 21.7032 87.9243 20.4
      vertex 24.5083 83.7262 20.4
      vertex 22.1998 88.2219 20.4
    endloop
  endfacet
  facet normal 0 0 1
    outer loop
      vertex 24.5083 83.7262 20.4
      vertex 21.7032 87.9243 20.4
      vertex 24.4413 83.6765 20.4
    endloop
  endfacet
  facet normal -0 0 1
    outer loop
      vertex 21.2383 87.5794 20.4
      vertex 24.4413 83.6765 20.4
      vertex 21.7032 87.9243 20.4
    endloop
  endfacet
  facet normal 0 0 1
    outer loop
      vertex 24.4413 83.6765 20.4
      vertex 21.2383 87.5794 20.4
      vertex 24.3795 83.6205 20.4
    endloop
  endfacet
  facet normal -0 0 1
    outer loop
      vertex 20.8093 87.1907 20.4
      vertex 24.3795 83.6205 20.4
      vertex 21.2383 87.5794 20.4
    endloop
  endfacet
  facet normal 0 0 1
    outer loop
      vertex 24.3795 83.6205 20.4
      vertex 20.8093 87.1907 20.4
      vertex 24.3235 83.5587 20.4
    endloop
  endfacet
  facet normal 0 0 1
    outer loop
      vertex 24.9805 82.1695 20.4
      vertex 23.9834 77.1945 20.4
      vertex 24.0604 77.1626 20.4
    endloop
  endfacet
  facet normal 0 0 1
    outer loop
      vertex 24.1346 82.9362 20.4
      vertex 23.9035 77.2188 20.4
      vertex 23.9834 77.1945 20.4
    endloop
  endfacet
  facet normal 0 0 1
    outer loop
      vertex 24.1346 82.9362 20.4
      vertex 23.8373 77.2319 20.4
      vertex 23.9035 77.2188 20.4
    endloop
  endfacet
  facet normal -0 0 1
    outer loop
      vertex 20.4205 86.7617 20.4
      vertex 24.3235 83.5587 20.4
      vertex 20.8093 87.1907 20.4
    endloop
  endfacet
  facet normal 0 0 1
    outer loop
      vertex 24.3235 83.5587 20.4
      vertex 20.4205 86.7617 20.4
      vertex 24.2738 83.4917 20.4
    endloop
  endfacet
  facet normal -0 0 1
    outer loop
      vertex 20.0757 86.2967 20.4
      vertex 24.2738 83.4917 20.4
      vertex 20.4205 86.7617 20.4
    endloop
  endfacet
  facet normal 0 0 1
    outer loop
      vertex 24.1346 82.9362 20.4
      vertex 23.2681 77.3745 20.4
      vertex 23.8373 77.2319 20.4
    endloop
  endfacet
  facet normal 0 0 1
    outer loop
      vertex 24.1346 82.9362 20.4
      vertex 22.7231 77.5695 20.4
      vertex 23.2681 77.3745 20.4
    endloop
  endfacet
  facet normal 0 0 1
    outer loop
      vertex 24.2738 83.4917 20.4
      vertex 20.0757 86.2967 20.4
      vertex 24.2309 83.4202 20.4
    endloop
  endfacet
  facet normal -0 0 1
    outer loop
      vertex 19.7781 85.8002 20.4
      vertex 24.2309 83.4202 20.4
      vertex 20.0757 86.2967 20.4
    endloop
  endfacet
  facet normal 0 0 1
    outer loop
      vertex 24.1346 82.9362 20.4
      vertex 22.1998 77.817 20.4
      vertex 22.7231 77.5695 20.4
    endloop
  endfacet
  facet normal 0 0 1
    outer loop
      vertex 24.2309 83.4202 20.4
      vertex 19.7781 85.8002 20.4
      vertex 24.1952 83.3448 20.4
    endloop
  endfacet
  facet normal 0 0 1
    outer loop
      vertex 24.1346 82.9362 20.4
      vertex 21.7032 78.1147 20.4
      vertex 22.1998 77.817 20.4
    endloop
  endfacet
  facet normal -0 0 1
    outer loop
      vertex 19.5306 85.2769 20.4
      vertex 24.1952 83.3448 20.4
      vertex 19.7781 85.8002 20.4
    endloop
  endfacet
  facet normal 0 0 1
    outer loop
      vertex 24.1346 82.9362 20.4
      vertex 21.2382 78.4595 20.4
      vertex 21.7032 78.1147 20.4
    endloop
  endfacet
  facet normal 0 0 1
    outer loop
      vertex 24.1346 82.9362 20.4
      vertex 20.8094 78.8482 20.4
      vertex 21.2382 78.4595 20.4
    endloop
  endfacet
  facet normal 0 0 1
    outer loop
      vertex 24.1952 83.3448 20.4
      vertex 19.5306 85.2769 20.4
      vertex 24.1671 83.2662 20.4
    endloop
  endfacet
  facet normal -0 0 1
    outer loop
      vertex 19.3355 84.7318 20.4
      vertex 24.1671 83.2662 20.4
      vertex 19.5306 85.2769 20.4
    endloop
  endfacet
  facet normal 0 0 1
    outer loop
      vertex 24.1346 82.9362 20.4
      vertex 20.4205 79.2772 20.4
      vertex 20.8094 78.8482 20.4
    endloop
  endfacet
  facet normal 0 0 1
    outer loop
      vertex 24.1346 82.9362 20.4
      vertex 20.0757 79.7421 20.4
      vertex 20.4205 79.2772 20.4
    endloop
  endfacet
  facet normal 0 0 1
    outer loop
      vertex 24.1671 83.2662 20.4
      vertex 19.3355 84.7318 20.4
      vertex 24.1469 83.1853 20.4
    endloop
  endfacet
  facet normal -0 0 1
    outer loop
      vertex 19.1949 84.1704 20.4
      vertex 24.1469 83.1853 20.4
      vertex 19.3355 84.7318 20.4
    endloop
  endfacet
  facet normal 0 0 1
    outer loop
      vertex 24.1346 82.9362 20.4
      vertex 19.778 80.2388 20.4
      vertex 20.0757 79.7421 20.4
    endloop
  endfacet
  facet normal 0 0 1
    outer loop
      vertex 24.1346 82.9362 20.4
      vertex 19.5306 80.762 20.4
      vertex 19.778 80.2388 20.4
    endloop
  endfacet
  facet normal 0 0 1
    outer loop
      vertex 24.1469 83.1853 20.4
      vertex 19.1949 84.1704 20.4
      vertex 24.1346 83.1028 20.4
    endloop
  endfacet
  facet normal -0 0 1
    outer loop
      vertex 19.11 83.5977 20.4
      vertex 24.1346 83.1028 20.4
      vertex 19.1949 84.1704 20.4
    endloop
  endfacet
  facet normal 0 0 1
    outer loop
      vertex 24.1346 82.9362 20.4
      vertex 19.3355 81.3072 20.4
      vertex 19.5306 80.762 20.4
    endloop
  endfacet
  facet normal 0 0 1
    outer loop
      vertex 24.1346 83.1028 20.4
      vertex 19.11 83.5977 20.4
      vertex 24.1305 83.0195 20.4
    endloop
  endfacet
  facet normal 0 0 1
    outer loop
      vertex 24.1346 82.9362 20.4
      vertex 19.1949 81.8685 20.4
      vertex 19.3355 81.3072 20.4
    endloop
  endfacet
  facet normal 0 0 1
    outer loop
      vertex 19.0815 83.0195 20.4
      vertex 24.1305 83.0195 20.4
      vertex 19.11 83.5977 20.4
    endloop
  endfacet
  facet normal 0 0 1
    outer loop
      vertex 24.1346 82.9362 20.4
      vertex 19.11 82.4413 20.4
      vertex 19.1949 81.8685 20.4
    endloop
  endfacet
  facet normal 0 0 1
    outer loop
      vertex 24.1305 83.0195 20.4
      vertex 19.0815 83.0195 20.4
      vertex 19.11 82.4413 20.4
    endloop
  endfacet
  facet normal -0 0 1
    outer loop
      vertex 82.6557 82.3624 20.4
      vertex 85.8588 78.4595 20.4
      vertex 82.7175 82.4184 20.4
    endloop
  endfacet
  facet normal 0 0 1
    outer loop
      vertex 85.8588 78.4595 20.4
      vertex 82.6557 82.3624 20.4
      vertex 85.3938 78.1147 20.4
    endloop
  endfacet
  facet normal -0 0 1
    outer loop
      vertex 82.5887 82.3127 20.4
      vertex 85.3938 78.1147 20.4
      vertex 82.6557 82.3624 20.4
    endloop
  endfacet
  facet normal 0 0 1
    outer loop
      vertex 85.3938 78.1147 20.4
      vertex 82.5887 82.3127 20.4
      vertex 84.8972 77.817 20.4
    endloop
  endfacet
  facet normal -0 0 1
    outer loop
      vertex 82.5172 82.2698 20.4
      vertex 84.8972 77.817 20.4
      vertex 82.5887 82.3127 20.4
    endloop
  endfacet
  facet normal 0 0 1
    outer loop
      vertex 84.8972 77.817 20.4
      vertex 82.5172 82.2698 20.4
      vertex 84.3739 77.5695 20.4
    endloop
  endfacet
  facet normal -0 0 1
    outer loop
      vertex 82.4418 82.2342 20.4
      vertex 84.3739 77.5695 20.4
      vertex 82.5172 82.2698 20.4
    endloop
  endfacet
  facet normal -0 0 1
    outer loop
      vertex 80.989 78.9695 20.4
      vertex 84.3739 77.5695 20.4
      vertex 82.4418 82.2342 20.4
    endloop
  endfacet
  facet normal 0 0 1
    outer loop
      vertex 84.3739 77.5695 20.4
      vertex 80.989 78.9695 20.4
      vertex 83.8289 77.3745 20.4
    endloop
  endfacet
  facet normal -0 -0 1
    outer loop
      vertex 81.1675 78.4705 20.4
      vertex 83.8289 77.3745 20.4
      vertex 80.989 78.9695 20.4
    endloop
  endfacet
  facet normal 0 0 1
    outer loop
      vertex 83.8289 77.3745 20.4
      vertex 81.1675 78.4705 20.4
      vertex 83.2442 77.2281 20.4
    endloop
  endfacet
  facet normal 0 0 1
    outer loop
      vertex 83.2442 77.2281 20.4
      vertex 81.1675 78.4705 20.4
      vertex 83.1533 77.2076 20.4
    endloop
  endfacet
  facet normal 0 0 1
    outer loop
      vertex 83.1533 77.2076 20.4
      vertex 81.1675 78.4705 20.4
      vertex 83.0747 77.1795 20.4
    endloop
  endfacet
  facet normal 0 0 1
    outer loop
      vertex 82.9993 77.1439 20.4
      vertex 81.2962 77.9565 20.4
      vertex 82.9278 77.101 20.4
    endloop
  endfacet
  facet normal 0 0 1
    outer loop
      vertex 82.9278 77.101 20.4
      vertex 81.2962 77.9565 20.4
      vertex 82.8608 77.0513 20.4
    endloop
  endfacet
  facet normal -0 -0 1
    outer loop
      vertex 81.374 77.4323 20.4
      vertex 82.8608 77.0513 20.4
      vertex 81.2962 77.9565 20.4
    endloop
  endfacet
  facet normal 0 0 1
    outer loop
      vertex 82.8608 77.0513 20.4
      vertex 81.374 77.4323 20.4
      vertex 82.799 76.9953 20.4
    endloop
  endfacet
  facet normal 0 0 1
    outer loop
      vertex 82.7429 76.9335 20.4
      vertex 81.374 77.4323 20.4
      vertex 82.6932 76.8665 20.4
    endloop
  endfacet
  facet normal 0 0 1
    outer loop
      vertex 82.6932 76.8665 20.4
      vertex 81.374 77.4323 20.4
      vertex 82.6504 76.7949 20.4
    endloop
  endfacet
  facet normal -0 -0 1
    outer loop
      vertex 81.4 76.903 20.4
      vertex 82.6504 76.7949 20.4
      vertex 81.374 77.4323 20.4
    endloop
  endfacet
  facet normal 0 0 1
    outer loop
      vertex 82.6504 76.7949 20.4
      vertex 81.4 76.903 20.4
      vertex 82.6147 76.7195 20.4
    endloop
  endfacet
  facet normal 0 0 1
    outer loop
      vertex 82.6147 76.7195 20.4
      vertex 81.4 76.903 20.4
      vertex 82.5866 76.641 20.4
    endloop
  endfacet
  facet normal 0 0 1
    outer loop
      vertex 82.799 76.9953 20.4
      vertex 81.374 77.4323 20.4
      vertex 82.7429 76.9335 20.4
    endloop
  endfacet
  facet normal 0 0 1
    outer loop
      vertex 81.2962 31.0435 20.4
      vertex 83.0366 31.8374 20.4
      vertex 82.963 31.8767 20.4
    endloop
  endfacet
  facet normal 0 0 1
    outer loop
      vertex 83.0366 31.8374 20.4
      vertex 82.9624 26.0638 20.4
      vertex 82.9665 25.9805 20.4
    endloop
  endfacet
  facet normal 0 0 1
    outer loop
      vertex 83.0366 31.8374 20.4
      vertex 82.9501 26.1464 20.4
      vertex 82.9624 26.0638 20.4
    endloop
  endfacet
  facet normal 0 0 1
    outer loop
      vertex 83.0366 31.8374 20.4
      vertex 82.9299 26.2273 20.4
      vertex 82.9501 26.1464 20.4
    endloop
  endfacet
  facet normal 0 0 1
    outer loop
      vertex 83.0366 31.8374 20.4
      vertex 82.9018 26.3058 20.4
      vertex 82.9299 26.2273 20.4
    endloop
  endfacet
  facet normal 0 0 1
    outer loop
      vertex 81.2962 31.0435 20.4
      vertex 82.963 31.8767 20.4
      vertex 82.8936 31.923 20.4
    endloop
  endfacet
  facet normal 0 0 1
    outer loop
      vertex 83.0366 31.8374 20.4
      vertex 82.8661 26.3812 20.4
      vertex 82.9018 26.3058 20.4
    endloop
  endfacet
  facet normal 0 0 1
    outer loop
      vertex 81.374 31.5677 20.4
      vertex 82.8936 31.923 20.4
      vertex 82.8292 31.976 20.4
    endloop
  endfacet
  facet normal 0 0 1
    outer loop
      vertex 83.0366 31.8374 20.4
      vertex 82.8232 26.4528 20.4
      vertex 82.8661 26.3812 20.4
    endloop
  endfacet
  facet normal 0 0 1
    outer loop
      vertex 83.0366 31.8374 20.4
      vertex 82.7735 26.5198 20.4
      vertex 82.8232 26.4528 20.4
    endloop
  endfacet
  facet normal 0 0 1
    outer loop
      vertex 81.374 31.5677 20.4
      vertex 82.8292 31.976 20.4
      vertex 82.7702 32.0349 20.4
    endloop
  endfacet
  facet normal 0 0 1
    outer loop
      vertex 83.0366 31.8374 20.4
      vertex 82.7175 26.5816 20.4
      vertex 82.7735 26.5198 20.4
    endloop
  endfacet
  facet normal 0 0 1
    outer loop
      vertex 81.374 31.5677 20.4
      vertex 82.7702 32.0349 20.4
      vertex 82.7173 32.0994 20.4
    endloop
  endfacet
  facet normal 0 0 1
    outer loop
      vertex 81.374 31.5677 20.4
      vertex 82.7173 32.0994 20.4
      vertex 82.6709 32.1688 20.4
    endloop
  endfacet
  facet normal 0 0 1
    outer loop
      vertex 83.0366 31.8374 20.4
      vertex 82.6557 26.6376 20.4
      vertex 82.7175 26.5816 20.4
    endloop
  endfacet
  facet normal 0 0 1
    outer loop
      vertex 81.4 32.097 20.4
      vertex 82.6709 32.1688 20.4
      vertex 82.6316 32.2424 20.4
    endloop
  endfacet
  facet normal 0 0 1
    outer loop
      vertex 81.4 32.097 20.4
      vertex 82.6316 32.2424 20.4
      vertex 82.5997 32.3194 20.4
    endloop
  endfacet
  facet normal 0 0 1
    outer loop
      vertex 83.0366 31.8374 20.4
      vertex 82.5887 26.6873 20.4
      vertex 82.6557 26.6376 20.4
    endloop
  endfacet
  facet normal 0 0 1
    outer loop
      vertex 81.4 32.097 20.4
      vertex 82.5997 32.3194 20.4
      vertex 82.5755 32.3992 20.4
    endloop
  endfacet
  facet normal 0 0 1
    outer loop
      vertex 81.4 32.097 20.4
      vertex 82.5755 32.3992 20.4
      vertex 82.5592 32.481 20.4
    endloop
  endfacet
  facet normal 0 0 1
    outer loop
      vertex 81.4 32.097 20.4
      vertex 82.5592 32.481 20.4
      vertex 82.55 32.6058 20.4
    endloop
  endfacet
  facet normal 0 0 1
    outer loop
      vertex 83.0366 31.8374 20.4
      vertex 81.1675 30.5295 20.4
      vertex 80.989 30.0305 20.4
    endloop
  endfacet
  facet normal 0 0 1
    outer loop
      vertex 82.55 76.3942 20.4
      vertex 81.4 76.903 20.4
      vertex 82.55 32.6058 20.4
    endloop
  endfacet
  facet normal 0 0 1
    outer loop
      vertex 83.0747 77.1795 20.4
      vertex 81.2962 77.9565 20.4
      vertex 82.9993 77.1439 20.4
    endloop
  endfacet
  facet normal 0 0 1
    outer loop
      vertex 81.4 32.097 20.4
      vertex 82.55 32.6058 20.4
      vertex 81.4 76.903 20.4
    endloop
  endfacet
  facet normal 0 0 1
    outer loop
      vertex 80.989 78.9695 20.4
      vertex 82.4418 82.2342 20.4
      vertex 82.3632 82.2061 20.4
    endloop
  endfacet
  facet normal 0 0 1
    outer loop
      vertex 82.6709 32.1688 20.4
      vertex 81.4 32.097 20.4
      vertex 81.374 31.5677 20.4
    endloop
  endfacet
  facet normal 0 0 1
    outer loop
      vertex 80.989 78.9695 20.4
      vertex 82.3632 82.2061 20.4
      vertex 82.2823 82.1858 20.4
    endloop
  endfacet
  facet normal 0 0 1
    outer loop
      vertex 82.8936 31.923 20.4
      vertex 81.374 31.5677 20.4
      vertex 81.2962 31.0435 20.4
    endloop
  endfacet
  facet normal 0 0 1
    outer loop
      vertex 80.989 78.9695 20.4
      vertex 82.2823 82.1858 20.4
      vertex 82.1998 82.1736 20.4
    endloop
  endfacet
  facet normal 0 0 1
    outer loop
      vertex 83.0366 31.8374 20.4
      vertex 81.2962 31.0435 20.4
      vertex 81.1675 30.5295 20.4
    endloop
  endfacet
  facet normal 0 0 1
    outer loop
      vertex 80.989 78.9695 20.4
      vertex 82.1998 82.1736 20.4
      vertex 82.1165 82.1695 20.4
    endloop
  endfacet
  facet normal 0 0 1
    outer loop
      vertex 83.0366 31.8374 20.4
      vertex 82.5172 26.7302 20.4
      vertex 82.5887 26.6873 20.4
    endloop
  endfacet
  facet normal 0 0 1
    outer loop
      vertex 80.989 78.9695 20.4
      vertex 82.1165 82.1695 20.4
      vertex 82.0332 82.1736 20.4
    endloop
  endfacet
  facet normal 0 0 1
    outer loop
      vertex 83.0366 31.8374 20.4
      vertex 80.989 30.0305 20.4
      vertex 82.4418 26.7658 20.4
    endloop
  endfacet
  facet normal 0 0 1
    outer loop
      vertex 80.989 78.9695 20.4
      vertex 82.0332 82.1736 20.4
      vertex 81.9506 82.1858 20.4
    endloop
  endfacet
  facet normal 0 0 1
    outer loop
      vertex 83.0366 31.8374 20.4
      vertex 82.4418 26.7658 20.4
      vertex 82.5172 26.7302 20.4
    endloop
  endfacet
  facet normal 0 0 1
    outer loop
      vertex 80.989 78.9695 20.4
      vertex 81.9506 82.1858 20.4
      vertex 81.8697 82.2061 20.4
    endloop
  endfacet
  facet normal 0 0 1
    outer loop
      vertex 82.4418 26.7658 20.4
      vertex 80.989 30.0305 20.4
      vertex 82.3632 26.7939 20.4
    endloop
  endfacet
  facet normal 0 0 1
    outer loop
      vertex 80.989 78.9695 20.4
      vertex 81.8697 82.2061 20.4
      vertex 81.7912 82.2342 20.4
    endloop
  endfacet
  facet normal 0 0 1
    outer loop
      vertex 82.3632 26.7939 20.4
      vertex 80.989 30.0305 20.4
      vertex 82.2823 26.8142 20.4
    endloop
  endfacet
  facet normal 0 0 1
    outer loop
      vertex 80.989 78.9695 20.4
      vertex 81.7912 82.2342 20.4
      vertex 81.7158 82.2698 20.4
    endloop
  endfacet
  facet normal -0 0 1
    outer loop
      vertex 80.7624 29.5515 20.4
      vertex 82.2823 26.8142 20.4
      vertex 80.989 30.0305 20.4
    endloop
  endfacet
  facet normal 0 0 1
    outer loop
      vertex 80.989 78.9695 20.4
      vertex 81.7158 82.2698 20.4
      vertex 81.6442 82.3127 20.4
    endloop
  endfacet
  facet normal 0 0 1
    outer loop
      vertex 82.2823 26.8142 20.4
      vertex 80.7624 29.5515 20.4
      vertex 82.1998 26.8264 20.4
    endloop
  endfacet
  facet normal 0 0 1
    outer loop
      vertex 80.989 78.9695 20.4
      vertex 81.6442 82.3127 20.4
      vertex 81.5772 82.3624 20.4
    endloop
  endfacet
  facet normal 0 0 1
    outer loop
      vertex 82.1998 26.8264 20.4
      vertex 80.7624 29.5515 20.4
      vertex 82.1165 26.8305 20.4
    endloop
  endfacet
  facet normal 0 0 1
    outer loop
      vertex 80.989 78.9695 20.4
      vertex 81.5772 82.3624 20.4
      vertex 81.5154 82.4184 20.4
    endloop
  endfacet
  facet normal -0 0 1
    outer loop
      vertex 80.4899 29.0969 20.4
      vertex 82.1165 26.8305 20.4
      vertex 80.7624 29.5515 20.4
    endloop
  endfacet
  facet normal 0 0 1
    outer loop
      vertex 80.989 78.9695 20.4
      vertex 81.5154 82.4184 20.4
      vertex 81.4594 82.4802 20.4
    endloop
  endfacet
  facet normal 0 0 1
    outer loop
      vertex 82.1165 26.8305 20.4
      vertex 80.4899 29.0969 20.4
      vertex 82.0332 26.8264 20.4
    endloop
  endfacet
  facet normal 0 0 1
    outer loop
      vertex 80.989 78.9695 20.4
      vertex 81.4594 82.4802 20.4
      vertex 81.4097 82.5472 20.4
    endloop
  endfacet
  facet normal 0 0 1
    outer loop
      vertex 82.0332 26.8264 20.4
      vertex 80.4899 29.0969 20.4
      vertex 81.9506 26.8142 20.4
    endloop
  endfacet
  facet normal 0 0 1
    outer loop
      vertex 81.9506 26.8142 20.4
      vertex 80.4899 29.0969 20.4
      vertex 81.8697 26.7939 20.4
    endloop
  endfacet
  facet normal 0 0 1
    outer loop
      vertex 82.5541 76.4775 20.4
      vertex 81.4 76.903 20.4
      vertex 82.55 76.3942 20.4
    endloop
  endfacet
  facet normal 0 0 1
    outer loop
      vertex 80.989 78.9695 20.4
      vertex 81.4097 82.5472 20.4
      vertex 81.3668 82.6188 20.4
    endloop
  endfacet
  facet normal 0 0 1
    outer loop
      vertex 80.989 78.9695 20.4
      vertex 81.3668 82.6188 20.4
      vertex 81.3312 82.6942 20.4
    endloop
  endfacet
  facet normal 0 0 1
    outer loop
      vertex 80.989 78.9695 20.4
      vertex 81.3312 82.6942 20.4
      vertex 81.3031 82.7727 20.4
    endloop
  endfacet
  facet normal 0 0 1
    outer loop
      vertex 82.5663 76.5601 20.4
      vertex 81.4 76.903 20.4
      vertex 82.5541 76.4775 20.4
    endloop
  endfacet
  facet normal 0 0 1
    outer loop
      vertex 80.989 78.9695 20.4
      vertex 81.3031 82.7727 20.4
      vertex 81.2828 82.8536 20.4
    endloop
  endfacet
  facet normal 0 0 1
    outer loop
      vertex 80.989 78.9695 20.4
      vertex 81.2828 82.8536 20.4
      vertex 81.2706 82.9362 20.4
    endloop
  endfacet
  facet normal 0 0 1
    outer loop
      vertex 79.0001 81.3929 20.4
      vertex 81.2706 82.9362 20.4
      vertex 81.2665 83.0195 20.4
    endloop
  endfacet
  facet normal 0 0 1
    outer loop
      vertex 82.5866 76.641 20.4
      vertex 81.4 76.903 20.4
      vertex 82.5663 76.5601 20.4
    endloop
  endfacet
  facet normal 0 0 1
    outer loop
      vertex 82.9665 25.9805 20.4
      vertex 88.0154 25.9805 20.4
      vertex 87.987 26.5587 20.4
    endloop
  endfacet
  facet normal 0 0 1
    outer loop
      vertex 82.9665 25.9805 20.4
      vertex 87.987 26.5587 20.4
      vertex 87.9021 27.1315 20.4
    endloop
  endfacet
  facet normal 0 0 1
    outer loop
      vertex 88.0154 25.9805 20.4
      vertex 82.9665 25.9805 20.4
      vertex 87.987 25.4023 20.4
    endloop
  endfacet
  facet normal 0 0 1
    outer loop
      vertex 82.9665 25.9805 20.4
      vertex 87.9021 27.1315 20.4
      vertex 87.7615 27.6928 20.4
    endloop
  endfacet
  facet normal -0 0 1
    outer loop
      vertex 82.9624 25.8972 20.4
      vertex 87.987 25.4023 20.4
      vertex 82.9665 25.9805 20.4
    endloop
  endfacet
  facet normal 0 0 1
    outer loop
      vertex 87.987 25.4023 20.4
      vertex 82.9624 25.8972 20.4
      vertex 87.9021 24.8296 20.4
    endloop
  endfacet
  facet normal 0 0 1
    outer loop
      vertex 82.9665 25.9805 20.4
      vertex 87.7615 27.6928 20.4
      vertex 87.5664 28.238 20.4
    endloop
  endfacet
  facet normal 0 0 1
    outer loop
      vertex 82.9665 25.9805 20.4
      vertex 87.5664 28.238 20.4
      vertex 87.3189 28.7612 20.4
    endloop
  endfacet
  facet normal -0 0 1
    outer loop
      vertex 82.9501 25.8147 20.4
      vertex 87.9021 24.8296 20.4
      vertex 82.9624 25.8972 20.4
    endloop
  endfacet
  facet normal 0 0 1
    outer loop
      vertex 87.9021 24.8296 20.4
      vertex 82.9501 25.8147 20.4
      vertex 87.7614 24.2682 20.4
    endloop
  endfacet
  facet normal 0 0 1
    outer loop
      vertex 82.9665 25.9805 20.4
      vertex 87.3189 28.7612 20.4
      vertex 87.0213 29.2578 20.4
    endloop
  endfacet
  facet normal 0 0 1
    outer loop
      vertex 82.9665 25.9805 20.4
      vertex 87.0213 29.2578 20.4
      vertex 86.6764 29.7228 20.4
    endloop
  endfacet
  facet normal -0 0 1
    outer loop
      vertex 82.9299 25.7338 20.4
      vertex 87.7614 24.2682 20.4
      vertex 82.9501 25.8147 20.4
    endloop
  endfacet
  facet normal 0 0 1
    outer loop
      vertex 87.7614 24.2682 20.4
      vertex 82.9299 25.7338 20.4
      vertex 87.5664 23.7231 20.4
    endloop
  endfacet
  facet normal 0 0 1
    outer loop
      vertex 82.9665 25.9805 20.4
      vertex 86.6764 29.7228 20.4
      vertex 86.2876 30.1518 20.4
    endloop
  endfacet
  facet normal 0 0 1
    outer loop
      vertex 82.9665 25.9805 20.4
      vertex 86.2876 30.1518 20.4
      vertex 85.8588 30.5404 20.4
    endloop
  endfacet
  facet normal -0 0 1
    outer loop
      vertex 82.9018 25.6552 20.4
      vertex 87.5664 23.7231 20.4
      vertex 82.9299 25.7338 20.4
    endloop
  endfacet
  facet normal 0 0 1
    outer loop
      vertex 82.9665 25.9805 20.4
      vertex 85.8588 30.5404 20.4
      vertex 85.3938 30.8853 20.4
    endloop
  endfacet
  facet normal 0 0 1
    outer loop
      vertex 87.5664 23.7231 20.4
      vertex 82.9018 25.6552 20.4
      vertex 87.3189 23.1998 20.4
    endloop
  endfacet
  facet normal 0 0 1
    outer loop
      vertex 82.9665 25.9805 20.4
      vertex 85.3938 30.8853 20.4
      vertex 84.8972 31.183 20.4
    endloop
  endfacet
  facet normal -0 0 1
    outer loop
      vertex 82.8661 25.5798 20.4
      vertex 87.3189 23.1998 20.4
      vertex 82.9018 25.6552 20.4
    endloop
  endfacet
  facet normal 0 0 1
    outer loop
      vertex 87.3189 23.1998 20.4
      vertex 82.8661 25.5798 20.4
      vertex 87.0213 22.7032 20.4
    endloop
  endfacet
  facet normal 0 0 1
    outer loop
      vertex 82.9665 25.9805 20.4
      vertex 84.8972 31.183 20.4
      vertex 84.3739 31.4305 20.4
    endloop
  endfacet
  facet normal 0 0 1
    outer loop
      vertex 82.9665 25.9805 20.4
      vertex 84.3739 31.4305 20.4
      vertex 83.8289 31.6255 20.4
    endloop
  endfacet
  facet normal -0 0 1
    outer loop
      vertex 82.8232 25.5083 20.4
      vertex 87.0213 22.7032 20.4
      vertex 82.8661 25.5798 20.4
    endloop
  endfacet
  facet normal 0 0 1
    outer loop
      vertex 87.0213 22.7032 20.4
      vertex 82.8232 25.5083 20.4
      vertex 86.6764 22.2383 20.4
    endloop
  endfacet
  facet normal 0 0 1
    outer loop
      vertex 82.9665 25.9805 20.4
      vertex 83.8289 31.6255 20.4
      vertex 83.2597 31.7681 20.4
    endloop
  endfacet
  facet normal 0 0 1
    outer loop
      vertex 82.9665 25.9805 20.4
      vertex 83.2597 31.7681 20.4
      vertex 83.1935 31.7812 20.4
    endloop
  endfacet
  facet normal 0 0 1
    outer loop
      vertex 82.9665 25.9805 20.4
      vertex 83.1935 31.7812 20.4
      vertex 83.1136 31.8055 20.4
    endloop
  endfacet
  facet normal 0 0 1
    outer loop
      vertex 82.9665 25.9805 20.4
      vertex 83.1136 31.8055 20.4
      vertex 83.0366 31.8374 20.4
    endloop
  endfacet
  facet normal -0 0 1
    outer loop
      vertex 82.7735 25.4413 20.4
      vertex 86.6764 22.2383 20.4
      vertex 82.8232 25.5083 20.4
    endloop
  endfacet
  facet normal 0 0 1
    outer loop
      vertex 86.6764 22.2383 20.4
      vertex 82.7735 25.4413 20.4
      vertex 86.2877 21.8093 20.4
    endloop
  endfacet
  facet normal -0 0 1
    outer loop
      vertex 82.7175 25.3795 20.4
      vertex 86.2877 21.8093 20.4
      vertex 82.7735 25.4413 20.4
    endloop
  endfacet
  facet normal 0 0 1
    outer loop
      vertex 86.2877 21.8093 20.4
      vertex 82.7175 25.3795 20.4
      vertex 85.8587 21.4205 20.4
    endloop
  endfacet
  facet normal -0 0 1
    outer loop
      vertex 82.6557 25.3235 20.4
      vertex 85.8587 21.4205 20.4
      vertex 82.7175 25.3795 20.4
    endloop
  endfacet
  facet normal 0 0 1
    outer loop
      vertex 85.8587 21.4205 20.4
      vertex 82.6557 25.3235 20.4
      vertex 85.3937 21.0757 20.4
    endloop
  endfacet
  facet normal -0 0 1
    outer loop
      vertex 82.5887 25.2738 20.4
      vertex 85.3937 21.0757 20.4
      vertex 82.6557 25.3235 20.4
    endloop
  endfacet
  facet normal 0 0 1
    outer loop
      vertex 85.3937 21.0757 20.4
      vertex 82.5887 25.2738 20.4
      vertex 84.8972 20.7781 20.4
    endloop
  endfacet
  facet normal -0 0 1
    outer loop
      vertex 82.5172 25.2309 20.4
      vertex 84.8972 20.7781 20.4
      vertex 82.5887 25.2738 20.4
    endloop
  endfacet
  facet normal 0 0 1
    outer loop
      vertex 84.8972 20.7781 20.4
      vertex 82.5172 25.2309 20.4
      vertex 84.3739 20.5306 20.4
    endloop
  endfacet
  facet normal -0 0 1
    outer loop
      vertex 82.4418 25.1952 20.4
      vertex 84.3739 20.5306 20.4
      vertex 82.5172 25.2309 20.4
    endloop
  endfacet
  facet normal 0 0 1
    outer loop
      vertex 84.3739 20.5306 20.4
      vertex 82.4418 25.1952 20.4
      vertex 83.8288 20.3355 20.4
    endloop
  endfacet
  facet normal -0 0 1
    outer loop
      vertex 82.3632 25.1671 20.4
      vertex 83.8288 20.3355 20.4
      vertex 82.4418 25.1952 20.4
    endloop
  endfacet
  facet normal 0 0 1
    outer loop
      vertex 83.8288 20.3355 20.4
      vertex 82.3632 25.1671 20.4
      vertex 83.2674 20.1949 20.4
    endloop
  endfacet
  facet normal -0 0 1
    outer loop
      vertex 82.2823 25.1469 20.4
      vertex 83.2674 20.1949 20.4
      vertex 82.3632 25.1671 20.4
    endloop
  endfacet
  facet normal 0 0 1
    outer loop
      vertex 83.2674 20.1949 20.4
      vertex 82.2823 25.1469 20.4
      vertex 82.6947 20.11 20.4
    endloop
  endfacet
  facet normal -0 0 1
    outer loop
      vertex 82.1998 25.1346 20.4
      vertex 82.6947 20.11 20.4
      vertex 82.2823 25.1469 20.4
    endloop
  endfacet
  facet normal -0 0 1
    outer loop
      vertex 82.1165 25.1305 20.4
      vertex 82.6947 20.11 20.4
      vertex 82.1998 25.1346 20.4
    endloop
  endfacet
  facet normal 0 0 1
    outer loop
      vertex 82.1165 25.1305 20.4
      vertex 82.1165 20.0815 20.4
      vertex 82.6947 20.11 20.4
    endloop
  endfacet
  facet normal 0 0 1
    outer loop
      vertex 82.0332 25.1346 20.4
      vertex 82.1165 20.0815 20.4
      vertex 82.1165 25.1305 20.4
    endloop
  endfacet
  facet normal 0 0 1
    outer loop
      vertex 81.5383 20.11 20.4
      vertex 82.0332 25.1346 20.4
      vertex 81.9506 25.1469 20.4
    endloop
  endfacet
  facet normal 0 0 1
    outer loop
      vertex 80.9655 20.1949 20.4
      vertex 81.9506 25.1469 20.4
      vertex 81.8697 25.1671 20.4
    endloop
  endfacet
  facet normal 0 0 1
    outer loop
      vertex 80.4042 20.3355 20.4
      vertex 81.8697 25.1671 20.4
      vertex 81.7912 25.1952 20.4
    endloop
  endfacet
  facet normal 0 0 1
    outer loop
      vertex 79.859 20.5306 20.4
      vertex 81.7912 25.1952 20.4
      vertex 81.7158 25.2309 20.4
    endloop
  endfacet
  facet normal 0 0 1
    outer loop
      vertex 79.3358 20.778 20.4
      vertex 81.7158 25.2309 20.4
      vertex 81.6442 25.2738 20.4
    endloop
  endfacet
  facet normal 0 0 1
    outer loop
      vertex 78.8391 21.0757 20.4
      vertex 81.6442 25.2738 20.4
      vertex 81.5772 25.3235 20.4
    endloop
  endfacet
  facet normal 0 0 1
    outer loop
      vertex 82.0332 25.1346 20.4
      vertex 81.5383 20.11 20.4
      vertex 82.1165 20.0815 20.4
    endloop
  endfacet
  facet normal 0 0 1
    outer loop
      vertex 78.3742 21.4205 20.4
      vertex 81.5772 25.3235 20.4
      vertex 81.5154 25.3795 20.4
    endloop
  endfacet
  facet normal 0 0 1
    outer loop
      vertex 77.9452 21.8094 20.4
      vertex 81.5154 25.3795 20.4
      vertex 81.4594 25.4413 20.4
    endloop
  endfacet
  facet normal 0 0 1
    outer loop
      vertex 77.5565 22.2382 20.4
      vertex 81.4594 25.4413 20.4
      vertex 81.4097 25.5083 20.4
    endloop
  endfacet
  facet normal 0 0 1
    outer loop
      vertex 77.2117 22.7032 20.4
      vertex 81.4097 25.5083 20.4
      vertex 81.3668 25.5798 20.4
    endloop
  endfacet
  facet normal 0 0 1
    outer loop
      vertex 76.914 23.1998 20.4
      vertex 81.3668 25.5798 20.4
      vertex 81.3312 25.6552 20.4
    endloop
  endfacet
  facet normal 0 0 1
    outer loop
      vertex 78.0665 27.1081 20.4
      vertex 81.3312 25.6552 20.4
      vertex 81.3031 25.7338 20.4
    endloop
  endfacet
  facet normal 0 0 1
    outer loop
      vertex 78.0665 27.1081 20.4
      vertex 81.3031 25.7338 20.4
      vertex 81.2828 25.8147 20.4
    endloop
  endfacet
  facet normal 0 0 1
    outer loop
      vertex 78.5455 27.3346 20.4
      vertex 81.2828 25.8147 20.4
      vertex 81.2706 25.8972 20.4
    endloop
  endfacet
  facet normal 0 0 1
    outer loop
      vertex 78.5455 27.3346 20.4
      vertex 81.2706 25.8972 20.4
      vertex 81.2665 25.9805 20.4
    endloop
  endfacet
  facet normal 0 0 1
    outer loop
      vertex 81.4097 26.4528 20.4
      vertex 79.4257 27.9227 20.4
      vertex 81.3668 26.3812 20.4
    endloop
  endfacet
  facet normal 0 0 1
    outer loop
      vertex 81.3668 26.3812 20.4
      vertex 79.4257 27.9227 20.4
      vertex 81.3312 26.3058 20.4
    endloop
  endfacet
  facet normal 0 0 1
    outer loop
      vertex 81.3312 26.3058 20.4
      vertex 79.4257 27.9227 20.4
      vertex 81.3031 26.2273 20.4
    endloop
  endfacet
  facet normal -0 0 1
    outer loop
      vertex 79.0001 27.6071 20.4
      vertex 81.3031 26.2273 20.4
      vertex 79.4257 27.9227 20.4
    endloop
  endfacet
  facet normal 0 0 1
    outer loop
      vertex 81.3031 26.2273 20.4
      vertex 79.0001 27.6071 20.4
      vertex 81.2828 26.1464 20.4
    endloop
  endfacet
  facet normal 0 0 1
    outer loop
      vertex 81.2828 26.1464 20.4
      vertex 79.0001 27.6071 20.4
      vertex 81.2706 26.0638 20.4
    endloop
  endfacet
  facet normal 0 0 1
    outer loop
      vertex 81.2706 26.0638 20.4
      vertex 79.0001 27.6071 20.4
      vertex 81.2665 25.9805 20.4
    endloop
  endfacet
  facet normal 0 0 1
    outer loop
      vertex 81.9506 25.1469 20.4
      vertex 80.9655 20.1949 20.4
      vertex 81.5383 20.11 20.4
    endloop
  endfacet
  facet normal 0 0 1
    outer loop
      vertex 81.8697 25.1671 20.4
      vertex 80.4042 20.3355 20.4
      vertex 80.9655 20.1949 20.4
    endloop
  endfacet
  facet normal -0 0 1
    outer loop
      vertex 78.5455 27.3346 20.4
      vertex 81.2665 25.9805 20.4
      vertex 79.0001 27.6071 20.4
    endloop
  endfacet
  facet normal 0 0 1
    outer loop
      vertex 81.7912 25.1952 20.4
      vertex 79.859 20.5306 20.4
      vertex 80.4042 20.3355 20.4
    endloop
  endfacet
  facet normal 0 0 1
    outer loop
      vertex 81.7158 25.2309 20.4
      vertex 79.3358 20.778 20.4
      vertex 79.859 20.5306 20.4
    endloop
  endfacet
  facet normal 0 0 1
    outer loop
      vertex 81.6442 25.2738 20.4
      vertex 78.8391 21.0757 20.4
      vertex 79.3358 20.778 20.4
    endloop
  endfacet
  facet normal 0 0 1
    outer loop
      vertex 81.2828 25.8147 20.4
      vertex 78.5455 27.3346 20.4
      vertex 78.0665 27.1081 20.4
    endloop
  endfacet
  facet normal 0 0 1
    outer loop
      vertex 81.5772 25.3235 20.4
      vertex 78.3742 21.4205 20.4
      vertex 78.8391 21.0757 20.4
    endloop
  endfacet
  facet normal 0 0 1
    outer loop
      vertex 81.3312 25.6552 20.4
      vertex 78.0665 27.1081 20.4
      vertex 76.6665 23.7231 20.4
    endloop
  endfacet
  facet normal 0 0 1
    outer loop
      vertex 81.5154 25.3795 20.4
      vertex 77.9452 21.8094 20.4
      vertex 78.3742 21.4205 20.4
    endloop
  endfacet
  facet normal 0 0 1
    outer loop
      vertex 76.4715 24.2681 20.4
      vertex 78.0665 27.1081 20.4
      vertex 77.5675 26.9295 20.4
    endloop
  endfacet
  facet normal 0 0 1
    outer loop
      vertex 81.4594 25.4413 20.4
      vertex 77.5565 22.2382 20.4
      vertex 77.9452 21.8094 20.4
    endloop
  endfacet
  facet normal 0 0 1
    outer loop
      vertex 81.4097 25.5083 20.4
      vertex 77.2117 22.7032 20.4
      vertex 77.5565 22.2382 20.4
    endloop
  endfacet
  facet normal 0 0 1
    outer loop
      vertex 76.3046 24.9437 20.4
      vertex 77.5675 26.9295 20.4
      vertex 77.0535 26.8008 20.4
    endloop
  endfacet
  facet normal 0 0 1
    outer loop
      vertex 81.3668 25.5798 20.4
      vertex 76.914 23.1998 20.4
      vertex 77.2117 22.7032 20.4
    endloop
  endfacet
  facet normal 0 0 1
    outer loop
      vertex 81.3312 25.6552 20.4
      vertex 76.6665 23.7231 20.4
      vertex 76.914 23.1998 20.4
    endloop
  endfacet
  facet normal 0 0 1
    outer loop
      vertex 76.1483 25.2362 20.4
      vertex 77.0535 26.8008 20.4
      vertex 76.5293 26.723 20.4
    endloop
  endfacet
  facet normal 0 0 1
    outer loop
      vertex 78.0665 27.1081 20.4
      vertex 76.4715 24.2681 20.4
      vertex 76.6665 23.7231 20.4
    endloop
  endfacet
  facet normal 0 0 1
    outer loop
      vertex 77.5675 26.9295 20.4
      vertex 76.3251 24.8528 20.4
      vertex 76.4715 24.2681 20.4
    endloop
  endfacet
  facet normal 0 0 1
    outer loop
      vertex 77.5675 26.9295 20.4
      vertex 76.3046 24.9437 20.4
      vertex 76.3251 24.8528 20.4
    endloop
  endfacet
  facet normal 0 0 1
    outer loop
      vertex 77.0535 26.8008 20.4
      vertex 76.2765 25.0223 20.4
      vertex 76.3046 24.9437 20.4
    endloop
  endfacet
  facet normal 0 0 1
    outer loop
      vertex 77.0535 26.8008 20.4
      vertex 76.2409 25.0977 20.4
      vertex 76.2765 25.0223 20.4
    endloop
  endfacet
  facet normal 0 0 1
    outer loop
      vertex 77.0535 26.8008 20.4
      vertex 76.198 25.1692 20.4
      vertex 76.2409 25.0977 20.4
    endloop
  endfacet
  facet normal 0 0 1
    outer loop
      vertex 77.0535 26.8008 20.4
      vertex 76.1483 25.2362 20.4
      vertex 76.198 25.1692 20.4
    endloop
  endfacet
  facet normal 0 0 1
    outer loop
      vertex 76.5293 26.723 20.4
      vertex 76.0923 25.298 20.4
      vertex 76.1483 25.2362 20.4
    endloop
  endfacet
  facet normal 0 0 1
    outer loop
      vertex 76.5293 26.723 20.4
      vertex 76.0305 25.354 20.4
      vertex 76.0923 25.298 20.4
    endloop
  endfacet
  facet normal 0 0 1
    outer loop
      vertex 75.9635 25.4037 20.4
      vertex 76.5293 26.723 20.4
      vertex 76 26.697 20.4
    endloop
  endfacet
  facet normal 0 0 1
    outer loop
      vertex 76.5293 26.723 20.4
      vertex 75.9635 25.4037 20.4
      vertex 76.0305 25.354 20.4
    endloop
  endfacet
  facet normal 0 0 1
    outer loop
      vertex 76 26.697 20.4
      vertex 75.8919 25.4466 20.4
      vertex 75.9635 25.4037 20.4
    endloop
  endfacet
  facet normal 0 0 1
    outer loop
      vertex 76 26.697 20.4
      vertex 75.8165 25.4823 20.4
      vertex 75.8919 25.4466 20.4
    endloop
  endfacet
  facet normal 0 0 1
    outer loop
      vertex 76 26.697 20.4
      vertex 75.738 25.5104 20.4
      vertex 75.8165 25.4823 20.4
    endloop
  endfacet
  facet normal 0 0 1
    outer loop
      vertex 76 26.697 20.4
      vertex 75.6571 25.5307 20.4
      vertex 75.738 25.5104 20.4
    endloop
  endfacet
  facet normal 0 0 1
    outer loop
      vertex 76 26.697 20.4
      vertex 75.5745 25.5429 20.4
      vertex 75.6571 25.5307 20.4
    endloop
  endfacet
  facet normal 0 0 1
    outer loop
      vertex 76 26.697 20.4
      vertex 75.4912 25.547 20.4
      vertex 75.5745 25.5429 20.4
    endloop
  endfacet
  facet normal 0 0 1
    outer loop
      vertex 76 26.697 20.4
      vertex 31.6058 25.547 20.4
      vertex 75.4912 25.547 20.4
    endloop
  endfacet
  facet normal -0 0 1
    outer loop
      vertex 31.097 26.697 20.4
      vertex 31.6058 25.547 20.4
      vertex 76 26.697 20.4
    endloop
  endfacet
  facet normal 0 0 1
    outer loop
      vertex 31.097 26.697 20.4
      vertex 31.481 25.5378 20.4
      vertex 31.6058 25.547 20.4
    endloop
  endfacet
  facet normal 0 0 1
    outer loop
      vertex 31.097 26.697 20.4
      vertex 31.3992 25.5215 20.4
      vertex 31.481 25.5378 20.4
    endloop
  endfacet
  facet normal 0 0 1
    outer loop
      vertex 31.097 26.697 20.4
      vertex 31.3194 25.4973 20.4
      vertex 31.3992 25.5215 20.4
    endloop
  endfacet
  facet normal 0 0 1
    outer loop
      vertex 31.097 26.697 20.4
      vertex 31.2424 25.4654 20.4
      vertex 31.3194 25.4973 20.4
    endloop
  endfacet
  facet normal 0 0 1
    outer loop
      vertex 31.097 26.697 20.4
      vertex 31.1688 25.4261 20.4
      vertex 31.2424 25.4654 20.4
    endloop
  endfacet
  facet normal 0 0 1
    outer loop
      vertex 30.5677 26.723 20.4
      vertex 31.1688 25.4261 20.4
      vertex 31.097 26.697 20.4
    endloop
  endfacet
  facet normal 0 0 1
    outer loop
      vertex 31.1688 25.4261 20.4
      vertex 30.5677 26.723 20.4
      vertex 31.0994 25.3797 20.4
    endloop
  endfacet
  facet normal 0 0 1
    outer loop
      vertex 31.0994 25.3797 20.4
      vertex 30.5677 26.723 20.4
      vertex 31.0349 25.3268 20.4
    endloop
  endfacet
  facet normal 0 0 1
    outer loop
      vertex 31.0349 25.3268 20.4
      vertex 30.5677 26.723 20.4
      vertex 30.976 25.2678 20.4
    endloop
  endfacet
  facet normal 0 0 1
    outer loop
      vertex 30.976 25.2678 20.4
      vertex 30.5677 26.723 20.4
      vertex 30.923 25.2033 20.4
    endloop
  endfacet
  facet normal 0 0 1
    outer loop
      vertex 30.0435 26.8008 20.4
      vertex 30.923 25.2033 20.4
      vertex 30.5677 26.723 20.4
    endloop
  endfacet
  facet normal 0 0 1
    outer loop
      vertex 30.923 25.2033 20.4
      vertex 30.0435 26.8008 20.4
      vertex 30.8767 25.134 20.4
    endloop
  endfacet
  facet normal 0 0 1
    outer loop
      vertex 30.8767 25.134 20.4
      vertex 30.0435 26.8008 20.4
      vertex 30.8374 25.0604 20.4
    endloop
  endfacet
  facet normal 0 0 1
    outer loop
      vertex 30.8374 25.0604 20.4
      vertex 30.0435 26.8008 20.4
      vertex 30.8055 24.9834 20.4
    endloop
  endfacet
  facet normal 0 0 1
    outer loop
      vertex 29.5295 26.9295 20.4
      vertex 30.8055 24.9834 20.4
      vertex 30.0435 26.8008 20.4
    endloop
  endfacet
  facet normal 0 0 1
    outer loop
      vertex 30.8055 24.9834 20.4
      vertex 29.5295 26.9295 20.4
      vertex 30.7812 24.9035 20.4
    endloop
  endfacet
  facet normal 0 0 1
    outer loop
      vertex 30.7812 24.9035 20.4
      vertex 29.5295 26.9295 20.4
      vertex 30.7681 24.8373 20.4
    endloop
  endfacet
  facet normal 0 0 1
    outer loop
      vertex 30.7681 24.8373 20.4
      vertex 29.5295 26.9295 20.4
      vertex 30.6255 24.2681 20.4
    endloop
  endfacet
  facet normal 0 0 1
    outer loop
      vertex 29.0305 27.1081 20.4
      vertex 30.6255 24.2681 20.4
      vertex 29.5295 26.9295 20.4
    endloop
  endfacet
  facet normal 0 0 1
    outer loop
      vertex 30.6255 24.2681 20.4
      vertex 29.0305 27.1081 20.4
      vertex 30.4305 23.7231 20.4
    endloop
  endfacet
  facet normal -0 0 1
    outer loop
      vertex 25.7658 25.6552 20.4
      vertex 30.4305 23.7231 20.4
      vertex 29.0305 27.1081 20.4
    endloop
  endfacet
  facet normal 0 0 1
    outer loop
      vertex 30.4305 23.7231 20.4
      vertex 25.7658 25.6552 20.4
      vertex 30.183 23.1998 20.4
    endloop
  endfacet
  facet normal -0 0 1
    outer loop
      vertex 25.7302 25.5798 20.4
      vertex 30.183 23.1998 20.4
      vertex 25.7658 25.6552 20.4
    endloop
  endfacet
  facet normal 0 0 1
    outer loop
      vertex 30.183 23.1998 20.4
      vertex 25.7302 25.5798 20.4
      vertex 29.8853 22.7032 20.4
    endloop
  endfacet
  facet normal 0 0 1
    outer loop
      vertex 29.8853 22.7032 20.4
      vertex 25.6873 25.5083 20.4
      vertex 29.5404 22.2382 20.4
    endloop
  endfacet
  facet normal 0 0 1
    outer loop
      vertex 25.8142 25.8147 20.4
      vertex 29.0305 27.1081 20.4
      vertex 28.5515 27.3346 20.4
    endloop
  endfacet
  facet normal -0 0 1
    outer loop
      vertex 25.6376 25.4413 20.4
      vertex 29.5404 22.2382 20.4
      vertex 25.6873 25.5083 20.4
    endloop
  endfacet
  facet normal 0 0 1
    outer loop
      vertex 25.8305 25.9805 20.4
      vertex 28.5515 27.3346 20.4
      vertex 28.0969 27.6071 20.4
    endloop
  endfacet
  facet normal -0 0 1
    outer loop
      vertex 25.6873 25.5083 20.4
      vertex 29.8853 22.7032 20.4
      vertex 25.7302 25.5798 20.4
    endloop
  endfacet
  facet normal 0 0 1
    outer loop
      vertex 25.7939 26.2273 20.4
      vertex 28.0969 27.6071 20.4
      vertex 27.6713 27.9227 20.4
    endloop
  endfacet
  facet normal 0 0 1
    outer loop
      vertex 25.6873 26.4528 20.4
      vertex 27.6713 27.9227 20.4
      vertex 27.2786 28.2786 20.4
    endloop
  endfacet
  facet normal 0 0 1
    outer loop
      vertex 29.0305 27.1081 20.4
      vertex 25.8142 25.8147 20.4
      vertex 25.7939 25.7338 20.4
    endloop
  endfacet
  facet normal 0 0 1
    outer loop
      vertex 25.4528 26.6873 20.4
      vertex 27.2786 28.2786 20.4
      vertex 26.9227 28.6713 20.4
    endloop
  endfacet
  facet normal 0 0 1
    outer loop
      vertex 29.0305 27.1081 20.4
      vertex 25.7939 25.7338 20.4
      vertex 25.7658 25.6552 20.4
    endloop
  endfacet
  facet normal 0 0 1
    outer loop
      vertex 25.2273 26.7939 20.4
      vertex 26.9227 28.6713 20.4
      vertex 26.6071 29.0969 20.4
    endloop
  endfacet
  facet normal 0 0 1
    outer loop
      vertex 24.9805 26.8305 20.4
      vertex 26.6071 29.0969 20.4
      vertex 26.3346 29.5515 20.4
    endloop
  endfacet
  facet normal 0 0 1
    outer loop
      vertex 28.5515 27.3346 20.4
      vertex 25.8305 25.9805 20.4
      vertex 25.8264 25.8972 20.4
    endloop
  endfacet
  facet normal 0 0 1
    outer loop
      vertex 24.8147 26.8142 20.4
      vertex 26.3346 29.5515 20.4
      vertex 26.1081 30.0305 20.4
    endloop
  endfacet
  facet normal 0 0 1
    outer loop
      vertex 23.2681 31.6255 20.4
      vertex 26.1081 30.0305 20.4
      vertex 25.9295 30.5295 20.4
    endloop
  endfacet
  facet normal 0 0 1
    outer loop
      vertex 28.5515 27.3346 20.4
      vertex 25.8264 25.8972 20.4
      vertex 25.8142 25.8147 20.4
    endloop
  endfacet
  facet normal 0 0 1
    outer loop
      vertex 29.5404 22.2382 20.4
      vertex 25.6376 25.4413 20.4
      vertex 29.1518 21.8094 20.4
    endloop
  endfacet
  facet normal -0 0 1
    outer loop
      vertex 25.5816 25.3795 20.4
      vertex 29.1518 21.8094 20.4
      vertex 25.6376 25.4413 20.4
    endloop
  endfacet
  facet normal 0 0 1
    outer loop
      vertex 29.1518 21.8094 20.4
      vertex 25.5816 25.3795 20.4
      vertex 28.7228 21.4205 20.4
    endloop
  endfacet
  facet normal -0 0 1
    outer loop
      vertex 25.5198 25.3235 20.4
      vertex 28.7228 21.4205 20.4
      vertex 25.5816 25.3795 20.4
    endloop
  endfacet
  facet normal 0 0 1
    outer loop
      vertex 28.7228 21.4205 20.4
      vertex 25.5198 25.3235 20.4
      vertex 28.2578 21.0757 20.4
    endloop
  endfacet
  facet normal -0 0 1
    outer loop
      vertex 25.4528 25.2738 20.4
      vertex 28.2578 21.0757 20.4
      vertex 25.5198 25.3235 20.4
    endloop
  endfacet
  facet normal 0 0 1
    outer loop
      vertex 28.2578 21.0757 20.4
      vertex 25.4528 25.2738 20.4
      vertex 27.7612 20.778 20.4
    endloop
  endfacet
  facet normal -0 0 1
    outer loop
      vertex 25.3812 25.2309 20.4
      vertex 27.7612 20.778 20.4
      vertex 25.4528 25.2738 20.4
    endloop
  endfacet
  facet normal 0 0 1
    outer loop
      vertex 27.7612 20.778 20.4
      vertex 25.3812 25.2309 20.4
      vertex 27.238 20.5306 20.4
    endloop
  endfacet
  facet normal -0 0 1
    outer loop
      vertex 25.3058 25.1952 20.4
      vertex 27.238 20.5306 20.4
      vertex 25.3812 25.2309 20.4
    endloop
  endfacet
  facet normal 0 0 1
    outer loop
      vertex 27.238 20.5306 20.4
      vertex 25.3058 25.1952 20.4
      vertex 26.6928 20.3355 20.4
    endloop
  endfacet
  facet normal -0 0 1
    outer loop
      vertex 25.2273 25.1671 20.4
      vertex 26.6928 20.3355 20.4
      vertex 25.3058 25.1952 20.4
    endloop
  endfacet
  facet normal 0 0 1
    outer loop
      vertex 26.6928 20.3355 20.4
      vertex 25.2273 25.1671 20.4
      vertex 26.1315 20.1949 20.4
    endloop
  endfacet
  facet normal -0 0 1
    outer loop
      vertex 25.1464 25.1469 20.4
      vertex 26.1315 20.1949 20.4
      vertex 25.2273 25.1671 20.4
    endloop
  endfacet
  facet normal 0 0 1
    outer loop
      vertex 26.1315 20.1949 20.4
      vertex 25.1464 25.1469 20.4
      vertex 25.5587 20.11 20.4
    endloop
  endfacet
  facet normal -0 0 1
    outer loop
      vertex 25.0638 25.1346 20.4
      vertex 25.5587 20.11 20.4
      vertex 25.1464 25.1469 20.4
    endloop
  endfacet
  facet normal -0 0 1
    outer loop
      vertex 24.9805 25.1305 20.4
      vertex 25.5587 20.11 20.4
      vertex 25.0638 25.1346 20.4
    endloop
  endfacet
  facet normal 0 0 1
    outer loop
      vertex 24.9805 25.1305 20.4
      vertex 24.9805 20.0815 20.4
      vertex 25.5587 20.11 20.4
    endloop
  endfacet
  facet normal 0 0 1
    outer loop
      vertex 24.8972 25.1346 20.4
      vertex 24.9805 20.0815 20.4
      vertex 24.9805 25.1305 20.4
    endloop
  endfacet
  facet normal 0 0 1
    outer loop
      vertex 24.4023 20.11 20.4
      vertex 24.8972 25.1346 20.4
      vertex 24.8147 25.1469 20.4
    endloop
  endfacet
  facet normal 0 0 1
    outer loop
      vertex 23.8296 20.1949 20.4
      vertex 24.8147 25.1469 20.4
      vertex 24.7338 25.1671 20.4
    endloop
  endfacet
  facet normal 0 0 1
    outer loop
      vertex 23.2682 20.3355 20.4
      vertex 24.7338 25.1671 20.4
      vertex 24.6552 25.1952 20.4
    endloop
  endfacet
  facet normal 0 0 1
    outer loop
      vertex 22.7231 20.5306 20.4
      vertex 24.6552 25.1952 20.4
      vertex 24.5798 25.2309 20.4
    endloop
  endfacet
  facet normal 0 0 1
    outer loop
      vertex 22.1998 20.7781 20.4
      vertex 24.5798 25.2309 20.4
      vertex 24.5083 25.2738 20.4
    endloop
  endfacet
  facet normal 0 0 1
    outer loop
      vertex 21.7032 21.0757 20.4
      vertex 24.5083 25.2738 20.4
      vertex 24.4413 25.3235 20.4
    endloop
  endfacet
  facet normal 0 0 1
    outer loop
      vertex 24.8972 25.1346 20.4
      vertex 24.4023 20.11 20.4
      vertex 24.9805 20.0815 20.4
    endloop
  endfacet
  facet normal 0 0 1
    outer loop
      vertex 21.2383 21.4205 20.4
      vertex 24.4413 25.3235 20.4
      vertex 24.3795 25.3795 20.4
    endloop
  endfacet
  facet normal 0 0 1
    outer loop
      vertex 20.8093 21.8093 20.4
      vertex 24.3795 25.3795 20.4
      vertex 24.3235 25.4413 20.4
    endloop
  endfacet
  facet normal 0 0 1
    outer loop
      vertex 20.4205 22.2383 20.4
      vertex 24.3235 25.4413 20.4
      vertex 24.2738 25.5083 20.4
    endloop
  endfacet
  facet normal 0 0 1
    outer loop
      vertex 20.0757 22.7032 20.4
      vertex 24.2738 25.5083 20.4
      vertex 24.2309 25.5798 20.4
    endloop
  endfacet
  facet normal 0 0 1
    outer loop
      vertex 19.7781 23.1998 20.4
      vertex 24.2309 25.5798 20.4
      vertex 24.1952 25.6552 20.4
    endloop
  endfacet
  facet normal 0 0 1
    outer loop
      vertex 19.5306 23.7231 20.4
      vertex 24.1952 25.6552 20.4
      vertex 24.1671 25.7338 20.4
    endloop
  endfacet
  facet normal 0 0 1
    outer loop
      vertex 19.3355 24.2682 20.4
      vertex 24.1671 25.7338 20.4
      vertex 24.1469 25.8147 20.4
    endloop
  endfacet
  facet normal 0 0 1
    outer loop
      vertex 19.1949 24.8296 20.4
      vertex 24.1469 25.8147 20.4
      vertex 24.1346 25.8972 20.4
    endloop
  endfacet
  facet normal 0 0 1
    outer loop
      vertex 19.11 25.4023 20.4
      vertex 24.1346 25.8972 20.4
      vertex 24.1305 25.9805 20.4
    endloop
  endfacet
  facet normal -0 0 1
    outer loop
      vertex 20.8094 30.1518 20.4
      vertex 24.3795 26.5816 20.4
      vertex 21.2382 30.5404 20.4
    endloop
  endfacet
  facet normal 0 0 1
    outer loop
      vertex 24.3795 26.5816 20.4
      vertex 20.8094 30.1518 20.4
      vertex 24.3235 26.5198 20.4
    endloop
  endfacet
  facet normal -0 0 1
    outer loop
      vertex 20.4205 29.7228 20.4
      vertex 24.3235 26.5198 20.4
      vertex 20.8094 30.1518 20.4
    endloop
  endfacet
  facet normal 0 0 1
    outer loop
      vertex 24.3235 26.5198 20.4
      vertex 20.4205 29.7228 20.4
      vertex 24.2738 26.4528 20.4
    endloop
  endfacet
  facet normal 0 0 1
    outer loop
      vertex 24.8147 25.1469 20.4
      vertex 23.8296 20.1949 20.4
      vertex 24.4023 20.11 20.4
    endloop
  endfacet
  facet normal 0 0 1
    outer loop
      vertex 24.7338 25.1671 20.4
      vertex 23.2682 20.3355 20.4
      vertex 23.8296 20.1949 20.4
    endloop
  endfacet
  facet normal -0 0 1
    outer loop
      vertex 20.0757 29.2578 20.4
      vertex 24.2738 26.4528 20.4
      vertex 20.4205 29.7228 20.4
    endloop
  endfacet
  facet normal 0 0 1
    outer loop
      vertex 24.2738 26.4528 20.4
      vertex 20.0757 29.2578 20.4
      vertex 24.2309 26.3812 20.4
    endloop
  endfacet
  facet normal 0 0 1
    outer loop
      vertex 24.6552 25.1952 20.4
      vertex 22.7231 20.5306 20.4
      vertex 23.2682 20.3355 20.4
    endloop
  endfacet
  facet normal -0 0 1
    outer loop
      vertex 19.778 28.7612 20.4
      vertex 24.2309 26.3812 20.4
      vertex 20.0757 29.2578 20.4
    endloop
  endfacet
  facet normal 0 0 1
    outer loop
      vertex 24.5798 25.2309 20.4
      vertex 22.1998 20.7781 20.4
      vertex 22.7231 20.5306 20.4
    endloop
  endfacet
  facet normal 0 0 1
    outer loop
      vertex 24.5083 25.2738 20.4
      vertex 21.7032 21.0757 20.4
      vertex 22.1998 20.7781 20.4
    endloop
  endfacet
  facet normal 0 0 1
    outer loop
      vertex 24.2309 26.3812 20.4
      vertex 19.778 28.7612 20.4
      vertex 24.1952 26.3058 20.4
    endloop
  endfacet
  facet normal 0 0 1
    outer loop
      vertex 24.4413 25.3235 20.4
      vertex 21.2383 21.4205 20.4
      vertex 21.7032 21.0757 20.4
    endloop
  endfacet
  facet normal -0 0 1
    outer loop
      vertex 19.5306 28.238 20.4
      vertex 24.1952 26.3058 20.4
      vertex 19.778 28.7612 20.4
    endloop
  endfacet
  facet normal 0 0 1
    outer loop
      vertex 24.1952 26.3058 20.4
      vertex 19.5306 28.238 20.4
      vertex 24.1671 26.2273 20.4
    endloop
  endfacet
  facet normal 0 0 1
    outer loop
      vertex 24.3795 25.3795 20.4
      vertex 20.8093 21.8093 20.4
      vertex 21.2383 21.4205 20.4
    endloop
  endfacet
  facet normal -0 0 1
    outer loop
      vertex 19.3355 27.6928 20.4
      vertex 24.1671 26.2273 20.4
      vertex 19.5306 28.238 20.4
    endloop
  endfacet
  facet normal 0 0 1
    outer loop
      vertex 24.3235 25.4413 20.4
      vertex 20.4205 22.2383 20.4
      vertex 20.8093 21.8093 20.4
    endloop
  endfacet
  facet normal 0 0 1
    outer loop
      vertex 24.1671 26.2273 20.4
      vertex 19.3355 27.6928 20.4
      vertex 24.1469 26.1464 20.4
    endloop
  endfacet
  facet normal 0 0 1
    outer loop
      vertex 24.2738 25.5083 20.4
      vertex 20.0757 22.7032 20.4
      vertex 20.4205 22.2383 20.4
    endloop
  endfacet
  facet normal 0 0 1
    outer loop
      vertex 24.2309 25.5798 20.4
      vertex 19.7781 23.1998 20.4
      vertex 20.0757 22.7032 20.4
    endloop
  endfacet
  facet normal -0 0 1
    outer loop
      vertex 19.1949 27.1315 20.4
      vertex 24.1469 26.1464 20.4
      vertex 19.3355 27.6928 20.4
    endloop
  endfacet
  facet normal 0 0 1
    outer loop
      vertex 24.1469 26.1464 20.4
      vertex 19.1949 27.1315 20.4
      vertex 24.1346 26.0638 20.4
    endloop
  endfacet
  facet normal 0 0 1
    outer loop
      vertex 24.1952 25.6552 20.4
      vertex 19.5306 23.7231 20.4
      vertex 19.7781 23.1998 20.4
    endloop
  endfacet
  facet normal 0 0 1
    outer loop
      vertex 24.1671 25.7338 20.4
      vertex 19.3355 24.2682 20.4
      vertex 19.5306 23.7231 20.4
    endloop
  endfacet
  facet normal -0 0 1
    outer loop
      vertex 19.11 26.5587 20.4
      vertex 24.1346 26.0638 20.4
      vertex 19.1949 27.1315 20.4
    endloop
  endfacet
  facet normal 0 0 1
    outer loop
      vertex 24.1346 26.0638 20.4
      vertex 19.11 26.5587 20.4
      vertex 24.1305 25.9805 20.4
    endloop
  endfacet
  facet normal 0 0 1
    outer loop
      vertex 24.1469 25.8147 20.4
      vertex 19.1949 24.8296 20.4
      vertex 19.3355 24.2682 20.4
    endloop
  endfacet
  facet normal 0 0 1
    outer loop
      vertex 19.0815 25.9805 20.4
      vertex 24.1305 25.9805 20.4
      vertex 19.11 26.5587 20.4
    endloop
  endfacet
  facet normal 0 0 1
    outer loop
      vertex 24.1346 25.8972 20.4
      vertex 19.11 25.4023 20.4
      vertex 19.1949 24.8296 20.4
    endloop
  endfacet
  facet normal 0 0 1
    outer loop
      vertex 24.1305 25.9805 20.4
      vertex 19.0815 25.9805 20.4
      vertex 19.11 25.4023 20.4
    endloop
  endfacet
  facet normal -0 0 1
    outer loop
      vertex 24.4823 32.2805 20.4
      vertex 25.697 32.097 20.4
      vertex 24.5104 32.359 20.4
    endloop
  endfacet
  facet normal -0 0 1
    outer loop
      vertex 24.4466 32.2051 20.4
      vertex 25.697 32.097 20.4
      vertex 24.4823 32.2805 20.4
    endloop
  endfacet
  facet normal 0 0 1
    outer loop
      vertex 25.697 32.097 20.4
      vertex 24.4466 32.2051 20.4
      vertex 25.723 31.5677 20.4
    endloop
  endfacet
  facet normal -0 0 1
    outer loop
      vertex 24.4037 32.1335 20.4
      vertex 25.723 31.5677 20.4
      vertex 24.4466 32.2051 20.4
    endloop
  endfacet
  facet normal -0 0 1
    outer loop
      vertex 24.354 32.0665 20.4
      vertex 25.723 31.5677 20.4
      vertex 24.4037 32.1335 20.4
    endloop
  endfacet
  facet normal -0 0 1
    outer loop
      vertex 24.298 32.0047 20.4
      vertex 25.723 31.5677 20.4
      vertex 24.354 32.0665 20.4
    endloop
  endfacet
  facet normal -0 0 1
    outer loop
      vertex 24.2362 31.9487 20.4
      vertex 25.723 31.5677 20.4
      vertex 24.298 32.0047 20.4
    endloop
  endfacet
  facet normal 0 0 1
    outer loop
      vertex 25.723 31.5677 20.4
      vertex 24.2362 31.9487 20.4
      vertex 25.8008 31.0435 20.4
    endloop
  endfacet
  facet normal -0 0 1
    outer loop
      vertex 24.1692 31.899 20.4
      vertex 25.8008 31.0435 20.4
      vertex 24.2362 31.9487 20.4
    endloop
  endfacet
  facet normal -0 0 1
    outer loop
      vertex 24.0977 31.8561 20.4
      vertex 25.8008 31.0435 20.4
      vertex 24.1692 31.899 20.4
    endloop
  endfacet
  facet normal -0 0 1
    outer loop
      vertex 24.0223 31.8205 20.4
      vertex 25.8008 31.0435 20.4
      vertex 24.0977 31.8561 20.4
    endloop
  endfacet
  facet normal 0 0 1
    outer loop
      vertex 25.8008 31.0435 20.4
      vertex 24.0223 31.8205 20.4
      vertex 25.9295 30.5295 20.4
    endloop
  endfacet
  facet normal -0 0 1
    outer loop
      vertex 23.8528 31.7719 20.4
      vertex 25.9295 30.5295 20.4
      vertex 23.9437 31.7924 20.4
    endloop
  endfacet
  facet normal -0 0 1
    outer loop
      vertex 23.2681 31.6255 20.4
      vertex 25.9295 30.5295 20.4
      vertex 23.8528 31.7719 20.4
    endloop
  endfacet
  facet normal 0 0 1
    outer loop
      vertex 26.1081 30.0305 20.4
      vertex 23.2681 31.6255 20.4
      vertex 22.7231 31.4305 20.4
    endloop
  endfacet
  facet normal 0 0 1
    outer loop
      vertex 26.1081 30.0305 20.4
      vertex 22.7231 31.4305 20.4
      vertex 24.6552 26.7658 20.4
    endloop
  endfacet
  facet normal 0 0 1
    outer loop
      vertex 24.6552 26.7658 20.4
      vertex 22.7231 31.4305 20.4
      vertex 24.5798 26.7302 20.4
    endloop
  endfacet
  facet normal -0 0 1
    outer loop
      vertex 22.1998 31.183 20.4
      vertex 24.5798 26.7302 20.4
      vertex 22.7231 31.4305 20.4
    endloop
  endfacet
  facet normal 0 0 1
    outer loop
      vertex 24.5798 26.7302 20.4
      vertex 22.1998 31.183 20.4
      vertex 24.5083 26.6873 20.4
    endloop
  endfacet
  facet normal -0 0 1
    outer loop
      vertex 21.7032 30.8853 20.4
      vertex 24.5083 26.6873 20.4
      vertex 22.1998 31.183 20.4
    endloop
  endfacet
  facet normal 0 0 1
    outer loop
      vertex 24.5083 26.6873 20.4
      vertex 21.7032 30.8853 20.4
      vertex 24.4413 26.6376 20.4
    endloop
  endfacet
  facet normal -0 0 1
    outer loop
      vertex 21.2382 30.5404 20.4
      vertex 24.4413 26.6376 20.4
      vertex 21.7032 30.8853 20.4
    endloop
  endfacet
  facet normal 0 0 1
    outer loop
      vertex 24.4413 26.6376 20.4
      vertex 21.2382 30.5404 20.4
      vertex 24.3795 26.5816 20.4
    endloop
  endfacet
  facet normal 0 0 1
    outer loop
      vertex 28.0969 27.6071 20.4
      vertex 25.8264 26.0638 20.4
      vertex 25.8305 25.9805 20.4
    endloop
  endfacet
  facet normal 0 0 1
    outer loop
      vertex 28.0969 27.6071 20.4
      vertex 25.8142 26.1464 20.4
      vertex 25.8264 26.0638 20.4
    endloop
  endfacet
  facet normal -0 0 1
    outer loop
      vertex 24.5104 32.359 20.4
      vertex 25.697 32.097 20.4
      vertex 24.5307 32.4399 20.4
    endloop
  endfacet
  facet normal 0 0 1
    outer loop
      vertex 28.0969 27.6071 20.4
      vertex 25.7939 26.2273 20.4
      vertex 25.8142 26.1464 20.4
    endloop
  endfacet
  facet normal 0 0 1
    outer loop
      vertex 27.6713 27.9227 20.4
      vertex 25.7658 26.3058 20.4
      vertex 25.7939 26.2273 20.4
    endloop
  endfacet
  facet normal 0 0 1
    outer loop
      vertex 27.6713 27.9227 20.4
      vertex 25.7302 26.3812 20.4
      vertex 25.7658 26.3058 20.4
    endloop
  endfacet
  facet normal -0 0 1
    outer loop
      vertex 24.5307 32.4399 20.4
      vertex 25.697 32.097 20.4
      vertex 24.5429 32.5224 20.4
    endloop
  endfacet
  facet normal -0 0 1
    outer loop
      vertex 24.5429 32.5224 20.4
      vertex 25.697 32.097 20.4
      vertex 24.547 32.6058 20.4
    endloop
  endfacet
  facet normal 0 0 1
    outer loop
      vertex 27.6713 27.9227 20.4
      vertex 25.6873 26.4528 20.4
      vertex 25.7302 26.3812 20.4
    endloop
  endfacet
  facet normal 0 0 1
    outer loop
      vertex 25.697 76.903 20.4
      vertex 24.547 76.3942 20.4
      vertex 25.697 32.097 20.4
    endloop
  endfacet
  facet normal 0 0 1
    outer loop
      vertex 24.5215 76.6008 20.4
      vertex 25.6873 82.5472 20.4
      vertex 25.6376 82.4802 20.4
    endloop
  endfacet
  facet normal -0 0 1
    outer loop
      vertex 24.547 32.6058 20.4
      vertex 25.697 32.097 20.4
      vertex 24.547 76.3942 20.4
    endloop
  endfacet
  facet normal 0 0 1
    outer loop
      vertex 24.4973 76.6806 20.4
      vertex 25.6376 82.4802 20.4
      vertex 25.5816 82.4184 20.4
    endloop
  endfacet
  facet normal 0 0 1
    outer loop
      vertex 27.2786 28.2786 20.4
      vertex 25.6376 26.5198 20.4
      vertex 25.6873 26.4528 20.4
    endloop
  endfacet
  facet normal 0 0 1
    outer loop
      vertex 24.4654 76.7576 20.4
      vertex 25.5816 82.4184 20.4
      vertex 25.5198 82.3624 20.4
    endloop
  endfacet
  facet normal 0 0 1
    outer loop
      vertex 27.2786 28.2786 20.4
      vertex 25.5816 26.5816 20.4
      vertex 25.6376 26.5198 20.4
    endloop
  endfacet
  facet normal 0 0 1
    outer loop
      vertex 24.4261 76.8312 20.4
      vertex 25.5198 82.3624 20.4
      vertex 25.4528 82.3127 20.4
    endloop
  endfacet
  facet normal 0 0 1
    outer loop
      vertex 27.2786 28.2786 20.4
      vertex 25.5198 26.6376 20.4
      vertex 25.5816 26.5816 20.4
    endloop
  endfacet
  facet normal 0 0 1
    outer loop
      vertex 24.3797 76.9006 20.4
      vertex 25.4528 82.3127 20.4
      vertex 25.3812 82.2698 20.4
    endloop
  endfacet
  facet normal 0 0 1
    outer loop
      vertex 27.2786 28.2786 20.4
      vertex 25.4528 26.6873 20.4
      vertex 25.5198 26.6376 20.4
    endloop
  endfacet
  facet normal 0 0 1
    outer loop
      vertex 24.3268 76.965 20.4
      vertex 25.3812 82.2698 20.4
      vertex 25.3058 82.2342 20.4
    endloop
  endfacet
  facet normal 0 0 1
    outer loop
      vertex 26.9227 28.6713 20.4
      vertex 25.3812 26.7302 20.4
      vertex 25.4528 26.6873 20.4
    endloop
  endfacet
  facet normal 0 0 1
    outer loop
      vertex 24.2678 77.024 20.4
      vertex 25.3058 82.2342 20.4
      vertex 25.2273 82.2061 20.4
    endloop
  endfacet
  facet normal 0 0 1
    outer loop
      vertex 26.9227 28.6713 20.4
      vertex 25.3058 26.7658 20.4
      vertex 25.3812 26.7302 20.4
    endloop
  endfacet
  facet normal 0 0 1
    outer loop
      vertex 24.2033 77.077 20.4
      vertex 25.2273 82.2061 20.4
      vertex 25.1464 82.1858 20.4
    endloop
  endfacet
  facet normal 0 0 1
    outer loop
      vertex 26.9227 28.6713 20.4
      vertex 25.2273 26.7939 20.4
      vertex 25.3058 26.7658 20.4
    endloop
  endfacet
  facet normal 0 0 1
    outer loop
      vertex 24.134 77.1233 20.4
      vertex 25.1464 82.1858 20.4
      vertex 25.0638 82.1736 20.4
    endloop
  endfacet
  facet normal 0 0 1
    outer loop
      vertex 26.6071 29.0969 20.4
      vertex 25.1464 26.8142 20.4
      vertex 25.2273 26.7939 20.4
    endloop
  endfacet
  facet normal 0 0 1
    outer loop
      vertex 24.0604 77.1626 20.4
      vertex 25.0638 82.1736 20.4
      vertex 24.9805 82.1695 20.4
    endloop
  endfacet
  facet normal 0 0 1
    outer loop
      vertex 26.6071 29.0969 20.4
      vertex 25.0638 26.8264 20.4
      vertex 25.1464 26.8142 20.4
    endloop
  endfacet
  facet normal 0 0 1
    outer loop
      vertex 23.9834 77.1945 20.4
      vertex 24.9805 82.1695 20.4
      vertex 24.8972 82.1736 20.4
    endloop
  endfacet
  facet normal 0 0 1
    outer loop
      vertex 26.6071 29.0969 20.4
      vertex 24.9805 26.8305 20.4
      vertex 25.0638 26.8264 20.4
    endloop
  endfacet
  facet normal 0 0 1
    outer loop
      vertex 23.9834 77.1945 20.4
      vertex 24.8972 82.1736 20.4
      vertex 24.8147 82.1858 20.4
    endloop
  endfacet
  facet normal 0 0 1
    outer loop
      vertex 26.3346 29.5515 20.4
      vertex 24.8972 26.8264 20.4
      vertex 24.9805 26.8305 20.4
    endloop
  endfacet
  facet normal 0 0 1
    outer loop
      vertex 23.9834 77.1945 20.4
      vertex 24.8147 82.1858 20.4
      vertex 24.7338 82.2061 20.4
    endloop
  endfacet
  facet normal 0 0 1
    outer loop
      vertex 26.3346 29.5515 20.4
      vertex 24.8147 26.8142 20.4
      vertex 24.8972 26.8264 20.4
    endloop
  endfacet
  facet normal 0 0 1
    outer loop
      vertex 23.9834 77.1945 20.4
      vertex 24.7338 82.2061 20.4
      vertex 24.6552 82.2342 20.4
    endloop
  endfacet
  facet normal 0 0 1
    outer loop
      vertex 26.1081 30.0305 20.4
      vertex 24.7338 26.7939 20.4
      vertex 24.8147 26.8142 20.4
    endloop
  endfacet
  facet normal 0 0 1
    outer loop
      vertex 23.9834 77.1945 20.4
      vertex 24.6552 82.2342 20.4
      vertex 24.5798 82.2698 20.4
    endloop
  endfacet
  facet normal 0 0 1
    outer loop
      vertex 26.1081 30.0305 20.4
      vertex 24.6552 26.7658 20.4
      vertex 24.7338 26.7939 20.4
    endloop
  endfacet
  facet normal -0 0 1
    outer loop
      vertex 23.9437 31.7924 20.4
      vertex 25.9295 30.5295 20.4
      vertex 24.0223 31.8205 20.4
    endloop
  endfacet
  facet normal 0 0 1
    outer loop
      vertex 25.6873 82.5472 20.4
      vertex 24.5378 76.5189 20.4
      vertex 24.547 76.3942 20.4
    endloop
  endfacet
  facet normal 0 0 1
    outer loop
      vertex 25.6873 82.5472 20.4
      vertex 24.5215 76.6008 20.4
      vertex 24.5378 76.5189 20.4
    endloop
  endfacet
  facet normal 0 0 1
    outer loop
      vertex 23.9834 77.1945 20.4
      vertex 24.5798 82.2698 20.4
      vertex 24.5083 82.3127 20.4
    endloop
  endfacet
  facet normal 0 0 1
    outer loop
      vertex 25.6376 82.4802 20.4
      vertex 24.4973 76.6806 20.4
      vertex 24.5215 76.6008 20.4
    endloop
  endfacet
  facet normal 0 0 1
    outer loop
      vertex 25.5816 82.4184 20.4
      vertex 24.4654 76.7576 20.4
      vertex 24.4973 76.6806 20.4
    endloop
  endfacet
  facet normal 0 0 1
    outer loop
      vertex 23.9834 77.1945 20.4
      vertex 24.5083 82.3127 20.4
      vertex 24.4413 82.3624 20.4
    endloop
  endfacet
  facet normal 0 0 1
    outer loop
      vertex 25.5198 82.3624 20.4
      vertex 24.4261 76.8312 20.4
      vertex 24.4654 76.7576 20.4
    endloop
  endfacet
  facet normal 0 0 1
    outer loop
      vertex 25.4528 82.3127 20.4
      vertex 24.3797 76.9006 20.4
      vertex 24.4261 76.8312 20.4
    endloop
  endfacet
  facet normal 0 0 1
    outer loop
      vertex 23.9834 77.1945 20.4
      vertex 24.4413 82.3624 20.4
      vertex 24.3795 82.4184 20.4
    endloop
  endfacet
  facet normal 0 0 1
    outer loop
      vertex 25.3812 82.2698 20.4
      vertex 24.3268 76.965 20.4
      vertex 24.3797 76.9006 20.4
    endloop
  endfacet
  facet normal 0 0 1
    outer loop
      vertex 23.9834 77.1945 20.4
      vertex 24.3795 82.4184 20.4
      vertex 24.3235 82.4802 20.4
    endloop
  endfacet
  facet normal 0 0 1
    outer loop
      vertex 23.9834 77.1945 20.4
      vertex 24.3235 82.4802 20.4
      vertex 24.2738 82.5472 20.4
    endloop
  endfacet
  facet normal 0 0 1
    outer loop
      vertex 25.3058 82.2342 20.4
      vertex 24.2678 77.024 20.4
      vertex 24.3268 76.965 20.4
    endloop
  endfacet
  facet normal 0 0 1
    outer loop
      vertex 23.9834 77.1945 20.4
      vertex 24.2738 82.5472 20.4
      vertex 24.2309 82.6188 20.4
    endloop
  endfacet
  facet normal 0 0 1
    outer loop
      vertex 25.2273 82.2061 20.4
      vertex 24.2033 77.077 20.4
      vertex 24.2678 77.024 20.4
    endloop
  endfacet
  facet normal 0 0 1
    outer loop
      vertex 23.9834 77.1945 20.4
      vertex 24.2309 82.6188 20.4
      vertex 24.1952 82.6942 20.4
    endloop
  endfacet
  facet normal 0 0 1
    outer loop
      vertex 23.9834 77.1945 20.4
      vertex 24.1952 82.6942 20.4
      vertex 24.1671 82.7727 20.4
    endloop
  endfacet
  facet normal 0 0 1
    outer loop
      vertex 23.9834 77.1945 20.4
      vertex 24.1671 82.7727 20.4
      vertex 24.1469 82.8536 20.4
    endloop
  endfacet
  facet normal 0 0 1
    outer loop
      vertex 23.9834 77.1945 20.4
      vertex 24.1469 82.8536 20.4
      vertex 24.1346 82.9362 20.4
    endloop
  endfacet
  facet normal 0 0 1
    outer loop
      vertex 25.1464 82.1858 20.4
      vertex 24.134 77.1233 20.4
      vertex 24.2033 77.077 20.4
    endloop
  endfacet
  facet normal 0 0 1
    outer loop
      vertex 19.11 82.4413 20.4
      vertex 24.1346 82.9362 20.4
      vertex 24.1305 83.0195 20.4
    endloop
  endfacet
  facet normal 0 0 1
    outer loop
      vertex 25.0638 82.1736 20.4
      vertex 24.0604 77.1626 20.4
      vertex 24.134 77.1233 20.4
    endloop
  endfacet
  facet normal 0 0 1
    outer loop
      vertex 27.6713 81.0773 20.4
      vertex 25.6873 82.5472 20.4
      vertex 27.2786 80.7214 20.4
    endloop
  endfacet
  facet normal 0 0 1
    outer loop
      vertex 27.2786 80.7214 20.4
      vertex 25.6873 82.5472 20.4
      vertex 26.9227 80.3287 20.4
    endloop
  endfacet
  facet normal 0 0 1
    outer loop
      vertex 26.9227 80.3287 20.4
      vertex 25.6873 82.5472 20.4
      vertex 26.6071 79.9031 20.4
    endloop
  endfacet
  facet normal 0 0 1
    outer loop
      vertex 26.6071 79.9031 20.4
      vertex 25.6873 82.5472 20.4
      vertex 26.3346 79.4485 20.4
    endloop
  endfacet
  facet normal 0 0 1
    outer loop
      vertex 26.3346 79.4485 20.4
      vertex 25.6873 82.5472 20.4
      vertex 26.1081 78.9695 20.4
    endloop
  endfacet
  facet normal 0 0 1
    outer loop
      vertex 26.1081 78.9695 20.4
      vertex 25.6873 82.5472 20.4
      vertex 25.9295 78.4705 20.4
    endloop
  endfacet
  facet normal 0 0 1
    outer loop
      vertex 24.547 76.3942 20.4
      vertex 25.9295 78.4705 20.4
      vertex 25.6873 82.5472 20.4
    endloop
  endfacet
  facet normal 0 0 1
    outer loop
      vertex 25.9295 78.4705 20.4
      vertex 24.547 76.3942 20.4
      vertex 25.8008 77.9565 20.4
    endloop
  endfacet
  facet normal 0 0 1
    outer loop
      vertex 25.723 77.4323 20.4
      vertex 24.547 76.3942 20.4
      vertex 25.697 76.903 20.4
    endloop
  endfacet
  facet normal 0 0 1
    outer loop
      vertex 25.8008 77.9565 20.4
      vertex 24.547 76.3942 20.4
      vertex 25.723 77.4323 20.4
    endloop
  endfacet
  facet normal -0 0 1
    outer loop
      vertex 80.1743 28.6713 20.4
      vertex 81.8697 26.7939 20.4
      vertex 80.4899 29.0969 20.4
    endloop
  endfacet
  facet normal 0 0 1
    outer loop
      vertex 81.8697 26.7939 20.4
      vertex 80.1743 28.6713 20.4
      vertex 81.7912 26.7658 20.4
    endloop
  endfacet
  facet normal 0 0 1
    outer loop
      vertex 81.7912 26.7658 20.4
      vertex 80.1743 28.6713 20.4
      vertex 81.7158 26.7302 20.4
    endloop
  endfacet
  facet normal 0 0 1
    outer loop
      vertex 81.7158 26.7302 20.4
      vertex 80.1743 28.6713 20.4
      vertex 81.6442 26.6873 20.4
    endloop
  endfacet
  facet normal -0 0 1
    outer loop
      vertex 79.8184 28.2786 20.4
      vertex 81.6442 26.6873 20.4
      vertex 80.1743 28.6713 20.4
    endloop
  endfacet
  facet normal 0 0 1
    outer loop
      vertex 81.6442 26.6873 20.4
      vertex 79.8184 28.2786 20.4
      vertex 81.5772 26.6376 20.4
    endloop
  endfacet
  facet normal 0 0 1
    outer loop
      vertex 81.5772 26.6376 20.4
      vertex 79.8184 28.2786 20.4
      vertex 81.5154 26.5816 20.4
    endloop
  endfacet
  facet normal 0 0 1
    outer loop
      vertex 81.5154 26.5816 20.4
      vertex 79.8184 28.2786 20.4
      vertex 81.4594 26.5198 20.4
    endloop
  endfacet
  facet normal 0 0 1
    outer loop
      vertex 81.4594 26.5198 20.4
      vertex 79.8184 28.2786 20.4
      vertex 81.4097 26.4528 20.4
    endloop
  endfacet
  facet normal -0 0 1
    outer loop
      vertex 79.4257 27.9227 20.4
      vertex 81.4097 26.4528 20.4
      vertex 79.8184 28.2786 20.4
    endloop
  endfacet
  facet normal -0.146643 0.98919 0
    outer loop
      vertex 83.2674 20.1949 20.4
      vertex 82.6947 20.11 21.6
      vertex 83.2674 20.1949 21.6
    endloop
  endfacet
  facet normal -0.146643 0.98919 0
    outer loop
      vertex 82.6947 20.11 21.6
      vertex 83.2674 20.1949 20.4
      vertex 82.6947 20.11 20.4
    endloop
  endfacet
  facet normal -0.242942 0.970041 0
    outer loop
      vertex 83.8288 20.3355 20.4
      vertex 83.2674 20.1949 21.6
      vertex 83.8288 20.3355 21.6
    endloop
  endfacet
  facet normal -0.242942 0.970041 0
    outer loop
      vertex 83.2674 20.1949 21.6
      vertex 83.8288 20.3355 20.4
      vertex 83.2674 20.1949 20.4
    endloop
  endfacet
  facet normal -0.336982 0.941511 0
    outer loop
      vertex 84.3739 20.5306 20.4
      vertex 83.8288 20.3355 21.6
      vertex 84.3739 20.5306 21.6
    endloop
  endfacet
  facet normal -0.336982 0.941511 0
    outer loop
      vertex 83.8288 20.3355 21.6
      vertex 84.3739 20.5306 20.4
      vertex 83.8288 20.3355 20.4
    endloop
  endfacet
  facet normal -0.427552 0.903991 0
    outer loop
      vertex 84.8972 20.7781 20.4
      vertex 84.3739 20.5306 21.6
      vertex 84.8972 20.7781 21.6
    endloop
  endfacet
  facet normal -0.427552 0.903991 0
    outer loop
      vertex 84.3739 20.5306 21.6
      vertex 84.8972 20.7781 20.4
      vertex 84.3739 20.5306 20.4
    endloop
  endfacet
  facet normal -0.514115 0.857721 0
    outer loop
      vertex 85.3937 21.0757 20.4
      vertex 84.8972 20.7781 21.6
      vertex 85.3937 21.0757 21.6
    endloop
  endfacet
  facet normal -0.514115 0.857721 0
    outer loop
      vertex 84.8972 20.7781 21.6
      vertex 85.3937 21.0757 20.4
      vertex 84.8972 20.7781 20.4
    endloop
  endfacet
  facet normal -0.595624 0.803263 0
    outer loop
      vertex 85.8587 21.4205 20.4
      vertex 85.3937 21.0757 21.6
      vertex 85.8587 21.4205 21.6
    endloop
  endfacet
  facet normal -0.595624 0.803263 0
    outer loop
      vertex 85.3937 21.0757 21.6
      vertex 85.8587 21.4205 20.4
      vertex 85.3937 21.0757 20.4
    endloop
  endfacet
  facet normal -0.671537 0.740971 0
    outer loop
      vertex 86.2877 21.8093 20.4
      vertex 85.8587 21.4205 21.6
      vertex 86.2877 21.8093 21.6
    endloop
  endfacet
  facet normal -0.671537 0.740971 0
    outer loop
      vertex 85.8587 21.4205 21.6
      vertex 86.2877 21.8093 20.4
      vertex 85.8587 21.4205 20.4
    endloop
  endfacet
  facet normal -0.741057 0.671442 0
    outer loop
      vertex 86.2877 21.8093 20.4
      vertex 86.6764 22.2383 21.6
      vertex 86.6764 22.2383 20.4
    endloop
  endfacet
  facet normal -0.741057 0.671442 0
    outer loop
      vertex 86.6764 22.2383 21.6
      vertex 86.2877 21.8093 20.4
      vertex 86.2877 21.8093 21.6
    endloop
  endfacet
  facet normal -0.803119 0.595818 0
    outer loop
      vertex 86.6764 22.2383 20.4
      vertex 87.0213 22.7032 21.6
      vertex 87.0213 22.7032 20.4
    endloop
  endfacet
  facet normal -0.803119 0.595818 0
    outer loop
      vertex 87.0213 22.7032 21.6
      vertex 86.6764 22.2383 20.4
      vertex 86.6764 22.2383 21.6
    endloop
  endfacet
  facet normal -0.857767 0.514038 0
    outer loop
      vertex 87.0213 22.7032 20.4
      vertex 87.3189 23.1998 21.6
      vertex 87.3189 23.1998 20.4
    endloop
  endfacet
  facet normal -0.857767 0.514038 0
    outer loop
      vertex 87.3189 23.1998 21.6
      vertex 87.0213 22.7032 20.4
      vertex 87.0213 22.7032 21.6
    endloop
  endfacet
  facet normal -0.903991 0.427552 0
    outer loop
      vertex 87.3189 23.1998 20.4
      vertex 87.5664 23.7231 21.6
      vertex 87.5664 23.7231 20.4
    endloop
  endfacet
  facet normal -0.903991 0.427552 0
    outer loop
      vertex 87.5664 23.7231 21.6
      vertex 87.3189 23.1998 20.4
      vertex 87.3189 23.1998 21.6
    endloop
  endfacet
  facet normal -0.941566 0.336829 0
    outer loop
      vertex 87.5664 23.7231 20.4
      vertex 87.7614 24.2682 21.6
      vertex 87.7614 24.2682 20.4
    endloop
  endfacet
  facet normal -0.941566 0.336829 0
    outer loop
      vertex 87.7614 24.2682 21.6
      vertex 87.5664 23.7231 20.4
      vertex 87.5664 23.7231 21.6
    endloop
  endfacet
  facet normal -0.97 0.243105 0
    outer loop
      vertex 87.7614 24.2682 20.4
      vertex 87.9021 24.8296 21.6
      vertex 87.9021 24.8296 20.4
    endloop
  endfacet
  facet normal -0.97 0.243105 0
    outer loop
      vertex 87.9021 24.8296 21.6
      vertex 87.7614 24.2682 20.4
      vertex 87.7614 24.2682 21.6
    endloop
  endfacet
  facet normal -0.98919 0.146643 0
    outer loop
      vertex 87.9021 24.8296 20.4
      vertex 87.987 25.4023 21.6
      vertex 87.987 25.4023 20.4
    endloop
  endfacet
  facet normal -0.98919 0.146643 0
    outer loop
      vertex 87.987 25.4023 21.6
      vertex 87.9021 24.8296 20.4
      vertex 87.9021 24.8296 21.6
    endloop
  endfacet
  facet normal -0.998796 0.0490588 0
    outer loop
      vertex 87.987 25.4023 20.4
      vertex 88.0154 25.9805 21.6
      vertex 88.0154 25.9805 20.4
    endloop
  endfacet
  facet normal -0.998796 0.0490588 0
    outer loop
      vertex 88.0154 25.9805 21.6
      vertex 87.987 25.4023 20.4
      vertex 87.987 25.4023 21.6
    endloop
  endfacet
  facet normal -0.998796 -0.0490588 0
    outer loop
      vertex 88.0154 25.9805 20.4
      vertex 87.987 26.5587 21.6
      vertex 87.987 26.5587 20.4
    endloop
  endfacet
  facet normal -0.998796 -0.0490588 0
    outer loop
      vertex 87.987 26.5587 21.6
      vertex 88.0154 25.9805 20.4
      vertex 88.0154 25.9805 21.6
    endloop
  endfacet
  facet normal -0.989193 -0.146618 0
    outer loop
      vertex 87.987 26.5587 20.4
      vertex 87.9021 27.1315 21.6
      vertex 87.9021 27.1315 20.4
    endloop
  endfacet
  facet normal -0.989193 -0.146618 0
    outer loop
      vertex 87.9021 27.1315 21.6
      vertex 87.987 26.5587 20.4
      vertex 87.987 26.5587 21.6
    endloop
  endfacet
  facet normal -0.970031 -0.242983 0
    outer loop
      vertex 87.9021 27.1315 20.4
      vertex 87.7615 27.6928 21.6
      vertex 87.7615 27.6928 20.4
    endloop
  endfacet
  facet normal -0.970031 -0.242983 0
    outer loop
      vertex 87.7615 27.6928 21.6
      vertex 87.9021 27.1315 20.4
      vertex 87.9021 27.1315 21.6
    endloop
  endfacet
  facet normal -0.941531 -0.336927 0
    outer loop
      vertex 87.7615 27.6928 20.4
      vertex 87.5664 28.238 21.6
      vertex 87.5664 28.238 20.4
    endloop
  endfacet
  facet normal -0.941531 -0.336927 0
    outer loop
      vertex 87.5664 28.238 21.6
      vertex 87.7615 27.6928 20.4
      vertex 87.7615 27.6928 21.6
    endloop
  endfacet
  facet normal -0.903959 -0.427618 0
    outer loop
      vertex 87.5664 28.238 20.4
      vertex 87.3189 28.7612 21.6
      vertex 87.3189 28.7612 20.4
    endloop
  endfacet
  facet normal -0.903959 -0.427618 0
    outer loop
      vertex 87.3189 28.7612 21.6
      vertex 87.5664 28.238 20.4
      vertex 87.5664 28.238 21.6
    endloop
  endfacet
  facet normal -0.857767 -0.514038 0
    outer loop
      vertex 87.3189 28.7612 20.4
      vertex 87.0213 29.2578 21.6
      vertex 87.0213 29.2578 20.4
    endloop
  endfacet
  facet normal -0.857767 -0.514038 0
    outer loop
      vertex 87.0213 29.2578 21.6
      vertex 87.3189 28.7612 20.4
      vertex 87.3189 28.7612 21.6
    endloop
  endfacet
  facet normal -0.803181 -0.595736 0
    outer loop
      vertex 87.0213 29.2578 20.4
      vertex 86.6764 29.7228 21.6
      vertex 86.6764 29.7228 20.4
    endloop
  endfacet
  facet normal -0.803181 -0.595736 0
    outer loop
      vertex 86.6764 29.7228 21.6
      vertex 87.0213 29.2578 20.4
      vertex 87.0213 29.2578 21.6
    endloop
  endfacet
  facet normal -0.740971 -0.671537 0
    outer loop
      vertex 86.6764 29.7228 20.4
      vertex 86.2876 30.1518 21.6
      vertex 86.2876 30.1518 20.4
    endloop
  endfacet
  facet normal -0.740971 -0.671537 0
    outer loop
      vertex 86.2876 30.1518 21.6
      vertex 86.6764 29.7228 20.4
      vertex 86.6764 29.7228 21.6
    endloop
  endfacet
  facet normal -0.671519 -0.740987 0
    outer loop
      vertex 85.8588 30.5404 20.4
      vertex 86.2876 30.1518 21.6
      vertex 85.8588 30.5404 21.6
    endloop
  endfacet
  facet normal -0.671519 -0.740987 -0
    outer loop
      vertex 86.2876 30.1518 21.6
      vertex 85.8588 30.5404 20.4
      vertex 86.2876 30.1518 20.4
    endloop
  endfacet
  facet normal -0.595736 -0.803181 0
    outer loop
      vertex 85.3938 30.8853 20.4
      vertex 85.8588 30.5404 21.6
      vertex 85.3938 30.8853 21.6
    endloop
  endfacet
  facet normal -0.595736 -0.803181 -0
    outer loop
      vertex 85.8588 30.5404 21.6
      vertex 85.3938 30.8853 20.4
      vertex 85.8588 30.5404 20.4
    endloop
  endfacet
  facet normal -0.514166 -0.857691 0
    outer loop
      vertex 84.8972 31.183 20.4
      vertex 85.3938 30.8853 21.6
      vertex 84.8972 31.183 21.6
    endloop
  endfacet
  facet normal -0.514166 -0.857691 -0
    outer loop
      vertex 85.3938 30.8853 21.6
      vertex 84.8972 31.183 20.4
      vertex 85.3938 30.8853 20.4
    endloop
  endfacet
  facet normal -0.427552 -0.903991 0
    outer loop
      vertex 84.3739 31.4305 20.4
      vertex 84.8972 31.183 21.6
      vertex 84.3739 31.4305 21.6
    endloop
  endfacet
  facet normal -0.427552 -0.903991 -0
    outer loop
      vertex 84.8972 31.183 21.6
      vertex 84.3739 31.4305 20.4
      vertex 84.8972 31.183 20.4
    endloop
  endfacet
  facet normal -0.336884 -0.941546 0
    outer loop
      vertex 83.8289 31.6255 20.4
      vertex 84.3739 31.4305 21.6
      vertex 83.8289 31.6255 21.6
    endloop
  endfacet
  facet normal -0.336884 -0.941546 -0
    outer loop
      vertex 84.3739 31.4305 21.6
      vertex 83.8289 31.6255 20.4
      vertex 84.3739 31.4305 20.4
    endloop
  endfacet
  facet normal -0.243017 -0.970022 0
    outer loop
      vertex 83.2597 31.7681 20.4
      vertex 83.8289 31.6255 21.6
      vertex 83.2597 31.7681 21.6
    endloop
  endfacet
  facet normal -0.243017 -0.970022 -0
    outer loop
      vertex 83.8289 31.6255 21.6
      vertex 83.2597 31.7681 20.4
      vertex 83.8289 31.6255 20.4
    endloop
  endfacet
  facet normal -0.194121 -0.980978 0
    outer loop
      vertex 83.1935 31.7812 20.4
      vertex 83.2597 31.7681 21.6
      vertex 83.1935 31.7812 21.6
    endloop
  endfacet
  facet normal -0.194121 -0.980978 -0
    outer loop
      vertex 83.2597 31.7681 21.6
      vertex 83.1935 31.7812 20.4
      vertex 83.2597 31.7681 20.4
    endloop
  endfacet
  facet normal -0.290971 -0.956732 0
    outer loop
      vertex 83.1136 31.8055 20.4
      vertex 83.1935 31.7812 21.6
      vertex 83.1136 31.8055 21.6
    endloop
  endfacet
  facet normal -0.290971 -0.956732 -0
    outer loop
      vertex 83.1935 31.7812 21.6
      vertex 83.1136 31.8055 20.4
      vertex 83.1935 31.7812 20.4
    endloop
  endfacet
  facet normal -0.38274 -0.923856 0
    outer loop
      vertex 83.0366 31.8374 20.4
      vertex 83.1136 31.8055 21.6
      vertex 83.0366 31.8374 21.6
    endloop
  endfacet
  facet normal -0.38274 -0.923856 -0
    outer loop
      vertex 83.1136 31.8055 21.6
      vertex 83.0366 31.8374 20.4
      vertex 83.1136 31.8055 20.4
    endloop
  endfacet
  facet normal -0.471024 -0.882121 0
    outer loop
      vertex 82.963 31.8767 20.4
      vertex 83.0366 31.8374 21.6
      vertex 82.963 31.8767 21.6
    endloop
  endfacet
  facet normal -0.471024 -0.882121 -0
    outer loop
      vertex 83.0366 31.8374 21.6
      vertex 82.963 31.8767 20.4
      vertex 83.0366 31.8374 20.4
    endloop
  endfacet
  facet normal -0.554977 -0.831866 0
    outer loop
      vertex 82.8936 31.923 20.4
      vertex 82.963 31.8767 21.6
      vertex 82.8936 31.923 21.6
    endloop
  endfacet
  facet normal -0.554977 -0.831866 -0
    outer loop
      vertex 82.963 31.8767 21.6
      vertex 82.8936 31.923 20.4
      vertex 82.963 31.8767 20.4
    endloop
  endfacet
  facet normal -0.635455 -0.772138 0
    outer loop
      vertex 82.8292 31.976 20.4
      vertex 82.8936 31.923 21.6
      vertex 82.8292 31.976 21.6
    endloop
  endfacet
  facet normal -0.635455 -0.772138 -0
    outer loop
      vertex 82.8936 31.923 21.6
      vertex 82.8292 31.976 20.4
      vertex 82.8936 31.923 20.4
    endloop
  endfacet
  facet normal -0.706507 -0.707706 0
    outer loop
      vertex 82.8292 31.976 20.4
      vertex 82.7702 32.0349 21.6
      vertex 82.7702 32.0349 20.4
    endloop
  endfacet
  facet normal -0.706507 -0.707706 0
    outer loop
      vertex 82.7702 32.0349 21.6
      vertex 82.8292 31.976 20.4
      vertex 82.8292 31.976 21.6
    endloop
  endfacet
  facet normal -0.773209 -0.634151 0
    outer loop
      vertex 82.7702 32.0349 20.4
      vertex 82.7173 32.0994 21.6
      vertex 82.7173 32.0994 20.4
    endloop
  endfacet
  facet normal -0.773209 -0.634151 0
    outer loop
      vertex 82.7173 32.0994 21.6
      vertex 82.7702 32.0349 20.4
      vertex 82.7702 32.0349 21.6
    endloop
  endfacet
  facet normal -0.831312 -0.555805 0
    outer loop
      vertex 82.7173 32.0994 20.4
      vertex 82.6709 32.1688 21.6
      vertex 82.6709 32.1688 20.4
    endloop
  endfacet
  facet normal -0.831312 -0.555805 0
    outer loop
      vertex 82.6709 32.1688 21.6
      vertex 82.7173 32.0994 20.4
      vertex 82.7173 32.0994 21.6
    endloop
  endfacet
  facet normal -0.882121 -0.471024 0
    outer loop
      vertex 82.6709 32.1688 20.4
      vertex 82.6316 32.2424 21.6
      vertex 82.6316 32.2424 20.4
    endloop
  endfacet
  facet normal -0.882121 -0.471024 0
    outer loop
      vertex 82.6316 32.2424 21.6
      vertex 82.6709 32.1688 20.4
      vertex 82.6709 32.1688 21.6
    endloop
  endfacet
  facet normal -0.923856 -0.38274 0
    outer loop
      vertex 82.6316 32.2424 20.4
      vertex 82.5997 32.3194 21.6
      vertex 82.5997 32.3194 20.4
    endloop
  endfacet
  facet normal -0.923856 -0.38274 0
    outer loop
      vertex 82.5997 32.3194 21.6
      vertex 82.6316 32.2424 20.4
      vertex 82.6316 32.2424 21.6
    endloop
  endfacet
  facet normal -0.956964 -0.290207 0
    outer loop
      vertex 82.5997 32.3194 20.4
      vertex 82.5755 32.3992 21.6
      vertex 82.5755 32.3992 20.4
    endloop
  endfacet
  facet normal -0.956964 -0.290207 0
    outer loop
      vertex 82.5755 32.3992 21.6
      vertex 82.5997 32.3194 20.4
      vertex 82.5997 32.3194 21.6
    endloop
  endfacet
  facet normal -0.980719 -0.195424 0
    outer loop
      vertex 82.5755 32.3992 20.4
      vertex 82.5592 32.481 21.6
      vertex 82.5592 32.481 20.4
    endloop
  endfacet
  facet normal -0.980719 -0.195424 0
    outer loop
      vertex 82.5592 32.481 21.6
      vertex 82.5755 32.3992 20.4
      vertex 82.5755 32.3992 21.6
    endloop
  endfacet
  facet normal -0.997294 -0.0735185 0
    outer loop
      vertex 82.5592 32.481 20.4
      vertex 82.55 32.6058 21.6
      vertex 82.55 32.6058 20.4
    endloop
  endfacet
  facet normal -0.997294 -0.0735185 0
    outer loop
      vertex 82.55 32.6058 21.6
      vertex 82.5592 32.481 20.4
      vertex 82.5592 32.481 21.6
    endloop
  endfacet
  facet normal -1 0 0
    outer loop
      vertex 82.55 32.6058 20.4
      vertex 82.55 76.3942 21.6
      vertex 82.55 76.3942 20.4
    endloop
  endfacet
  facet normal -1 -0 0
    outer loop
      vertex 82.55 76.3942 21.6
      vertex 82.55 32.6058 20.4
      vertex 82.55 32.6058 21.6
    endloop
  endfacet
  facet normal -0.998791 0.0491602 0
    outer loop
      vertex 82.55 76.3942 20.4
      vertex 82.5541 76.4775 21.6
      vertex 82.5541 76.4775 20.4
    endloop
  endfacet
  facet normal -0.998791 0.0491602 0
    outer loop
      vertex 82.5541 76.4775 21.6
      vertex 82.55 76.3942 20.4
      vertex 82.55 76.3942 21.6
    endloop
  endfacet
  facet normal -0.989268 0.146115 0
    outer loop
      vertex 82.5541 76.4775 20.4
      vertex 82.5663 76.5601 21.6
      vertex 82.5663 76.5601 20.4
    endloop
  endfacet
  facet normal -0.989268 0.146115 0
    outer loop
      vertex 82.5663 76.5601 21.6
      vertex 82.5541 76.4775 20.4
      vertex 82.5541 76.4775 21.6
    endloop
  endfacet
  facet normal -0.969931 0.243382 0
    outer loop
      vertex 82.5663 76.5601 20.4
      vertex 82.5866 76.641 21.6
      vertex 82.5866 76.641 20.4
    endloop
  endfacet
  facet normal -0.969931 0.243382 0
    outer loop
      vertex 82.5866 76.641 21.6
      vertex 82.5663 76.5601 20.4
      vertex 82.5663 76.5601 21.6
    endloop
  endfacet
  facet normal -0.941497 0.33702 0
    outer loop
      vertex 82.5866 76.641 20.4
      vertex 82.6147 76.7195 21.6
      vertex 82.6147 76.7195 20.4
    endloop
  endfacet
  facet normal -0.941497 0.33702 0
    outer loop
      vertex 82.6147 76.7195 21.6
      vertex 82.5866 76.641 20.4
      vertex 82.5866 76.641 21.6
    endloop
  endfacet
  facet normal -0.903811 0.427932 0
    outer loop
      vertex 82.6147 76.7195 20.4
      vertex 82.6504 76.7949 21.6
      vertex 82.6504 76.7949 20.4
    endloop
  endfacet
  facet normal -0.903811 0.427932 0
    outer loop
      vertex 82.6504 76.7949 21.6
      vertex 82.6147 76.7195 20.4
      vertex 82.6147 76.7195 21.6
    endloop
  endfacet
  facet normal -0.858338 0.513085 0
    outer loop
      vertex 82.6504 76.7949 20.4
      vertex 82.6932 76.8665 21.6
      vertex 82.6932 76.8665 20.4
    endloop
  endfacet
  facet normal -0.858338 0.513085 0
    outer loop
      vertex 82.6932 76.8665 21.6
      vertex 82.6504 76.7949 20.4
      vertex 82.6504 76.7949 21.6
    endloop
  endfacet
  facet normal -0.803154 0.595772 0
    outer loop
      vertex 82.6932 76.8665 20.4
      vertex 82.7429 76.9335 21.6
      vertex 82.7429 76.9335 20.4
    endloop
  endfacet
  facet normal -0.803154 0.595772 0
    outer loop
      vertex 82.7429 76.9335 21.6
      vertex 82.6932 76.8665 20.4
      vertex 82.6932 76.8665 21.6
    endloop
  endfacet
  facet normal -0.740428 0.672136 0
    outer loop
      vertex 82.7429 76.9335 20.4
      vertex 82.799 76.9953 21.6
      vertex 82.799 76.9953 20.4
    endloop
  endfacet
  facet normal -0.740428 0.672136 0
    outer loop
      vertex 82.799 76.9953 21.6
      vertex 82.7429 76.9335 20.4
      vertex 82.7429 76.9335 21.6
    endloop
  endfacet
  facet normal -0.671478 0.741024 0
    outer loop
      vertex 82.8608 77.0513 20.4
      vertex 82.799 76.9953 21.6
      vertex 82.8608 77.0513 21.6
    endloop
  endfacet
  facet normal -0.671478 0.741024 0
    outer loop
      vertex 82.799 76.9953 21.6
      vertex 82.8608 77.0513 20.4
      vertex 82.799 76.9953 20.4
    endloop
  endfacet
  facet normal -0.595772 0.803154 0
    outer loop
      vertex 82.9278 77.101 20.4
      vertex 82.8608 77.0513 21.6
      vertex 82.9278 77.101 21.6
    endloop
  endfacet
  facet normal -0.595772 0.803154 0
    outer loop
      vertex 82.8608 77.0513 21.6
      vertex 82.9278 77.101 20.4
      vertex 82.8608 77.0513 20.4
    endloop
  endfacet
  facet normal -0.514496 0.857493 0
    outer loop
      vertex 82.9993 77.1439 20.4
      vertex 82.9278 77.101 21.6
      vertex 82.9993 77.1439 21.6
    endloop
  endfacet
  facet normal -0.514496 0.857493 0
    outer loop
      vertex 82.9278 77.101 21.6
      vertex 82.9993 77.1439 20.4
      vertex 82.9278 77.101 20.4
    endloop
  endfacet
  facet normal -0.426952 0.904274 0
    outer loop
      vertex 83.0747 77.1795 20.4
      vertex 82.9993 77.1439 21.6
      vertex 83.0747 77.1795 21.6
    endloop
  endfacet
  facet normal -0.426952 0.904274 0
    outer loop
      vertex 82.9993 77.1439 21.6
      vertex 83.0747 77.1795 20.4
      vertex 82.9993 77.1439 20.4
    endloop
  endfacet
  facet normal -0.33664 0.941633 0
    outer loop
      vertex 83.1533 77.2076 20.4
      vertex 83.0747 77.1795 21.6
      vertex 83.1533 77.2076 21.6
    endloop
  endfacet
  facet normal -0.33664 0.941633 0
    outer loop
      vertex 83.0747 77.1795 21.6
      vertex 83.1533 77.2076 20.4
      vertex 83.0747 77.1795 20.4
    endloop
  endfacet
  facet normal -0.219997 0.9755 0
    outer loop
      vertex 83.2442 77.2281 20.4
      vertex 83.1533 77.2076 21.6
      vertex 83.2442 77.2281 21.6
    endloop
  endfacet
  facet normal -0.219997 0.9755 0
    outer loop
      vertex 83.1533 77.2076 21.6
      vertex 83.2442 77.2281 20.4
      vertex 83.1533 77.2076 20.4
    endloop
  endfacet
  facet normal -0.242887 0.970055 0
    outer loop
      vertex 83.8289 77.3745 20.4
      vertex 83.2442 77.2281 21.6
      vertex 83.8289 77.3745 21.6
    endloop
  endfacet
  facet normal -0.242887 0.970055 0
    outer loop
      vertex 83.2442 77.2281 21.6
      vertex 83.8289 77.3745 20.4
      vertex 83.2442 77.2281 20.4
    endloop
  endfacet
  facet normal -0.336884 0.941546 0
    outer loop
      vertex 84.3739 77.5695 20.4
      vertex 83.8289 77.3745 21.6
      vertex 84.3739 77.5695 21.6
    endloop
  endfacet
  facet normal -0.336884 0.941546 0
    outer loop
      vertex 83.8289 77.3745 21.6
      vertex 84.3739 77.5695 20.4
      vertex 83.8289 77.3745 20.4
    endloop
  endfacet
  facet normal -0.427552 0.903991 0
    outer loop
      vertex 84.8972 77.817 20.4
      vertex 84.3739 77.5695 21.6
      vertex 84.8972 77.817 21.6
    endloop
  endfacet
  facet normal -0.427552 0.903991 0
    outer loop
      vertex 84.3739 77.5695 21.6
      vertex 84.8972 77.817 20.4
      vertex 84.3739 77.5695 20.4
    endloop
  endfacet
  facet normal -0.514166 0.857691 0
    outer loop
      vertex 85.3938 78.1147 20.4
      vertex 84.8972 77.817 21.6
      vertex 85.3938 78.1147 21.6
    endloop
  endfacet
  facet normal -0.514166 0.857691 0
    outer loop
      vertex 84.8972 77.817 21.6
      vertex 85.3938 78.1147 20.4
      vertex 84.8972 77.817 20.4
    endloop
  endfacet
  facet normal -0.595624 0.803263 0
    outer loop
      vertex 85.8588 78.4595 20.4
      vertex 85.3938 78.1147 21.6
      vertex 85.8588 78.4595 21.6
    endloop
  endfacet
  facet normal -0.595624 0.803263 0
    outer loop
      vertex 85.3938 78.1147 21.6
      vertex 85.8588 78.4595 20.4
      vertex 85.3938 78.1147 20.4
    endloop
  endfacet
  facet normal -0.671614 0.740901 0
    outer loop
      vertex 86.2876 78.8482 20.4
      vertex 85.8588 78.4595 21.6
      vertex 86.2876 78.8482 21.6
    endloop
  endfacet
  facet normal -0.671614 0.740901 0
    outer loop
      vertex 85.8588 78.4595 21.6
      vertex 86.2876 78.8482 20.4
      vertex 85.8588 78.4595 20.4
    endloop
  endfacet
  facet normal -0.740971 0.671537 0
    outer loop
      vertex 86.2876 78.8482 20.4
      vertex 86.6764 79.2772 21.6
      vertex 86.6764 79.2772 20.4
    endloop
  endfacet
  facet normal -0.740971 0.671537 0
    outer loop
      vertex 86.6764 79.2772 21.6
      vertex 86.2876 78.8482 20.4
      vertex 86.2876 78.8482 21.6
    endloop
  endfacet
  facet normal -0.803119 0.595818 0
    outer loop
      vertex 86.6764 79.2772 20.4
      vertex 87.0213 79.7421 21.6
      vertex 87.0213 79.7421 20.4
    endloop
  endfacet
  facet normal -0.803119 0.595818 0
    outer loop
      vertex 87.0213 79.7421 21.6
      vertex 86.6764 79.2772 20.4
      vertex 86.6764 79.2772 21.6
    endloop
  endfacet
  facet normal -0.857813 0.513962 0
    outer loop
      vertex 87.0213 79.7421 20.4
      vertex 87.3189 80.2388 21.6
      vertex 87.3189 80.2388 20.4
    endloop
  endfacet
  facet normal -0.857813 0.513962 0
    outer loop
      vertex 87.3189 80.2388 21.6
      vertex 87.0213 79.7421 20.4
      vertex 87.0213 79.7421 21.6
    endloop
  endfacet
  facet normal -0.903959 0.427618 0
    outer loop
      vertex 87.3189 80.2388 20.4
      vertex 87.5664 80.762 21.6
      vertex 87.5664 80.762 20.4
    endloop
  endfacet
  facet normal -0.903959 0.427618 0
    outer loop
      vertex 87.5664 80.762 21.6
      vertex 87.3189 80.2388 20.4
      vertex 87.3189 80.2388 21.6
    endloop
  endfacet
  facet normal -0.941531 0.336927 0
    outer loop
      vertex 87.5664 80.762 20.4
      vertex 87.7615 81.3072 21.6
      vertex 87.7615 81.3072 20.4
    endloop
  endfacet
  facet normal -0.941531 0.336927 0
    outer loop
      vertex 87.7615 81.3072 21.6
      vertex 87.5664 80.762 20.4
      vertex 87.5664 80.762 21.6
    endloop
  endfacet
  facet normal -0.970031 0.242983 0
    outer loop
      vertex 87.7615 81.3072 20.4
      vertex 87.9021 81.8685 21.6
      vertex 87.9021 81.8685 20.4
    endloop
  endfacet
  facet normal -0.970031 0.242983 0
    outer loop
      vertex 87.9021 81.8685 21.6
      vertex 87.7615 81.3072 20.4
      vertex 87.7615 81.3072 21.6
    endloop
  endfacet
  facet normal -0.989193 0.146618 0
    outer loop
      vertex 87.9021 81.8685 20.4
      vertex 87.987 82.4413 21.6
      vertex 87.987 82.4413 20.4
    endloop
  endfacet
  facet normal -0.989193 0.146618 0
    outer loop
      vertex 87.987 82.4413 21.6
      vertex 87.9021 81.8685 20.4
      vertex 87.9021 81.8685 21.6
    endloop
  endfacet
  facet normal -0.998796 0.0490588 0
    outer loop
      vertex 87.987 82.4413 20.4
      vertex 88.0154 83.0195 21.6
      vertex 88.0154 83.0195 20.4
    endloop
  endfacet
  facet normal -0.998796 0.0490588 0
    outer loop
      vertex 88.0154 83.0195 21.6
      vertex 87.987 82.4413 20.4
      vertex 87.987 82.4413 21.6
    endloop
  endfacet
  facet normal -0.998796 -0.0490588 0
    outer loop
      vertex 88.0154 83.0195 20.4
      vertex 87.987 83.5977 21.6
      vertex 87.987 83.5977 20.4
    endloop
  endfacet
  facet normal -0.998796 -0.0490588 0
    outer loop
      vertex 87.987 83.5977 21.6
      vertex 88.0154 83.0195 20.4
      vertex 88.0154 83.0195 21.6
    endloop
  endfacet
  facet normal -0.98919 -0.146643 0
    outer loop
      vertex 87.987 83.5977 20.4
      vertex 87.9021 84.1704 21.6
      vertex 87.9021 84.1704 20.4
    endloop
  endfacet
  facet normal -0.98919 -0.146643 0
    outer loop
      vertex 87.9021 84.1704 21.6
      vertex 87.987 83.5977 20.4
      vertex 87.987 83.5977 21.6
    endloop
  endfacet
  facet normal -0.97 -0.243105 0
    outer loop
      vertex 87.9021 84.1704 20.4
      vertex 87.7614 84.7318 21.6
      vertex 87.7614 84.7318 20.4
    endloop
  endfacet
  facet normal -0.97 -0.243105 0
    outer loop
      vertex 87.7614 84.7318 21.6
      vertex 87.9021 84.1704 20.4
      vertex 87.9021 84.1704 21.6
    endloop
  endfacet
  facet normal -0.941566 -0.336829 0
    outer loop
      vertex 87.7614 84.7318 20.4
      vertex 87.5664 85.2769 21.6
      vertex 87.5664 85.2769 20.4
    endloop
  endfacet
  facet normal -0.941566 -0.336829 0
    outer loop
      vertex 87.5664 85.2769 21.6
      vertex 87.7614 84.7318 20.4
      vertex 87.7614 84.7318 21.6
    endloop
  endfacet
  facet normal -0.903991 -0.427552 0
    outer loop
      vertex 87.5664 85.2769 20.4
      vertex 87.3189 85.8002 21.6
      vertex 87.3189 85.8002 20.4
    endloop
  endfacet
  facet normal -0.903991 -0.427552 0
    outer loop
      vertex 87.3189 85.8002 21.6
      vertex 87.5664 85.2769 20.4
      vertex 87.5664 85.2769 21.6
    endloop
  endfacet
  facet normal -0.857721 -0.514115 0
    outer loop
      vertex 87.3189 85.8002 20.4
      vertex 87.0213 86.2967 21.6
      vertex 87.0213 86.2967 20.4
    endloop
  endfacet
  facet normal -0.857721 -0.514115 0
    outer loop
      vertex 87.0213 86.2967 21.6
      vertex 87.3189 85.8002 20.4
      vertex 87.3189 85.8002 21.6
    endloop
  endfacet
  facet normal -0.803181 -0.595736 0
    outer loop
      vertex 87.0213 86.2967 20.4
      vertex 86.6764 86.7617 21.6
      vertex 86.6764 86.7617 20.4
    endloop
  endfacet
  facet normal -0.803181 -0.595736 0
    outer loop
      vertex 86.6764 86.7617 21.6
      vertex 87.0213 86.2967 20.4
      vertex 87.0213 86.2967 21.6
    endloop
  endfacet
  facet normal -0.741057 -0.671442 0
    outer loop
      vertex 86.6764 86.7617 20.4
      vertex 86.2877 87.1907 21.6
      vertex 86.2877 87.1907 20.4
    endloop
  endfacet
  facet normal -0.741057 -0.671442 0
    outer loop
      vertex 86.2877 87.1907 21.6
      vertex 86.6764 86.7617 20.4
      vertex 86.6764 86.7617 21.6
    endloop
  endfacet
  facet normal -0.671442 -0.741057 0
    outer loop
      vertex 85.8587 87.5794 20.4
      vertex 86.2877 87.1907 21.6
      vertex 85.8587 87.5794 21.6
    endloop
  endfacet
  facet normal -0.671442 -0.741057 -0
    outer loop
      vertex 86.2877 87.1907 21.6
      vertex 85.8587 87.5794 20.4
      vertex 86.2877 87.1907 20.4
    endloop
  endfacet
  facet normal -0.595736 -0.803181 0
    outer loop
      vertex 85.3937 87.9243 20.4
      vertex 85.8587 87.5794 21.6
      vertex 85.3937 87.9243 21.6
    endloop
  endfacet
  facet normal -0.595736 -0.803181 -0
    outer loop
      vertex 85.8587 87.5794 21.6
      vertex 85.3937 87.9243 20.4
      vertex 85.8587 87.5794 20.4
    endloop
  endfacet
  facet normal -0.514115 -0.857721 0
    outer loop
      vertex 84.8972 88.2219 20.4
      vertex 85.3937 87.9243 21.6
      vertex 84.8972 88.2219 21.6
    endloop
  endfacet
  facet normal -0.514115 -0.857721 -0
    outer loop
      vertex 85.3937 87.9243 21.6
      vertex 84.8972 88.2219 20.4
      vertex 85.3937 87.9243 20.4
    endloop
  endfacet
  facet normal -0.427552 -0.903991 0
    outer loop
      vertex 84.3739 88.4694 20.4
      vertex 84.8972 88.2219 21.6
      vertex 84.3739 88.4694 21.6
    endloop
  endfacet
  facet normal -0.427552 -0.903991 -0
    outer loop
      vertex 84.8972 88.2219 21.6
      vertex 84.3739 88.4694 20.4
      vertex 84.8972 88.2219 20.4
    endloop
  endfacet
  facet normal -0.336829 -0.941566 0
    outer loop
      vertex 83.8288 88.6644 20.4
      vertex 84.3739 88.4694 21.6
      vertex 83.8288 88.6644 21.6
    endloop
  endfacet
  facet normal -0.336829 -0.941566 -0
    outer loop
      vertex 84.3739 88.4694 21.6
      vertex 83.8288 88.6644 20.4
      vertex 84.3739 88.4694 20.4
    endloop
  endfacet
  facet normal -0.243105 -0.97 0
    outer loop
      vertex 83.2674 88.8051 20.4
      vertex 83.8288 88.6644 21.6
      vertex 83.2674 88.8051 21.6
    endloop
  endfacet
  facet normal -0.243105 -0.97 -0
    outer loop
      vertex 83.8288 88.6644 21.6
      vertex 83.2674 88.8051 20.4
      vertex 83.8288 88.6644 20.4
    endloop
  endfacet
  facet normal -0.146643 -0.98919 0
    outer loop
      vertex 82.6947 88.89 20.4
      vertex 83.2674 88.8051 21.6
      vertex 82.6947 88.89 21.6
    endloop
  endfacet
  facet normal -0.146643 -0.98919 -0
    outer loop
      vertex 83.2674 88.8051 21.6
      vertex 82.6947 88.89 20.4
      vertex 83.2674 88.8051 20.4
    endloop
  endfacet
  facet normal -0.0490588 -0.998796 0
    outer loop
      vertex 82.1165 88.9184 20.4
      vertex 82.6947 88.89 21.6
      vertex 82.1165 88.9184 21.6
    endloop
  endfacet
  facet normal -0.0490588 -0.998796 -0
    outer loop
      vertex 82.6947 88.89 21.6
      vertex 82.1165 88.9184 20.4
      vertex 82.6947 88.89 20.4
    endloop
  endfacet
  facet normal 0.0490588 -0.998796 0
    outer loop
      vertex 81.5383 88.89 20.4
      vertex 82.1165 88.9184 21.6
      vertex 81.5383 88.89 21.6
    endloop
  endfacet
  facet normal 0.0490588 -0.998796 0
    outer loop
      vertex 82.1165 88.9184 21.6
      vertex 81.5383 88.89 20.4
      vertex 82.1165 88.9184 20.4
    endloop
  endfacet
  facet normal 0.146618 -0.989193 0
    outer loop
      vertex 80.9655 88.8051 20.4
      vertex 81.5383 88.89 21.6
      vertex 80.9655 88.8051 21.6
    endloop
  endfacet
  facet normal 0.146618 -0.989193 0
    outer loop
      vertex 81.5383 88.89 21.6
      vertex 80.9655 88.8051 20.4
      vertex 81.5383 88.89 20.4
    endloop
  endfacet
  facet normal 0.242983 -0.970031 0
    outer loop
      vertex 80.4042 88.6645 20.4
      vertex 80.9655 88.8051 21.6
      vertex 80.4042 88.6645 21.6
    endloop
  endfacet
  facet normal 0.242983 -0.970031 0
    outer loop
      vertex 80.9655 88.8051 21.6
      vertex 80.4042 88.6645 20.4
      vertex 80.9655 88.8051 20.4
    endloop
  endfacet
  facet normal 0.336927 -0.941531 0
    outer loop
      vertex 79.859 88.4694 20.4
      vertex 80.4042 88.6645 21.6
      vertex 79.859 88.4694 21.6
    endloop
  endfacet
  facet normal 0.336927 -0.941531 0
    outer loop
      vertex 80.4042 88.6645 21.6
      vertex 79.859 88.4694 20.4
      vertex 80.4042 88.6645 20.4
    endloop
  endfacet
  facet normal 0.427618 -0.903959 0
    outer loop
      vertex 79.3358 88.2219 20.4
      vertex 79.859 88.4694 21.6
      vertex 79.3358 88.2219 21.6
    endloop
  endfacet
  facet normal 0.427618 -0.903959 0
    outer loop
      vertex 79.859 88.4694 21.6
      vertex 79.3358 88.2219 20.4
      vertex 79.859 88.4694 20.4
    endloop
  endfacet
  facet normal 0.513962 -0.857813 0
    outer loop
      vertex 78.8391 87.9243 20.4
      vertex 79.3358 88.2219 21.6
      vertex 78.8391 87.9243 21.6
    endloop
  endfacet
  facet normal 0.513962 -0.857813 0
    outer loop
      vertex 79.3358 88.2219 21.6
      vertex 78.8391 87.9243 20.4
      vertex 79.3358 88.2219 20.4
    endloop
  endfacet
  facet normal 0.595818 -0.803119 0
    outer loop
      vertex 78.3742 87.5794 20.4
      vertex 78.8391 87.9243 21.6
      vertex 78.3742 87.5794 21.6
    endloop
  endfacet
  facet normal 0.595818 -0.803119 0
    outer loop
      vertex 78.8391 87.9243 21.6
      vertex 78.3742 87.5794 20.4
      vertex 78.8391 87.9243 20.4
    endloop
  endfacet
  facet normal 0.671537 -0.740971 0
    outer loop
      vertex 77.9452 87.1906 20.4
      vertex 78.3742 87.5794 21.6
      vertex 77.9452 87.1906 21.6
    endloop
  endfacet
  facet normal 0.671537 -0.740971 0
    outer loop
      vertex 78.3742 87.5794 21.6
      vertex 77.9452 87.1906 20.4
      vertex 78.3742 87.5794 20.4
    endloop
  endfacet
  facet normal 0.740901 -0.671614 0
    outer loop
      vertex 77.5565 86.7618 21.6
      vertex 77.9452 87.1906 20.4
      vertex 77.9452 87.1906 21.6
    endloop
  endfacet
  facet normal 0.740901 -0.671614 0
    outer loop
      vertex 77.9452 87.1906 20.4
      vertex 77.5565 86.7618 21.6
      vertex 77.5565 86.7618 20.4
    endloop
  endfacet
  facet normal 0.803263 -0.595624 0
    outer loop
      vertex 77.2117 86.2968 21.6
      vertex 77.5565 86.7618 20.4
      vertex 77.5565 86.7618 21.6
    endloop
  endfacet
  facet normal 0.803263 -0.595624 0
    outer loop
      vertex 77.5565 86.7618 20.4
      vertex 77.2117 86.2968 21.6
      vertex 77.2117 86.2968 20.4
    endloop
  endfacet
  facet normal 0.857691 -0.514166 0
    outer loop
      vertex 76.914 85.8002 21.6
      vertex 77.2117 86.2968 20.4
      vertex 77.2117 86.2968 21.6
    endloop
  endfacet
  facet normal 0.857691 -0.514166 0
    outer loop
      vertex 77.2117 86.2968 20.4
      vertex 76.914 85.8002 21.6
      vertex 76.914 85.8002 20.4
    endloop
  endfacet
  facet normal 0.903991 -0.427552 0
    outer loop
      vertex 76.6665 85.2769 21.6
      vertex 76.914 85.8002 20.4
      vertex 76.914 85.8002 21.6
    endloop
  endfacet
  facet normal 0.903991 -0.427552 0
    outer loop
      vertex 76.914 85.8002 20.4
      vertex 76.6665 85.2769 21.6
      vertex 76.6665 85.2769 20.4
    endloop
  endfacet
  facet normal 0.941546 -0.336884 0
    outer loop
      vertex 76.4715 84.7319 21.6
      vertex 76.6665 85.2769 20.4
      vertex 76.6665 85.2769 21.6
    endloop
  endfacet
  facet normal 0.941546 -0.336884 0
    outer loop
      vertex 76.6665 85.2769 20.4
      vertex 76.4715 84.7319 21.6
      vertex 76.4715 84.7319 20.4
    endloop
  endfacet
  facet normal 0.970022 -0.243017 0
    outer loop
      vertex 76.3289 84.1627 21.6
      vertex 76.4715 84.7319 20.4
      vertex 76.4715 84.7319 21.6
    endloop
  endfacet
  facet normal 0.970022 -0.243017 0
    outer loop
      vertex 76.4715 84.7319 20.4
      vertex 76.3289 84.1627 21.6
      vertex 76.3289 84.1627 20.4
    endloop
  endfacet
  facet normal 0.980978 -0.194121 0
    outer loop
      vertex 76.3158 84.0965 21.6
      vertex 76.3289 84.1627 20.4
      vertex 76.3289 84.1627 21.6
    endloop
  endfacet
  facet normal 0.980978 -0.194121 0
    outer loop
      vertex 76.3289 84.1627 20.4
      vertex 76.3158 84.0965 21.6
      vertex 76.3158 84.0965 20.4
    endloop
  endfacet
  facet normal 0.956732 -0.290971 0
    outer loop
      vertex 76.2915 84.0166 21.6
      vertex 76.3158 84.0965 20.4
      vertex 76.3158 84.0965 21.6
    endloop
  endfacet
  facet normal 0.956732 -0.290971 0
    outer loop
      vertex 76.3158 84.0965 20.4
      vertex 76.2915 84.0166 21.6
      vertex 76.2915 84.0166 20.4
    endloop
  endfacet
  facet normal 0.923856 -0.38274 0
    outer loop
      vertex 76.2596 83.9396 21.6
      vertex 76.2915 84.0166 20.4
      vertex 76.2915 84.0166 21.6
    endloop
  endfacet
  facet normal 0.923856 -0.38274 0
    outer loop
      vertex 76.2915 84.0166 20.4
      vertex 76.2596 83.9396 21.6
      vertex 76.2596 83.9396 20.4
    endloop
  endfacet
  facet normal 0.882121 -0.471024 0
    outer loop
      vertex 76.2203 83.866 21.6
      vertex 76.2596 83.9396 20.4
      vertex 76.2596 83.9396 21.6
    endloop
  endfacet
  facet normal 0.882121 -0.471024 0
    outer loop
      vertex 76.2596 83.9396 20.4
      vertex 76.2203 83.866 21.6
      vertex 76.2203 83.866 20.4
    endloop
  endfacet
  facet normal 0.831866 -0.554977 0
    outer loop
      vertex 76.174 83.7966 21.6
      vertex 76.2203 83.866 20.4
      vertex 76.2203 83.866 21.6
    endloop
  endfacet
  facet normal 0.831866 -0.554977 0
    outer loop
      vertex 76.2203 83.866 20.4
      vertex 76.174 83.7966 21.6
      vertex 76.174 83.7966 20.4
    endloop
  endfacet
  facet normal 0.772138 -0.635455 0
    outer loop
      vertex 76.121 83.7322 21.6
      vertex 76.174 83.7966 20.4
      vertex 76.174 83.7966 21.6
    endloop
  endfacet
  facet normal 0.772138 -0.635455 0
    outer loop
      vertex 76.174 83.7966 20.4
      vertex 76.121 83.7322 21.6
      vertex 76.121 83.7322 20.4
    endloop
  endfacet
  facet normal 0.707107 -0.707107 0
    outer loop
      vertex 76.062 83.6732 21.6
      vertex 76.121 83.7322 20.4
      vertex 76.121 83.7322 21.6
    endloop
  endfacet
  facet normal 0.707107 -0.707107 0
    outer loop
      vertex 76.121 83.7322 20.4
      vertex 76.062 83.6732 21.6
      vertex 76.062 83.6732 20.4
    endloop
  endfacet
  facet normal 0.634739 -0.772726 0
    outer loop
      vertex 75.9976 83.6203 20.4
      vertex 76.062 83.6732 21.6
      vertex 75.9976 83.6203 21.6
    endloop
  endfacet
  facet normal 0.634739 -0.772726 0
    outer loop
      vertex 76.062 83.6732 21.6
      vertex 75.9976 83.6203 20.4
      vertex 76.062 83.6732 20.4
    endloop
  endfacet
  facet normal 0.555805 -0.831312 0
    outer loop
      vertex 75.9282 83.5739 20.4
      vertex 75.9976 83.6203 21.6
      vertex 75.9282 83.5739 21.6
    endloop
  endfacet
  facet normal 0.555805 -0.831312 0
    outer loop
      vertex 75.9976 83.6203 21.6
      vertex 75.9282 83.5739 20.4
      vertex 75.9976 83.6203 20.4
    endloop
  endfacet
  facet normal 0.471024 -0.882121 0
    outer loop
      vertex 75.8546 83.5346 20.4
      vertex 75.9282 83.5739 21.6
      vertex 75.8546 83.5346 21.6
    endloop
  endfacet
  facet normal 0.471024 -0.882121 0
    outer loop
      vertex 75.9282 83.5739 21.6
      vertex 75.8546 83.5346 20.4
      vertex 75.9282 83.5739 20.4
    endloop
  endfacet
  facet normal 0.38274 -0.923856 0
    outer loop
      vertex 75.7776 83.5027 20.4
      vertex 75.8546 83.5346 21.6
      vertex 75.7776 83.5027 21.6
    endloop
  endfacet
  facet normal 0.38274 -0.923856 0
    outer loop
      vertex 75.8546 83.5346 21.6
      vertex 75.7776 83.5027 20.4
      vertex 75.8546 83.5346 20.4
    endloop
  endfacet
  facet normal 0.290207 -0.956964 0
    outer loop
      vertex 75.6978 83.4785 20.4
      vertex 75.7776 83.5027 21.6
      vertex 75.6978 83.4785 21.6
    endloop
  endfacet
  facet normal 0.290207 -0.956964 0
    outer loop
      vertex 75.7776 83.5027 21.6
      vertex 75.6978 83.4785 20.4
      vertex 75.7776 83.5027 20.4
    endloop
  endfacet
  facet normal 0.195195 -0.980764 0
    outer loop
      vertex 75.6159 83.4622 20.4
      vertex 75.6978 83.4785 21.6
      vertex 75.6159 83.4622 21.6
    endloop
  endfacet
  facet normal 0.195195 -0.980764 0
    outer loop
      vertex 75.6978 83.4785 21.6
      vertex 75.6159 83.4622 20.4
      vertex 75.6978 83.4785 20.4
    endloop
  endfacet
  facet normal 0.0735771 -0.99729 0
    outer loop
      vertex 75.4912 83.453 20.4
      vertex 75.6159 83.4622 21.6
      vertex 75.4912 83.453 21.6
    endloop
  endfacet
  facet normal 0.0735771 -0.99729 0
    outer loop
      vertex 75.6159 83.4622 21.6
      vertex 75.4912 83.453 20.4
      vertex 75.6159 83.4622 20.4
    endloop
  endfacet
  facet normal 0 -1 0
    outer loop
      vertex 31.6058 83.453 20.4
      vertex 75.4912 83.453 21.6
      vertex 31.6058 83.453 21.6
    endloop
  endfacet
  facet normal 0 -1 -0
    outer loop
      vertex 75.4912 83.453 21.6
      vertex 31.6058 83.453 20.4
      vertex 75.4912 83.453 20.4
    endloop
  endfacet
  facet normal -0.0491014 -0.998794 0
    outer loop
      vertex 31.5224 83.4571 20.4
      vertex 31.6058 83.453 21.6
      vertex 31.5224 83.4571 21.6
    endloop
  endfacet
  facet normal -0.0491014 -0.998794 -0
    outer loop
      vertex 31.6058 83.453 21.6
      vertex 31.5224 83.4571 20.4
      vertex 31.6058 83.453 20.4
    endloop
  endfacet
  facet normal -0.146288 -0.989242 0
    outer loop
      vertex 31.4399 83.4693 20.4
      vertex 31.5224 83.4571 21.6
      vertex 31.4399 83.4693 21.6
    endloop
  endfacet
  facet normal -0.146288 -0.989242 -0
    outer loop
      vertex 31.5224 83.4571 21.6
      vertex 31.4399 83.4693 20.4
      vertex 31.5224 83.4571 20.4
    endloop
  endfacet
  facet normal -0.243382 -0.969931 0
    outer loop
      vertex 31.359 83.4896 20.4
      vertex 31.4399 83.4693 21.6
      vertex 31.359 83.4896 21.6
    endloop
  endfacet
  facet normal -0.243382 -0.969931 -0
    outer loop
      vertex 31.4399 83.4693 21.6
      vertex 31.359 83.4896 20.4
      vertex 31.4399 83.4693 20.4
    endloop
  endfacet
  facet normal -0.33702 -0.941497 0
    outer loop
      vertex 31.2805 83.5177 20.4
      vertex 31.359 83.4896 21.6
      vertex 31.2805 83.5177 21.6
    endloop
  endfacet
  facet normal -0.33702 -0.941497 -0
    outer loop
      vertex 31.359 83.4896 21.6
      vertex 31.2805 83.5177 20.4
      vertex 31.359 83.4896 20.4
    endloop
  endfacet
  facet normal -0.427932 -0.903811 0
    outer loop
      vertex 31.2051 83.5534 20.4
      vertex 31.2805 83.5177 21.6
      vertex 31.2051 83.5534 21.6
    endloop
  endfacet
  facet normal -0.427932 -0.903811 -0
    outer loop
      vertex 31.2805 83.5177 21.6
      vertex 31.2051 83.5534 20.4
      vertex 31.2805 83.5177 20.4
    endloop
  endfacet
  facet normal -0.513085 -0.858338 0
    outer loop
      vertex 31.1335 83.5962 20.4
      vertex 31.2051 83.5534 21.6
      vertex 31.1335 83.5962 21.6
    endloop
  endfacet
  facet normal -0.513085 -0.858338 -0
    outer loop
      vertex 31.2051 83.5534 21.6
      vertex 31.1335 83.5962 20.4
      vertex 31.2051 83.5534 20.4
    endloop
  endfacet
  facet normal -0.595772 -0.803154 0
    outer loop
      vertex 31.0665 83.6459 20.4
      vertex 31.1335 83.5962 21.6
      vertex 31.0665 83.6459 21.6
    endloop
  endfacet
  facet normal -0.595772 -0.803154 -0
    outer loop
      vertex 31.1335 83.5962 21.6
      vertex 31.0665 83.6459 20.4
      vertex 31.1335 83.5962 20.4
    endloop
  endfacet
  facet normal -0.672136 -0.740428 0
    outer loop
      vertex 31.0047 83.702 20.4
      vertex 31.0665 83.6459 21.6
      vertex 31.0047 83.702 21.6
    endloop
  endfacet
  facet normal -0.672136 -0.740428 -0
    outer loop
      vertex 31.0665 83.6459 21.6
      vertex 31.0047 83.702 20.4
      vertex 31.0665 83.6459 20.4
    endloop
  endfacet
  facet normal -0.741024 -0.671478 0
    outer loop
      vertex 31.0047 83.702 20.4
      vertex 30.9487 83.7638 21.6
      vertex 30.9487 83.7638 20.4
    endloop
  endfacet
  facet normal -0.741024 -0.671478 0
    outer loop
      vertex 30.9487 83.7638 21.6
      vertex 31.0047 83.702 20.4
      vertex 31.0047 83.702 21.6
    endloop
  endfacet
  facet normal -0.803154 -0.595772 0
    outer loop
      vertex 30.9487 83.7638 20.4
      vertex 30.899 83.8308 21.6
      vertex 30.899 83.8308 20.4
    endloop
  endfacet
  facet normal -0.803154 -0.595772 0
    outer loop
      vertex 30.899 83.8308 21.6
      vertex 30.9487 83.7638 20.4
      vertex 30.9487 83.7638 21.6
    endloop
  endfacet
  facet normal -0.857493 -0.514496 0
    outer loop
      vertex 30.899 83.8308 20.4
      vertex 30.8561 83.9023 21.6
      vertex 30.8561 83.9023 20.4
    endloop
  endfacet
  facet normal -0.857493 -0.514496 0
    outer loop
      vertex 30.8561 83.9023 21.6
      vertex 30.899 83.8308 20.4
      vertex 30.899 83.8308 21.6
    endloop
  endfacet
  facet normal -0.904274 -0.426952 0
    outer loop
      vertex 30.8561 83.9023 20.4
      vertex 30.8205 83.9777 21.6
      vertex 30.8205 83.9777 20.4
    endloop
  endfacet
  facet normal -0.904274 -0.426952 0
    outer loop
      vertex 30.8205 83.9777 21.6
      vertex 30.8561 83.9023 20.4
      vertex 30.8561 83.9023 21.6
    endloop
  endfacet
  facet normal -0.941633 -0.33664 0
    outer loop
      vertex 30.8205 83.9777 20.4
      vertex 30.7924 84.0563 21.6
      vertex 30.7924 84.0563 20.4
    endloop
  endfacet
  facet normal -0.941633 -0.33664 0
    outer loop
      vertex 30.7924 84.0563 21.6
      vertex 30.8205 83.9777 20.4
      vertex 30.8205 83.9777 21.6
    endloop
  endfacet
  facet normal -0.9755 -0.219997 0
    outer loop
      vertex 30.7924 84.0563 20.4
      vertex 30.7719 84.1472 21.6
      vertex 30.7719 84.1472 20.4
    endloop
  endfacet
  facet normal -0.9755 -0.219997 0
    outer loop
      vertex 30.7719 84.1472 21.6
      vertex 30.7924 84.0563 20.4
      vertex 30.7924 84.0563 21.6
    endloop
  endfacet
  facet normal -0.970055 -0.242887 0
    outer loop
      vertex 30.7719 84.1472 20.4
      vertex 30.6255 84.7319 21.6
      vertex 30.6255 84.7319 20.4
    endloop
  endfacet
  facet normal -0.970055 -0.242887 0
    outer loop
      vertex 30.6255 84.7319 21.6
      vertex 30.7719 84.1472 20.4
      vertex 30.7719 84.1472 21.6
    endloop
  endfacet
  facet normal -0.941546 -0.336884 0
    outer loop
      vertex 30.6255 84.7319 20.4
      vertex 30.4305 85.2769 21.6
      vertex 30.4305 85.2769 20.4
    endloop
  endfacet
  facet normal -0.941546 -0.336884 0
    outer loop
      vertex 30.4305 85.2769 21.6
      vertex 30.6255 84.7319 20.4
      vertex 30.6255 84.7319 21.6
    endloop
  endfacet
  facet normal -0.903991 -0.427552 0
    outer loop
      vertex 30.4305 85.2769 20.4
      vertex 30.183 85.8002 21.6
      vertex 30.183 85.8002 20.4
    endloop
  endfacet
  facet normal -0.903991 -0.427552 0
    outer loop
      vertex 30.183 85.8002 21.6
      vertex 30.4305 85.2769 20.4
      vertex 30.4305 85.2769 21.6
    endloop
  endfacet
  facet normal -0.857691 -0.514166 0
    outer loop
      vertex 30.183 85.8002 20.4
      vertex 29.8853 86.2968 21.6
      vertex 29.8853 86.2968 20.4
    endloop
  endfacet
  facet normal -0.857691 -0.514166 0
    outer loop
      vertex 29.8853 86.2968 21.6
      vertex 30.183 85.8002 20.4
      vertex 30.183 85.8002 21.6
    endloop
  endfacet
  facet normal -0.803181 -0.595736 0
    outer loop
      vertex 29.8853 86.2968 20.4
      vertex 29.5404 86.7618 21.6
      vertex 29.5404 86.7618 20.4
    endloop
  endfacet
  facet normal -0.803181 -0.595736 0
    outer loop
      vertex 29.5404 86.7618 21.6
      vertex 29.8853 86.2968 20.4
      vertex 29.8853 86.2968 21.6
    endloop
  endfacet
  facet normal -0.740987 -0.671519 0
    outer loop
      vertex 29.5404 86.7618 20.4
      vertex 29.1518 87.1906 21.6
      vertex 29.1518 87.1906 20.4
    endloop
  endfacet
  facet normal -0.740987 -0.671519 0
    outer loop
      vertex 29.1518 87.1906 21.6
      vertex 29.5404 86.7618 20.4
      vertex 29.5404 86.7618 21.6
    endloop
  endfacet
  facet normal -0.671537 -0.740971 0
    outer loop
      vertex 28.7228 87.5794 20.4
      vertex 29.1518 87.1906 21.6
      vertex 28.7228 87.5794 21.6
    endloop
  endfacet
  facet normal -0.671537 -0.740971 -0
    outer loop
      vertex 29.1518 87.1906 21.6
      vertex 28.7228 87.5794 20.4
      vertex 29.1518 87.1906 20.4
    endloop
  endfacet
  facet normal -0.595736 -0.803181 0
    outer loop
      vertex 28.2578 87.9243 20.4
      vertex 28.7228 87.5794 21.6
      vertex 28.2578 87.9243 21.6
    endloop
  endfacet
  facet normal -0.595736 -0.803181 -0
    outer loop
      vertex 28.7228 87.5794 21.6
      vertex 28.2578 87.9243 20.4
      vertex 28.7228 87.5794 20.4
    endloop
  endfacet
  facet normal -0.514038 -0.857767 0
    outer loop
      vertex 27.7612 88.2219 20.4
      vertex 28.2578 87.9243 21.6
      vertex 27.7612 88.2219 21.6
    endloop
  endfacet
  facet normal -0.514038 -0.857767 -0
    outer loop
      vertex 28.2578 87.9243 21.6
      vertex 27.7612 88.2219 20.4
      vertex 28.2578 87.9243 20.4
    endloop
  endfacet
  facet normal -0.427618 -0.903959 0
    outer loop
      vertex 27.238 88.4694 20.4
      vertex 27.7612 88.2219 21.6
      vertex 27.238 88.4694 21.6
    endloop
  endfacet
  facet normal -0.427618 -0.903959 -0
    outer loop
      vertex 27.7612 88.2219 21.6
      vertex 27.238 88.4694 20.4
      vertex 27.7612 88.2219 20.4
    endloop
  endfacet
  facet normal -0.336927 -0.941531 0
    outer loop
      vertex 26.6928 88.6645 20.4
      vertex 27.238 88.4694 21.6
      vertex 26.6928 88.6645 21.6
    endloop
  endfacet
  facet normal -0.336927 -0.941531 -0
    outer loop
      vertex 27.238 88.4694 21.6
      vertex 26.6928 88.6645 20.4
      vertex 27.238 88.4694 20.4
    endloop
  endfacet
  facet normal -0.242983 -0.970031 0
    outer loop
      vertex 26.1315 88.8051 20.4
      vertex 26.6928 88.6645 21.6
      vertex 26.1315 88.8051 21.6
    endloop
  endfacet
  facet normal -0.242983 -0.970031 -0
    outer loop
      vertex 26.6928 88.6645 21.6
      vertex 26.1315 88.8051 20.4
      vertex 26.6928 88.6645 20.4
    endloop
  endfacet
  facet normal -0.146618 -0.989193 0
    outer loop
      vertex 25.5587 88.89 20.4
      vertex 26.1315 88.8051 21.6
      vertex 25.5587 88.89 21.6
    endloop
  endfacet
  facet normal -0.146618 -0.989193 -0
    outer loop
      vertex 26.1315 88.8051 21.6
      vertex 25.5587 88.89 20.4
      vertex 26.1315 88.8051 20.4
    endloop
  endfacet
  facet normal -0.0490588 -0.998796 0
    outer loop
      vertex 24.9805 88.9184 20.4
      vertex 25.5587 88.89 21.6
      vertex 24.9805 88.9184 21.6
    endloop
  endfacet
  facet normal -0.0490588 -0.998796 -0
    outer loop
      vertex 25.5587 88.89 21.6
      vertex 24.9805 88.9184 20.4
      vertex 25.5587 88.89 20.4
    endloop
  endfacet
  facet normal 0.0490588 -0.998796 0
    outer loop
      vertex 24.4023 88.89 20.4
      vertex 24.9805 88.9184 21.6
      vertex 24.4023 88.89 21.6
    endloop
  endfacet
  facet normal 0.0490588 -0.998796 0
    outer loop
      vertex 24.9805 88.9184 21.6
      vertex 24.4023 88.89 20.4
      vertex 24.9805 88.9184 20.4
    endloop
  endfacet
  facet normal 0.146643 -0.98919 0
    outer loop
      vertex 23.8296 88.8051 20.4
      vertex 24.4023 88.89 21.6
      vertex 23.8296 88.8051 21.6
    endloop
  endfacet
  facet normal 0.146643 -0.98919 0
    outer loop
      vertex 24.4023 88.89 21.6
      vertex 23.8296 88.8051 20.4
      vertex 24.4023 88.89 20.4
    endloop
  endfacet
  facet normal 0.243105 -0.97 0
    outer loop
      vertex 23.2682 88.6644 20.4
      vertex 23.8296 88.8051 21.6
      vertex 23.2682 88.6644 21.6
    endloop
  endfacet
  facet normal 0.243105 -0.97 0
    outer loop
      vertex 23.8296 88.8051 21.6
      vertex 23.2682 88.6644 20.4
      vertex 23.8296 88.8051 20.4
    endloop
  endfacet
  facet normal 0.336829 -0.941566 0
    outer loop
      vertex 22.7231 88.4694 20.4
      vertex 23.2682 88.6644 21.6
      vertex 22.7231 88.4694 21.6
    endloop
  endfacet
  facet normal 0.336829 -0.941566 0
    outer loop
      vertex 23.2682 88.6644 21.6
      vertex 22.7231 88.4694 20.4
      vertex 23.2682 88.6644 20.4
    endloop
  endfacet
  facet normal 0.427552 -0.903991 0
    outer loop
      vertex 22.1998 88.2219 20.4
      vertex 22.7231 88.4694 21.6
      vertex 22.1998 88.2219 21.6
    endloop
  endfacet
  facet normal 0.427552 -0.903991 0
    outer loop
      vertex 22.7231 88.4694 21.6
      vertex 22.1998 88.2219 20.4
      vertex 22.7231 88.4694 20.4
    endloop
  endfacet
  facet normal 0.514038 -0.857767 0
    outer loop
      vertex 21.7032 87.9243 20.4
      vertex 22.1998 88.2219 21.6
      vertex 21.7032 87.9243 21.6
    endloop
  endfacet
  facet normal 0.514038 -0.857767 0
    outer loop
      vertex 22.1998 88.2219 21.6
      vertex 21.7032 87.9243 20.4
      vertex 22.1998 88.2219 20.4
    endloop
  endfacet
  facet normal 0.595818 -0.803119 0
    outer loop
      vertex 21.2383 87.5794 20.4
      vertex 21.7032 87.9243 21.6
      vertex 21.2383 87.5794 21.6
    endloop
  endfacet
  facet normal 0.595818 -0.803119 0
    outer loop
      vertex 21.7032 87.9243 21.6
      vertex 21.2383 87.5794 20.4
      vertex 21.7032 87.9243 20.4
    endloop
  endfacet
  facet normal 0.671442 -0.741057 0
    outer loop
      vertex 20.8093 87.1907 20.4
      vertex 21.2383 87.5794 21.6
      vertex 20.8093 87.1907 21.6
    endloop
  endfacet
  facet normal 0.671442 -0.741057 0
    outer loop
      vertex 21.2383 87.5794 21.6
      vertex 20.8093 87.1907 20.4
      vertex 21.2383 87.5794 20.4
    endloop
  endfacet
  facet normal 0.740971 -0.671537 0
    outer loop
      vertex 20.4205 86.7617 21.6
      vertex 20.8093 87.1907 20.4
      vertex 20.8093 87.1907 21.6
    endloop
  endfacet
  facet normal 0.740971 -0.671537 0
    outer loop
      vertex 20.8093 87.1907 20.4
      vertex 20.4205 86.7617 21.6
      vertex 20.4205 86.7617 20.4
    endloop
  endfacet
  facet normal 0.803263 -0.595624 0
    outer loop
      vertex 20.0757 86.2967 21.6
      vertex 20.4205 86.7617 20.4
      vertex 20.4205 86.7617 21.6
    endloop
  endfacet
  facet normal 0.803263 -0.595624 0
    outer loop
      vertex 20.4205 86.7617 20.4
      vertex 20.0757 86.2967 21.6
      vertex 20.0757 86.2967 20.4
    endloop
  endfacet
  facet normal 0.857721 -0.514115 0
    outer loop
      vertex 19.7781 85.8002 21.6
      vertex 20.0757 86.2967 20.4
      vertex 20.0757 86.2967 21.6
    endloop
  endfacet
  facet normal 0.857721 -0.514115 0
    outer loop
      vertex 20.0757 86.2967 20.4
      vertex 19.7781 85.8002 21.6
      vertex 19.7781 85.8002 20.4
    endloop
  endfacet
  facet normal 0.903991 -0.427552 0
    outer loop
      vertex 19.5306 85.2769 21.6
      vertex 19.7781 85.8002 20.4
      vertex 19.7781 85.8002 21.6
    endloop
  endfacet
  facet normal 0.903991 -0.427552 0
    outer loop
      vertex 19.7781 85.8002 20.4
      vertex 19.5306 85.2769 21.6
      vertex 19.5306 85.2769 20.4
    endloop
  endfacet
  facet normal 0.941511 -0.336982 0
    outer loop
      vertex 19.3355 84.7318 21.6
      vertex 19.5306 85.2769 20.4
      vertex 19.5306 85.2769 21.6
    endloop
  endfacet
  facet normal 0.941511 -0.336982 0
    outer loop
      vertex 19.5306 85.2769 20.4
      vertex 19.3355 84.7318 21.6
      vertex 19.3355 84.7318 20.4
    endloop
  endfacet
  facet normal 0.970041 -0.242942 0
    outer loop
      vertex 19.1949 84.1704 21.6
      vertex 19.3355 84.7318 20.4
      vertex 19.3355 84.7318 21.6
    endloop
  endfacet
  facet normal 0.970041 -0.242942 0
    outer loop
      vertex 19.3355 84.7318 20.4
      vertex 19.1949 84.1704 21.6
      vertex 19.1949 84.1704 20.4
    endloop
  endfacet
  facet normal 0.98919 -0.146643 0
    outer loop
      vertex 19.11 83.5977 21.6
      vertex 19.1949 84.1704 20.4
      vertex 19.1949 84.1704 21.6
    endloop
  endfacet
  facet normal 0.98919 -0.146643 0
    outer loop
      vertex 19.1949 84.1704 20.4
      vertex 19.11 83.5977 21.6
      vertex 19.11 83.5977 20.4
    endloop
  endfacet
  facet normal 0.998787 -0.0492311 0
    outer loop
      vertex 19.0815 83.0195 21.6
      vertex 19.11 83.5977 20.4
      vertex 19.11 83.5977 21.6
    endloop
  endfacet
  facet normal 0.998787 -0.0492311 0
    outer loop
      vertex 19.11 83.5977 20.4
      vertex 19.0815 83.0195 21.6
      vertex 19.0815 83.0195 20.4
    endloop
  endfacet
  facet normal 0.998787 0.0492311 0
    outer loop
      vertex 19.11 82.4413 21.6
      vertex 19.0815 83.0195 20.4
      vertex 19.0815 83.0195 21.6
    endloop
  endfacet
  facet normal 0.998787 0.0492311 0
    outer loop
      vertex 19.0815 83.0195 20.4
      vertex 19.11 82.4413 21.6
      vertex 19.11 82.4413 20.4
    endloop
  endfacet
  facet normal 0.989193 0.146618 0
    outer loop
      vertex 19.1949 81.8685 21.6
      vertex 19.11 82.4413 20.4
      vertex 19.11 82.4413 21.6
    endloop
  endfacet
  facet normal 0.989193 0.146618 0
    outer loop
      vertex 19.11 82.4413 20.4
      vertex 19.1949 81.8685 21.6
      vertex 19.1949 81.8685 20.4
    endloop
  endfacet
  facet normal 0.970031 0.242983 0
    outer loop
      vertex 19.3355 81.3072 21.6
      vertex 19.1949 81.8685 20.4
      vertex 19.1949 81.8685 21.6
    endloop
  endfacet
  facet normal 0.970031 0.242983 0
    outer loop
      vertex 19.1949 81.8685 20.4
      vertex 19.3355 81.3072 21.6
      vertex 19.3355 81.3072 20.4
    endloop
  endfacet
  facet normal 0.941531 0.336927 0
    outer loop
      vertex 19.5306 80.762 21.6
      vertex 19.3355 81.3072 20.4
      vertex 19.3355 81.3072 21.6
    endloop
  endfacet
  facet normal 0.941531 0.336927 0
    outer loop
      vertex 19.3355 81.3072 20.4
      vertex 19.5306 80.762 21.6
      vertex 19.5306 80.762 20.4
    endloop
  endfacet
  facet normal 0.904026 0.427477 0
    outer loop
      vertex 19.778 80.2388 21.6
      vertex 19.5306 80.762 20.4
      vertex 19.5306 80.762 21.6
    endloop
  endfacet
  facet normal 0.904026 0.427477 0
    outer loop
      vertex 19.5306 80.762 20.4
      vertex 19.778 80.2388 21.6
      vertex 19.778 80.2388 20.4
    endloop
  endfacet
  facet normal 0.857737 0.514089 0
    outer loop
      vertex 20.0757 79.7421 21.6
      vertex 19.778 80.2388 20.4
      vertex 19.778 80.2388 21.6
    endloop
  endfacet
  facet normal 0.857737 0.514089 0
    outer loop
      vertex 19.778 80.2388 20.4
      vertex 20.0757 79.7421 21.6
      vertex 20.0757 79.7421 20.4
    endloop
  endfacet
  facet normal 0.803202 0.595707 0
    outer loop
      vertex 20.4205 79.2772 21.6
      vertex 20.0757 79.7421 20.4
      vertex 20.0757 79.7421 21.6
    endloop
  endfacet
  facet normal 0.803202 0.595707 0
    outer loop
      vertex 20.0757 79.7421 20.4
      vertex 20.4205 79.2772 21.6
      vertex 20.4205 79.2772 20.4
    endloop
  endfacet
  facet normal 0.740885 0.671632 0
    outer loop
      vertex 20.8094 78.8482 21.6
      vertex 20.4205 79.2772 20.4
      vertex 20.4205 79.2772 21.6
    endloop
  endfacet
  facet normal 0.740885 0.671632 0
    outer loop
      vertex 20.4205 79.2772 20.4
      vertex 20.8094 78.8482 21.6
      vertex 20.8094 78.8482 20.4
    endloop
  endfacet
  facet normal 0.671614 0.740901 -0
    outer loop
      vertex 21.2382 78.4595 20.4
      vertex 20.8094 78.8482 21.6
      vertex 21.2382 78.4595 21.6
    endloop
  endfacet
  facet normal 0.671614 0.740901 0
    outer loop
      vertex 20.8094 78.8482 21.6
      vertex 21.2382 78.4595 20.4
      vertex 20.8094 78.8482 20.4
    endloop
  endfacet
  facet normal 0.595624 0.803263 -0
    outer loop
      vertex 21.7032 78.1147 20.4
      vertex 21.2382 78.4595 21.6
      vertex 21.7032 78.1147 21.6
    endloop
  endfacet
  facet normal 0.595624 0.803263 0
    outer loop
      vertex 21.2382 78.4595 21.6
      vertex 21.7032 78.1147 20.4
      vertex 21.2382 78.4595 20.4
    endloop
  endfacet
  facet normal 0.514166 0.857691 -0
    outer loop
      vertex 22.1998 77.817 20.4
      vertex 21.7032 78.1147 21.6
      vertex 22.1998 77.817 21.6
    endloop
  endfacet
  facet normal 0.514166 0.857691 0
    outer loop
      vertex 21.7032 78.1147 21.6
      vertex 22.1998 77.817 20.4
      vertex 21.7032 78.1147 20.4
    endloop
  endfacet
  facet normal 0.427552 0.903991 -0
    outer loop
      vertex 22.7231 77.5695 20.4
      vertex 22.1998 77.817 21.6
      vertex 22.7231 77.5695 21.6
    endloop
  endfacet
  facet normal 0.427552 0.903991 0
    outer loop
      vertex 22.1998 77.817 21.6
      vertex 22.7231 77.5695 20.4
      vertex 22.1998 77.817 20.4
    endloop
  endfacet
  facet normal 0.336884 0.941546 -0
    outer loop
      vertex 23.2681 77.3745 20.4
      vertex 22.7231 77.5695 21.6
      vertex 23.2681 77.3745 21.6
    endloop
  endfacet
  facet normal 0.336884 0.941546 0
    outer loop
      vertex 22.7231 77.5695 21.6
      vertex 23.2681 77.3745 20.4
      vertex 22.7231 77.5695 20.4
    endloop
  endfacet
  facet normal 0.243017 0.970022 -0
    outer loop
      vertex 23.8373 77.2319 20.4
      vertex 23.2681 77.3745 21.6
      vertex 23.8373 77.2319 21.6
    endloop
  endfacet
  facet normal 0.243017 0.970022 0
    outer loop
      vertex 23.2681 77.3745 21.6
      vertex 23.8373 77.2319 20.4
      vertex 23.2681 77.3745 20.4
    endloop
  endfacet
  facet normal 0.194121 0.980978 -0
    outer loop
      vertex 23.9035 77.2188 20.4
      vertex 23.8373 77.2319 21.6
      vertex 23.9035 77.2188 21.6
    endloop
  endfacet
  facet normal 0.194121 0.980978 0
    outer loop
      vertex 23.8373 77.2319 21.6
      vertex 23.9035 77.2188 20.4
      vertex 23.8373 77.2319 20.4
    endloop
  endfacet
  facet normal 0.290971 0.956732 -0
    outer loop
      vertex 23.9834 77.1945 20.4
      vertex 23.9035 77.2188 21.6
      vertex 23.9834 77.1945 21.6
    endloop
  endfacet
  facet normal 0.290971 0.956732 0
    outer loop
      vertex 23.9035 77.2188 21.6
      vertex 23.9834 77.1945 20.4
      vertex 23.9035 77.2188 20.4
    endloop
  endfacet
  facet normal 0.38274 0.923856 -0
    outer loop
      vertex 24.0604 77.1626 20.4
      vertex 23.9834 77.1945 21.6
      vertex 24.0604 77.1626 21.6
    endloop
  endfacet
  facet normal 0.38274 0.923856 0
    outer loop
      vertex 23.9834 77.1945 21.6
      vertex 24.0604 77.1626 20.4
      vertex 23.9834 77.1945 20.4
    endloop
  endfacet
  facet normal 0.471024 0.882121 -0
    outer loop
      vertex 24.134 77.1233 20.4
      vertex 24.0604 77.1626 21.6
      vertex 24.134 77.1233 21.6
    endloop
  endfacet
  facet normal 0.471024 0.882121 0
    outer loop
      vertex 24.0604 77.1626 21.6
      vertex 24.134 77.1233 20.4
      vertex 24.0604 77.1626 20.4
    endloop
  endfacet
  facet normal 0.555531 0.831496 -0
    outer loop
      vertex 24.2033 77.077 20.4
      vertex 24.134 77.1233 21.6
      vertex 24.2033 77.077 21.6
    endloop
  endfacet
  facet normal 0.555531 0.831496 0
    outer loop
      vertex 24.134 77.1233 21.6
      vertex 24.2033 77.077 20.4
      vertex 24.134 77.1233 20.4
    endloop
  endfacet
  facet normal 0.634867 0.772621 -0
    outer loop
      vertex 24.2678 77.024 20.4
      vertex 24.2033 77.077 21.6
      vertex 24.2678 77.024 21.6
    endloop
  endfacet
  facet normal 0.634867 0.772621 0
    outer loop
      vertex 24.2033 77.077 21.6
      vertex 24.2678 77.024 20.4
      vertex 24.2033 77.077 20.4
    endloop
  endfacet
  facet normal 0.707107 0.707107 0
    outer loop
      vertex 24.3268 76.965 21.6
      vertex 24.2678 77.024 20.4
      vertex 24.2678 77.024 21.6
    endloop
  endfacet
  facet normal 0.707107 0.707107 0
    outer loop
      vertex 24.2678 77.024 20.4
      vertex 24.3268 76.965 21.6
      vertex 24.3268 76.965 20.4
    endloop
  endfacet
  facet normal 0.772726 0.634739 0
    outer loop
      vertex 24.3797 76.9006 21.6
      vertex 24.3268 76.965 20.4
      vertex 24.3268 76.965 21.6
    endloop
  endfacet
  facet normal 0.772726 0.634739 0
    outer loop
      vertex 24.3268 76.965 20.4
      vertex 24.3797 76.9006 21.6
      vertex 24.3797 76.9006 20.4
    endloop
  endfacet
  facet normal 0.831312 0.555805 0
    outer loop
      vertex 24.4261 76.8312 21.6
      vertex 24.3797 76.9006 20.4
      vertex 24.3797 76.9006 21.6
    endloop
  endfacet
  facet normal 0.831312 0.555805 0
    outer loop
      vertex 24.3797 76.9006 20.4
      vertex 24.4261 76.8312 21.6
      vertex 24.4261 76.8312 20.4
    endloop
  endfacet
  facet normal 0.882121 0.471024 0
    outer loop
      vertex 24.4654 76.7576 21.6
      vertex 24.4261 76.8312 20.4
      vertex 24.4261 76.8312 21.6
    endloop
  endfacet
  facet normal 0.882121 0.471024 0
    outer loop
      vertex 24.4261 76.8312 20.4
      vertex 24.4654 76.7576 21.6
      vertex 24.4654 76.7576 20.4
    endloop
  endfacet
  facet normal 0.923856 0.38274 0
    outer loop
      vertex 24.4973 76.6806 21.6
      vertex 24.4654 76.7576 20.4
      vertex 24.4654 76.7576 21.6
    endloop
  endfacet
  facet normal 0.923856 0.38274 0
    outer loop
      vertex 24.4654 76.7576 20.4
      vertex 24.4973 76.6806 21.6
      vertex 24.4973 76.6806 20.4
    endloop
  endfacet
  facet normal 0.956964 0.290207 0
    outer loop
      vertex 24.5215 76.6008 21.6
      vertex 24.4973 76.6806 20.4
      vertex 24.4973 76.6806 21.6
    endloop
  endfacet
  facet normal 0.956964 0.290207 0
    outer loop
      vertex 24.4973 76.6806 20.4
      vertex 24.5215 76.6008 21.6
      vertex 24.5215 76.6008 20.4
    endloop
  endfacet
  facet normal 0.980764 0.195195 0
    outer loop
      vertex 24.5378 76.5189 21.6
      vertex 24.5215 76.6008 20.4
      vertex 24.5215 76.6008 21.6
    endloop
  endfacet
  facet normal 0.980764 0.195195 0
    outer loop
      vertex 24.5215 76.6008 20.4
      vertex 24.5378 76.5189 21.6
      vertex 24.5378 76.5189 20.4
    endloop
  endfacet
  facet normal 0.99729 0.0735771 0
    outer loop
      vertex 24.547 76.3942 21.6
      vertex 24.5378 76.5189 20.4
      vertex 24.5378 76.5189 21.6
    endloop
  endfacet
  facet normal 0.99729 0.0735771 0
    outer loop
      vertex 24.5378 76.5189 20.4
      vertex 24.547 76.3942 21.6
      vertex 24.547 76.3942 20.4
    endloop
  endfacet
  facet normal 1 -0 0
    outer loop
      vertex 24.547 32.6058 21.6
      vertex 24.547 76.3942 20.4
      vertex 24.547 76.3942 21.6
    endloop
  endfacet
  facet normal 1 0 0
    outer loop
      vertex 24.547 76.3942 20.4
      vertex 24.547 32.6058 21.6
      vertex 24.547 32.6058 20.4
    endloop
  endfacet
  facet normal 0.998794 -0.0491014 0
    outer loop
      vertex 24.5429 32.5224 21.6
      vertex 24.547 32.6058 20.4
      vertex 24.547 32.6058 21.6
    endloop
  endfacet
  facet normal 0.998794 -0.0491014 0
    outer loop
      vertex 24.547 32.6058 20.4
      vertex 24.5429 32.5224 21.6
      vertex 24.5429 32.5224 20.4
    endloop
  endfacet
  facet normal 0.989242 -0.146288 0
    outer loop
      vertex 24.5307 32.4399 21.6
      vertex 24.5429 32.5224 20.4
      vertex 24.5429 32.5224 21.6
    endloop
  endfacet
  facet normal 0.989242 -0.146288 0
    outer loop
      vertex 24.5429 32.5224 20.4
      vertex 24.5307 32.4399 21.6
      vertex 24.5307 32.4399 20.4
    endloop
  endfacet
  facet normal 0.969931 -0.243382 0
    outer loop
      vertex 24.5104 32.359 21.6
      vertex 24.5307 32.4399 20.4
      vertex 24.5307 32.4399 21.6
    endloop
  endfacet
  facet normal 0.969931 -0.243382 0
    outer loop
      vertex 24.5307 32.4399 20.4
      vertex 24.5104 32.359 21.6
      vertex 24.5104 32.359 20.4
    endloop
  endfacet
  facet normal 0.941497 -0.33702 0
    outer loop
      vertex 24.4823 32.2805 21.6
      vertex 24.5104 32.359 20.4
      vertex 24.5104 32.359 21.6
    endloop
  endfacet
  facet normal 0.941497 -0.33702 0
    outer loop
      vertex 24.5104 32.359 20.4
      vertex 24.4823 32.2805 21.6
      vertex 24.4823 32.2805 20.4
    endloop
  endfacet
  facet normal 0.903811 -0.427932 0
    outer loop
      vertex 24.4466 32.2051 21.6
      vertex 24.4823 32.2805 20.4
      vertex 24.4823 32.2805 21.6
    endloop
  endfacet
  facet normal 0.903811 -0.427932 0
    outer loop
      vertex 24.4823 32.2805 20.4
      vertex 24.4466 32.2051 21.6
      vertex 24.4466 32.2051 20.4
    endloop
  endfacet
  facet normal 0.85781 -0.513967 0
    outer loop
      vertex 24.4037 32.1335 21.6
      vertex 24.4466 32.2051 20.4
      vertex 24.4466 32.2051 21.6
    endloop
  endfacet
  facet normal 0.85781 -0.513967 0
    outer loop
      vertex 24.4466 32.2051 20.4
      vertex 24.4037 32.1335 21.6
      vertex 24.4037 32.1335 20.4
    endloop
  endfacet
  facet normal 0.803154 -0.595772 0
    outer loop
      vertex 24.354 32.0665 21.6
      vertex 24.4037 32.1335 20.4
      vertex 24.4037 32.1335 21.6
    endloop
  endfacet
  facet normal 0.803154 -0.595772 0
    outer loop
      vertex 24.4037 32.1335 20.4
      vertex 24.354 32.0665 21.6
      vertex 24.354 32.0665 20.4
    endloop
  endfacet
  facet normal 0.741024 -0.671478 0
    outer loop
      vertex 24.298 32.0047 21.6
      vertex 24.354 32.0665 20.4
      vertex 24.354 32.0665 21.6
    endloop
  endfacet
  facet normal 0.741024 -0.671478 0
    outer loop
      vertex 24.354 32.0665 20.4
      vertex 24.298 32.0047 21.6
      vertex 24.298 32.0047 20.4
    endloop
  endfacet
  facet normal 0.671478 -0.741024 0
    outer loop
      vertex 24.2362 31.9487 20.4
      vertex 24.298 32.0047 21.6
      vertex 24.2362 31.9487 21.6
    endloop
  endfacet
  facet normal 0.671478 -0.741024 0
    outer loop
      vertex 24.298 32.0047 21.6
      vertex 24.2362 31.9487 20.4
      vertex 24.298 32.0047 20.4
    endloop
  endfacet
  facet normal 0.595772 -0.803154 0
    outer loop
      vertex 24.1692 31.899 20.4
      vertex 24.2362 31.9487 21.6
      vertex 24.1692 31.899 21.6
    endloop
  endfacet
  facet normal 0.595772 -0.803154 0
    outer loop
      vertex 24.2362 31.9487 21.6
      vertex 24.1692 31.899 20.4
      vertex 24.2362 31.9487 20.4
    endloop
  endfacet
  facet normal 0.514496 -0.857493 0
    outer loop
      vertex 24.0977 31.8561 20.4
      vertex 24.1692 31.899 21.6
      vertex 24.0977 31.8561 21.6
    endloop
  endfacet
  facet normal 0.514496 -0.857493 0
    outer loop
      vertex 24.1692 31.899 21.6
      vertex 24.0977 31.8561 20.4
      vertex 24.1692 31.899 20.4
    endloop
  endfacet
  facet normal 0.426952 -0.904274 0
    outer loop
      vertex 24.0223 31.8205 20.4
      vertex 24.0977 31.8561 21.6
      vertex 24.0223 31.8205 21.6
    endloop
  endfacet
  facet normal 0.426952 -0.904274 0
    outer loop
      vertex 24.0977 31.8561 21.6
      vertex 24.0223 31.8205 20.4
      vertex 24.0977 31.8561 20.4
    endloop
  endfacet
  facet normal 0.33664 -0.941633 0
    outer loop
      vertex 23.9437 31.7924 20.4
      vertex 24.0223 31.8205 21.6
      vertex 23.9437 31.7924 21.6
    endloop
  endfacet
  facet normal 0.33664 -0.941633 0
    outer loop
      vertex 24.0223 31.8205 21.6
      vertex 23.9437 31.7924 20.4
      vertex 24.0223 31.8205 20.4
    endloop
  endfacet
  facet normal 0.219997 -0.9755 0
    outer loop
      vertex 23.8528 31.7719 20.4
      vertex 23.9437 31.7924 21.6
      vertex 23.8528 31.7719 21.6
    endloop
  endfacet
  facet normal 0.219997 -0.9755 0
    outer loop
      vertex 23.9437 31.7924 21.6
      vertex 23.8528 31.7719 20.4
      vertex 23.9437 31.7924 20.4
    endloop
  endfacet
  facet normal 0.242887 -0.970055 0
    outer loop
      vertex 23.2681 31.6255 20.4
      vertex 23.8528 31.7719 21.6
      vertex 23.2681 31.6255 21.6
    endloop
  endfacet
  facet normal 0.242887 -0.970055 0
    outer loop
      vertex 23.8528 31.7719 21.6
      vertex 23.2681 31.6255 20.4
      vertex 23.8528 31.7719 20.4
    endloop
  endfacet
  facet normal 0.336884 -0.941546 0
    outer loop
      vertex 22.7231 31.4305 20.4
      vertex 23.2681 31.6255 21.6
      vertex 22.7231 31.4305 21.6
    endloop
  endfacet
  facet normal 0.336884 -0.941546 0
    outer loop
      vertex 23.2681 31.6255 21.6
      vertex 22.7231 31.4305 20.4
      vertex 23.2681 31.6255 20.4
    endloop
  endfacet
  facet normal 0.427552 -0.903991 0
    outer loop
      vertex 22.1998 31.183 20.4
      vertex 22.7231 31.4305 21.6
      vertex 22.1998 31.183 21.6
    endloop
  endfacet
  facet normal 0.427552 -0.903991 0
    outer loop
      vertex 22.7231 31.4305 21.6
      vertex 22.1998 31.183 20.4
      vertex 22.7231 31.4305 20.4
    endloop
  endfacet
  facet normal 0.514166 -0.857691 0
    outer loop
      vertex 21.7032 30.8853 20.4
      vertex 22.1998 31.183 21.6
      vertex 21.7032 30.8853 21.6
    endloop
  endfacet
  facet normal 0.514166 -0.857691 0
    outer loop
      vertex 22.1998 31.183 21.6
      vertex 21.7032 30.8853 20.4
      vertex 22.1998 31.183 20.4
    endloop
  endfacet
  facet normal 0.595736 -0.803181 0
    outer loop
      vertex 21.2382 30.5404 20.4
      vertex 21.7032 30.8853 21.6
      vertex 21.2382 30.5404 21.6
    endloop
  endfacet
  facet normal 0.595736 -0.803181 0
    outer loop
      vertex 21.7032 30.8853 21.6
      vertex 21.2382 30.5404 20.4
      vertex 21.7032 30.8853 20.4
    endloop
  endfacet
  facet normal 0.671519 -0.740987 0
    outer loop
      vertex 20.8094 30.1518 20.4
      vertex 21.2382 30.5404 21.6
      vertex 20.8094 30.1518 21.6
    endloop
  endfacet
  facet normal 0.671519 -0.740987 0
    outer loop
      vertex 21.2382 30.5404 21.6
      vertex 20.8094 30.1518 20.4
      vertex 21.2382 30.5404 20.4
    endloop
  endfacet
  facet normal 0.740885 -0.671632 0
    outer loop
      vertex 20.4205 29.7228 21.6
      vertex 20.8094 30.1518 20.4
      vertex 20.8094 30.1518 21.6
    endloop
  endfacet
  facet normal 0.740885 -0.671632 0
    outer loop
      vertex 20.8094 30.1518 20.4
      vertex 20.4205 29.7228 21.6
      vertex 20.4205 29.7228 20.4
    endloop
  endfacet
  facet normal 0.803263 -0.595624 0
    outer loop
      vertex 20.0757 29.2578 21.6
      vertex 20.4205 29.7228 20.4
      vertex 20.4205 29.7228 21.6
    endloop
  endfacet
  facet normal 0.803263 -0.595624 0
    outer loop
      vertex 20.4205 29.7228 20.4
      vertex 20.0757 29.2578 21.6
      vertex 20.0757 29.2578 20.4
    endloop
  endfacet
  facet normal 0.857691 -0.514166 0
    outer loop
      vertex 19.778 28.7612 21.6
      vertex 20.0757 29.2578 20.4
      vertex 20.0757 29.2578 21.6
    endloop
  endfacet
  facet normal 0.857691 -0.514166 0
    outer loop
      vertex 20.0757 29.2578 20.4
      vertex 19.778 28.7612 21.6
      vertex 19.778 28.7612 20.4
    endloop
  endfacet
  facet normal 0.904026 -0.427477 0
    outer loop
      vertex 19.5306 28.238 21.6
      vertex 19.778 28.7612 20.4
      vertex 19.778 28.7612 21.6
    endloop
  endfacet
  facet normal 0.904026 -0.427477 0
    outer loop
      vertex 19.778 28.7612 20.4
      vertex 19.5306 28.238 21.6
      vertex 19.5306 28.238 20.4
    endloop
  endfacet
  facet normal 0.941531 -0.336927 0
    outer loop
      vertex 19.3355 27.6928 21.6
      vertex 19.5306 28.238 20.4
      vertex 19.5306 28.238 21.6
    endloop
  endfacet
  facet normal 0.941531 -0.336927 0
    outer loop
      vertex 19.5306 28.238 20.4
      vertex 19.3355 27.6928 21.6
      vertex 19.3355 27.6928 20.4
    endloop
  endfacet
  facet normal 0.970031 -0.242983 0
    outer loop
      vertex 19.1949 27.1315 21.6
      vertex 19.3355 27.6928 20.4
      vertex 19.3355 27.6928 21.6
    endloop
  endfacet
  facet normal 0.970031 -0.242983 0
    outer loop
      vertex 19.3355 27.6928 20.4
      vertex 19.1949 27.1315 21.6
      vertex 19.1949 27.1315 20.4
    endloop
  endfacet
  facet normal 0.989193 -0.146618 0
    outer loop
      vertex 19.11 26.5587 21.6
      vertex 19.1949 27.1315 20.4
      vertex 19.1949 27.1315 21.6
    endloop
  endfacet
  facet normal 0.989193 -0.146618 0
    outer loop
      vertex 19.1949 27.1315 20.4
      vertex 19.11 26.5587 21.6
      vertex 19.11 26.5587 20.4
    endloop
  endfacet
  facet normal 0.998787 -0.0492311 0
    outer loop
      vertex 19.0815 25.9805 21.6
      vertex 19.11 26.5587 20.4
      vertex 19.11 26.5587 21.6
    endloop
  endfacet
  facet normal 0.998787 -0.0492311 0
    outer loop
      vertex 19.11 26.5587 20.4
      vertex 19.0815 25.9805 21.6
      vertex 19.0815 25.9805 20.4
    endloop
  endfacet
  facet normal 0.998787 0.0492311 0
    outer loop
      vertex 19.11 25.4023 21.6
      vertex 19.0815 25.9805 20.4
      vertex 19.0815 25.9805 21.6
    endloop
  endfacet
  facet normal 0.998787 0.0492311 0
    outer loop
      vertex 19.0815 25.9805 20.4
      vertex 19.11 25.4023 21.6
      vertex 19.11 25.4023 20.4
    endloop
  endfacet
  facet normal 0.98919 0.146643 0
    outer loop
      vertex 19.1949 24.8296 21.6
      vertex 19.11 25.4023 20.4
      vertex 19.11 25.4023 21.6
    endloop
  endfacet
  facet normal 0.98919 0.146643 0
    outer loop
      vertex 19.11 25.4023 20.4
      vertex 19.1949 24.8296 21.6
      vertex 19.1949 24.8296 20.4
    endloop
  endfacet
  facet normal 0.970041 0.242942 0
    outer loop
      vertex 19.3355 24.2682 21.6
      vertex 19.1949 24.8296 20.4
      vertex 19.1949 24.8296 21.6
    endloop
  endfacet
  facet normal 0.970041 0.242942 0
    outer loop
      vertex 19.1949 24.8296 20.4
      vertex 19.3355 24.2682 21.6
      vertex 19.3355 24.2682 20.4
    endloop
  endfacet
  facet normal 0.941511 0.336982 0
    outer loop
      vertex 19.5306 23.7231 21.6
      vertex 19.3355 24.2682 20.4
      vertex 19.3355 24.2682 21.6
    endloop
  endfacet
  facet normal 0.941511 0.336982 0
    outer loop
      vertex 19.3355 24.2682 20.4
      vertex 19.5306 23.7231 21.6
      vertex 19.5306 23.7231 20.4
    endloop
  endfacet
  facet normal 0.903991 0.427552 0
    outer loop
      vertex 19.7781 23.1998 21.6
      vertex 19.5306 23.7231 20.4
      vertex 19.5306 23.7231 21.6
    endloop
  endfacet
  facet normal 0.903991 0.427552 0
    outer loop
      vertex 19.5306 23.7231 20.4
      vertex 19.7781 23.1998 21.6
      vertex 19.7781 23.1998 20.4
    endloop
  endfacet
  facet normal 0.857767 0.514038 0
    outer loop
      vertex 20.0757 22.7032 21.6
      vertex 19.7781 23.1998 20.4
      vertex 19.7781 23.1998 21.6
    endloop
  endfacet
  facet normal 0.857767 0.514038 0
    outer loop
      vertex 19.7781 23.1998 20.4
      vertex 20.0757 22.7032 21.6
      vertex 20.0757 22.7032 20.4
    endloop
  endfacet
  facet normal 0.803202 0.595707 0
    outer loop
      vertex 20.4205 22.2383 21.6
      vertex 20.0757 22.7032 20.4
      vertex 20.0757 22.7032 21.6
    endloop
  endfacet
  facet normal 0.803202 0.595707 0
    outer loop
      vertex 20.0757 22.7032 20.4
      vertex 20.4205 22.2383 21.6
      vertex 20.4205 22.2383 20.4
    endloop
  endfacet
  facet normal 0.740971 0.671537 0
    outer loop
      vertex 20.8093 21.8093 21.6
      vertex 20.4205 22.2383 20.4
      vertex 20.4205 22.2383 21.6
    endloop
  endfacet
  facet normal 0.740971 0.671537 0
    outer loop
      vertex 20.4205 22.2383 20.4
      vertex 20.8093 21.8093 21.6
      vertex 20.8093 21.8093 20.4
    endloop
  endfacet
  facet normal 0.671537 0.740971 -0
    outer loop
      vertex 21.2383 21.4205 20.4
      vertex 20.8093 21.8093 21.6
      vertex 21.2383 21.4205 21.6
    endloop
  endfacet
  facet normal 0.671537 0.740971 0
    outer loop
      vertex 20.8093 21.8093 21.6
      vertex 21.2383 21.4205 20.4
      vertex 20.8093 21.8093 20.4
    endloop
  endfacet
  facet normal 0.595707 0.803202 -0
    outer loop
      vertex 21.7032 21.0757 20.4
      vertex 21.2383 21.4205 21.6
      vertex 21.7032 21.0757 21.6
    endloop
  endfacet
  facet normal 0.595707 0.803202 0
    outer loop
      vertex 21.2383 21.4205 21.6
      vertex 21.7032 21.0757 20.4
      vertex 21.2383 21.4205 20.4
    endloop
  endfacet
  facet normal 0.514038 0.857767 -0
    outer loop
      vertex 22.1998 20.7781 20.4
      vertex 21.7032 21.0757 21.6
      vertex 22.1998 20.7781 21.6
    endloop
  endfacet
  facet normal 0.514038 0.857767 0
    outer loop
      vertex 21.7032 21.0757 21.6
      vertex 22.1998 20.7781 20.4
      vertex 21.7032 21.0757 20.4
    endloop
  endfacet
  facet normal 0.427552 0.903991 -0
    outer loop
      vertex 22.7231 20.5306 20.4
      vertex 22.1998 20.7781 21.6
      vertex 22.7231 20.5306 21.6
    endloop
  endfacet
  facet normal 0.427552 0.903991 0
    outer loop
      vertex 22.1998 20.7781 21.6
      vertex 22.7231 20.5306 20.4
      vertex 22.1998 20.7781 20.4
    endloop
  endfacet
  facet normal 0.336982 0.941511 -0
    outer loop
      vertex 23.2682 20.3355 20.4
      vertex 22.7231 20.5306 21.6
      vertex 23.2682 20.3355 21.6
    endloop
  endfacet
  facet normal 0.336982 0.941511 0
    outer loop
      vertex 22.7231 20.5306 21.6
      vertex 23.2682 20.3355 20.4
      vertex 22.7231 20.5306 20.4
    endloop
  endfacet
  facet normal 0.242942 0.970041 -0
    outer loop
      vertex 23.8296 20.1949 20.4
      vertex 23.2682 20.3355 21.6
      vertex 23.8296 20.1949 21.6
    endloop
  endfacet
  facet normal 0.242942 0.970041 0
    outer loop
      vertex 23.2682 20.3355 21.6
      vertex 23.8296 20.1949 20.4
      vertex 23.2682 20.3355 20.4
    endloop
  endfacet
  facet normal 0.146643 0.98919 -0
    outer loop
      vertex 24.4023 20.11 20.4
      vertex 23.8296 20.1949 21.6
      vertex 24.4023 20.11 21.6
    endloop
  endfacet
  facet normal 0.146643 0.98919 0
    outer loop
      vertex 23.8296 20.1949 21.6
      vertex 24.4023 20.11 20.4
      vertex 23.8296 20.1949 20.4
    endloop
  endfacet
  facet normal 0.0492311 0.998787 -0
    outer loop
      vertex 24.9805 20.0815 20.4
      vertex 24.4023 20.11 21.6
      vertex 24.9805 20.0815 21.6
    endloop
  endfacet
  facet normal 0.0492311 0.998787 0
    outer loop
      vertex 24.4023 20.11 21.6
      vertex 24.9805 20.0815 20.4
      vertex 24.4023 20.11 20.4
    endloop
  endfacet
  facet normal -0.0492311 0.998787 0
    outer loop
      vertex 25.5587 20.11 20.4
      vertex 24.9805 20.0815 21.6
      vertex 25.5587 20.11 21.6
    endloop
  endfacet
  facet normal -0.0492311 0.998787 0
    outer loop
      vertex 24.9805 20.0815 21.6
      vertex 25.5587 20.11 20.4
      vertex 24.9805 20.0815 20.4
    endloop
  endfacet
  facet normal -0.146618 0.989193 0
    outer loop
      vertex 26.1315 20.1949 20.4
      vertex 25.5587 20.11 21.6
      vertex 26.1315 20.1949 21.6
    endloop
  endfacet
  facet normal -0.146618 0.989193 0
    outer loop
      vertex 25.5587 20.11 21.6
      vertex 26.1315 20.1949 20.4
      vertex 25.5587 20.11 20.4
    endloop
  endfacet
  facet normal -0.242983 0.970031 0
    outer loop
      vertex 26.6928 20.3355 20.4
      vertex 26.1315 20.1949 21.6
      vertex 26.6928 20.3355 21.6
    endloop
  endfacet
  facet normal -0.242983 0.970031 0
    outer loop
      vertex 26.1315 20.1949 21.6
      vertex 26.6928 20.3355 20.4
      vertex 26.1315 20.1949 20.4
    endloop
  endfacet
  facet normal -0.336927 0.941531 0
    outer loop
      vertex 27.238 20.5306 20.4
      vertex 26.6928 20.3355 21.6
      vertex 27.238 20.5306 21.6
    endloop
  endfacet
  facet normal -0.336927 0.941531 0
    outer loop
      vertex 26.6928 20.3355 21.6
      vertex 27.238 20.5306 20.4
      vertex 26.6928 20.3355 20.4
    endloop
  endfacet
  facet normal -0.427477 0.904026 0
    outer loop
      vertex 27.7612 20.778 20.4
      vertex 27.238 20.5306 21.6
      vertex 27.7612 20.778 21.6
    endloop
  endfacet
  facet normal -0.427477 0.904026 0
    outer loop
      vertex 27.238 20.5306 21.6
      vertex 27.7612 20.778 20.4
      vertex 27.238 20.5306 20.4
    endloop
  endfacet
  facet normal -0.514166 0.857691 0
    outer loop
      vertex 28.2578 21.0757 20.4
      vertex 27.7612 20.778 21.6
      vertex 28.2578 21.0757 21.6
    endloop
  endfacet
  facet normal -0.514166 0.857691 0
    outer loop
      vertex 27.7612 20.778 21.6
      vertex 28.2578 21.0757 20.4
      vertex 27.7612 20.778 20.4
    endloop
  endfacet
  facet normal -0.595624 0.803263 0
    outer loop
      vertex 28.7228 21.4205 20.4
      vertex 28.2578 21.0757 21.6
      vertex 28.7228 21.4205 21.6
    endloop
  endfacet
  facet normal -0.595624 0.803263 0
    outer loop
      vertex 28.2578 21.0757 21.6
      vertex 28.7228 21.4205 20.4
      vertex 28.2578 21.0757 20.4
    endloop
  endfacet
  facet normal -0.671632 0.740885 0
    outer loop
      vertex 29.1518 21.8094 20.4
      vertex 28.7228 21.4205 21.6
      vertex 29.1518 21.8094 21.6
    endloop
  endfacet
  facet normal -0.671632 0.740885 0
    outer loop
      vertex 28.7228 21.4205 21.6
      vertex 29.1518 21.8094 20.4
      vertex 28.7228 21.4205 20.4
    endloop
  endfacet
  facet normal -0.740987 0.671519 0
    outer loop
      vertex 29.1518 21.8094 20.4
      vertex 29.5404 22.2382 21.6
      vertex 29.5404 22.2382 20.4
    endloop
  endfacet
  facet normal -0.740987 0.671519 0
    outer loop
      vertex 29.5404 22.2382 21.6
      vertex 29.1518 21.8094 20.4
      vertex 29.1518 21.8094 21.6
    endloop
  endfacet
  facet normal -0.803181 0.595736 0
    outer loop
      vertex 29.5404 22.2382 20.4
      vertex 29.8853 22.7032 21.6
      vertex 29.8853 22.7032 20.4
    endloop
  endfacet
  facet normal -0.803181 0.595736 0
    outer loop
      vertex 29.8853 22.7032 21.6
      vertex 29.5404 22.2382 20.4
      vertex 29.5404 22.2382 21.6
    endloop
  endfacet
  facet normal -0.857691 0.514166 0
    outer loop
      vertex 29.8853 22.7032 20.4
      vertex 30.183 23.1998 21.6
      vertex 30.183 23.1998 20.4
    endloop
  endfacet
  facet normal -0.857691 0.514166 0
    outer loop
      vertex 30.183 23.1998 21.6
      vertex 29.8853 22.7032 20.4
      vertex 29.8853 22.7032 21.6
    endloop
  endfacet
  facet normal -0.903991 0.427552 0
    outer loop
      vertex 30.183 23.1998 20.4
      vertex 30.4305 23.7231 21.6
      vertex 30.4305 23.7231 20.4
    endloop
  endfacet
  facet normal -0.903991 0.427552 0
    outer loop
      vertex 30.4305 23.7231 21.6
      vertex 30.183 23.1998 20.4
      vertex 30.183 23.1998 21.6
    endloop
  endfacet
  facet normal -0.941546 0.336884 0
    outer loop
      vertex 30.4305 23.7231 20.4
      vertex 30.6255 24.2681 21.6
      vertex 30.6255 24.2681 20.4
    endloop
  endfacet
  facet normal -0.941546 0.336884 0
    outer loop
      vertex 30.6255 24.2681 21.6
      vertex 30.4305 23.7231 20.4
      vertex 30.4305 23.7231 21.6
    endloop
  endfacet
  facet normal -0.970022 0.243017 0
    outer loop
      vertex 30.6255 24.2681 20.4
      vertex 30.7681 24.8373 21.6
      vertex 30.7681 24.8373 20.4
    endloop
  endfacet
  facet normal -0.970022 0.243017 0
    outer loop
      vertex 30.7681 24.8373 21.6
      vertex 30.6255 24.2681 20.4
      vertex 30.6255 24.2681 21.6
    endloop
  endfacet
  facet normal -0.980978 0.194121 0
    outer loop
      vertex 30.7681 24.8373 20.4
      vertex 30.7812 24.9035 21.6
      vertex 30.7812 24.9035 20.4
    endloop
  endfacet
  facet normal -0.980978 0.194121 0
    outer loop
      vertex 30.7812 24.9035 21.6
      vertex 30.7681 24.8373 20.4
      vertex 30.7681 24.8373 21.6
    endloop
  endfacet
  facet normal -0.956732 0.290971 0
    outer loop
      vertex 30.7812 24.9035 20.4
      vertex 30.8055 24.9834 21.6
      vertex 30.8055 24.9834 20.4
    endloop
  endfacet
  facet normal -0.956732 0.290971 0
    outer loop
      vertex 30.8055 24.9834 21.6
      vertex 30.7812 24.9035 20.4
      vertex 30.7812 24.9035 21.6
    endloop
  endfacet
  facet normal -0.923856 0.38274 0
    outer loop
      vertex 30.8055 24.9834 20.4
      vertex 30.8374 25.0604 21.6
      vertex 30.8374 25.0604 20.4
    endloop
  endfacet
  facet normal -0.923856 0.38274 0
    outer loop
      vertex 30.8374 25.0604 21.6
      vertex 30.8055 24.9834 20.4
      vertex 30.8055 24.9834 21.6
    endloop
  endfacet
  facet normal -0.882121 0.471024 0
    outer loop
      vertex 30.8374 25.0604 20.4
      vertex 30.8767 25.134 21.6
      vertex 30.8767 25.134 20.4
    endloop
  endfacet
  facet normal -0.882121 0.471024 0
    outer loop
      vertex 30.8767 25.134 21.6
      vertex 30.8374 25.0604 20.4
      vertex 30.8374 25.0604 21.6
    endloop
  endfacet
  facet normal -0.831496 0.555531 0
    outer loop
      vertex 30.8767 25.134 20.4
      vertex 30.923 25.2033 21.6
      vertex 30.923 25.2033 20.4
    endloop
  endfacet
  facet normal -0.831496 0.555531 0
    outer loop
      vertex 30.923 25.2033 21.6
      vertex 30.8767 25.134 20.4
      vertex 30.8767 25.134 21.6
    endloop
  endfacet
  facet normal -0.772621 0.634867 0
    outer loop
      vertex 30.923 25.2033 20.4
      vertex 30.976 25.2678 21.6
      vertex 30.976 25.2678 20.4
    endloop
  endfacet
  facet normal -0.772621 0.634867 0
    outer loop
      vertex 30.976 25.2678 21.6
      vertex 30.923 25.2033 20.4
      vertex 30.923 25.2033 21.6
    endloop
  endfacet
  facet normal -0.707706 0.706507 0
    outer loop
      vertex 30.976 25.2678 20.4
      vertex 31.0349 25.3268 21.6
      vertex 31.0349 25.3268 20.4
    endloop
  endfacet
  facet normal -0.707706 0.706507 0
    outer loop
      vertex 31.0349 25.3268 21.6
      vertex 30.976 25.2678 20.4
      vertex 30.976 25.2678 21.6
    endloop
  endfacet
  facet normal -0.634151 0.773209 0
    outer loop
      vertex 31.0994 25.3797 20.4
      vertex 31.0349 25.3268 21.6
      vertex 31.0994 25.3797 21.6
    endloop
  endfacet
  facet normal -0.634151 0.773209 0
    outer loop
      vertex 31.0349 25.3268 21.6
      vertex 31.0994 25.3797 20.4
      vertex 31.0349 25.3268 20.4
    endloop
  endfacet
  facet normal -0.555805 0.831312 0
    outer loop
      vertex 31.1688 25.4261 20.4
      vertex 31.0994 25.3797 21.6
      vertex 31.1688 25.4261 21.6
    endloop
  endfacet
  facet normal -0.555805 0.831312 0
    outer loop
      vertex 31.0994 25.3797 21.6
      vertex 31.1688 25.4261 20.4
      vertex 31.0994 25.3797 20.4
    endloop
  endfacet
  facet normal -0.471024 0.882121 0
    outer loop
      vertex 31.2424 25.4654 20.4
      vertex 31.1688 25.4261 21.6
      vertex 31.2424 25.4654 21.6
    endloop
  endfacet
  facet normal -0.471024 0.882121 0
    outer loop
      vertex 31.1688 25.4261 21.6
      vertex 31.2424 25.4654 20.4
      vertex 31.1688 25.4261 20.4
    endloop
  endfacet
  facet normal -0.38274 0.923856 0
    outer loop
      vertex 31.3194 25.4973 20.4
      vertex 31.2424 25.4654 21.6
      vertex 31.3194 25.4973 21.6
    endloop
  endfacet
  facet normal -0.38274 0.923856 0
    outer loop
      vertex 31.2424 25.4654 21.6
      vertex 31.3194 25.4973 20.4
      vertex 31.2424 25.4654 20.4
    endloop
  endfacet
  facet normal -0.290207 0.956964 0
    outer loop
      vertex 31.3992 25.5215 20.4
      vertex 31.3194 25.4973 21.6
      vertex 31.3992 25.5215 21.6
    endloop
  endfacet
  facet normal -0.290207 0.956964 0
    outer loop
      vertex 31.3194 25.4973 21.6
      vertex 31.3992 25.5215 20.4
      vertex 31.3194 25.4973 20.4
    endloop
  endfacet
  facet normal -0.195424 0.980719 0
    outer loop
      vertex 31.481 25.5378 20.4
      vertex 31.3992 25.5215 21.6
      vertex 31.481 25.5378 21.6
    endloop
  endfacet
  facet normal -0.195424 0.980719 0
    outer loop
      vertex 31.3992 25.5215 21.6
      vertex 31.481 25.5378 20.4
      vertex 31.3992 25.5215 20.4
    endloop
  endfacet
  facet normal -0.0735185 0.997294 0
    outer loop
      vertex 31.6058 25.547 20.4
      vertex 31.481 25.5378 21.6
      vertex 31.6058 25.547 21.6
    endloop
  endfacet
  facet normal -0.0735185 0.997294 0
    outer loop
      vertex 31.481 25.5378 21.6
      vertex 31.6058 25.547 20.4
      vertex 31.481 25.5378 20.4
    endloop
  endfacet
  facet normal 0 1 -0
    outer loop
      vertex 75.4912 25.547 20.4
      vertex 31.6058 25.547 21.6
      vertex 75.4912 25.547 21.6
    endloop
  endfacet
  facet normal 0 1 0
    outer loop
      vertex 31.6058 25.547 21.6
      vertex 75.4912 25.547 20.4
      vertex 31.6058 25.547 20.4
    endloop
  endfacet
  facet normal 0.0491602 0.998791 -0
    outer loop
      vertex 75.5745 25.5429 20.4
      vertex 75.4912 25.547 21.6
      vertex 75.5745 25.5429 21.6
    endloop
  endfacet
  facet normal 0.0491602 0.998791 0
    outer loop
      vertex 75.4912 25.547 21.6
      vertex 75.5745 25.5429 20.4
      vertex 75.4912 25.547 20.4
    endloop
  endfacet
  facet normal 0.146115 0.989268 -0
    outer loop
      vertex 75.6571 25.5307 20.4
      vertex 75.5745 25.5429 21.6
      vertex 75.6571 25.5307 21.6
    endloop
  endfacet
  facet normal 0.146115 0.989268 0
    outer loop
      vertex 75.5745 25.5429 21.6
      vertex 75.6571 25.5307 20.4
      vertex 75.5745 25.5429 20.4
    endloop
  endfacet
  facet normal 0.243382 0.969931 -0
    outer loop
      vertex 75.738 25.5104 20.4
      vertex 75.6571 25.5307 21.6
      vertex 75.738 25.5104 21.6
    endloop
  endfacet
  facet normal 0.243382 0.969931 0
    outer loop
      vertex 75.6571 25.5307 21.6
      vertex 75.738 25.5104 20.4
      vertex 75.6571 25.5307 20.4
    endloop
  endfacet
  facet normal 0.33702 0.941497 -0
    outer loop
      vertex 75.8165 25.4823 20.4
      vertex 75.738 25.5104 21.6
      vertex 75.8165 25.4823 21.6
    endloop
  endfacet
  facet normal 0.33702 0.941497 0
    outer loop
      vertex 75.738 25.5104 21.6
      vertex 75.8165 25.4823 20.4
      vertex 75.738 25.5104 20.4
    endloop
  endfacet
  facet normal 0.427932 0.903811 -0
    outer loop
      vertex 75.8919 25.4466 20.4
      vertex 75.8165 25.4823 21.6
      vertex 75.8919 25.4466 21.6
    endloop
  endfacet
  facet normal 0.427932 0.903811 0
    outer loop
      vertex 75.8165 25.4823 21.6
      vertex 75.8919 25.4466 20.4
      vertex 75.8165 25.4823 20.4
    endloop
  endfacet
  facet normal 0.513967 0.85781 -0
    outer loop
      vertex 75.9635 25.4037 20.4
      vertex 75.8919 25.4466 21.6
      vertex 75.9635 25.4037 21.6
    endloop
  endfacet
  facet normal 0.513967 0.85781 0
    outer loop
      vertex 75.8919 25.4466 21.6
      vertex 75.9635 25.4037 20.4
      vertex 75.8919 25.4466 20.4
    endloop
  endfacet
  facet normal 0.595772 0.803154 -0
    outer loop
      vertex 76.0305 25.354 20.4
      vertex 75.9635 25.4037 21.6
      vertex 76.0305 25.354 21.6
    endloop
  endfacet
  facet normal 0.595772 0.803154 0
    outer loop
      vertex 75.9635 25.4037 21.6
      vertex 76.0305 25.354 20.4
      vertex 75.9635 25.4037 20.4
    endloop
  endfacet
  facet normal 0.671478 0.741024 -0
    outer loop
      vertex 76.0923 25.298 20.4
      vertex 76.0305 25.354 21.6
      vertex 76.0923 25.298 21.6
    endloop
  endfacet
  facet normal 0.671478 0.741024 0
    outer loop
      vertex 76.0305 25.354 21.6
      vertex 76.0923 25.298 20.4
      vertex 76.0305 25.354 20.4
    endloop
  endfacet
  facet normal 0.741024 0.671478 0
    outer loop
      vertex 76.1483 25.2362 21.6
      vertex 76.0923 25.298 20.4
      vertex 76.0923 25.298 21.6
    endloop
  endfacet
  facet normal 0.741024 0.671478 0
    outer loop
      vertex 76.0923 25.298 20.4
      vertex 76.1483 25.2362 21.6
      vertex 76.1483 25.2362 20.4
    endloop
  endfacet
  facet normal 0.803154 0.595772 0
    outer loop
      vertex 76.198 25.1692 21.6
      vertex 76.1483 25.2362 20.4
      vertex 76.1483 25.2362 21.6
    endloop
  endfacet
  facet normal 0.803154 0.595772 0
    outer loop
      vertex 76.1483 25.2362 20.4
      vertex 76.198 25.1692 21.6
      vertex 76.198 25.1692 20.4
    endloop
  endfacet
  facet normal 0.857493 0.514496 0
    outer loop
      vertex 76.2409 25.0977 21.6
      vertex 76.198 25.1692 20.4
      vertex 76.198 25.1692 21.6
    endloop
  endfacet
  facet normal 0.857493 0.514496 0
    outer loop
      vertex 76.198 25.1692 20.4
      vertex 76.2409 25.0977 21.6
      vertex 76.2409 25.0977 20.4
    endloop
  endfacet
  facet normal 0.904274 0.426952 0
    outer loop
      vertex 76.2765 25.0223 21.6
      vertex 76.2409 25.0977 20.4
      vertex 76.2409 25.0977 21.6
    endloop
  endfacet
  facet normal 0.904274 0.426952 0
    outer loop
      vertex 76.2409 25.0977 20.4
      vertex 76.2765 25.0223 21.6
      vertex 76.2765 25.0223 20.4
    endloop
  endfacet
  facet normal 0.941633 0.33664 0
    outer loop
      vertex 76.3046 24.9437 21.6
      vertex 76.2765 25.0223 20.4
      vertex 76.2765 25.0223 21.6
    endloop
  endfacet
  facet normal 0.941633 0.33664 0
    outer loop
      vertex 76.2765 25.0223 20.4
      vertex 76.3046 24.9437 21.6
      vertex 76.3046 24.9437 20.4
    endloop
  endfacet
  facet normal 0.9755 0.219997 0
    outer loop
      vertex 76.3251 24.8528 21.6
      vertex 76.3046 24.9437 20.4
      vertex 76.3046 24.9437 21.6
    endloop
  endfacet
  facet normal 0.9755 0.219997 0
    outer loop
      vertex 76.3046 24.9437 20.4
      vertex 76.3251 24.8528 21.6
      vertex 76.3251 24.8528 20.4
    endloop
  endfacet
  facet normal 0.970055 0.242887 0
    outer loop
      vertex 76.4715 24.2681 21.6
      vertex 76.3251 24.8528 20.4
      vertex 76.3251 24.8528 21.6
    endloop
  endfacet
  facet normal 0.970055 0.242887 0
    outer loop
      vertex 76.3251 24.8528 20.4
      vertex 76.4715 24.2681 21.6
      vertex 76.4715 24.2681 20.4
    endloop
  endfacet
  facet normal 0.941546 0.336884 0
    outer loop
      vertex 76.6665 23.7231 21.6
      vertex 76.4715 24.2681 20.4
      vertex 76.4715 24.2681 21.6
    endloop
  endfacet
  facet normal 0.941546 0.336884 0
    outer loop
      vertex 76.4715 24.2681 20.4
      vertex 76.6665 23.7231 21.6
      vertex 76.6665 23.7231 20.4
    endloop
  endfacet
  facet normal 0.903991 0.427552 0
    outer loop
      vertex 76.914 23.1998 21.6
      vertex 76.6665 23.7231 20.4
      vertex 76.6665 23.7231 21.6
    endloop
  endfacet
  facet normal 0.903991 0.427552 0
    outer loop
      vertex 76.6665 23.7231 20.4
      vertex 76.914 23.1998 21.6
      vertex 76.914 23.1998 20.4
    endloop
  endfacet
  facet normal 0.857691 0.514166 0
    outer loop
      vertex 77.2117 22.7032 21.6
      vertex 76.914 23.1998 20.4
      vertex 76.914 23.1998 21.6
    endloop
  endfacet
  facet normal 0.857691 0.514166 0
    outer loop
      vertex 76.914 23.1998 20.4
      vertex 77.2117 22.7032 21.6
      vertex 77.2117 22.7032 20.4
    endloop
  endfacet
  facet normal 0.803263 0.595624 0
    outer loop
      vertex 77.5565 22.2382 21.6
      vertex 77.2117 22.7032 20.4
      vertex 77.2117 22.7032 21.6
    endloop
  endfacet
  facet normal 0.803263 0.595624 0
    outer loop
      vertex 77.2117 22.7032 20.4
      vertex 77.5565 22.2382 21.6
      vertex 77.5565 22.2382 20.4
    endloop
  endfacet
  facet normal 0.740901 0.671614 0
    outer loop
      vertex 77.9452 21.8094 21.6
      vertex 77.5565 22.2382 20.4
      vertex 77.5565 22.2382 21.6
    endloop
  endfacet
  facet normal 0.740901 0.671614 0
    outer loop
      vertex 77.5565 22.2382 20.4
      vertex 77.9452 21.8094 21.6
      vertex 77.9452 21.8094 20.4
    endloop
  endfacet
  facet normal 0.671632 0.740885 -0
    outer loop
      vertex 78.3742 21.4205 20.4
      vertex 77.9452 21.8094 21.6
      vertex 78.3742 21.4205 21.6
    endloop
  endfacet
  facet normal 0.671632 0.740885 0
    outer loop
      vertex 77.9452 21.8094 21.6
      vertex 78.3742 21.4205 20.4
      vertex 77.9452 21.8094 20.4
    endloop
  endfacet
  facet normal 0.595707 0.803202 -0
    outer loop
      vertex 78.8391 21.0757 20.4
      vertex 78.3742 21.4205 21.6
      vertex 78.8391 21.0757 21.6
    endloop
  endfacet
  facet normal 0.595707 0.803202 0
    outer loop
      vertex 78.3742 21.4205 21.6
      vertex 78.8391 21.0757 20.4
      vertex 78.3742 21.4205 20.4
    endloop
  endfacet
  facet normal 0.514089 0.857737 -0
    outer loop
      vertex 79.3358 20.778 20.4
      vertex 78.8391 21.0757 21.6
      vertex 79.3358 20.778 21.6
    endloop
  endfacet
  facet normal 0.514089 0.857737 0
    outer loop
      vertex 78.8391 21.0757 21.6
      vertex 79.3358 20.778 20.4
      vertex 78.8391 21.0757 20.4
    endloop
  endfacet
  facet normal 0.427477 0.904026 -0
    outer loop
      vertex 79.859 20.5306 20.4
      vertex 79.3358 20.778 21.6
      vertex 79.859 20.5306 21.6
    endloop
  endfacet
  facet normal 0.427477 0.904026 0
    outer loop
      vertex 79.3358 20.778 21.6
      vertex 79.859 20.5306 20.4
      vertex 79.3358 20.778 20.4
    endloop
  endfacet
  facet normal 0.336927 0.941531 -0
    outer loop
      vertex 80.4042 20.3355 20.4
      vertex 79.859 20.5306 21.6
      vertex 80.4042 20.3355 21.6
    endloop
  endfacet
  facet normal 0.336927 0.941531 0
    outer loop
      vertex 79.859 20.5306 21.6
      vertex 80.4042 20.3355 20.4
      vertex 79.859 20.5306 20.4
    endloop
  endfacet
  facet normal 0.242983 0.970031 -0
    outer loop
      vertex 80.9655 20.1949 20.4
      vertex 80.4042 20.3355 21.6
      vertex 80.9655 20.1949 21.6
    endloop
  endfacet
  facet normal 0.242983 0.970031 0
    outer loop
      vertex 80.4042 20.3355 21.6
      vertex 80.9655 20.1949 20.4
      vertex 80.4042 20.3355 20.4
    endloop
  endfacet
  facet normal 0.146618 0.989193 -0
    outer loop
      vertex 81.5383 20.11 20.4
      vertex 80.9655 20.1949 21.6
      vertex 81.5383 20.11 21.6
    endloop
  endfacet
  facet normal 0.146618 0.989193 0
    outer loop
      vertex 80.9655 20.1949 21.6
      vertex 81.5383 20.11 20.4
      vertex 80.9655 20.1949 20.4
    endloop
  endfacet
  facet normal 0.0492311 0.998787 -0
    outer loop
      vertex 82.1165 20.0815 20.4
      vertex 81.5383 20.11 21.6
      vertex 82.1165 20.0815 21.6
    endloop
  endfacet
  facet normal 0.0492311 0.998787 0
    outer loop
      vertex 81.5383 20.11 21.6
      vertex 82.1165 20.0815 20.4
      vertex 81.5383 20.11 20.4
    endloop
  endfacet
  facet normal -0.0492311 0.998787 0
    outer loop
      vertex 82.6947 20.11 20.4
      vertex 82.1165 20.0815 21.6
      vertex 82.6947 20.11 21.6
    endloop
  endfacet
  facet normal -0.0492311 0.998787 0
    outer loop
      vertex 82.1165 20.0815 21.6
      vertex 82.6947 20.11 20.4
      vertex 82.1165 20.0815 20.4
    endloop
  endfacet
  facet normal 0 0 -1
    outer loop
      vertex 23.697 48.5 14.4
      vertex 25.697 60.5 14.4
      vertex 25.697 48.5 14.4
    endloop
  endfacet
  facet normal -0 0 -1
    outer loop
      vertex 25.697 60.5 14.4
      vertex 23.697 48.5 14.4
      vertex 23.697 60.5 14.4
    endloop
  endfacet
  facet normal -0 0 1
    outer loop
      vertex 23.697 60.5 7.4
      vertex 25.697 48.5 7.4
      vertex 25.697 60.5 7.4
    endloop
  endfacet
  facet normal 0 0 1
    outer loop
      vertex 25.697 48.5 7.4
      vertex 23.697 60.5 7.4
      vertex 23.697 48.5 7.4
    endloop
  endfacet
  facet normal 0 -1 0
    outer loop
      vertex 23.697 60.5 7.4
      vertex 25.697 60.5 14.4
      vertex 23.697 60.5 14.4
    endloop
  endfacet
  facet normal 0 -1 -0
    outer loop
      vertex 25.697 60.5 14.4
      vertex 23.697 60.5 7.4
      vertex 25.697 60.5 7.4
    endloop
  endfacet
  facet normal 0 1 -0
    outer loop
      vertex 25.697 48.5 7.4
      vertex 23.697 48.5 14.4
      vertex 25.697 48.5 14.4
    endloop
  endfacet
  facet normal 0 1 0
    outer loop
      vertex 23.697 48.5 14.4
      vertex 25.697 48.5 7.4
      vertex 23.697 48.5 7.4
    endloop
  endfacet
  facet normal 0.671805 -0.740728 0
    outer loop
      vertex 31.7446 28.8742 2
      vertex 31.9445 29.0555 8
      vertex 31.7446 28.8742 8
    endloop
  endfacet
  facet normal 0.671805 -0.740728 0
    outer loop
      vertex 31.9445 29.0555 8
      vertex 31.7446 28.8742 2
      vertex 31.9445 29.0555 2
    endloop
  endfacet
  facet normal 0.98918 0.14671 0
    outer loop
      vertex 32.7368 31.2695 8
      vertex 32.6972 31.5365 2
      vertex 32.6972 31.5365 8
    endloop
  endfacet
  facet normal 0.98918 0.14671 0
    outer loop
      vertex 32.6972 31.5365 2
      vertex 32.7368 31.2695 8
      vertex 32.7368 31.2695 2
    endloop
  endfacet
  facet normal 0.998803 0.0489209 0
    outer loop
      vertex 32.75 31 8
      vertex 32.7368 31.2695 2
      vertex 32.7368 31.2695 8
    endloop
  endfacet
  facet normal 0.998803 0.0489209 0
    outer loop
      vertex 32.7368 31.2695 2
      vertex 32.75 31 8
      vertex 32.75 31 2
    endloop
  endfacet
  facet normal 0.970012 0.243059 0
    outer loop
      vertex 32.6972 31.5365 8
      vertex 32.6316 31.7983 2
      vertex 32.6316 31.7983 8
    endloop
  endfacet
  facet normal 0.970012 0.243059 0
    outer loop
      vertex 32.6316 31.7983 2
      vertex 32.6972 31.5365 8
      vertex 32.6972 31.5365 2
    endloop
  endfacet
  facet normal 0.427688 -0.903926 0
    outer loop
      vertex 31.0524 28.4593 2
      vertex 31.2963 28.5747 8
      vertex 31.0524 28.4593 8
    endloop
  endfacet
  facet normal 0.427688 -0.903926 0
    outer loop
      vertex 31.2963 28.5747 8
      vertex 31.0524 28.4593 2
      vertex 31.2963 28.5747 2
    endloop
  endfacet
  facet normal -0.0489209 0.998803 0
    outer loop
      vertex 30 33.75 2
      vertex 29.7305 33.7368 8
      vertex 30 33.75 8
    endloop
  endfacet
  facet normal -0.0489209 0.998803 0
    outer loop
      vertex 29.7305 33.7368 8
      vertex 30 33.75 2
      vertex 29.7305 33.7368 2
    endloop
  endfacet
  facet normal -0.427688 0.903926 0
    outer loop
      vertex 28.9476 33.5407 2
      vertex 28.7037 33.4253 8
      vertex 28.9476 33.5407 8
    endloop
  endfacet
  facet normal -0.427688 0.903926 0
    outer loop
      vertex 28.7037 33.4253 8
      vertex 28.9476 33.5407 2
      vertex 28.7037 33.4253 2
    endloop
  endfacet
  facet normal 0.740728 0.671805 0
    outer loop
      vertex 32.1258 32.7446 8
      vertex 31.9445 32.9445 2
      vertex 31.9445 32.9445 8
    endloop
  endfacet
  facet normal 0.740728 0.671805 0
    outer loop
      vertex 31.9445 32.9445 2
      vertex 32.1258 32.7446 8
      vertex 32.1258 32.7446 2
    endloop
  endfacet
  facet normal -0.14671 -0.98918 0
    outer loop
      vertex 29.4635 28.3028 2
      vertex 29.7305 28.2632 8
      vertex 29.4635 28.3028 8
    endloop
  endfacet
  facet normal -0.14671 -0.98918 -0
    outer loop
      vertex 29.7305 28.2632 8
      vertex 29.4635 28.3028 2
      vertex 29.7305 28.2632 2
    endloop
  endfacet
  facet normal 0.427688 0.903926 -0
    outer loop
      vertex 31.2963 33.4253 2
      vertex 31.0524 33.5407 8
      vertex 31.2963 33.4253 8
    endloop
  endfacet
  facet normal 0.427688 0.903926 0
    outer loop
      vertex 31.0524 33.5407 8
      vertex 31.2963 33.4253 2
      vertex 31.0524 33.5407 2
    endloop
  endfacet
  facet normal -0.14671 0.98918 0
    outer loop
      vertex 29.7305 33.7368 2
      vertex 29.4635 33.6972 8
      vertex 29.7305 33.7368 8
    endloop
  endfacet
  facet normal -0.14671 0.98918 0
    outer loop
      vertex 29.4635 33.6972 8
      vertex 29.7305 33.7368 2
      vertex 29.4635 33.6972 2
    endloop
  endfacet
  facet normal 0.243059 -0.970012 0
    outer loop
      vertex 30.5365 28.3028 2
      vertex 30.7983 28.3684 8
      vertex 30.5365 28.3028 8
    endloop
  endfacet
  facet normal 0.243059 -0.970012 0
    outer loop
      vertex 30.7983 28.3684 8
      vertex 30.5365 28.3028 2
      vertex 30.7983 28.3684 2
    endloop
  endfacet
  facet normal -0.595485 0.803367 0
    outer loop
      vertex 28.4722 33.2865 2
      vertex 28.2554 33.1258 8
      vertex 28.4722 33.2865 8
    endloop
  endfacet
  facet normal -0.595485 0.803367 0
    outer loop
      vertex 28.2554 33.1258 8
      vertex 28.4722 33.2865 2
      vertex 28.2554 33.1258 2
    endloop
  endfacet
  facet normal -0.903926 0.427688 0
    outer loop
      vertex 27.4593 32.0524 2
      vertex 27.5747 32.2963 8
      vertex 27.5747 32.2963 2
    endloop
  endfacet
  facet normal -0.903926 0.427688 0
    outer loop
      vertex 27.5747 32.2963 8
      vertex 27.4593 32.0524 2
      vertex 27.4593 32.0524 8
    endloop
  endfacet
  facet normal -0.427688 -0.903926 0
    outer loop
      vertex 28.7037 28.5747 2
      vertex 28.9476 28.4593 8
      vertex 28.7037 28.5747 8
    endloop
  endfacet
  facet normal -0.427688 -0.903926 -0
    outer loop
      vertex 28.9476 28.4593 8
      vertex 28.7037 28.5747 2
      vertex 28.9476 28.4593 2
    endloop
  endfacet
  facet normal -0.595485 -0.803367 0
    outer loop
      vertex 28.2554 28.8742 2
      vertex 28.4722 28.7135 8
      vertex 28.2554 28.8742 8
    endloop
  endfacet
  facet normal -0.595485 -0.803367 -0
    outer loop
      vertex 28.4722 28.7135 8
      vertex 28.2554 28.8742 2
      vertex 28.4722 28.7135 2
    endloop
  endfacet
  facet normal -0.903926 -0.427688 0
    outer loop
      vertex 27.5747 29.7037 2
      vertex 27.4593 29.9476 8
      vertex 27.4593 29.9476 2
    endloop
  endfacet
  facet normal -0.903926 -0.427688 0
    outer loop
      vertex 27.4593 29.9476 8
      vertex 27.5747 29.7037 2
      vertex 27.5747 29.7037 8
    endloop
  endfacet
  facet normal 0.514223 0.857656 -0
    outer loop
      vertex 31.5278 33.2865 2
      vertex 31.2963 33.4253 8
      vertex 31.5278 33.2865 8
    endloop
  endfacet
  facet normal 0.514223 0.857656 0
    outer loop
      vertex 31.2963 33.4253 8
      vertex 31.5278 33.2865 2
      vertex 31.2963 33.4253 2
    endloop
  endfacet
  facet normal 0.595485 -0.803367 0
    outer loop
      vertex 31.5278 28.7135 2
      vertex 31.7446 28.8742 8
      vertex 31.5278 28.7135 8
    endloop
  endfacet
  facet normal 0.595485 -0.803367 0
    outer loop
      vertex 31.7446 28.8742 8
      vertex 31.5278 28.7135 2
      vertex 31.7446 28.8742 2
    endloop
  endfacet
  facet normal -0.998803 -0.0489209 0
    outer loop
      vertex 27.2632 30.7305 2
      vertex 27.25 31 8
      vertex 27.25 31 2
    endloop
  endfacet
  facet normal -0.998803 -0.0489209 0
    outer loop
      vertex 27.25 31 8
      vertex 27.2632 30.7305 2
      vertex 27.2632 30.7305 8
    endloop
  endfacet
  facet normal 0.595485 0.803367 -0
    outer loop
      vertex 31.7446 33.1258 2
      vertex 31.5278 33.2865 8
      vertex 31.7446 33.1258 8
    endloop
  endfacet
  facet normal 0.595485 0.803367 0
    outer loop
      vertex 31.5278 33.2865 8
      vertex 31.7446 33.1258 2
      vertex 31.5278 33.2865 2
    endloop
  endfacet
  facet normal 0.970012 -0.243059 0
    outer loop
      vertex 32.6316 30.2017 8
      vertex 32.6972 30.4635 2
      vertex 32.6972 30.4635 8
    endloop
  endfacet
  facet normal 0.970012 -0.243059 0
    outer loop
      vertex 32.6972 30.4635 2
      vertex 32.6316 30.2017 8
      vertex 32.6316 30.2017 2
    endloop
  endfacet
  facet normal -0.941566 -0.336829 0
    outer loop
      vertex 27.4593 29.9476 2
      vertex 27.3684 30.2017 8
      vertex 27.3684 30.2017 2
    endloop
  endfacet
  facet normal -0.941566 -0.336829 0
    outer loop
      vertex 27.3684 30.2017 8
      vertex 27.4593 29.9476 2
      vertex 27.4593 29.9476 8
    endloop
  endfacet
  facet normal 0.243059 0.970012 -0
    outer loop
      vertex 30.7983 33.6316 2
      vertex 30.5365 33.6972 8
      vertex 30.7983 33.6316 8
    endloop
  endfacet
  facet normal 0.243059 0.970012 0
    outer loop
      vertex 30.5365 33.6972 8
      vertex 30.7983 33.6316 2
      vertex 30.5365 33.6972 2
    endloop
  endfacet
  facet normal -0.740728 0.671805 0
    outer loop
      vertex 27.8742 32.7446 2
      vertex 28.0555 32.9445 8
      vertex 28.0555 32.9445 2
    endloop
  endfacet
  facet normal -0.740728 0.671805 0
    outer loop
      vertex 28.0555 32.9445 8
      vertex 27.8742 32.7446 2
      vertex 27.8742 32.7446 8
    endloop
  endfacet
  facet normal 0.0489209 -0.998803 0
    outer loop
      vertex 30 28.25 2
      vertex 30.2695 28.2632 8
      vertex 30 28.25 8
    endloop
  endfacet
  facet normal 0.0489209 -0.998803 0
    outer loop
      vertex 30.2695 28.2632 8
      vertex 30 28.25 2
      vertex 30.2695 28.2632 2
    endloop
  endfacet
  facet normal 0.803367 0.595485 0
    outer loop
      vertex 32.2865 32.5278 8
      vertex 32.1258 32.7446 2
      vertex 32.1258 32.7446 8
    endloop
  endfacet
  facet normal 0.803367 0.595485 0
    outer loop
      vertex 32.1258 32.7446 2
      vertex 32.2865 32.5278 8
      vertex 32.2865 32.5278 2
    endloop
  endfacet
  facet normal -0.970012 -0.243059 0
    outer loop
      vertex 27.3684 30.2017 2
      vertex 27.3028 30.4635 8
      vertex 27.3028 30.4635 2
    endloop
  endfacet
  facet normal -0.970012 -0.243059 0
    outer loop
      vertex 27.3028 30.4635 8
      vertex 27.3684 30.2017 2
      vertex 27.3684 30.2017 8
    endloop
  endfacet
  facet normal 0.98918 -0.14671 0
    outer loop
      vertex 32.6972 30.4635 8
      vertex 32.7368 30.7305 2
      vertex 32.7368 30.7305 8
    endloop
  endfacet
  facet normal 0.98918 -0.14671 0
    outer loop
      vertex 32.7368 30.7305 2
      vertex 32.6972 30.4635 8
      vertex 32.6972 30.4635 2
    endloop
  endfacet
  facet normal 0.514223 -0.857656 0
    outer loop
      vertex 31.2963 28.5747 2
      vertex 31.5278 28.7135 8
      vertex 31.2963 28.5747 8
    endloop
  endfacet
  facet normal 0.514223 -0.857656 0
    outer loop
      vertex 31.5278 28.7135 8
      vertex 31.2963 28.5747 2
      vertex 31.5278 28.7135 2
    endloop
  endfacet
  facet normal -0.941566 0.336829 0
    outer loop
      vertex 27.3684 31.7983 2
      vertex 27.4593 32.0524 8
      vertex 27.4593 32.0524 2
    endloop
  endfacet
  facet normal -0.941566 0.336829 0
    outer loop
      vertex 27.4593 32.0524 8
      vertex 27.3684 31.7983 2
      vertex 27.3684 31.7983 8
    endloop
  endfacet
  facet normal 0.671805 0.740728 -0
    outer loop
      vertex 31.9445 32.9445 2
      vertex 31.7446 33.1258 8
      vertex 31.9445 32.9445 8
    endloop
  endfacet
  facet normal 0.671805 0.740728 0
    outer loop
      vertex 31.7446 33.1258 8
      vertex 31.9445 32.9445 2
      vertex 31.7446 33.1258 2
    endloop
  endfacet
  facet normal -0.98918 0.14671 0
    outer loop
      vertex 27.2632 31.2695 2
      vertex 27.3028 31.5365 8
      vertex 27.3028 31.5365 2
    endloop
  endfacet
  facet normal -0.98918 0.14671 0
    outer loop
      vertex 27.3028 31.5365 8
      vertex 27.2632 31.2695 2
      vertex 27.2632 31.2695 8
    endloop
  endfacet
  facet normal 0.903926 -0.427688 0
    outer loop
      vertex 32.4253 29.7037 8
      vertex 32.5407 29.9476 2
      vertex 32.5407 29.9476 8
    endloop
  endfacet
  facet normal 0.903926 -0.427688 0
    outer loop
      vertex 32.5407 29.9476 2
      vertex 32.4253 29.7037 8
      vertex 32.4253 29.7037 2
    endloop
  endfacet
  facet normal 0.998803 -0.0489209 0
    outer loop
      vertex 32.7368 30.7305 8
      vertex 32.75 31 2
      vertex 32.75 31 8
    endloop
  endfacet
  facet normal 0.998803 -0.0489209 0
    outer loop
      vertex 32.75 31 2
      vertex 32.7368 30.7305 8
      vertex 32.7368 30.7305 2
    endloop
  endfacet
  facet normal 0.14671 -0.98918 0
    outer loop
      vertex 30.2695 28.2632 2
      vertex 30.5365 28.3028 8
      vertex 30.2695 28.2632 8
    endloop
  endfacet
  facet normal 0.14671 -0.98918 0
    outer loop
      vertex 30.5365 28.3028 8
      vertex 30.2695 28.2632 2
      vertex 30.5365 28.3028 2
    endloop
  endfacet
  facet normal 0.941566 0.336829 0
    outer loop
      vertex 32.6316 31.7983 8
      vertex 32.5407 32.0524 2
      vertex 32.5407 32.0524 8
    endloop
  endfacet
  facet normal 0.941566 0.336829 0
    outer loop
      vertex 32.5407 32.0524 2
      vertex 32.6316 31.7983 8
      vertex 32.6316 31.7983 2
    endloop
  endfacet
  facet normal 0.803367 -0.595485 0
    outer loop
      vertex 32.1258 29.2554 8
      vertex 32.2865 29.4722 2
      vertex 32.2865 29.4722 8
    endloop
  endfacet
  facet normal 0.803367 -0.595485 0
    outer loop
      vertex 32.2865 29.4722 2
      vertex 32.1258 29.2554 8
      vertex 32.1258 29.2554 2
    endloop
  endfacet
  facet normal 0.857656 -0.514223 0
    outer loop
      vertex 32.2865 29.4722 8
      vertex 32.4253 29.7037 2
      vertex 32.4253 29.7037 8
    endloop
  endfacet
  facet normal 0.857656 -0.514223 0
    outer loop
      vertex 32.4253 29.7037 2
      vertex 32.2865 29.4722 8
      vertex 32.2865 29.4722 2
    endloop
  endfacet
  facet normal -0.243059 0.970012 0
    outer loop
      vertex 29.4635 33.6972 2
      vertex 29.2017 33.6316 8
      vertex 29.4635 33.6972 8
    endloop
  endfacet
  facet normal -0.243059 0.970012 0
    outer loop
      vertex 29.2017 33.6316 8
      vertex 29.4635 33.6972 2
      vertex 29.2017 33.6316 2
    endloop
  endfacet
  facet normal 0.941566 -0.336829 0
    outer loop
      vertex 32.5407 29.9476 8
      vertex 32.6316 30.2017 2
      vertex 32.6316 30.2017 8
    endloop
  endfacet
  facet normal 0.941566 -0.336829 0
    outer loop
      vertex 32.6316 30.2017 2
      vertex 32.5407 29.9476 8
      vertex 32.5407 29.9476 2
    endloop
  endfacet
  facet normal 0.0489209 0.998803 -0
    outer loop
      vertex 30.2695 33.7368 2
      vertex 30 33.75 8
      vertex 30.2695 33.7368 8
    endloop
  endfacet
  facet normal 0.0489209 0.998803 0
    outer loop
      vertex 30 33.75 8
      vertex 30.2695 33.7368 2
      vertex 30 33.75 2
    endloop
  endfacet
  facet normal -0.514223 0.857656 0
    outer loop
      vertex 28.7037 33.4253 2
      vertex 28.4722 33.2865 8
      vertex 28.7037 33.4253 8
    endloop
  endfacet
  facet normal -0.514223 0.857656 0
    outer loop
      vertex 28.4722 33.2865 8
      vertex 28.7037 33.4253 2
      vertex 28.4722 33.2865 2
    endloop
  endfacet
  facet normal 0.903926 0.427688 0
    outer loop
      vertex 32.5407 32.0524 8
      vertex 32.4253 32.2963 2
      vertex 32.4253 32.2963 8
    endloop
  endfacet
  facet normal 0.903926 0.427688 0
    outer loop
      vertex 32.4253 32.2963 2
      vertex 32.5407 32.0524 8
      vertex 32.5407 32.0524 2
    endloop
  endfacet
  facet normal 0.14671 0.98918 -0
    outer loop
      vertex 30.5365 33.6972 2
      vertex 30.2695 33.7368 8
      vertex 30.5365 33.6972 8
    endloop
  endfacet
  facet normal 0.14671 0.98918 0
    outer loop
      vertex 30.2695 33.7368 8
      vertex 30.5365 33.6972 2
      vertex 30.2695 33.7368 2
    endloop
  endfacet
  facet normal -0.243059 -0.970012 0
    outer loop
      vertex 29.2017 28.3684 2
      vertex 29.4635 28.3028 8
      vertex 29.2017 28.3684 8
    endloop
  endfacet
  facet normal -0.243059 -0.970012 -0
    outer loop
      vertex 29.4635 28.3028 8
      vertex 29.2017 28.3684 2
      vertex 29.4635 28.3028 2
    endloop
  endfacet
  facet normal -0.857656 -0.514223 0
    outer loop
      vertex 27.7135 29.4722 2
      vertex 27.5747 29.7037 8
      vertex 27.5747 29.7037 2
    endloop
  endfacet
  facet normal -0.857656 -0.514223 0
    outer loop
      vertex 27.5747 29.7037 8
      vertex 27.7135 29.4722 2
      vertex 27.7135 29.4722 8
    endloop
  endfacet
  facet normal 0.857656 0.514223 0
    outer loop
      vertex 32.4253 32.2963 8
      vertex 32.2865 32.5278 2
      vertex 32.2865 32.5278 8
    endloop
  endfacet
  facet normal 0.857656 0.514223 0
    outer loop
      vertex 32.2865 32.5278 2
      vertex 32.4253 32.2963 8
      vertex 32.4253 32.2963 2
    endloop
  endfacet
  facet normal -0.336829 0.941566 0
    outer loop
      vertex 29.2017 33.6316 2
      vertex 28.9476 33.5407 8
      vertex 29.2017 33.6316 8
    endloop
  endfacet
  facet normal -0.336829 0.941566 0
    outer loop
      vertex 28.9476 33.5407 8
      vertex 29.2017 33.6316 2
      vertex 28.9476 33.5407 2
    endloop
  endfacet
  facet normal -0.740728 -0.671805 0
    outer loop
      vertex 28.0555 29.0555 2
      vertex 27.8742 29.2554 8
      vertex 27.8742 29.2554 2
    endloop
  endfacet
  facet normal -0.740728 -0.671805 0
    outer loop
      vertex 27.8742 29.2554 8
      vertex 28.0555 29.0555 2
      vertex 28.0555 29.0555 8
    endloop
  endfacet
  facet normal -0.671805 0.740728 0
    outer loop
      vertex 28.2554 33.1258 2
      vertex 28.0555 32.9445 8
      vertex 28.2554 33.1258 8
    endloop
  endfacet
  facet normal -0.671805 0.740728 0
    outer loop
      vertex 28.0555 32.9445 8
      vertex 28.2554 33.1258 2
      vertex 28.0555 32.9445 2
    endloop
  endfacet
  facet normal 0.336829 0.941566 -0
    outer loop
      vertex 31.0524 33.5407 2
      vertex 30.7983 33.6316 8
      vertex 31.0524 33.5407 8
    endloop
  endfacet
  facet normal 0.336829 0.941566 0
    outer loop
      vertex 30.7983 33.6316 8
      vertex 31.0524 33.5407 2
      vertex 30.7983 33.6316 2
    endloop
  endfacet
  facet normal -0.514223 -0.857656 0
    outer loop
      vertex 28.4722 28.7135 2
      vertex 28.7037 28.5747 8
      vertex 28.4722 28.7135 8
    endloop
  endfacet
  facet normal -0.514223 -0.857656 -0
    outer loop
      vertex 28.7037 28.5747 8
      vertex 28.4722 28.7135 2
      vertex 28.7037 28.5747 2
    endloop
  endfacet
  facet normal -0.970012 0.243059 0
    outer loop
      vertex 27.3028 31.5365 2
      vertex 27.3684 31.7983 8
      vertex 27.3684 31.7983 2
    endloop
  endfacet
  facet normal -0.970012 0.243059 0
    outer loop
      vertex 27.3684 31.7983 8
      vertex 27.3028 31.5365 2
      vertex 27.3028 31.5365 8
    endloop
  endfacet
  facet normal 0.336829 -0.941566 0
    outer loop
      vertex 30.7983 28.3684 2
      vertex 31.0524 28.4593 8
      vertex 30.7983 28.3684 8
    endloop
  endfacet
  facet normal 0.336829 -0.941566 0
    outer loop
      vertex 31.0524 28.4593 8
      vertex 30.7983 28.3684 2
      vertex 31.0524 28.4593 2
    endloop
  endfacet
  facet normal -0.803367 -0.595485 0
    outer loop
      vertex 27.8742 29.2554 2
      vertex 27.7135 29.4722 8
      vertex 27.7135 29.4722 2
    endloop
  endfacet
  facet normal -0.803367 -0.595485 0
    outer loop
      vertex 27.7135 29.4722 8
      vertex 27.8742 29.2554 2
      vertex 27.8742 29.2554 8
    endloop
  endfacet
  facet normal -0.98918 -0.14671 0
    outer loop
      vertex 27.3028 30.4635 2
      vertex 27.2632 30.7305 8
      vertex 27.2632 30.7305 2
    endloop
  endfacet
  facet normal -0.98918 -0.14671 0
    outer loop
      vertex 27.2632 30.7305 8
      vertex 27.3028 30.4635 2
      vertex 27.3028 30.4635 8
    endloop
  endfacet
  facet normal -0.671805 -0.740728 0
    outer loop
      vertex 28.0555 29.0555 2
      vertex 28.2554 28.8742 8
      vertex 28.0555 29.0555 8
    endloop
  endfacet
  facet normal -0.671805 -0.740728 -0
    outer loop
      vertex 28.2554 28.8742 8
      vertex 28.0555 29.0555 2
      vertex 28.2554 28.8742 2
    endloop
  endfacet
  facet normal -0.803367 0.595485 0
    outer loop
      vertex 27.7135 32.5278 2
      vertex 27.8742 32.7446 8
      vertex 27.8742 32.7446 2
    endloop
  endfacet
  facet normal -0.803367 0.595485 0
    outer loop
      vertex 27.8742 32.7446 8
      vertex 27.7135 32.5278 2
      vertex 27.7135 32.5278 8
    endloop
  endfacet
  facet normal -0.857656 0.514223 0
    outer loop
      vertex 27.5747 32.2963 2
      vertex 27.7135 32.5278 8
      vertex 27.7135 32.5278 2
    endloop
  endfacet
  facet normal -0.857656 0.514223 0
    outer loop
      vertex 27.7135 32.5278 8
      vertex 27.5747 32.2963 2
      vertex 27.5747 32.2963 8
    endloop
  endfacet
  facet normal 0 0 1
    outer loop
      vertex 30.85 31 8
      vertex 32.75 31 8
      vertex 32.7368 31.2695 8
    endloop
  endfacet
  facet normal 0 0 1
    outer loop
      vertex 30.8459 31.0833 8
      vertex 32.7368 31.2695 8
      vertex 32.6972 31.5365 8
    endloop
  endfacet
  facet normal 0 0 1
    outer loop
      vertex 32.75 31 8
      vertex 30.85 31 8
      vertex 32.7368 30.7305 8
    endloop
  endfacet
  facet normal 0 0 1
    outer loop
      vertex 30.8337 31.1658 8
      vertex 32.6972 31.5365 8
      vertex 32.6316 31.7983 8
    endloop
  endfacet
  facet normal -0 0 1
    outer loop
      vertex 30.8459 30.9167 8
      vertex 32.7368 30.7305 8
      vertex 30.85 31 8
    endloop
  endfacet
  facet normal 0 0 1
    outer loop
      vertex 30.8134 31.2467 8
      vertex 32.6316 31.7983 8
      vertex 32.5407 32.0524 8
    endloop
  endfacet
  facet normal 0 0 1
    outer loop
      vertex 32.7368 30.7305 8
      vertex 30.8459 30.9167 8
      vertex 32.6972 30.4635 8
    endloop
  endfacet
  facet normal 0 0 1
    outer loop
      vertex 30.7853 31.3253 8
      vertex 32.5407 32.0524 8
      vertex 32.4253 32.2963 8
    endloop
  endfacet
  facet normal -0 0 1
    outer loop
      vertex 30.8337 30.8342 8
      vertex 32.6972 30.4635 8
      vertex 30.8459 30.9167 8
    endloop
  endfacet
  facet normal 0 0 1
    outer loop
      vertex 30.7496 31.4007 8
      vertex 32.4253 32.2963 8
      vertex 32.2865 32.5278 8
    endloop
  endfacet
  facet normal 0 0 1
    outer loop
      vertex 32.6972 30.4635 8
      vertex 30.8337 30.8342 8
      vertex 32.6316 30.2017 8
    endloop
  endfacet
  facet normal 0 0 1
    outer loop
      vertex 30.7067 31.4722 8
      vertex 32.2865 32.5278 8
      vertex 32.1258 32.7446 8
    endloop
  endfacet
  facet normal -0 0 1
    outer loop
      vertex 30.8134 30.7533 8
      vertex 32.6316 30.2017 8
      vertex 30.8337 30.8342 8
    endloop
  endfacet
  facet normal 0 0 1
    outer loop
      vertex 30.6571 31.5392 8
      vertex 32.1258 32.7446 8
      vertex 31.9445 32.9445 8
    endloop
  endfacet
  facet normal 0 0 1
    outer loop
      vertex 32.6316 30.2017 8
      vertex 30.8134 30.7533 8
      vertex 32.5407 29.9476 8
    endloop
  endfacet
  facet normal 0 0 1
    outer loop
      vertex 30.601 31.601 8
      vertex 31.9445 32.9445 8
      vertex 31.7446 33.1258 8
    endloop
  endfacet
  facet normal -0 0 1
    outer loop
      vertex 30.7853 30.6747 8
      vertex 32.5407 29.9476 8
      vertex 30.8134 30.7533 8
    endloop
  endfacet
  facet normal 0 0 1
    outer loop
      vertex 30.5392 31.6571 8
      vertex 31.7446 33.1258 8
      vertex 31.5278 33.2865 8
    endloop
  endfacet
  facet normal 0 0 1
    outer loop
      vertex 32.5407 29.9476 8
      vertex 30.7853 30.6747 8
      vertex 32.4253 29.7037 8
    endloop
  endfacet
  facet normal 0 0 1
    outer loop
      vertex 30.4722 31.7067 8
      vertex 31.5278 33.2865 8
      vertex 31.2963 33.4253 8
    endloop
  endfacet
  facet normal -0 0 1
    outer loop
      vertex 30.7496 30.5993 8
      vertex 32.4253 29.7037 8
      vertex 30.7853 30.6747 8
    endloop
  endfacet
  facet normal 0 0 1
    outer loop
      vertex 30.4007 31.7496 8
      vertex 31.2963 33.4253 8
      vertex 31.0524 33.5407 8
    endloop
  endfacet
  facet normal 0 0 1
    outer loop
      vertex 32.4253 29.7037 8
      vertex 30.7496 30.5993 8
      vertex 32.2865 29.4722 8
    endloop
  endfacet
  facet normal -0 0 1
    outer loop
      vertex 30.7067 30.5278 8
      vertex 32.2865 29.4722 8
      vertex 30.7496 30.5993 8
    endloop
  endfacet
  facet normal 0 0 1
    outer loop
      vertex 32.7368 31.2695 8
      vertex 30.8459 31.0833 8
      vertex 30.85 31 8
    endloop
  endfacet
  facet normal 0 0 1
    outer loop
      vertex 32.6972 31.5365 8
      vertex 30.8337 31.1658 8
      vertex 30.8459 31.0833 8
    endloop
  endfacet
  facet normal 0 0 1
    outer loop
      vertex 32.6316 31.7983 8
      vertex 30.8134 31.2467 8
      vertex 30.8337 31.1658 8
    endloop
  endfacet
  facet normal 0 0 1
    outer loop
      vertex 30.3253 31.7853 8
      vertex 31.0524 33.5407 8
      vertex 30.7983 33.6316 8
    endloop
  endfacet
  facet normal 0 0 1
    outer loop
      vertex 32.5407 32.0524 8
      vertex 30.7853 31.3253 8
      vertex 30.8134 31.2467 8
    endloop
  endfacet
  facet normal 0 0 1
    outer loop
      vertex 32.4253 32.2963 8
      vertex 30.7496 31.4007 8
      vertex 30.7853 31.3253 8
    endloop
  endfacet
  facet normal 0 0 1
    outer loop
      vertex 32.2865 32.5278 8
      vertex 30.7067 31.4722 8
      vertex 30.7496 31.4007 8
    endloop
  endfacet
  facet normal 0 0 1
    outer loop
      vertex 32.1258 32.7446 8
      vertex 30.6571 31.5392 8
      vertex 30.7067 31.4722 8
    endloop
  endfacet
  facet normal 0 0 1
    outer loop
      vertex 31.9445 32.9445 8
      vertex 30.601 31.601 8
      vertex 30.6571 31.5392 8
    endloop
  endfacet
  facet normal 0 0 1
    outer loop
      vertex 31.7446 33.1258 8
      vertex 30.5392 31.6571 8
      vertex 30.601 31.601 8
    endloop
  endfacet
  facet normal 0 0 1
    outer loop
      vertex 30.2467 31.8134 8
      vertex 30.7983 33.6316 8
      vertex 30.5365 33.6972 8
    endloop
  endfacet
  facet normal 0 0 1
    outer loop
      vertex 31.5278 33.2865 8
      vertex 30.4722 31.7067 8
      vertex 30.5392 31.6571 8
    endloop
  endfacet
  facet normal 0 0 1
    outer loop
      vertex 31.2963 33.4253 8
      vertex 30.4007 31.7496 8
      vertex 30.4722 31.7067 8
    endloop
  endfacet
  facet normal 0 0 1
    outer loop
      vertex 31.0524 33.5407 8
      vertex 30.3253 31.7853 8
      vertex 30.4007 31.7496 8
    endloop
  endfacet
  facet normal 0 0 1
    outer loop
      vertex 30.1658 31.8337 8
      vertex 30.5365 33.6972 8
      vertex 30.2695 33.7368 8
    endloop
  endfacet
  facet normal 0 0 1
    outer loop
      vertex 30.7983 33.6316 8
      vertex 30.2467 31.8134 8
      vertex 30.3253 31.7853 8
    endloop
  endfacet
  facet normal 0 0 1
    outer loop
      vertex 30.5365 33.6972 8
      vertex 30.1658 31.8337 8
      vertex 30.2467 31.8134 8
    endloop
  endfacet
  facet normal 0 0 1
    outer loop
      vertex 30.2695 33.7368 8
      vertex 30.0833 31.8459 8
      vertex 30.1658 31.8337 8
    endloop
  endfacet
  facet normal 0 0 1
    outer loop
      vertex 30 33.75 8
      vertex 30.0833 31.8459 8
      vertex 30.2695 33.7368 8
    endloop
  endfacet
  facet normal 0 0 1
    outer loop
      vertex 30 33.75 8
      vertex 30 31.85 8
      vertex 30.0833 31.8459 8
    endloop
  endfacet
  facet normal 0 0 1
    outer loop
      vertex 30 33.75 8
      vertex 29.9167 31.8459 8
      vertex 30 31.85 8
    endloop
  endfacet
  facet normal -0 0 1
    outer loop
      vertex 29.7305 33.7368 8
      vertex 29.9167 31.8459 8
      vertex 30 33.75 8
    endloop
  endfacet
  facet normal 0 0 1
    outer loop
      vertex 29.9167 31.8459 8
      vertex 29.7305 33.7368 8
      vertex 29.8342 31.8337 8
    endloop
  endfacet
  facet normal -0 0 1
    outer loop
      vertex 29.4635 33.6972 8
      vertex 29.8342 31.8337 8
      vertex 29.7305 33.7368 8
    endloop
  endfacet
  facet normal 0 0 1
    outer loop
      vertex 29.8342 31.8337 8
      vertex 29.4635 33.6972 8
      vertex 29.7533 31.8134 8
    endloop
  endfacet
  facet normal -0 0 1
    outer loop
      vertex 29.2017 33.6316 8
      vertex 29.7533 31.8134 8
      vertex 29.4635 33.6972 8
    endloop
  endfacet
  facet normal 0 0 1
    outer loop
      vertex 29.7533 31.8134 8
      vertex 29.2017 33.6316 8
      vertex 29.6747 31.7853 8
    endloop
  endfacet
  facet normal -0 0 1
    outer loop
      vertex 28.9476 33.5407 8
      vertex 29.6747 31.7853 8
      vertex 29.2017 33.6316 8
    endloop
  endfacet
  facet normal 0 0 1
    outer loop
      vertex 29.6747 31.7853 8
      vertex 28.9476 33.5407 8
      vertex 29.5993 31.7496 8
    endloop
  endfacet
  facet normal -0 0 1
    outer loop
      vertex 28.7037 33.4253 8
      vertex 29.5993 31.7496 8
      vertex 28.9476 33.5407 8
    endloop
  endfacet
  facet normal 0 0 1
    outer loop
      vertex 29.5993 31.7496 8
      vertex 28.7037 33.4253 8
      vertex 29.5278 31.7067 8
    endloop
  endfacet
  facet normal -0 0 1
    outer loop
      vertex 28.4722 33.2865 8
      vertex 29.5278 31.7067 8
      vertex 28.7037 33.4253 8
    endloop
  endfacet
  facet normal 0 0 1
    outer loop
      vertex 29.5278 31.7067 8
      vertex 28.4722 33.2865 8
      vertex 29.4608 31.6571 8
    endloop
  endfacet
  facet normal -0 0 1
    outer loop
      vertex 28.2554 33.1258 8
      vertex 29.4608 31.6571 8
      vertex 28.4722 33.2865 8
    endloop
  endfacet
  facet normal 0 0 1
    outer loop
      vertex 29.4608 31.6571 8
      vertex 28.2554 33.1258 8
      vertex 29.399 31.601 8
    endloop
  endfacet
  facet normal -0 0 1
    outer loop
      vertex 28.0555 32.9445 8
      vertex 29.399 31.601 8
      vertex 28.2554 33.1258 8
    endloop
  endfacet
  facet normal 0 0 1
    outer loop
      vertex 29.399 31.601 8
      vertex 28.0555 32.9445 8
      vertex 29.3429 31.5392 8
    endloop
  endfacet
  facet normal -0 0 1
    outer loop
      vertex 27.8742 32.7446 8
      vertex 29.3429 31.5392 8
      vertex 28.0555 32.9445 8
    endloop
  endfacet
  facet normal 0 0 1
    outer loop
      vertex 29.3429 31.5392 8
      vertex 27.8742 32.7446 8
      vertex 29.2933 31.4722 8
    endloop
  endfacet
  facet normal -0 0 1
    outer loop
      vertex 27.7135 32.5278 8
      vertex 29.2933 31.4722 8
      vertex 27.8742 32.7446 8
    endloop
  endfacet
  facet normal 0 0 1
    outer loop
      vertex 32.2865 29.4722 8
      vertex 30.7067 30.5278 8
      vertex 32.1258 29.2554 8
    endloop
  endfacet
  facet normal -0 0 1
    outer loop
      vertex 30.6571 30.4608 8
      vertex 32.1258 29.2554 8
      vertex 30.7067 30.5278 8
    endloop
  endfacet
  facet normal 0 0 1
    outer loop
      vertex 32.1258 29.2554 8
      vertex 30.6571 30.4608 8
      vertex 31.9445 29.0555 8
    endloop
  endfacet
  facet normal -0 0 1
    outer loop
      vertex 30.601 30.399 8
      vertex 31.9445 29.0555 8
      vertex 30.6571 30.4608 8
    endloop
  endfacet
  facet normal 0 0 1
    outer loop
      vertex 31.9445 29.0555 8
      vertex 30.601 30.399 8
      vertex 31.7446 28.8742 8
    endloop
  endfacet
  facet normal -0 0 1
    outer loop
      vertex 30.5392 30.3429 8
      vertex 31.7446 28.8742 8
      vertex 30.601 30.399 8
    endloop
  endfacet
  facet normal 0 0 1
    outer loop
      vertex 31.7446 28.8742 8
      vertex 30.5392 30.3429 8
      vertex 31.5278 28.7135 8
    endloop
  endfacet
  facet normal -0 0 1
    outer loop
      vertex 30.4722 30.2933 8
      vertex 31.5278 28.7135 8
      vertex 30.5392 30.3429 8
    endloop
  endfacet
  facet normal 0 0 1
    outer loop
      vertex 31.5278 28.7135 8
      vertex 30.4722 30.2933 8
      vertex 31.2963 28.5747 8
    endloop
  endfacet
  facet normal -0 0 1
    outer loop
      vertex 30.4007 30.2504 8
      vertex 31.2963 28.5747 8
      vertex 30.4722 30.2933 8
    endloop
  endfacet
  facet normal 0 0 1
    outer loop
      vertex 31.2963 28.5747 8
      vertex 30.4007 30.2504 8
      vertex 31.0524 28.4593 8
    endloop
  endfacet
  facet normal -0 0 1
    outer loop
      vertex 30.3253 30.2147 8
      vertex 31.0524 28.4593 8
      vertex 30.4007 30.2504 8
    endloop
  endfacet
  facet normal 0 0 1
    outer loop
      vertex 31.0524 28.4593 8
      vertex 30.3253 30.2147 8
      vertex 30.7983 28.3684 8
    endloop
  endfacet
  facet normal -0 0 1
    outer loop
      vertex 30.2467 30.1866 8
      vertex 30.7983 28.3684 8
      vertex 30.3253 30.2147 8
    endloop
  endfacet
  facet normal 0 0 1
    outer loop
      vertex 30.7983 28.3684 8
      vertex 30.2467 30.1866 8
      vertex 30.5365 28.3028 8
    endloop
  endfacet
  facet normal -0 0 1
    outer loop
      vertex 30.1658 30.1663 8
      vertex 30.5365 28.3028 8
      vertex 30.2467 30.1866 8
    endloop
  endfacet
  facet normal 0 0 1
    outer loop
      vertex 30.5365 28.3028 8
      vertex 30.1658 30.1663 8
      vertex 30.2695 28.2632 8
    endloop
  endfacet
  facet normal -0 0 1
    outer loop
      vertex 30.0833 30.1541 8
      vertex 30.2695 28.2632 8
      vertex 30.1658 30.1663 8
    endloop
  endfacet
  facet normal -0 0 1
    outer loop
      vertex 30 30.15 8
      vertex 30.2695 28.2632 8
      vertex 30.0833 30.1541 8
    endloop
  endfacet
  facet normal 0 0 1
    outer loop
      vertex 30 30.15 8
      vertex 30 28.25 8
      vertex 30.2695 28.2632 8
    endloop
  endfacet
  facet normal 0 0 1
    outer loop
      vertex 29.9167 30.1541 8
      vertex 30 28.25 8
      vertex 30 30.15 8
    endloop
  endfacet
  facet normal 0 0 1
    outer loop
      vertex 29.7305 28.2632 8
      vertex 29.9167 30.1541 8
      vertex 29.8342 30.1663 8
    endloop
  endfacet
  facet normal 0 0 1
    outer loop
      vertex 29.4635 28.3028 8
      vertex 29.8342 30.1663 8
      vertex 29.7533 30.1866 8
    endloop
  endfacet
  facet normal 0 0 1
    outer loop
      vertex 29.9167 30.1541 8
      vertex 29.7305 28.2632 8
      vertex 30 28.25 8
    endloop
  endfacet
  facet normal 0 0 1
    outer loop
      vertex 29.2017 28.3684 8
      vertex 29.7533 30.1866 8
      vertex 29.6747 30.2147 8
    endloop
  endfacet
  facet normal 0 0 1
    outer loop
      vertex 28.9476 28.4593 8
      vertex 29.6747 30.2147 8
      vertex 29.5993 30.2504 8
    endloop
  endfacet
  facet normal 0 0 1
    outer loop
      vertex 28.7037 28.5747 8
      vertex 29.5993 30.2504 8
      vertex 29.5278 30.2933 8
    endloop
  endfacet
  facet normal 0 0 1
    outer loop
      vertex 29.8342 30.1663 8
      vertex 29.4635 28.3028 8
      vertex 29.7305 28.2632 8
    endloop
  endfacet
  facet normal 0 0 1
    outer loop
      vertex 28.4722 28.7135 8
      vertex 29.5278 30.2933 8
      vertex 29.4608 30.3429 8
    endloop
  endfacet
  facet normal 0 0 1
    outer loop
      vertex 28.2554 28.8742 8
      vertex 29.4608 30.3429 8
      vertex 29.399 30.399 8
    endloop
  endfacet
  facet normal 0 0 1
    outer loop
      vertex 28.0555 29.0555 8
      vertex 29.399 30.399 8
      vertex 29.3429 30.4608 8
    endloop
  endfacet
  facet normal 0 0 1
    outer loop
      vertex 27.8742 29.2554 8
      vertex 29.3429 30.4608 8
      vertex 29.2933 30.5278 8
    endloop
  endfacet
  facet normal 0 0 1
    outer loop
      vertex 27.7135 29.4722 8
      vertex 29.2933 30.5278 8
      vertex 29.2504 30.5993 8
    endloop
  endfacet
  facet normal 0 0 1
    outer loop
      vertex 27.5747 29.7037 8
      vertex 29.2504 30.5993 8
      vertex 29.2147 30.6747 8
    endloop
  endfacet
  facet normal 0 0 1
    outer loop
      vertex 29.7533 30.1866 8
      vertex 29.2017 28.3684 8
      vertex 29.4635 28.3028 8
    endloop
  endfacet
  facet normal 0 0 1
    outer loop
      vertex 27.4593 29.9476 8
      vertex 29.2147 30.6747 8
      vertex 29.1866 30.7533 8
    endloop
  endfacet
  facet normal 0 0 1
    outer loop
      vertex 27.3684 30.2017 8
      vertex 29.1866 30.7533 8
      vertex 29.1663 30.8342 8
    endloop
  endfacet
  facet normal 0 0 1
    outer loop
      vertex 27.3028 30.4635 8
      vertex 29.1663 30.8342 8
      vertex 29.1541 30.9167 8
    endloop
  endfacet
  facet normal 0 0 1
    outer loop
      vertex 27.2632 30.7305 8
      vertex 29.1541 30.9167 8
      vertex 29.15 31 8
    endloop
  endfacet
  facet normal 0 0 1
    outer loop
      vertex 29.2933 31.4722 8
      vertex 27.7135 32.5278 8
      vertex 29.2504 31.4007 8
    endloop
  endfacet
  facet normal 0 0 1
    outer loop
      vertex 29.6747 30.2147 8
      vertex 28.9476 28.4593 8
      vertex 29.2017 28.3684 8
    endloop
  endfacet
  facet normal -0 0 1
    outer loop
      vertex 27.5747 32.2963 8
      vertex 29.2504 31.4007 8
      vertex 27.7135 32.5278 8
    endloop
  endfacet
  facet normal 0 0 1
    outer loop
      vertex 29.5993 30.2504 8
      vertex 28.7037 28.5747 8
      vertex 28.9476 28.4593 8
    endloop
  endfacet
  facet normal 0 0 1
    outer loop
      vertex 29.2504 31.4007 8
      vertex 27.5747 32.2963 8
      vertex 29.2147 31.3253 8
    endloop
  endfacet
  facet normal 0 0 1
    outer loop
      vertex 29.5278 30.2933 8
      vertex 28.4722 28.7135 8
      vertex 28.7037 28.5747 8
    endloop
  endfacet
  facet normal -0 0 1
    outer loop
      vertex 27.4593 32.0524 8
      vertex 29.2147 31.3253 8
      vertex 27.5747 32.2963 8
    endloop
  endfacet
  facet normal 0 0 1
    outer loop
      vertex 29.4608 30.3429 8
      vertex 28.2554 28.8742 8
      vertex 28.4722 28.7135 8
    endloop
  endfacet
  facet normal 0 0 1
    outer loop
      vertex 29.2147 31.3253 8
      vertex 27.4593 32.0524 8
      vertex 29.1866 31.2467 8
    endloop
  endfacet
  facet normal 0 0 1
    outer loop
      vertex 29.399 30.399 8
      vertex 28.0555 29.0555 8
      vertex 28.2554 28.8742 8
    endloop
  endfacet
  facet normal -0 0 1
    outer loop
      vertex 27.3684 31.7983 8
      vertex 29.1866 31.2467 8
      vertex 27.4593 32.0524 8
    endloop
  endfacet
  facet normal 0 0 1
    outer loop
      vertex 29.3429 30.4608 8
      vertex 27.8742 29.2554 8
      vertex 28.0555 29.0555 8
    endloop
  endfacet
  facet normal 0 0 1
    outer loop
      vertex 29.1866 31.2467 8
      vertex 27.3684 31.7983 8
      vertex 29.1663 31.1658 8
    endloop
  endfacet
  facet normal 0 0 1
    outer loop
      vertex 29.2933 30.5278 8
      vertex 27.7135 29.4722 8
      vertex 27.8742 29.2554 8
    endloop
  endfacet
  facet normal -0 0 1
    outer loop
      vertex 27.3028 31.5365 8
      vertex 29.1663 31.1658 8
      vertex 27.3684 31.7983 8
    endloop
  endfacet
  facet normal 0 0 1
    outer loop
      vertex 29.2504 30.5993 8
      vertex 27.5747 29.7037 8
      vertex 27.7135 29.4722 8
    endloop
  endfacet
  facet normal 0 0 1
    outer loop
      vertex 29.1663 31.1658 8
      vertex 27.3028 31.5365 8
      vertex 29.1541 31.0833 8
    endloop
  endfacet
  facet normal 0 0 1
    outer loop
      vertex 29.2147 30.6747 8
      vertex 27.4593 29.9476 8
      vertex 27.5747 29.7037 8
    endloop
  endfacet
  facet normal -0 0 1
    outer loop
      vertex 27.2632 31.2695 8
      vertex 29.1541 31.0833 8
      vertex 27.3028 31.5365 8
    endloop
  endfacet
  facet normal 0 0 1
    outer loop
      vertex 29.1866 30.7533 8
      vertex 27.3684 30.2017 8
      vertex 27.4593 29.9476 8
    endloop
  endfacet
  facet normal 0 0 1
    outer loop
      vertex 29.1541 31.0833 8
      vertex 27.2632 31.2695 8
      vertex 29.15 31 8
    endloop
  endfacet
  facet normal 0 0 1
    outer loop
      vertex 29.1663 30.8342 8
      vertex 27.3028 30.4635 8
      vertex 27.3684 30.2017 8
    endloop
  endfacet
  facet normal 0 0 1
    outer loop
      vertex 27.25 31 8
      vertex 29.15 31 8
      vertex 27.2632 31.2695 8
    endloop
  endfacet
  facet normal 0 0 1
    outer loop
      vertex 29.1541 30.9167 8
      vertex 27.2632 30.7305 8
      vertex 27.3028 30.4635 8
    endloop
  endfacet
  facet normal 0 0 1
    outer loop
      vertex 29.15 31 8
      vertex 27.25 31 8
      vertex 27.2632 30.7305 8
    endloop
  endfacet
  facet normal -0.0489209 -0.998803 0
    outer loop
      vertex 29.7305 28.2632 2
      vertex 30 28.25 8
      vertex 29.7305 28.2632 8
    endloop
  endfacet
  facet normal -0.0489209 -0.998803 -0
    outer loop
      vertex 30 28.25 8
      vertex 29.7305 28.2632 2
      vertex 30 28.25 2
    endloop
  endfacet
  facet normal -0.998803 0.0489209 0
    outer loop
      vertex 27.25 31 2
      vertex 27.2632 31.2695 8
      vertex 27.2632 31.2695 2
    endloop
  endfacet
  facet normal -0.998803 0.0489209 0
    outer loop
      vertex 27.2632 31.2695 8
      vertex 27.25 31 2
      vertex 27.25 31 8
    endloop
  endfacet
  facet normal -0.336829 -0.941566 0
    outer loop
      vertex 28.9476 28.4593 2
      vertex 29.2017 28.3684 8
      vertex 28.9476 28.4593 8
    endloop
  endfacet
  facet normal -0.336829 -0.941566 -0
    outer loop
      vertex 29.2017 28.3684 8
      vertex 28.9476 28.4593 2
      vertex 29.2017 28.3684 2
    endloop
  endfacet
  facet normal 0.740728 -0.671805 0
    outer loop
      vertex 31.9445 29.0555 8
      vertex 32.1258 29.2554 2
      vertex 32.1258 29.2554 8
    endloop
  endfacet
  facet normal 0.740728 -0.671805 0
    outer loop
      vertex 32.1258 29.2554 2
      vertex 31.9445 29.0555 8
      vertex 31.9445 29.0555 2
    endloop
  endfacet
  facet normal -0.672136 0.740428 0
    outer loop
      vertex 30.601 30.399 2
      vertex 30.5392 30.3429 8
      vertex 30.601 30.399 8
    endloop
  endfacet
  facet normal -0.672136 0.740428 0
    outer loop
      vertex 30.5392 30.3429 8
      vertex 30.601 30.399 2
      vertex 30.5392 30.3429 2
    endloop
  endfacet
  facet normal -0.989242 -0.146288 0
    outer loop
      vertex 30.8459 31.0833 2
      vertex 30.8337 31.1658 8
      vertex 30.8337 31.1658 2
    endloop
  endfacet
  facet normal -0.989242 -0.146288 0
    outer loop
      vertex 30.8337 31.1658 8
      vertex 30.8459 31.0833 2
      vertex 30.8459 31.0833 8
    endloop
  endfacet
  facet normal -0.998791 -0.0491602 0
    outer loop
      vertex 30.85 31 2
      vertex 30.8459 31.0833 8
      vertex 30.8459 31.0833 2
    endloop
  endfacet
  facet normal -0.998791 -0.0491602 0
    outer loop
      vertex 30.8459 31.0833 8
      vertex 30.85 31 2
      vertex 30.85 31 8
    endloop
  endfacet
  facet normal -0.969931 -0.243382 0
    outer loop
      vertex 30.8337 31.1658 2
      vertex 30.8134 31.2467 8
      vertex 30.8134 31.2467 2
    endloop
  endfacet
  facet normal -0.969931 -0.243382 0
    outer loop
      vertex 30.8134 31.2467 8
      vertex 30.8337 31.1658 2
      vertex 30.8337 31.1658 8
    endloop
  endfacet
  facet normal -0.427932 0.903811 0
    outer loop
      vertex 30.4007 30.2504 2
      vertex 30.3253 30.2147 8
      vertex 30.4007 30.2504 8
    endloop
  endfacet
  facet normal -0.427932 0.903811 0
    outer loop
      vertex 30.3253 30.2147 8
      vertex 30.4007 30.2504 2
      vertex 30.3253 30.2147 2
    endloop
  endfacet
  facet normal 0.0491602 -0.998791 0
    outer loop
      vertex 29.9167 31.8459 2
      vertex 30 31.85 8
      vertex 29.9167 31.8459 8
    endloop
  endfacet
  facet normal 0.0491602 -0.998791 0
    outer loop
      vertex 30 31.85 8
      vertex 29.9167 31.8459 2
      vertex 30 31.85 2
    endloop
  endfacet
  facet normal 0.427932 -0.903811 0
    outer loop
      vertex 29.5993 31.7496 2
      vertex 29.6747 31.7853 8
      vertex 29.5993 31.7496 8
    endloop
  endfacet
  facet normal 0.427932 -0.903811 0
    outer loop
      vertex 29.6747 31.7853 8
      vertex 29.5993 31.7496 2
      vertex 29.6747 31.7853 2
    endloop
  endfacet
  facet normal -0.740428 -0.672136 0
    outer loop
      vertex 30.6571 31.5392 2
      vertex 30.601 31.601 8
      vertex 30.601 31.601 2
    endloop
  endfacet
  facet normal -0.740428 -0.672136 0
    outer loop
      vertex 30.601 31.601 8
      vertex 30.6571 31.5392 2
      vertex 30.6571 31.5392 8
    endloop
  endfacet
  facet normal 0.146288 0.989242 -0
    outer loop
      vertex 29.9167 30.1541 2
      vertex 29.8342 30.1663 8
      vertex 29.9167 30.1541 8
    endloop
  endfacet
  facet normal 0.146288 0.989242 0
    outer loop
      vertex 29.8342 30.1663 8
      vertex 29.9167 30.1541 2
      vertex 29.8342 30.1663 2
    endloop
  endfacet
  facet normal -0.427932 -0.903811 0
    outer loop
      vertex 30.3253 31.7853 2
      vertex 30.4007 31.7496 8
      vertex 30.3253 31.7853 8
    endloop
  endfacet
  facet normal -0.427932 -0.903811 -0
    outer loop
      vertex 30.4007 31.7496 8
      vertex 30.3253 31.7853 2
      vertex 30.4007 31.7496 2
    endloop
  endfacet
  facet normal 0.146288 -0.989242 0
    outer loop
      vertex 29.8342 31.8337 2
      vertex 29.9167 31.8459 8
      vertex 29.8342 31.8337 8
    endloop
  endfacet
  facet normal 0.146288 -0.989242 0
    outer loop
      vertex 29.9167 31.8459 8
      vertex 29.8342 31.8337 2
      vertex 29.9167 31.8459 2
    endloop
  endfacet
  facet normal -0.243382 0.969931 0
    outer loop
      vertex 30.2467 30.1866 2
      vertex 30.1658 30.1663 8
      vertex 30.2467 30.1866 8
    endloop
  endfacet
  facet normal -0.243382 0.969931 0
    outer loop
      vertex 30.1658 30.1663 8
      vertex 30.2467 30.1866 2
      vertex 30.1658 30.1663 2
    endloop
  endfacet
  facet normal 0.594998 -0.803727 0
    outer loop
      vertex 29.4608 31.6571 2
      vertex 29.5278 31.7067 8
      vertex 29.4608 31.6571 8
    endloop
  endfacet
  facet normal 0.594998 -0.803727 0
    outer loop
      vertex 29.5278 31.7067 8
      vertex 29.4608 31.6571 2
      vertex 29.5278 31.7067 2
    endloop
  endfacet
  facet normal 0.903811 -0.427932 0
    outer loop
      vertex 29.2147 31.3253 8
      vertex 29.2504 31.4007 2
      vertex 29.2504 31.4007 8
    endloop
  endfacet
  facet normal 0.903811 -0.427932 0
    outer loop
      vertex 29.2504 31.4007 2
      vertex 29.2147 31.3253 8
      vertex 29.2147 31.3253 2
    endloop
  endfacet
  facet normal 0.427932 0.903811 -0
    outer loop
      vertex 29.6747 30.2147 2
      vertex 29.5993 30.2504 8
      vertex 29.6747 30.2147 8
    endloop
  endfacet
  facet normal 0.427932 0.903811 0
    outer loop
      vertex 29.5993 30.2504 8
      vertex 29.6747 30.2147 2
      vertex 29.5993 30.2504 2
    endloop
  endfacet
  facet normal -0.33664 0.941633 0
    outer loop
      vertex 30.3253 30.2147 2
      vertex 30.2467 30.1866 8
      vertex 30.3253 30.2147 8
    endloop
  endfacet
  facet normal -0.33664 0.941633 0
    outer loop
      vertex 30.2467 30.1866 8
      vertex 30.3253 30.2147 2
      vertex 30.2467 30.1866 2
    endloop
  endfacet
  facet normal 0.594998 0.803727 -0
    outer loop
      vertex 29.5278 30.2933 2
      vertex 29.4608 30.3429 8
      vertex 29.5278 30.2933 8
    endloop
  endfacet
  facet normal 0.594998 0.803727 0
    outer loop
      vertex 29.4608 30.3429 8
      vertex 29.5278 30.2933 2
      vertex 29.4608 30.3429 2
    endloop
  endfacet
  facet normal 0.903811 0.427932 0
    outer loop
      vertex 29.2504 30.5993 8
      vertex 29.2147 30.6747 2
      vertex 29.2147 30.6747 8
    endloop
  endfacet
  facet normal 0.903811 0.427932 0
    outer loop
      vertex 29.2147 30.6747 2
      vertex 29.2504 30.5993 8
      vertex 29.2504 30.5993 2
    endloop
  endfacet
  facet normal -0.514496 -0.857493 0
    outer loop
      vertex 30.4007 31.7496 2
      vertex 30.4722 31.7067 8
      vertex 30.4007 31.7496 8
    endloop
  endfacet
  facet normal -0.514496 -0.857493 -0
    outer loop
      vertex 30.4722 31.7067 8
      vertex 30.4007 31.7496 2
      vertex 30.4722 31.7067 2
    endloop
  endfacet
  facet normal -0.594998 0.803727 0
    outer loop
      vertex 30.5392 30.3429 2
      vertex 30.4722 30.2933 8
      vertex 30.5392 30.3429 8
    endloop
  endfacet
  facet normal -0.594998 0.803727 0
    outer loop
      vertex 30.4722 30.2933 8
      vertex 30.5392 30.3429 2
      vertex 30.4722 30.2933 2
    endloop
  endfacet
  facet normal 0.998791 0.0491602 0
    outer loop
      vertex 29.1541 30.9167 8
      vertex 29.15 31 2
      vertex 29.15 31 8
    endloop
  endfacet
  facet normal 0.998791 0.0491602 0
    outer loop
      vertex 29.15 31 2
      vertex 29.1541 30.9167 8
      vertex 29.1541 30.9167 2
    endloop
  endfacet
  facet normal 0.33664 0.941633 -0
    outer loop
      vertex 29.7533 30.1866 2
      vertex 29.6747 30.2147 8
      vertex 29.7533 30.1866 8
    endloop
  endfacet
  facet normal 0.33664 0.941633 0
    outer loop
      vertex 29.6747 30.2147 8
      vertex 29.7533 30.1866 2
      vertex 29.6747 30.2147 2
    endloop
  endfacet
  facet normal -0.594998 -0.803727 0
    outer loop
      vertex 30.4722 31.7067 2
      vertex 30.5392 31.6571 8
      vertex 30.4722 31.7067 8
    endloop
  endfacet
  facet normal -0.594998 -0.803727 -0
    outer loop
      vertex 30.5392 31.6571 8
      vertex 30.4722 31.7067 2
      vertex 30.5392 31.6571 2
    endloop
  endfacet
  facet normal -0.969931 0.243382 0
    outer loop
      vertex 30.8134 30.7533 2
      vertex 30.8337 30.8342 8
      vertex 30.8337 30.8342 2
    endloop
  endfacet
  facet normal -0.969931 0.243382 0
    outer loop
      vertex 30.8337 30.8342 8
      vertex 30.8134 30.7533 2
      vertex 30.8134 30.7533 8
    endloop
  endfacet
  facet normal 0.941633 0.33664 0
    outer loop
      vertex 29.2147 30.6747 8
      vertex 29.1866 30.7533 2
      vertex 29.1866 30.7533 8
    endloop
  endfacet
  facet normal 0.941633 0.33664 0
    outer loop
      vertex 29.1866 30.7533 2
      vertex 29.2147 30.6747 8
      vertex 29.2147 30.6747 2
    endloop
  endfacet
  facet normal -0.243382 -0.969931 0
    outer loop
      vertex 30.1658 31.8337 2
      vertex 30.2467 31.8134 8
      vertex 30.1658 31.8337 8
    endloop
  endfacet
  facet normal -0.243382 -0.969931 -0
    outer loop
      vertex 30.2467 31.8134 8
      vertex 30.1658 31.8337 2
      vertex 30.2467 31.8134 2
    endloop
  endfacet
  facet normal 0.740428 -0.672136 0
    outer loop
      vertex 29.3429 31.5392 8
      vertex 29.399 31.601 2
      vertex 29.399 31.601 8
    endloop
  endfacet
  facet normal 0.740428 -0.672136 0
    outer loop
      vertex 29.399 31.601 2
      vertex 29.3429 31.5392 8
      vertex 29.3429 31.5392 2
    endloop
  endfacet
  facet normal -0.0491602 0.998791 0
    outer loop
      vertex 30.0833 30.1541 2
      vertex 30 30.15 8
      vertex 30.0833 30.1541 8
    endloop
  endfacet
  facet normal -0.0491602 0.998791 0
    outer loop
      vertex 30 30.15 8
      vertex 30.0833 30.1541 2
      vertex 30 30.15 2
    endloop
  endfacet
  facet normal -0.803727 -0.594998 0
    outer loop
      vertex 30.7067 31.4722 2
      vertex 30.6571 31.5392 8
      vertex 30.6571 31.5392 2
    endloop
  endfacet
  facet normal -0.803727 -0.594998 0
    outer loop
      vertex 30.6571 31.5392 8
      vertex 30.7067 31.4722 2
      vertex 30.7067 31.4722 8
    endloop
  endfacet
  facet normal 0.969931 0.243382 0
    outer loop
      vertex 29.1866 30.7533 8
      vertex 29.1663 30.8342 2
      vertex 29.1663 30.8342 8
    endloop
  endfacet
  facet normal 0.969931 0.243382 0
    outer loop
      vertex 29.1663 30.8342 2
      vertex 29.1866 30.7533 8
      vertex 29.1866 30.7533 2
    endloop
  endfacet
  facet normal -0.989242 0.146288 0
    outer loop
      vertex 30.8337 30.8342 2
      vertex 30.8459 30.9167 8
      vertex 30.8459 30.9167 2
    endloop
  endfacet
  facet normal -0.989242 0.146288 0
    outer loop
      vertex 30.8459 30.9167 8
      vertex 30.8337 30.8342 2
      vertex 30.8337 30.8342 8
    endloop
  endfacet
  facet normal -0.514496 0.857493 0
    outer loop
      vertex 30.4722 30.2933 2
      vertex 30.4007 30.2504 8
      vertex 30.4722 30.2933 8
    endloop
  endfacet
  facet normal -0.514496 0.857493 0
    outer loop
      vertex 30.4007 30.2504 8
      vertex 30.4722 30.2933 2
      vertex 30.4007 30.2504 2
    endloop
  endfacet
  facet normal 0.941633 -0.33664 0
    outer loop
      vertex 29.1866 31.2467 8
      vertex 29.2147 31.3253 2
      vertex 29.2147 31.3253 8
    endloop
  endfacet
  facet normal 0.941633 -0.33664 0
    outer loop
      vertex 29.2147 31.3253 2
      vertex 29.1866 31.2467 8
      vertex 29.1866 31.2467 2
    endloop
  endfacet
  facet normal -0.672136 -0.740428 0
    outer loop
      vertex 30.5392 31.6571 2
      vertex 30.601 31.601 8
      vertex 30.5392 31.6571 8
    endloop
  endfacet
  facet normal -0.672136 -0.740428 -0
    outer loop
      vertex 30.601 31.601 8
      vertex 30.5392 31.6571 2
      vertex 30.601 31.601 2
    endloop
  endfacet
  facet normal 0.989242 -0.146288 0
    outer loop
      vertex 29.1541 31.0833 8
      vertex 29.1663 31.1658 2
      vertex 29.1663 31.1658 8
    endloop
  endfacet
  facet normal 0.989242 -0.146288 0
    outer loop
      vertex 29.1663 31.1658 2
      vertex 29.1541 31.0833 8
      vertex 29.1541 31.0833 2
    endloop
  endfacet
  facet normal -0.903811 0.427932 0
    outer loop
      vertex 30.7496 30.5993 2
      vertex 30.7853 30.6747 8
      vertex 30.7853 30.6747 2
    endloop
  endfacet
  facet normal -0.903811 0.427932 0
    outer loop
      vertex 30.7853 30.6747 8
      vertex 30.7496 30.5993 2
      vertex 30.7496 30.5993 8
    endloop
  endfacet
  facet normal -0.33664 -0.941633 0
    outer loop
      vertex 30.2467 31.8134 2
      vertex 30.3253 31.7853 8
      vertex 30.2467 31.8134 8
    endloop
  endfacet
  facet normal -0.33664 -0.941633 -0
    outer loop
      vertex 30.3253 31.7853 8
      vertex 30.2467 31.8134 2
      vertex 30.3253 31.7853 2
    endloop
  endfacet
  facet normal -0.998791 0.0491602 0
    outer loop
      vertex 30.8459 30.9167 2
      vertex 30.85 31 8
      vertex 30.85 31 2
    endloop
  endfacet
  facet normal -0.998791 0.0491602 0
    outer loop
      vertex 30.85 31 8
      vertex 30.8459 30.9167 2
      vertex 30.8459 30.9167 8
    endloop
  endfacet
  facet normal -0.146288 0.989242 0
    outer loop
      vertex 30.1658 30.1663 2
      vertex 30.0833 30.1541 8
      vertex 30.1658 30.1663 8
    endloop
  endfacet
  facet normal -0.146288 0.989242 0
    outer loop
      vertex 30.0833 30.1541 8
      vertex 30.1658 30.1663 2
      vertex 30.0833 30.1541 2
    endloop
  endfacet
  facet normal -0.941633 -0.33664 0
    outer loop
      vertex 30.8134 31.2467 2
      vertex 30.7853 31.3253 8
      vertex 30.7853 31.3253 2
    endloop
  endfacet
  facet normal -0.941633 -0.33664 0
    outer loop
      vertex 30.7853 31.3253 8
      vertex 30.8134 31.2467 2
      vertex 30.8134 31.2467 8
    endloop
  endfacet
  facet normal -0.803727 0.594998 0
    outer loop
      vertex 30.6571 30.4608 2
      vertex 30.7067 30.5278 8
      vertex 30.7067 30.5278 2
    endloop
  endfacet
  facet normal -0.803727 0.594998 0
    outer loop
      vertex 30.7067 30.5278 8
      vertex 30.6571 30.4608 2
      vertex 30.6571 30.4608 8
    endloop
  endfacet
  facet normal -0.857493 0.514496 0
    outer loop
      vertex 30.7067 30.5278 2
      vertex 30.7496 30.5993 8
      vertex 30.7496 30.5993 2
    endloop
  endfacet
  facet normal -0.857493 0.514496 0
    outer loop
      vertex 30.7496 30.5993 8
      vertex 30.7067 30.5278 2
      vertex 30.7067 30.5278 8
    endloop
  endfacet
  facet normal 0.243382 -0.969931 0
    outer loop
      vertex 29.7533 31.8134 2
      vertex 29.8342 31.8337 8
      vertex 29.7533 31.8134 8
    endloop
  endfacet
  facet normal 0.243382 -0.969931 0
    outer loop
      vertex 29.8342 31.8337 8
      vertex 29.7533 31.8134 2
      vertex 29.8342 31.8337 2
    endloop
  endfacet
  facet normal -0.941633 0.33664 0
    outer loop
      vertex 30.7853 30.6747 2
      vertex 30.8134 30.7533 8
      vertex 30.8134 30.7533 2
    endloop
  endfacet
  facet normal -0.941633 0.33664 0
    outer loop
      vertex 30.8134 30.7533 8
      vertex 30.7853 30.6747 2
      vertex 30.7853 30.6747 8
    endloop
  endfacet
  facet normal -0.0491602 -0.998791 0
    outer loop
      vertex 30 31.85 2
      vertex 30.0833 31.8459 8
      vertex 30 31.85 8
    endloop
  endfacet
  facet normal -0.0491602 -0.998791 -0
    outer loop
      vertex 30.0833 31.8459 8
      vertex 30 31.85 2
      vertex 30.0833 31.8459 2
    endloop
  endfacet
  facet normal 0.514496 -0.857493 0
    outer loop
      vertex 29.5278 31.7067 2
      vertex 29.5993 31.7496 8
      vertex 29.5278 31.7067 8
    endloop
  endfacet
  facet normal 0.514496 -0.857493 0
    outer loop
      vertex 29.5993 31.7496 8
      vertex 29.5278 31.7067 2
      vertex 29.5993 31.7496 2
    endloop
  endfacet
  facet normal -0.903811 -0.427932 0
    outer loop
      vertex 30.7853 31.3253 2
      vertex 30.7496 31.4007 8
      vertex 30.7496 31.4007 2
    endloop
  endfacet
  facet normal -0.903811 -0.427932 0
    outer loop
      vertex 30.7496 31.4007 8
      vertex 30.7853 31.3253 2
      vertex 30.7853 31.3253 8
    endloop
  endfacet
  facet normal -0.146288 -0.989242 0
    outer loop
      vertex 30.0833 31.8459 2
      vertex 30.1658 31.8337 8
      vertex 30.0833 31.8459 8
    endloop
  endfacet
  facet normal -0.146288 -0.989242 -0
    outer loop
      vertex 30.1658 31.8337 8
      vertex 30.0833 31.8459 2
      vertex 30.1658 31.8337 2
    endloop
  endfacet
  facet normal 0.243382 0.969931 -0
    outer loop
      vertex 29.8342 30.1663 2
      vertex 29.7533 30.1866 8
      vertex 29.8342 30.1663 8
    endloop
  endfacet
  facet normal 0.243382 0.969931 0
    outer loop
      vertex 29.7533 30.1866 8
      vertex 29.8342 30.1663 2
      vertex 29.7533 30.1866 2
    endloop
  endfacet
  facet normal 0.857493 0.514496 0
    outer loop
      vertex 29.2933 30.5278 8
      vertex 29.2504 30.5993 2
      vertex 29.2504 30.5993 8
    endloop
  endfacet
  facet normal 0.857493 0.514496 0
    outer loop
      vertex 29.2504 30.5993 2
      vertex 29.2933 30.5278 8
      vertex 29.2933 30.5278 2
    endloop
  endfacet
  facet normal -0.857493 -0.514496 0
    outer loop
      vertex 30.7496 31.4007 2
      vertex 30.7067 31.4722 8
      vertex 30.7067 31.4722 2
    endloop
  endfacet
  facet normal -0.857493 -0.514496 0
    outer loop
      vertex 30.7067 31.4722 8
      vertex 30.7496 31.4007 2
      vertex 30.7496 31.4007 8
    endloop
  endfacet
  facet normal 0.33664 -0.941633 0
    outer loop
      vertex 29.6747 31.7853 2
      vertex 29.7533 31.8134 8
      vertex 29.6747 31.7853 8
    endloop
  endfacet
  facet normal 0.33664 -0.941633 0
    outer loop
      vertex 29.7533 31.8134 8
      vertex 29.6747 31.7853 2
      vertex 29.7533 31.8134 2
    endloop
  endfacet
  facet normal 0.740428 0.672136 0
    outer loop
      vertex 29.399 30.399 8
      vertex 29.3429 30.4608 2
      vertex 29.3429 30.4608 8
    endloop
  endfacet
  facet normal 0.740428 0.672136 0
    outer loop
      vertex 29.3429 30.4608 2
      vertex 29.399 30.399 8
      vertex 29.399 30.399 2
    endloop
  endfacet
  facet normal 0.672136 -0.740428 0
    outer loop
      vertex 29.399 31.601 2
      vertex 29.4608 31.6571 8
      vertex 29.399 31.601 8
    endloop
  endfacet
  facet normal 0.672136 -0.740428 0
    outer loop
      vertex 29.4608 31.6571 8
      vertex 29.399 31.601 2
      vertex 29.4608 31.6571 2
    endloop
  endfacet
  facet normal 0.514496 0.857493 -0
    outer loop
      vertex 29.5993 30.2504 2
      vertex 29.5278 30.2933 8
      vertex 29.5993 30.2504 8
    endloop
  endfacet
  facet normal 0.514496 0.857493 0
    outer loop
      vertex 29.5278 30.2933 8
      vertex 29.5993 30.2504 2
      vertex 29.5278 30.2933 2
    endloop
  endfacet
  facet normal 0.969931 -0.243382 0
    outer loop
      vertex 29.1663 31.1658 8
      vertex 29.1866 31.2467 2
      vertex 29.1866 31.2467 8
    endloop
  endfacet
  facet normal 0.969931 -0.243382 0
    outer loop
      vertex 29.1866 31.2467 2
      vertex 29.1663 31.1658 8
      vertex 29.1663 31.1658 2
    endloop
  endfacet
  facet normal 0.803727 0.594998 0
    outer loop
      vertex 29.3429 30.4608 8
      vertex 29.2933 30.5278 2
      vertex 29.2933 30.5278 8
    endloop
  endfacet
  facet normal 0.803727 0.594998 0
    outer loop
      vertex 29.2933 30.5278 2
      vertex 29.3429 30.4608 8
      vertex 29.3429 30.4608 2
    endloop
  endfacet
  facet normal 0.989242 0.146288 0
    outer loop
      vertex 29.1663 30.8342 8
      vertex 29.1541 30.9167 2
      vertex 29.1541 30.9167 8
    endloop
  endfacet
  facet normal 0.989242 0.146288 0
    outer loop
      vertex 29.1541 30.9167 2
      vertex 29.1663 30.8342 8
      vertex 29.1663 30.8342 2
    endloop
  endfacet
  facet normal 0.672136 0.740428 -0
    outer loop
      vertex 29.4608 30.3429 2
      vertex 29.399 30.399 8
      vertex 29.4608 30.3429 8
    endloop
  endfacet
  facet normal 0.672136 0.740428 0
    outer loop
      vertex 29.399 30.399 8
      vertex 29.4608 30.3429 2
      vertex 29.399 30.399 2
    endloop
  endfacet
  facet normal 0.803727 -0.594998 0
    outer loop
      vertex 29.2933 31.4722 8
      vertex 29.3429 31.5392 2
      vertex 29.3429 31.5392 8
    endloop
  endfacet
  facet normal 0.803727 -0.594998 0
    outer loop
      vertex 29.3429 31.5392 2
      vertex 29.2933 31.4722 8
      vertex 29.2933 31.4722 2
    endloop
  endfacet
  facet normal 0.857493 -0.514496 0
    outer loop
      vertex 29.2504 31.4007 8
      vertex 29.2933 31.4722 2
      vertex 29.2933 31.4722 8
    endloop
  endfacet
  facet normal 0.857493 -0.514496 0
    outer loop
      vertex 29.2933 31.4722 2
      vertex 29.2504 31.4007 8
      vertex 29.2504 31.4007 2
    endloop
  endfacet
  facet normal 0.0491602 0.998791 -0
    outer loop
      vertex 30 30.15 2
      vertex 29.9167 30.1541 8
      vertex 30 30.15 8
    endloop
  endfacet
  facet normal 0.0491602 0.998791 0
    outer loop
      vertex 29.9167 30.1541 8
      vertex 30 30.15 2
      vertex 29.9167 30.1541 2
    endloop
  endfacet
  facet normal 0.998791 -0.0491602 0
    outer loop
      vertex 29.15 31 8
      vertex 29.1541 31.0833 2
      vertex 29.1541 31.0833 8
    endloop
  endfacet
  facet normal 0.998791 -0.0491602 0
    outer loop
      vertex 29.1541 31.0833 2
      vertex 29.15 31 8
      vertex 29.15 31 2
    endloop
  endfacet
  facet normal -0.740428 0.672136 0
    outer loop
      vertex 30.601 30.399 2
      vertex 30.6571 30.4608 8
      vertex 30.6571 30.4608 2
    endloop
  endfacet
  facet normal -0.740428 0.672136 0
    outer loop
      vertex 30.6571 30.4608 8
      vertex 30.601 30.399 2
      vertex 30.601 30.399 8
    endloop
  endfacet
  facet normal 0.671805 -0.740728 0
    outer loop
      vertex 78.7446 28.8742 2
      vertex 78.9445 29.0555 8
      vertex 78.7446 28.8742 8
    endloop
  endfacet
  facet normal 0.671805 -0.740728 0
    outer loop
      vertex 78.9445 29.0555 8
      vertex 78.7446 28.8742 2
      vertex 78.9445 29.0555 2
    endloop
  endfacet
  facet normal 0.98918 0.14671 0
    outer loop
      vertex 79.7368 31.2695 8
      vertex 79.6972 31.5365 2
      vertex 79.6972 31.5365 8
    endloop
  endfacet
  facet normal 0.98918 0.14671 0
    outer loop
      vertex 79.6972 31.5365 2
      vertex 79.7368 31.2695 8
      vertex 79.7368 31.2695 2
    endloop
  endfacet
  facet normal 0.998803 0.0489209 0
    outer loop
      vertex 79.75 31 8
      vertex 79.7368 31.2695 2
      vertex 79.7368 31.2695 8
    endloop
  endfacet
  facet normal 0.998803 0.0489209 0
    outer loop
      vertex 79.7368 31.2695 2
      vertex 79.75 31 8
      vertex 79.75 31 2
    endloop
  endfacet
  facet normal 0.970012 0.243059 0
    outer loop
      vertex 79.6972 31.5365 8
      vertex 79.6316 31.7983 2
      vertex 79.6316 31.7983 8
    endloop
  endfacet
  facet normal 0.970012 0.243059 0
    outer loop
      vertex 79.6316 31.7983 2
      vertex 79.6972 31.5365 8
      vertex 79.6972 31.5365 2
    endloop
  endfacet
  facet normal 0.427688 -0.903926 0
    outer loop
      vertex 78.0524 28.4593 2
      vertex 78.2963 28.5747 8
      vertex 78.0524 28.4593 8
    endloop
  endfacet
  facet normal 0.427688 -0.903926 0
    outer loop
      vertex 78.2963 28.5747 8
      vertex 78.0524 28.4593 2
      vertex 78.2963 28.5747 2
    endloop
  endfacet
  facet normal -0.0489209 0.998803 0
    outer loop
      vertex 77 33.75 2
      vertex 76.7305 33.7368 8
      vertex 77 33.75 8
    endloop
  endfacet
  facet normal -0.0489209 0.998803 0
    outer loop
      vertex 76.7305 33.7368 8
      vertex 77 33.75 2
      vertex 76.7305 33.7368 2
    endloop
  endfacet
  facet normal -0.427688 0.903926 0
    outer loop
      vertex 75.9476 33.5407 2
      vertex 75.7037 33.4253 8
      vertex 75.9476 33.5407 8
    endloop
  endfacet
  facet normal -0.427688 0.903926 0
    outer loop
      vertex 75.7037 33.4253 8
      vertex 75.9476 33.5407 2
      vertex 75.7037 33.4253 2
    endloop
  endfacet
  facet normal 0.740728 0.671805 0
    outer loop
      vertex 79.1258 32.7446 8
      vertex 78.9445 32.9445 2
      vertex 78.9445 32.9445 8
    endloop
  endfacet
  facet normal 0.740728 0.671805 0
    outer loop
      vertex 78.9445 32.9445 2
      vertex 79.1258 32.7446 8
      vertex 79.1258 32.7446 2
    endloop
  endfacet
  facet normal -0.14671 -0.98918 0
    outer loop
      vertex 76.4635 28.3028 2
      vertex 76.7305 28.2632 8
      vertex 76.4635 28.3028 8
    endloop
  endfacet
  facet normal -0.14671 -0.98918 -0
    outer loop
      vertex 76.7305 28.2632 8
      vertex 76.4635 28.3028 2
      vertex 76.7305 28.2632 2
    endloop
  endfacet
  facet normal 0.427688 0.903926 -0
    outer loop
      vertex 78.2963 33.4253 2
      vertex 78.0524 33.5407 8
      vertex 78.2963 33.4253 8
    endloop
  endfacet
  facet normal 0.427688 0.903926 0
    outer loop
      vertex 78.0524 33.5407 8
      vertex 78.2963 33.4253 2
      vertex 78.0524 33.5407 2
    endloop
  endfacet
  facet normal -0.14671 0.98918 0
    outer loop
      vertex 76.7305 33.7368 2
      vertex 76.4635 33.6972 8
      vertex 76.7305 33.7368 8
    endloop
  endfacet
  facet normal -0.14671 0.98918 0
    outer loop
      vertex 76.4635 33.6972 8
      vertex 76.7305 33.7368 2
      vertex 76.4635 33.6972 2
    endloop
  endfacet
  facet normal 0.243059 -0.970012 0
    outer loop
      vertex 77.5365 28.3028 2
      vertex 77.7983 28.3684 8
      vertex 77.5365 28.3028 8
    endloop
  endfacet
  facet normal 0.243059 -0.970012 0
    outer loop
      vertex 77.7983 28.3684 8
      vertex 77.5365 28.3028 2
      vertex 77.7983 28.3684 2
    endloop
  endfacet
  facet normal -0.595485 0.803367 0
    outer loop
      vertex 75.4722 33.2865 2
      vertex 75.2554 33.1258 8
      vertex 75.4722 33.2865 8
    endloop
  endfacet
  facet normal -0.595485 0.803367 0
    outer loop
      vertex 75.2554 33.1258 8
      vertex 75.4722 33.2865 2
      vertex 75.2554 33.1258 2
    endloop
  endfacet
  facet normal -0.903926 0.427688 0
    outer loop
      vertex 74.4593 32.0524 2
      vertex 74.5747 32.2963 8
      vertex 74.5747 32.2963 2
    endloop
  endfacet
  facet normal -0.903926 0.427688 0
    outer loop
      vertex 74.5747 32.2963 8
      vertex 74.4593 32.0524 2
      vertex 74.4593 32.0524 8
    endloop
  endfacet
  facet normal -0.427688 -0.903926 0
    outer loop
      vertex 75.7037 28.5747 2
      vertex 75.9476 28.4593 8
      vertex 75.7037 28.5747 8
    endloop
  endfacet
  facet normal -0.427688 -0.903926 -0
    outer loop
      vertex 75.9476 28.4593 8
      vertex 75.7037 28.5747 2
      vertex 75.9476 28.4593 2
    endloop
  endfacet
  facet normal -0.595485 -0.803367 0
    outer loop
      vertex 75.2554 28.8742 2
      vertex 75.4722 28.7135 8
      vertex 75.2554 28.8742 8
    endloop
  endfacet
  facet normal -0.595485 -0.803367 -0
    outer loop
      vertex 75.4722 28.7135 8
      vertex 75.2554 28.8742 2
      vertex 75.4722 28.7135 2
    endloop
  endfacet
  facet normal -0.903926 -0.427688 0
    outer loop
      vertex 74.5747 29.7037 2
      vertex 74.4593 29.9476 8
      vertex 74.4593 29.9476 2
    endloop
  endfacet
  facet normal -0.903926 -0.427688 0
    outer loop
      vertex 74.4593 29.9476 8
      vertex 74.5747 29.7037 2
      vertex 74.5747 29.7037 8
    endloop
  endfacet
  facet normal 0.514223 0.857656 -0
    outer loop
      vertex 78.5278 33.2865 2
      vertex 78.2963 33.4253 8
      vertex 78.5278 33.2865 8
    endloop
  endfacet
  facet normal 0.514223 0.857656 0
    outer loop
      vertex 78.2963 33.4253 8
      vertex 78.5278 33.2865 2
      vertex 78.2963 33.4253 2
    endloop
  endfacet
  facet normal 0.595485 -0.803367 0
    outer loop
      vertex 78.5278 28.7135 2
      vertex 78.7446 28.8742 8
      vertex 78.5278 28.7135 8
    endloop
  endfacet
  facet normal 0.595485 -0.803367 0
    outer loop
      vertex 78.7446 28.8742 8
      vertex 78.5278 28.7135 2
      vertex 78.7446 28.8742 2
    endloop
  endfacet
  facet normal -0.998803 -0.0489209 0
    outer loop
      vertex 74.2632 30.7305 2
      vertex 74.25 31 8
      vertex 74.25 31 2
    endloop
  endfacet
  facet normal -0.998803 -0.0489209 0
    outer loop
      vertex 74.25 31 8
      vertex 74.2632 30.7305 2
      vertex 74.2632 30.7305 8
    endloop
  endfacet
  facet normal 0.595485 0.803367 -0
    outer loop
      vertex 78.7446 33.1258 2
      vertex 78.5278 33.2865 8
      vertex 78.7446 33.1258 8
    endloop
  endfacet
  facet normal 0.595485 0.803367 0
    outer loop
      vertex 78.5278 33.2865 8
      vertex 78.7446 33.1258 2
      vertex 78.5278 33.2865 2
    endloop
  endfacet
  facet normal 0.970012 -0.243059 0
    outer loop
      vertex 79.6316 30.2017 8
      vertex 79.6972 30.4635 2
      vertex 79.6972 30.4635 8
    endloop
  endfacet
  facet normal 0.970012 -0.243059 0
    outer loop
      vertex 79.6972 30.4635 2
      vertex 79.6316 30.2017 8
      vertex 79.6316 30.2017 2
    endloop
  endfacet
  facet normal -0.941566 -0.336829 0
    outer loop
      vertex 74.4593 29.9476 2
      vertex 74.3684 30.2017 8
      vertex 74.3684 30.2017 2
    endloop
  endfacet
  facet normal -0.941566 -0.336829 0
    outer loop
      vertex 74.3684 30.2017 8
      vertex 74.4593 29.9476 2
      vertex 74.4593 29.9476 8
    endloop
  endfacet
  facet normal 0.243059 0.970012 -0
    outer loop
      vertex 77.7983 33.6316 2
      vertex 77.5365 33.6972 8
      vertex 77.7983 33.6316 8
    endloop
  endfacet
  facet normal 0.243059 0.970012 0
    outer loop
      vertex 77.5365 33.6972 8
      vertex 77.7983 33.6316 2
      vertex 77.5365 33.6972 2
    endloop
  endfacet
  facet normal -0.740728 0.671805 0
    outer loop
      vertex 74.8742 32.7446 2
      vertex 75.0555 32.9445 8
      vertex 75.0555 32.9445 2
    endloop
  endfacet
  facet normal -0.740728 0.671805 0
    outer loop
      vertex 75.0555 32.9445 8
      vertex 74.8742 32.7446 2
      vertex 74.8742 32.7446 8
    endloop
  endfacet
  facet normal 0.0489209 -0.998803 0
    outer loop
      vertex 77 28.25 2
      vertex 77.2695 28.2632 8
      vertex 77 28.25 8
    endloop
  endfacet
  facet normal 0.0489209 -0.998803 0
    outer loop
      vertex 77.2695 28.2632 8
      vertex 77 28.25 2
      vertex 77.2695 28.2632 2
    endloop
  endfacet
  facet normal 0.803367 0.595485 0
    outer loop
      vertex 79.2865 32.5278 8
      vertex 79.1258 32.7446 2
      vertex 79.1258 32.7446 8
    endloop
  endfacet
  facet normal 0.803367 0.595485 0
    outer loop
      vertex 79.1258 32.7446 2
      vertex 79.2865 32.5278 8
      vertex 79.2865 32.5278 2
    endloop
  endfacet
  facet normal -0.970012 -0.243059 0
    outer loop
      vertex 74.3684 30.2017 2
      vertex 74.3028 30.4635 8
      vertex 74.3028 30.4635 2
    endloop
  endfacet
  facet normal -0.970012 -0.243059 0
    outer loop
      vertex 74.3028 30.4635 8
      vertex 74.3684 30.2017 2
      vertex 74.3684 30.2017 8
    endloop
  endfacet
  facet normal 0.98918 -0.14671 0
    outer loop
      vertex 79.6972 30.4635 8
      vertex 79.7368 30.7305 2
      vertex 79.7368 30.7305 8
    endloop
  endfacet
  facet normal 0.98918 -0.14671 0
    outer loop
      vertex 79.7368 30.7305 2
      vertex 79.6972 30.4635 8
      vertex 79.6972 30.4635 2
    endloop
  endfacet
  facet normal 0.514223 -0.857656 0
    outer loop
      vertex 78.2963 28.5747 2
      vertex 78.5278 28.7135 8
      vertex 78.2963 28.5747 8
    endloop
  endfacet
  facet normal 0.514223 -0.857656 0
    outer loop
      vertex 78.5278 28.7135 8
      vertex 78.2963 28.5747 2
      vertex 78.5278 28.7135 2
    endloop
  endfacet
  facet normal -0.941566 0.336829 0
    outer loop
      vertex 74.3684 31.7983 2
      vertex 74.4593 32.0524 8
      vertex 74.4593 32.0524 2
    endloop
  endfacet
  facet normal -0.941566 0.336829 0
    outer loop
      vertex 74.4593 32.0524 8
      vertex 74.3684 31.7983 2
      vertex 74.3684 31.7983 8
    endloop
  endfacet
  facet normal 0.671805 0.740728 -0
    outer loop
      vertex 78.9445 32.9445 2
      vertex 78.7446 33.1258 8
      vertex 78.9445 32.9445 8
    endloop
  endfacet
  facet normal 0.671805 0.740728 0
    outer loop
      vertex 78.7446 33.1258 8
      vertex 78.9445 32.9445 2
      vertex 78.7446 33.1258 2
    endloop
  endfacet
  facet normal -0.98918 0.14671 0
    outer loop
      vertex 74.2632 31.2695 2
      vertex 74.3028 31.5365 8
      vertex 74.3028 31.5365 2
    endloop
  endfacet
  facet normal -0.98918 0.14671 0
    outer loop
      vertex 74.3028 31.5365 8
      vertex 74.2632 31.2695 2
      vertex 74.2632 31.2695 8
    endloop
  endfacet
  facet normal 0.903926 -0.427688 0
    outer loop
      vertex 79.4253 29.7037 8
      vertex 79.5407 29.9476 2
      vertex 79.5407 29.9476 8
    endloop
  endfacet
  facet normal 0.903926 -0.427688 0
    outer loop
      vertex 79.5407 29.9476 2
      vertex 79.4253 29.7037 8
      vertex 79.4253 29.7037 2
    endloop
  endfacet
  facet normal 0.998803 -0.0489209 0
    outer loop
      vertex 79.7368 30.7305 8
      vertex 79.75 31 2
      vertex 79.75 31 8
    endloop
  endfacet
  facet normal 0.998803 -0.0489209 0
    outer loop
      vertex 79.75 31 2
      vertex 79.7368 30.7305 8
      vertex 79.7368 30.7305 2
    endloop
  endfacet
  facet normal 0.14671 -0.98918 0
    outer loop
      vertex 77.2695 28.2632 2
      vertex 77.5365 28.3028 8
      vertex 77.2695 28.2632 8
    endloop
  endfacet
  facet normal 0.14671 -0.98918 0
    outer loop
      vertex 77.5365 28.3028 8
      vertex 77.2695 28.2632 2
      vertex 77.5365 28.3028 2
    endloop
  endfacet
  facet normal 0.941566 0.336829 0
    outer loop
      vertex 79.6316 31.7983 8
      vertex 79.5407 32.0524 2
      vertex 79.5407 32.0524 8
    endloop
  endfacet
  facet normal 0.941566 0.336829 0
    outer loop
      vertex 79.5407 32.0524 2
      vertex 79.6316 31.7983 8
      vertex 79.6316 31.7983 2
    endloop
  endfacet
  facet normal 0.803367 -0.595485 0
    outer loop
      vertex 79.1258 29.2554 8
      vertex 79.2865 29.4722 2
      vertex 79.2865 29.4722 8
    endloop
  endfacet
  facet normal 0.803367 -0.595485 0
    outer loop
      vertex 79.2865 29.4722 2
      vertex 79.1258 29.2554 8
      vertex 79.1258 29.2554 2
    endloop
  endfacet
  facet normal 0.857656 -0.514223 0
    outer loop
      vertex 79.2865 29.4722 8
      vertex 79.4253 29.7037 2
      vertex 79.4253 29.7037 8
    endloop
  endfacet
  facet normal 0.857656 -0.514223 0
    outer loop
      vertex 79.4253 29.7037 2
      vertex 79.2865 29.4722 8
      vertex 79.2865 29.4722 2
    endloop
  endfacet
  facet normal -0.243059 0.970012 0
    outer loop
      vertex 76.4635 33.6972 2
      vertex 76.2017 33.6316 8
      vertex 76.4635 33.6972 8
    endloop
  endfacet
  facet normal -0.243059 0.970012 0
    outer loop
      vertex 76.2017 33.6316 8
      vertex 76.4635 33.6972 2
      vertex 76.2017 33.6316 2
    endloop
  endfacet
  facet normal 0.941566 -0.336829 0
    outer loop
      vertex 79.5407 29.9476 8
      vertex 79.6316 30.2017 2
      vertex 79.6316 30.2017 8
    endloop
  endfacet
  facet normal 0.941566 -0.336829 0
    outer loop
      vertex 79.6316 30.2017 2
      vertex 79.5407 29.9476 8
      vertex 79.5407 29.9476 2
    endloop
  endfacet
  facet normal 0.0489209 0.998803 -0
    outer loop
      vertex 77.2695 33.7368 2
      vertex 77 33.75 8
      vertex 77.2695 33.7368 8
    endloop
  endfacet
  facet normal 0.0489209 0.998803 0
    outer loop
      vertex 77 33.75 8
      vertex 77.2695 33.7368 2
      vertex 77 33.75 2
    endloop
  endfacet
  facet normal -0.514223 0.857656 0
    outer loop
      vertex 75.7037 33.4253 2
      vertex 75.4722 33.2865 8
      vertex 75.7037 33.4253 8
    endloop
  endfacet
  facet normal -0.514223 0.857656 0
    outer loop
      vertex 75.4722 33.2865 8
      vertex 75.7037 33.4253 2
      vertex 75.4722 33.2865 2
    endloop
  endfacet
  facet normal 0.903926 0.427688 0
    outer loop
      vertex 79.5407 32.0524 8
      vertex 79.4253 32.2963 2
      vertex 79.4253 32.2963 8
    endloop
  endfacet
  facet normal 0.903926 0.427688 0
    outer loop
      vertex 79.4253 32.2963 2
      vertex 79.5407 32.0524 8
      vertex 79.5407 32.0524 2
    endloop
  endfacet
  facet normal 0.14671 0.98918 -0
    outer loop
      vertex 77.5365 33.6972 2
      vertex 77.2695 33.7368 8
      vertex 77.5365 33.6972 8
    endloop
  endfacet
  facet normal 0.14671 0.98918 0
    outer loop
      vertex 77.2695 33.7368 8
      vertex 77.5365 33.6972 2
      vertex 77.2695 33.7368 2
    endloop
  endfacet
  facet normal -0.243059 -0.970012 0
    outer loop
      vertex 76.2017 28.3684 2
      vertex 76.4635 28.3028 8
      vertex 76.2017 28.3684 8
    endloop
  endfacet
  facet normal -0.243059 -0.970012 -0
    outer loop
      vertex 76.4635 28.3028 8
      vertex 76.2017 28.3684 2
      vertex 76.4635 28.3028 2
    endloop
  endfacet
  facet normal -0.857656 -0.514223 0
    outer loop
      vertex 74.7135 29.4722 2
      vertex 74.5747 29.7037 8
      vertex 74.5747 29.7037 2
    endloop
  endfacet
  facet normal -0.857656 -0.514223 0
    outer loop
      vertex 74.5747 29.7037 8
      vertex 74.7135 29.4722 2
      vertex 74.7135 29.4722 8
    endloop
  endfacet
  facet normal 0.857656 0.514223 0
    outer loop
      vertex 79.4253 32.2963 8
      vertex 79.2865 32.5278 2
      vertex 79.2865 32.5278 8
    endloop
  endfacet
  facet normal 0.857656 0.514223 0
    outer loop
      vertex 79.2865 32.5278 2
      vertex 79.4253 32.2963 8
      vertex 79.4253 32.2963 2
    endloop
  endfacet
  facet normal -0.336829 0.941566 0
    outer loop
      vertex 76.2017 33.6316 2
      vertex 75.9476 33.5407 8
      vertex 76.2017 33.6316 8
    endloop
  endfacet
  facet normal -0.336829 0.941566 0
    outer loop
      vertex 75.9476 33.5407 8
      vertex 76.2017 33.6316 2
      vertex 75.9476 33.5407 2
    endloop
  endfacet
  facet normal -0.740728 -0.671805 0
    outer loop
      vertex 75.0555 29.0555 2
      vertex 74.8742 29.2554 8
      vertex 74.8742 29.2554 2
    endloop
  endfacet
  facet normal -0.740728 -0.671805 0
    outer loop
      vertex 74.8742 29.2554 8
      vertex 75.0555 29.0555 2
      vertex 75.0555 29.0555 8
    endloop
  endfacet
  facet normal -0.671805 0.740728 0
    outer loop
      vertex 75.2554 33.1258 2
      vertex 75.0555 32.9445 8
      vertex 75.2554 33.1258 8
    endloop
  endfacet
  facet normal -0.671805 0.740728 0
    outer loop
      vertex 75.0555 32.9445 8
      vertex 75.2554 33.1258 2
      vertex 75.0555 32.9445 2
    endloop
  endfacet
  facet normal 0.336829 0.941566 -0
    outer loop
      vertex 78.0524 33.5407 2
      vertex 77.7983 33.6316 8
      vertex 78.0524 33.5407 8
    endloop
  endfacet
  facet normal 0.336829 0.941566 0
    outer loop
      vertex 77.7983 33.6316 8
      vertex 78.0524 33.5407 2
      vertex 77.7983 33.6316 2
    endloop
  endfacet
  facet normal -0.514223 -0.857656 0
    outer loop
      vertex 75.4722 28.7135 2
      vertex 75.7037 28.5747 8
      vertex 75.4722 28.7135 8
    endloop
  endfacet
  facet normal -0.514223 -0.857656 -0
    outer loop
      vertex 75.7037 28.5747 8
      vertex 75.4722 28.7135 2
      vertex 75.7037 28.5747 2
    endloop
  endfacet
  facet normal -0.970012 0.243059 0
    outer loop
      vertex 74.3028 31.5365 2
      vertex 74.3684 31.7983 8
      vertex 74.3684 31.7983 2
    endloop
  endfacet
  facet normal -0.970012 0.243059 0
    outer loop
      vertex 74.3684 31.7983 8
      vertex 74.3028 31.5365 2
      vertex 74.3028 31.5365 8
    endloop
  endfacet
  facet normal 0.336829 -0.941566 0
    outer loop
      vertex 77.7983 28.3684 2
      vertex 78.0524 28.4593 8
      vertex 77.7983 28.3684 8
    endloop
  endfacet
  facet normal 0.336829 -0.941566 0
    outer loop
      vertex 78.0524 28.4593 8
      vertex 77.7983 28.3684 2
      vertex 78.0524 28.4593 2
    endloop
  endfacet
  facet normal -0.803367 -0.595485 0
    outer loop
      vertex 74.8742 29.2554 2
      vertex 74.7135 29.4722 8
      vertex 74.7135 29.4722 2
    endloop
  endfacet
  facet normal -0.803367 -0.595485 0
    outer loop
      vertex 74.7135 29.4722 8
      vertex 74.8742 29.2554 2
      vertex 74.8742 29.2554 8
    endloop
  endfacet
  facet normal -0.98918 -0.14671 0
    outer loop
      vertex 74.3028 30.4635 2
      vertex 74.2632 30.7305 8
      vertex 74.2632 30.7305 2
    endloop
  endfacet
  facet normal -0.98918 -0.14671 0
    outer loop
      vertex 74.2632 30.7305 8
      vertex 74.3028 30.4635 2
      vertex 74.3028 30.4635 8
    endloop
  endfacet
  facet normal -0.671805 -0.740728 0
    outer loop
      vertex 75.0555 29.0555 2
      vertex 75.2554 28.8742 8
      vertex 75.0555 29.0555 8
    endloop
  endfacet
  facet normal -0.671805 -0.740728 -0
    outer loop
      vertex 75.2554 28.8742 8
      vertex 75.0555 29.0555 2
      vertex 75.2554 28.8742 2
    endloop
  endfacet
  facet normal -0.803367 0.595485 0
    outer loop
      vertex 74.7135 32.5278 2
      vertex 74.8742 32.7446 8
      vertex 74.8742 32.7446 2
    endloop
  endfacet
  facet normal -0.803367 0.595485 0
    outer loop
      vertex 74.8742 32.7446 8
      vertex 74.7135 32.5278 2
      vertex 74.7135 32.5278 8
    endloop
  endfacet
  facet normal -0.857656 0.514223 0
    outer loop
      vertex 74.5747 32.2963 2
      vertex 74.7135 32.5278 8
      vertex 74.7135 32.5278 2
    endloop
  endfacet
  facet normal -0.857656 0.514223 0
    outer loop
      vertex 74.7135 32.5278 8
      vertex 74.5747 32.2963 2
      vertex 74.5747 32.2963 8
    endloop
  endfacet
  facet normal 0 0 1
    outer loop
      vertex 77.85 31 8
      vertex 79.75 31 8
      vertex 79.7368 31.2695 8
    endloop
  endfacet
  facet normal 0 0 1
    outer loop
      vertex 77.8459 31.0833 8
      vertex 79.7368 31.2695 8
      vertex 79.6972 31.5365 8
    endloop
  endfacet
  facet normal 0 0 1
    outer loop
      vertex 79.75 31 8
      vertex 77.85 31 8
      vertex 79.7368 30.7305 8
    endloop
  endfacet
  facet normal 0 0 1
    outer loop
      vertex 77.8337 31.1658 8
      vertex 79.6972 31.5365 8
      vertex 79.6316 31.7983 8
    endloop
  endfacet
  facet normal -0 0 1
    outer loop
      vertex 77.8459 30.9167 8
      vertex 79.7368 30.7305 8
      vertex 77.85 31 8
    endloop
  endfacet
  facet normal 0 0 1
    outer loop
      vertex 77.8134 31.2467 8
      vertex 79.6316 31.7983 8
      vertex 79.5407 32.0524 8
    endloop
  endfacet
  facet normal 0 0 1
    outer loop
      vertex 79.7368 30.7305 8
      vertex 77.8459 30.9167 8
      vertex 79.6972 30.4635 8
    endloop
  endfacet
  facet normal 0 0 1
    outer loop
      vertex 77.7853 31.3253 8
      vertex 79.5407 32.0524 8
      vertex 79.4253 32.2963 8
    endloop
  endfacet
  facet normal -0 0 1
    outer loop
      vertex 77.8337 30.8342 8
      vertex 79.6972 30.4635 8
      vertex 77.8459 30.9167 8
    endloop
  endfacet
  facet normal 0 0 1
    outer loop
      vertex 77.7496 31.4007 8
      vertex 79.4253 32.2963 8
      vertex 79.2865 32.5278 8
    endloop
  endfacet
  facet normal 0 0 1
    outer loop
      vertex 79.6972 30.4635 8
      vertex 77.8337 30.8342 8
      vertex 79.6316 30.2017 8
    endloop
  endfacet
  facet normal 0 0 1
    outer loop
      vertex 77.7067 31.4722 8
      vertex 79.2865 32.5278 8
      vertex 79.1258 32.7446 8
    endloop
  endfacet
  facet normal -0 0 1
    outer loop
      vertex 77.8134 30.7533 8
      vertex 79.6316 30.2017 8
      vertex 77.8337 30.8342 8
    endloop
  endfacet
  facet normal 0 0 1
    outer loop
      vertex 77.6571 31.5392 8
      vertex 79.1258 32.7446 8
      vertex 78.9445 32.9445 8
    endloop
  endfacet
  facet normal 0 0 1
    outer loop
      vertex 79.6316 30.2017 8
      vertex 77.8134 30.7533 8
      vertex 79.5407 29.9476 8
    endloop
  endfacet
  facet normal 0 0 1
    outer loop
      vertex 77.601 31.601 8
      vertex 78.9445 32.9445 8
      vertex 78.7446 33.1258 8
    endloop
  endfacet
  facet normal -0 0 1
    outer loop
      vertex 77.7853 30.6747 8
      vertex 79.5407 29.9476 8
      vertex 77.8134 30.7533 8
    endloop
  endfacet
  facet normal 0 0 1
    outer loop
      vertex 77.5392 31.6571 8
      vertex 78.7446 33.1258 8
      vertex 78.5278 33.2865 8
    endloop
  endfacet
  facet normal 0 0 1
    outer loop
      vertex 79.5407 29.9476 8
      vertex 77.7853 30.6747 8
      vertex 79.4253 29.7037 8
    endloop
  endfacet
  facet normal 0 0 1
    outer loop
      vertex 77.4722 31.7067 8
      vertex 78.5278 33.2865 8
      vertex 78.2963 33.4253 8
    endloop
  endfacet
  facet normal -0 0 1
    outer loop
      vertex 77.7496 30.5993 8
      vertex 79.4253 29.7037 8
      vertex 77.7853 30.6747 8
    endloop
  endfacet
  facet normal 0 0 1
    outer loop
      vertex 77.4007 31.7496 8
      vertex 78.2963 33.4253 8
      vertex 78.0524 33.5407 8
    endloop
  endfacet
  facet normal 0 0 1
    outer loop
      vertex 79.4253 29.7037 8
      vertex 77.7496 30.5993 8
      vertex 79.2865 29.4722 8
    endloop
  endfacet
  facet normal -0 0 1
    outer loop
      vertex 77.7067 30.5278 8
      vertex 79.2865 29.4722 8
      vertex 77.7496 30.5993 8
    endloop
  endfacet
  facet normal 0 0 1
    outer loop
      vertex 79.7368 31.2695 8
      vertex 77.8459 31.0833 8
      vertex 77.85 31 8
    endloop
  endfacet
  facet normal 0 0 1
    outer loop
      vertex 79.6972 31.5365 8
      vertex 77.8337 31.1658 8
      vertex 77.8459 31.0833 8
    endloop
  endfacet
  facet normal 0 0 1
    outer loop
      vertex 79.6316 31.7983 8
      vertex 77.8134 31.2467 8
      vertex 77.8337 31.1658 8
    endloop
  endfacet
  facet normal 0 0 1
    outer loop
      vertex 77.3253 31.7853 8
      vertex 78.0524 33.5407 8
      vertex 77.7983 33.6316 8
    endloop
  endfacet
  facet normal 0 0 1
    outer loop
      vertex 79.5407 32.0524 8
      vertex 77.7853 31.3253 8
      vertex 77.8134 31.2467 8
    endloop
  endfacet
  facet normal 0 0 1
    outer loop
      vertex 79.4253 32.2963 8
      vertex 77.7496 31.4007 8
      vertex 77.7853 31.3253 8
    endloop
  endfacet
  facet normal 0 0 1
    outer loop
      vertex 79.2865 32.5278 8
      vertex 77.7067 31.4722 8
      vertex 77.7496 31.4007 8
    endloop
  endfacet
  facet normal 0 0 1
    outer loop
      vertex 79.1258 32.7446 8
      vertex 77.6571 31.5392 8
      vertex 77.7067 31.4722 8
    endloop
  endfacet
  facet normal 0 0 1
    outer loop
      vertex 78.9445 32.9445 8
      vertex 77.601 31.601 8
      vertex 77.6571 31.5392 8
    endloop
  endfacet
  facet normal 0 0 1
    outer loop
      vertex 78.7446 33.1258 8
      vertex 77.5392 31.6571 8
      vertex 77.601 31.601 8
    endloop
  endfacet
  facet normal 0 0 1
    outer loop
      vertex 77.2467 31.8134 8
      vertex 77.7983 33.6316 8
      vertex 77.5365 33.6972 8
    endloop
  endfacet
  facet normal 0 0 1
    outer loop
      vertex 78.5278 33.2865 8
      vertex 77.4722 31.7067 8
      vertex 77.5392 31.6571 8
    endloop
  endfacet
  facet normal 0 0 1
    outer loop
      vertex 78.2963 33.4253 8
      vertex 77.4007 31.7496 8
      vertex 77.4722 31.7067 8
    endloop
  endfacet
  facet normal 0 0 1
    outer loop
      vertex 78.0524 33.5407 8
      vertex 77.3253 31.7853 8
      vertex 77.4007 31.7496 8
    endloop
  endfacet
  facet normal 0 0 1
    outer loop
      vertex 77.1658 31.8337 8
      vertex 77.5365 33.6972 8
      vertex 77.2695 33.7368 8
    endloop
  endfacet
  facet normal 0 0 1
    outer loop
      vertex 77.7983 33.6316 8
      vertex 77.2467 31.8134 8
      vertex 77.3253 31.7853 8
    endloop
  endfacet
  facet normal 0 0 1
    outer loop
      vertex 77.5365 33.6972 8
      vertex 77.1658 31.8337 8
      vertex 77.2467 31.8134 8
    endloop
  endfacet
  facet normal 0 0 1
    outer loop
      vertex 77.2695 33.7368 8
      vertex 77.0833 31.8459 8
      vertex 77.1658 31.8337 8
    endloop
  endfacet
  facet normal 0 0 1
    outer loop
      vertex 77 33.75 8
      vertex 77.0833 31.8459 8
      vertex 77.2695 33.7368 8
    endloop
  endfacet
  facet normal 0 0 1
    outer loop
      vertex 77 33.75 8
      vertex 77 31.85 8
      vertex 77.0833 31.8459 8
    endloop
  endfacet
  facet normal 0 0 1
    outer loop
      vertex 77 33.75 8
      vertex 76.9167 31.8459 8
      vertex 77 31.85 8
    endloop
  endfacet
  facet normal -0 0 1
    outer loop
      vertex 76.7305 33.7368 8
      vertex 76.9167 31.8459 8
      vertex 77 33.75 8
    endloop
  endfacet
  facet normal 0 0 1
    outer loop
      vertex 76.9167 31.8459 8
      vertex 76.7305 33.7368 8
      vertex 76.8342 31.8337 8
    endloop
  endfacet
  facet normal -0 0 1
    outer loop
      vertex 76.4635 33.6972 8
      vertex 76.8342 31.8337 8
      vertex 76.7305 33.7368 8
    endloop
  endfacet
  facet normal 0 0 1
    outer loop
      vertex 76.8342 31.8337 8
      vertex 76.4635 33.6972 8
      vertex 76.7533 31.8134 8
    endloop
  endfacet
  facet normal -0 0 1
    outer loop
      vertex 76.2017 33.6316 8
      vertex 76.7533 31.8134 8
      vertex 76.4635 33.6972 8
    endloop
  endfacet
  facet normal 0 0 1
    outer loop
      vertex 76.7533 31.8134 8
      vertex 76.2017 33.6316 8
      vertex 76.6747 31.7853 8
    endloop
  endfacet
  facet normal -0 0 1
    outer loop
      vertex 75.9476 33.5407 8
      vertex 76.6747 31.7853 8
      vertex 76.2017 33.6316 8
    endloop
  endfacet
  facet normal 0 0 1
    outer loop
      vertex 76.6747 31.7853 8
      vertex 75.9476 33.5407 8
      vertex 76.5993 31.7496 8
    endloop
  endfacet
  facet normal -0 0 1
    outer loop
      vertex 75.7037 33.4253 8
      vertex 76.5993 31.7496 8
      vertex 75.9476 33.5407 8
    endloop
  endfacet
  facet normal 0 0 1
    outer loop
      vertex 76.5993 31.7496 8
      vertex 75.7037 33.4253 8
      vertex 76.5278 31.7067 8
    endloop
  endfacet
  facet normal -0 0 1
    outer loop
      vertex 75.4722 33.2865 8
      vertex 76.5278 31.7067 8
      vertex 75.7037 33.4253 8
    endloop
  endfacet
  facet normal 0 0 1
    outer loop
      vertex 76.5278 31.7067 8
      vertex 75.4722 33.2865 8
      vertex 76.4608 31.6571 8
    endloop
  endfacet
  facet normal -0 0 1
    outer loop
      vertex 75.2554 33.1258 8
      vertex 76.4608 31.6571 8
      vertex 75.4722 33.2865 8
    endloop
  endfacet
  facet normal 0 0 1
    outer loop
      vertex 76.4608 31.6571 8
      vertex 75.2554 33.1258 8
      vertex 76.399 31.601 8
    endloop
  endfacet
  facet normal -0 0 1
    outer loop
      vertex 75.0555 32.9445 8
      vertex 76.399 31.601 8
      vertex 75.2554 33.1258 8
    endloop
  endfacet
  facet normal 0 0 1
    outer loop
      vertex 76.399 31.601 8
      vertex 75.0555 32.9445 8
      vertex 76.3429 31.5392 8
    endloop
  endfacet
  facet normal -0 0 1
    outer loop
      vertex 74.8742 32.7446 8
      vertex 76.3429 31.5392 8
      vertex 75.0555 32.9445 8
    endloop
  endfacet
  facet normal 0 0 1
    outer loop
      vertex 76.3429 31.5392 8
      vertex 74.8742 32.7446 8
      vertex 76.2933 31.4722 8
    endloop
  endfacet
  facet normal -0 0 1
    outer loop
      vertex 74.7135 32.5278 8
      vertex 76.2933 31.4722 8
      vertex 74.8742 32.7446 8
    endloop
  endfacet
  facet normal 0 0 1
    outer loop
      vertex 79.2865 29.4722 8
      vertex 77.7067 30.5278 8
      vertex 79.1258 29.2554 8
    endloop
  endfacet
  facet normal -0 0 1
    outer loop
      vertex 77.6571 30.4608 8
      vertex 79.1258 29.2554 8
      vertex 77.7067 30.5278 8
    endloop
  endfacet
  facet normal 0 0 1
    outer loop
      vertex 79.1258 29.2554 8
      vertex 77.6571 30.4608 8
      vertex 78.9445 29.0555 8
    endloop
  endfacet
  facet normal -0 0 1
    outer loop
      vertex 77.601 30.399 8
      vertex 78.9445 29.0555 8
      vertex 77.6571 30.4608 8
    endloop
  endfacet
  facet normal 0 0 1
    outer loop
      vertex 78.9445 29.0555 8
      vertex 77.601 30.399 8
      vertex 78.7446 28.8742 8
    endloop
  endfacet
  facet normal -0 0 1
    outer loop
      vertex 77.5392 30.3429 8
      vertex 78.7446 28.8742 8
      vertex 77.601 30.399 8
    endloop
  endfacet
  facet normal 0 0 1
    outer loop
      vertex 78.7446 28.8742 8
      vertex 77.5392 30.3429 8
      vertex 78.5278 28.7135 8
    endloop
  endfacet
  facet normal -0 0 1
    outer loop
      vertex 77.4722 30.2933 8
      vertex 78.5278 28.7135 8
      vertex 77.5392 30.3429 8
    endloop
  endfacet
  facet normal 0 0 1
    outer loop
      vertex 78.5278 28.7135 8
      vertex 77.4722 30.2933 8
      vertex 78.2963 28.5747 8
    endloop
  endfacet
  facet normal -0 0 1
    outer loop
      vertex 77.4007 30.2504 8
      vertex 78.2963 28.5747 8
      vertex 77.4722 30.2933 8
    endloop
  endfacet
  facet normal 0 0 1
    outer loop
      vertex 78.2963 28.5747 8
      vertex 77.4007 30.2504 8
      vertex 78.0524 28.4593 8
    endloop
  endfacet
  facet normal -0 0 1
    outer loop
      vertex 77.3253 30.2147 8
      vertex 78.0524 28.4593 8
      vertex 77.4007 30.2504 8
    endloop
  endfacet
  facet normal 0 0 1
    outer loop
      vertex 78.0524 28.4593 8
      vertex 77.3253 30.2147 8
      vertex 77.7983 28.3684 8
    endloop
  endfacet
  facet normal -0 0 1
    outer loop
      vertex 77.2467 30.1866 8
      vertex 77.7983 28.3684 8
      vertex 77.3253 30.2147 8
    endloop
  endfacet
  facet normal 0 0 1
    outer loop
      vertex 77.7983 28.3684 8
      vertex 77.2467 30.1866 8
      vertex 77.5365 28.3028 8
    endloop
  endfacet
  facet normal -0 0 1
    outer loop
      vertex 77.1658 30.1663 8
      vertex 77.5365 28.3028 8
      vertex 77.2467 30.1866 8
    endloop
  endfacet
  facet normal 0 0 1
    outer loop
      vertex 77.5365 28.3028 8
      vertex 77.1658 30.1663 8
      vertex 77.2695 28.2632 8
    endloop
  endfacet
  facet normal -0 0 1
    outer loop
      vertex 77.0833 30.1541 8
      vertex 77.2695 28.2632 8
      vertex 77.1658 30.1663 8
    endloop
  endfacet
  facet normal -0 0 1
    outer loop
      vertex 77 30.15 8
      vertex 77.2695 28.2632 8
      vertex 77.0833 30.1541 8
    endloop
  endfacet
  facet normal 0 0 1
    outer loop
      vertex 77 30.15 8
      vertex 77 28.25 8
      vertex 77.2695 28.2632 8
    endloop
  endfacet
  facet normal 0 0 1
    outer loop
      vertex 76.9167 30.1541 8
      vertex 77 28.25 8
      vertex 77 30.15 8
    endloop
  endfacet
  facet normal 0 0 1
    outer loop
      vertex 76.7305 28.2632 8
      vertex 76.9167 30.1541 8
      vertex 76.8342 30.1663 8
    endloop
  endfacet
  facet normal 0 0 1
    outer loop
      vertex 76.4635 28.3028 8
      vertex 76.8342 30.1663 8
      vertex 76.7533 30.1866 8
    endloop
  endfacet
  facet normal 0 0 1
    outer loop
      vertex 76.9167 30.1541 8
      vertex 76.7305 28.2632 8
      vertex 77 28.25 8
    endloop
  endfacet
  facet normal 0 0 1
    outer loop
      vertex 76.2017 28.3684 8
      vertex 76.7533 30.1866 8
      vertex 76.6747 30.2147 8
    endloop
  endfacet
  facet normal 0 0 1
    outer loop
      vertex 75.9476 28.4593 8
      vertex 76.6747 30.2147 8
      vertex 76.5993 30.2504 8
    endloop
  endfacet
  facet normal 0 0 1
    outer loop
      vertex 75.7037 28.5747 8
      vertex 76.5993 30.2504 8
      vertex 76.5278 30.2933 8
    endloop
  endfacet
  facet normal 0 0 1
    outer loop
      vertex 76.8342 30.1663 8
      vertex 76.4635 28.3028 8
      vertex 76.7305 28.2632 8
    endloop
  endfacet
  facet normal 0 0 1
    outer loop
      vertex 75.4722 28.7135 8
      vertex 76.5278 30.2933 8
      vertex 76.4608 30.3429 8
    endloop
  endfacet
  facet normal 0 0 1
    outer loop
      vertex 75.2554 28.8742 8
      vertex 76.4608 30.3429 8
      vertex 76.399 30.399 8
    endloop
  endfacet
  facet normal 0 0 1
    outer loop
      vertex 75.0555 29.0555 8
      vertex 76.399 30.399 8
      vertex 76.3429 30.4608 8
    endloop
  endfacet
  facet normal 0 0 1
    outer loop
      vertex 74.8742 29.2554 8
      vertex 76.3429 30.4608 8
      vertex 76.2933 30.5278 8
    endloop
  endfacet
  facet normal 0 0 1
    outer loop
      vertex 74.7135 29.4722 8
      vertex 76.2933 30.5278 8
      vertex 76.2504 30.5993 8
    endloop
  endfacet
  facet normal 0 0 1
    outer loop
      vertex 74.5747 29.7037 8
      vertex 76.2504 30.5993 8
      vertex 76.2147 30.6747 8
    endloop
  endfacet
  facet normal 0 0 1
    outer loop
      vertex 76.7533 30.1866 8
      vertex 76.2017 28.3684 8
      vertex 76.4635 28.3028 8
    endloop
  endfacet
  facet normal 0 0 1
    outer loop
      vertex 74.4593 29.9476 8
      vertex 76.2147 30.6747 8
      vertex 76.1866 30.7533 8
    endloop
  endfacet
  facet normal 0 0 1
    outer loop
      vertex 74.3684 30.2017 8
      vertex 76.1866 30.7533 8
      vertex 76.1663 30.8342 8
    endloop
  endfacet
  facet normal 0 0 1
    outer loop
      vertex 74.3028 30.4635 8
      vertex 76.1663 30.8342 8
      vertex 76.1541 30.9167 8
    endloop
  endfacet
  facet normal 0 0 1
    outer loop
      vertex 74.2632 30.7305 8
      vertex 76.1541 30.9167 8
      vertex 76.15 31 8
    endloop
  endfacet
  facet normal 0 0 1
    outer loop
      vertex 76.2933 31.4722 8
      vertex 74.7135 32.5278 8
      vertex 76.2504 31.4007 8
    endloop
  endfacet
  facet normal 0 0 1
    outer loop
      vertex 76.6747 30.2147 8
      vertex 75.9476 28.4593 8
      vertex 76.2017 28.3684 8
    endloop
  endfacet
  facet normal -0 0 1
    outer loop
      vertex 74.5747 32.2963 8
      vertex 76.2504 31.4007 8
      vertex 74.7135 32.5278 8
    endloop
  endfacet
  facet normal 0 0 1
    outer loop
      vertex 76.5993 30.2504 8
      vertex 75.7037 28.5747 8
      vertex 75.9476 28.4593 8
    endloop
  endfacet
  facet normal 0 0 1
    outer loop
      vertex 76.2504 31.4007 8
      vertex 74.5747 32.2963 8
      vertex 76.2147 31.3253 8
    endloop
  endfacet
  facet normal 0 0 1
    outer loop
      vertex 76.5278 30.2933 8
      vertex 75.4722 28.7135 8
      vertex 75.7037 28.5747 8
    endloop
  endfacet
  facet normal -0 0 1
    outer loop
      vertex 74.4593 32.0524 8
      vertex 76.2147 31.3253 8
      vertex 74.5747 32.2963 8
    endloop
  endfacet
  facet normal 0 0 1
    outer loop
      vertex 76.4608 30.3429 8
      vertex 75.2554 28.8742 8
      vertex 75.4722 28.7135 8
    endloop
  endfacet
  facet normal 0 0 1
    outer loop
      vertex 76.2147 31.3253 8
      vertex 74.4593 32.0524 8
      vertex 76.1866 31.2467 8
    endloop
  endfacet
  facet normal 0 0 1
    outer loop
      vertex 76.399 30.399 8
      vertex 75.0555 29.0555 8
      vertex 75.2554 28.8742 8
    endloop
  endfacet
  facet normal -0 0 1
    outer loop
      vertex 74.3684 31.7983 8
      vertex 76.1866 31.2467 8
      vertex 74.4593 32.0524 8
    endloop
  endfacet
  facet normal 0 0 1
    outer loop
      vertex 76.3429 30.4608 8
      vertex 74.8742 29.2554 8
      vertex 75.0555 29.0555 8
    endloop
  endfacet
  facet normal 0 0 1
    outer loop
      vertex 76.1866 31.2467 8
      vertex 74.3684 31.7983 8
      vertex 76.1663 31.1658 8
    endloop
  endfacet
  facet normal 0 0 1
    outer loop
      vertex 76.2933 30.5278 8
      vertex 74.7135 29.4722 8
      vertex 74.8742 29.2554 8
    endloop
  endfacet
  facet normal -0 0 1
    outer loop
      vertex 74.3028 31.5365 8
      vertex 76.1663 31.1658 8
      vertex 74.3684 31.7983 8
    endloop
  endfacet
  facet normal 0 0 1
    outer loop
      vertex 76.2504 30.5993 8
      vertex 74.5747 29.7037 8
      vertex 74.7135 29.4722 8
    endloop
  endfacet
  facet normal 0 0 1
    outer loop
      vertex 76.1663 31.1658 8
      vertex 74.3028 31.5365 8
      vertex 76.1541 31.0833 8
    endloop
  endfacet
  facet normal 0 0 1
    outer loop
      vertex 76.2147 30.6747 8
      vertex 74.4593 29.9476 8
      vertex 74.5747 29.7037 8
    endloop
  endfacet
  facet normal -0 0 1
    outer loop
      vertex 74.2632 31.2695 8
      vertex 76.1541 31.0833 8
      vertex 74.3028 31.5365 8
    endloop
  endfacet
  facet normal 0 0 1
    outer loop
      vertex 76.1866 30.7533 8
      vertex 74.3684 30.2017 8
      vertex 74.4593 29.9476 8
    endloop
  endfacet
  facet normal 0 0 1
    outer loop
      vertex 76.1541 31.0833 8
      vertex 74.2632 31.2695 8
      vertex 76.15 31 8
    endloop
  endfacet
  facet normal 0 0 1
    outer loop
      vertex 76.1663 30.8342 8
      vertex 74.3028 30.4635 8
      vertex 74.3684 30.2017 8
    endloop
  endfacet
  facet normal 0 0 1
    outer loop
      vertex 74.25 31 8
      vertex 76.15 31 8
      vertex 74.2632 31.2695 8
    endloop
  endfacet
  facet normal 0 0 1
    outer loop
      vertex 76.1541 30.9167 8
      vertex 74.2632 30.7305 8
      vertex 74.3028 30.4635 8
    endloop
  endfacet
  facet normal 0 0 1
    outer loop
      vertex 76.15 31 8
      vertex 74.25 31 8
      vertex 74.2632 30.7305 8
    endloop
  endfacet
  facet normal -0.0489209 -0.998803 0
    outer loop
      vertex 76.7305 28.2632 2
      vertex 77 28.25 8
      vertex 76.7305 28.2632 8
    endloop
  endfacet
  facet normal -0.0489209 -0.998803 -0
    outer loop
      vertex 77 28.25 8
      vertex 76.7305 28.2632 2
      vertex 77 28.25 2
    endloop
  endfacet
  facet normal -0.998803 0.0489209 0
    outer loop
      vertex 74.25 31 2
      vertex 74.2632 31.2695 8
      vertex 74.2632 31.2695 2
    endloop
  endfacet
  facet normal -0.998803 0.0489209 0
    outer loop
      vertex 74.2632 31.2695 8
      vertex 74.25 31 2
      vertex 74.25 31 8
    endloop
  endfacet
  facet normal -0.336829 -0.941566 0
    outer loop
      vertex 75.9476 28.4593 2
      vertex 76.2017 28.3684 8
      vertex 75.9476 28.4593 8
    endloop
  endfacet
  facet normal -0.336829 -0.941566 -0
    outer loop
      vertex 76.2017 28.3684 8
      vertex 75.9476 28.4593 2
      vertex 76.2017 28.3684 2
    endloop
  endfacet
  facet normal 0.740728 -0.671805 0
    outer loop
      vertex 78.9445 29.0555 8
      vertex 79.1258 29.2554 2
      vertex 79.1258 29.2554 8
    endloop
  endfacet
  facet normal 0.740728 -0.671805 0
    outer loop
      vertex 79.1258 29.2554 2
      vertex 78.9445 29.0555 8
      vertex 78.9445 29.0555 2
    endloop
  endfacet
  facet normal -0.672136 0.740428 0
    outer loop
      vertex 77.601 30.399 2
      vertex 77.5392 30.3429 8
      vertex 77.601 30.399 8
    endloop
  endfacet
  facet normal -0.672136 0.740428 0
    outer loop
      vertex 77.5392 30.3429 8
      vertex 77.601 30.399 2
      vertex 77.5392 30.3429 2
    endloop
  endfacet
  facet normal -0.989242 -0.146288 0
    outer loop
      vertex 77.8459 31.0833 2
      vertex 77.8337 31.1658 8
      vertex 77.8337 31.1658 2
    endloop
  endfacet
  facet normal -0.989242 -0.146288 0
    outer loop
      vertex 77.8337 31.1658 8
      vertex 77.8459 31.0833 2
      vertex 77.8459 31.0833 8
    endloop
  endfacet
  facet normal -0.998791 -0.0491602 0
    outer loop
      vertex 77.85 31 2
      vertex 77.8459 31.0833 8
      vertex 77.8459 31.0833 2
    endloop
  endfacet
  facet normal -0.998791 -0.0491602 0
    outer loop
      vertex 77.8459 31.0833 8
      vertex 77.85 31 2
      vertex 77.85 31 8
    endloop
  endfacet
  facet normal -0.969931 -0.243382 0
    outer loop
      vertex 77.8337 31.1658 2
      vertex 77.8134 31.2467 8
      vertex 77.8134 31.2467 2
    endloop
  endfacet
  facet normal -0.969931 -0.243382 0
    outer loop
      vertex 77.8134 31.2467 8
      vertex 77.8337 31.1658 2
      vertex 77.8337 31.1658 8
    endloop
  endfacet
  facet normal -0.427932 0.903811 0
    outer loop
      vertex 77.4007 30.2504 2
      vertex 77.3253 30.2147 8
      vertex 77.4007 30.2504 8
    endloop
  endfacet
  facet normal -0.427932 0.903811 0
    outer loop
      vertex 77.3253 30.2147 8
      vertex 77.4007 30.2504 2
      vertex 77.3253 30.2147 2
    endloop
  endfacet
  facet normal 0.0491602 -0.998791 0
    outer loop
      vertex 76.9167 31.8459 2
      vertex 77 31.85 8
      vertex 76.9167 31.8459 8
    endloop
  endfacet
  facet normal 0.0491602 -0.998791 0
    outer loop
      vertex 77 31.85 8
      vertex 76.9167 31.8459 2
      vertex 77 31.85 2
    endloop
  endfacet
  facet normal 0.427932 -0.903811 0
    outer loop
      vertex 76.5993 31.7496 2
      vertex 76.6747 31.7853 8
      vertex 76.5993 31.7496 8
    endloop
  endfacet
  facet normal 0.427932 -0.903811 0
    outer loop
      vertex 76.6747 31.7853 8
      vertex 76.5993 31.7496 2
      vertex 76.6747 31.7853 2
    endloop
  endfacet
  facet normal -0.740428 -0.672136 0
    outer loop
      vertex 77.6571 31.5392 2
      vertex 77.601 31.601 8
      vertex 77.601 31.601 2
    endloop
  endfacet
  facet normal -0.740428 -0.672136 0
    outer loop
      vertex 77.601 31.601 8
      vertex 77.6571 31.5392 2
      vertex 77.6571 31.5392 8
    endloop
  endfacet
  facet normal 0.146288 0.989242 -0
    outer loop
      vertex 76.9167 30.1541 2
      vertex 76.8342 30.1663 8
      vertex 76.9167 30.1541 8
    endloop
  endfacet
  facet normal 0.146288 0.989242 0
    outer loop
      vertex 76.8342 30.1663 8
      vertex 76.9167 30.1541 2
      vertex 76.8342 30.1663 2
    endloop
  endfacet
  facet normal -0.427932 -0.903811 0
    outer loop
      vertex 77.3253 31.7853 2
      vertex 77.4007 31.7496 8
      vertex 77.3253 31.7853 8
    endloop
  endfacet
  facet normal -0.427932 -0.903811 -0
    outer loop
      vertex 77.4007 31.7496 8
      vertex 77.3253 31.7853 2
      vertex 77.4007 31.7496 2
    endloop
  endfacet
  facet normal 0.146288 -0.989242 0
    outer loop
      vertex 76.8342 31.8337 2
      vertex 76.9167 31.8459 8
      vertex 76.8342 31.8337 8
    endloop
  endfacet
  facet normal 0.146288 -0.989242 0
    outer loop
      vertex 76.9167 31.8459 8
      vertex 76.8342 31.8337 2
      vertex 76.9167 31.8459 2
    endloop
  endfacet
  facet normal -0.243382 0.969931 0
    outer loop
      vertex 77.2467 30.1866 2
      vertex 77.1658 30.1663 8
      vertex 77.2467 30.1866 8
    endloop
  endfacet
  facet normal -0.243382 0.969931 0
    outer loop
      vertex 77.1658 30.1663 8
      vertex 77.2467 30.1866 2
      vertex 77.1658 30.1663 2
    endloop
  endfacet
  facet normal 0.594998 -0.803727 0
    outer loop
      vertex 76.4608 31.6571 2
      vertex 76.5278 31.7067 8
      vertex 76.4608 31.6571 8
    endloop
  endfacet
  facet normal 0.594998 -0.803727 0
    outer loop
      vertex 76.5278 31.7067 8
      vertex 76.4608 31.6571 2
      vertex 76.5278 31.7067 2
    endloop
  endfacet
  facet normal 0.903811 -0.427932 0
    outer loop
      vertex 76.2147 31.3253 8
      vertex 76.2504 31.4007 2
      vertex 76.2504 31.4007 8
    endloop
  endfacet
  facet normal 0.903811 -0.427932 0
    outer loop
      vertex 76.2504 31.4007 2
      vertex 76.2147 31.3253 8
      vertex 76.2147 31.3253 2
    endloop
  endfacet
  facet normal 0.427932 0.903811 -0
    outer loop
      vertex 76.6747 30.2147 2
      vertex 76.5993 30.2504 8
      vertex 76.6747 30.2147 8
    endloop
  endfacet
  facet normal 0.427932 0.903811 0
    outer loop
      vertex 76.5993 30.2504 8
      vertex 76.6747 30.2147 2
      vertex 76.5993 30.2504 2
    endloop
  endfacet
  facet normal -0.33664 0.941633 0
    outer loop
      vertex 77.3253 30.2147 2
      vertex 77.2467 30.1866 8
      vertex 77.3253 30.2147 8
    endloop
  endfacet
  facet normal -0.33664 0.941633 0
    outer loop
      vertex 77.2467 30.1866 8
      vertex 77.3253 30.2147 2
      vertex 77.2467 30.1866 2
    endloop
  endfacet
  facet normal 0.594998 0.803727 -0
    outer loop
      vertex 76.5278 30.2933 2
      vertex 76.4608 30.3429 8
      vertex 76.5278 30.2933 8
    endloop
  endfacet
  facet normal 0.594998 0.803727 0
    outer loop
      vertex 76.4608 30.3429 8
      vertex 76.5278 30.2933 2
      vertex 76.4608 30.3429 2
    endloop
  endfacet
  facet normal 0.903811 0.427932 0
    outer loop
      vertex 76.2504 30.5993 8
      vertex 76.2147 30.6747 2
      vertex 76.2147 30.6747 8
    endloop
  endfacet
  facet normal 0.903811 0.427932 0
    outer loop
      vertex 76.2147 30.6747 2
      vertex 76.2504 30.5993 8
      vertex 76.2504 30.5993 2
    endloop
  endfacet
  facet normal -0.514496 -0.857493 0
    outer loop
      vertex 77.4007 31.7496 2
      vertex 77.4722 31.7067 8
      vertex 77.4007 31.7496 8
    endloop
  endfacet
  facet normal -0.514496 -0.857493 -0
    outer loop
      vertex 77.4722 31.7067 8
      vertex 77.4007 31.7496 2
      vertex 77.4722 31.7067 2
    endloop
  endfacet
  facet normal -0.594998 0.803727 0
    outer loop
      vertex 77.5392 30.3429 2
      vertex 77.4722 30.2933 8
      vertex 77.5392 30.3429 8
    endloop
  endfacet
  facet normal -0.594998 0.803727 0
    outer loop
      vertex 77.4722 30.2933 8
      vertex 77.5392 30.3429 2
      vertex 77.4722 30.2933 2
    endloop
  endfacet
  facet normal 0.998791 0.0491602 0
    outer loop
      vertex 76.1541 30.9167 8
      vertex 76.15 31 2
      vertex 76.15 31 8
    endloop
  endfacet
  facet normal 0.998791 0.0491602 0
    outer loop
      vertex 76.15 31 2
      vertex 76.1541 30.9167 8
      vertex 76.1541 30.9167 2
    endloop
  endfacet
  facet normal 0.33664 0.941633 -0
    outer loop
      vertex 76.7533 30.1866 2
      vertex 76.6747 30.2147 8
      vertex 76.7533 30.1866 8
    endloop
  endfacet
  facet normal 0.33664 0.941633 0
    outer loop
      vertex 76.6747 30.2147 8
      vertex 76.7533 30.1866 2
      vertex 76.6747 30.2147 2
    endloop
  endfacet
  facet normal -0.594998 -0.803727 0
    outer loop
      vertex 77.4722 31.7067 2
      vertex 77.5392 31.6571 8
      vertex 77.4722 31.7067 8
    endloop
  endfacet
  facet normal -0.594998 -0.803727 -0
    outer loop
      vertex 77.5392 31.6571 8
      vertex 77.4722 31.7067 2
      vertex 77.5392 31.6571 2
    endloop
  endfacet
  facet normal -0.969931 0.243382 0
    outer loop
      vertex 77.8134 30.7533 2
      vertex 77.8337 30.8342 8
      vertex 77.8337 30.8342 2
    endloop
  endfacet
  facet normal -0.969931 0.243382 0
    outer loop
      vertex 77.8337 30.8342 8
      vertex 77.8134 30.7533 2
      vertex 77.8134 30.7533 8
    endloop
  endfacet
  facet normal 0.941633 0.33664 0
    outer loop
      vertex 76.2147 30.6747 8
      vertex 76.1866 30.7533 2
      vertex 76.1866 30.7533 8
    endloop
  endfacet
  facet normal 0.941633 0.33664 0
    outer loop
      vertex 76.1866 30.7533 2
      vertex 76.2147 30.6747 8
      vertex 76.2147 30.6747 2
    endloop
  endfacet
  facet normal -0.243382 -0.969931 0
    outer loop
      vertex 77.1658 31.8337 2
      vertex 77.2467 31.8134 8
      vertex 77.1658 31.8337 8
    endloop
  endfacet
  facet normal -0.243382 -0.969931 -0
    outer loop
      vertex 77.2467 31.8134 8
      vertex 77.1658 31.8337 2
      vertex 77.2467 31.8134 2
    endloop
  endfacet
  facet normal 0.740428 -0.672136 0
    outer loop
      vertex 76.3429 31.5392 8
      vertex 76.399 31.601 2
      vertex 76.399 31.601 8
    endloop
  endfacet
  facet normal 0.740428 -0.672136 0
    outer loop
      vertex 76.399 31.601 2
      vertex 76.3429 31.5392 8
      vertex 76.3429 31.5392 2
    endloop
  endfacet
  facet normal -0.0491602 0.998791 0
    outer loop
      vertex 77.0833 30.1541 2
      vertex 77 30.15 8
      vertex 77.0833 30.1541 8
    endloop
  endfacet
  facet normal -0.0491602 0.998791 0
    outer loop
      vertex 77 30.15 8
      vertex 77.0833 30.1541 2
      vertex 77 30.15 2
    endloop
  endfacet
  facet normal -0.803727 -0.594998 0
    outer loop
      vertex 77.7067 31.4722 2
      vertex 77.6571 31.5392 8
      vertex 77.6571 31.5392 2
    endloop
  endfacet
  facet normal -0.803727 -0.594998 0
    outer loop
      vertex 77.6571 31.5392 8
      vertex 77.7067 31.4722 2
      vertex 77.7067 31.4722 8
    endloop
  endfacet
  facet normal 0.969931 0.243382 0
    outer loop
      vertex 76.1866 30.7533 8
      vertex 76.1663 30.8342 2
      vertex 76.1663 30.8342 8
    endloop
  endfacet
  facet normal 0.969931 0.243382 0
    outer loop
      vertex 76.1663 30.8342 2
      vertex 76.1866 30.7533 8
      vertex 76.1866 30.7533 2
    endloop
  endfacet
  facet normal -0.989242 0.146288 0
    outer loop
      vertex 77.8337 30.8342 2
      vertex 77.8459 30.9167 8
      vertex 77.8459 30.9167 2
    endloop
  endfacet
  facet normal -0.989242 0.146288 0
    outer loop
      vertex 77.8459 30.9167 8
      vertex 77.8337 30.8342 2
      vertex 77.8337 30.8342 8
    endloop
  endfacet
  facet normal -0.514496 0.857493 0
    outer loop
      vertex 77.4722 30.2933 2
      vertex 77.4007 30.2504 8
      vertex 77.4722 30.2933 8
    endloop
  endfacet
  facet normal -0.514496 0.857493 0
    outer loop
      vertex 77.4007 30.2504 8
      vertex 77.4722 30.2933 2
      vertex 77.4007 30.2504 2
    endloop
  endfacet
  facet normal 0.941633 -0.33664 0
    outer loop
      vertex 76.1866 31.2467 8
      vertex 76.2147 31.3253 2
      vertex 76.2147 31.3253 8
    endloop
  endfacet
  facet normal 0.941633 -0.33664 0
    outer loop
      vertex 76.2147 31.3253 2
      vertex 76.1866 31.2467 8
      vertex 76.1866 31.2467 2
    endloop
  endfacet
  facet normal -0.672136 -0.740428 0
    outer loop
      vertex 77.5392 31.6571 2
      vertex 77.601 31.601 8
      vertex 77.5392 31.6571 8
    endloop
  endfacet
  facet normal -0.672136 -0.740428 -0
    outer loop
      vertex 77.601 31.601 8
      vertex 77.5392 31.6571 2
      vertex 77.601 31.601 2
    endloop
  endfacet
  facet normal 0.989242 -0.146288 0
    outer loop
      vertex 76.1541 31.0833 8
      vertex 76.1663 31.1658 2
      vertex 76.1663 31.1658 8
    endloop
  endfacet
  facet normal 0.989242 -0.146288 0
    outer loop
      vertex 76.1663 31.1658 2
      vertex 76.1541 31.0833 8
      vertex 76.1541 31.0833 2
    endloop
  endfacet
  facet normal -0.903811 0.427932 0
    outer loop
      vertex 77.7496 30.5993 2
      vertex 77.7853 30.6747 8
      vertex 77.7853 30.6747 2
    endloop
  endfacet
  facet normal -0.903811 0.427932 0
    outer loop
      vertex 77.7853 30.6747 8
      vertex 77.7496 30.5993 2
      vertex 77.7496 30.5993 8
    endloop
  endfacet
  facet normal -0.33664 -0.941633 0
    outer loop
      vertex 77.2467 31.8134 2
      vertex 77.3253 31.7853 8
      vertex 77.2467 31.8134 8
    endloop
  endfacet
  facet normal -0.33664 -0.941633 -0
    outer loop
      vertex 77.3253 31.7853 8
      vertex 77.2467 31.8134 2
      vertex 77.3253 31.7853 2
    endloop
  endfacet
  facet normal -0.998791 0.0491602 0
    outer loop
      vertex 77.8459 30.9167 2
      vertex 77.85 31 8
      vertex 77.85 31 2
    endloop
  endfacet
  facet normal -0.998791 0.0491602 0
    outer loop
      vertex 77.85 31 8
      vertex 77.8459 30.9167 2
      vertex 77.8459 30.9167 8
    endloop
  endfacet
  facet normal -0.146288 0.989242 0
    outer loop
      vertex 77.1658 30.1663 2
      vertex 77.0833 30.1541 8
      vertex 77.1658 30.1663 8
    endloop
  endfacet
  facet normal -0.146288 0.989242 0
    outer loop
      vertex 77.0833 30.1541 8
      vertex 77.1658 30.1663 2
      vertex 77.0833 30.1541 2
    endloop
  endfacet
  facet normal -0.941633 -0.33664 0
    outer loop
      vertex 77.8134 31.2467 2
      vertex 77.7853 31.3253 8
      vertex 77.7853 31.3253 2
    endloop
  endfacet
  facet normal -0.941633 -0.33664 0
    outer loop
      vertex 77.7853 31.3253 8
      vertex 77.8134 31.2467 2
      vertex 77.8134 31.2467 8
    endloop
  endfacet
  facet normal -0.803727 0.594998 0
    outer loop
      vertex 77.6571 30.4608 2
      vertex 77.7067 30.5278 8
      vertex 77.7067 30.5278 2
    endloop
  endfacet
  facet normal -0.803727 0.594998 0
    outer loop
      vertex 77.7067 30.5278 8
      vertex 77.6571 30.4608 2
      vertex 77.6571 30.4608 8
    endloop
  endfacet
  facet normal -0.857493 0.514496 0
    outer loop
      vertex 77.7067 30.5278 2
      vertex 77.7496 30.5993 8
      vertex 77.7496 30.5993 2
    endloop
  endfacet
  facet normal -0.857493 0.514496 0
    outer loop
      vertex 77.7496 30.5993 8
      vertex 77.7067 30.5278 2
      vertex 77.7067 30.5278 8
    endloop
  endfacet
  facet normal 0.243382 -0.969931 0
    outer loop
      vertex 76.7533 31.8134 2
      vertex 76.8342 31.8337 8
      vertex 76.7533 31.8134 8
    endloop
  endfacet
  facet normal 0.243382 -0.969931 0
    outer loop
      vertex 76.8342 31.8337 8
      vertex 76.7533 31.8134 2
      vertex 76.8342 31.8337 2
    endloop
  endfacet
  facet normal -0.941633 0.33664 0
    outer loop
      vertex 77.7853 30.6747 2
      vertex 77.8134 30.7533 8
      vertex 77.8134 30.7533 2
    endloop
  endfacet
  facet normal -0.941633 0.33664 0
    outer loop
      vertex 77.8134 30.7533 8
      vertex 77.7853 30.6747 2
      vertex 77.7853 30.6747 8
    endloop
  endfacet
  facet normal -0.0491602 -0.998791 0
    outer loop
      vertex 77 31.85 2
      vertex 77.0833 31.8459 8
      vertex 77 31.85 8
    endloop
  endfacet
  facet normal -0.0491602 -0.998791 -0
    outer loop
      vertex 77.0833 31.8459 8
      vertex 77 31.85 2
      vertex 77.0833 31.8459 2
    endloop
  endfacet
  facet normal 0.514496 -0.857493 0
    outer loop
      vertex 76.5278 31.7067 2
      vertex 76.5993 31.7496 8
      vertex 76.5278 31.7067 8
    endloop
  endfacet
  facet normal 0.514496 -0.857493 0
    outer loop
      vertex 76.5993 31.7496 8
      vertex 76.5278 31.7067 2
      vertex 76.5993 31.7496 2
    endloop
  endfacet
  facet normal -0.903811 -0.427932 0
    outer loop
      vertex 77.7853 31.3253 2
      vertex 77.7496 31.4007 8
      vertex 77.7496 31.4007 2
    endloop
  endfacet
  facet normal -0.903811 -0.427932 0
    outer loop
      vertex 77.7496 31.4007 8
      vertex 77.7853 31.3253 2
      vertex 77.7853 31.3253 8
    endloop
  endfacet
  facet normal -0.146288 -0.989242 0
    outer loop
      vertex 77.0833 31.8459 2
      vertex 77.1658 31.8337 8
      vertex 77.0833 31.8459 8
    endloop
  endfacet
  facet normal -0.146288 -0.989242 -0
    outer loop
      vertex 77.1658 31.8337 8
      vertex 77.0833 31.8459 2
      vertex 77.1658 31.8337 2
    endloop
  endfacet
  facet normal 0.243382 0.969931 -0
    outer loop
      vertex 76.8342 30.1663 2
      vertex 76.7533 30.1866 8
      vertex 76.8342 30.1663 8
    endloop
  endfacet
  facet normal 0.243382 0.969931 0
    outer loop
      vertex 76.7533 30.1866 8
      vertex 76.8342 30.1663 2
      vertex 76.7533 30.1866 2
    endloop
  endfacet
  facet normal 0.857493 0.514496 0
    outer loop
      vertex 76.2933 30.5278 8
      vertex 76.2504 30.5993 2
      vertex 76.2504 30.5993 8
    endloop
  endfacet
  facet normal 0.857493 0.514496 0
    outer loop
      vertex 76.2504 30.5993 2
      vertex 76.2933 30.5278 8
      vertex 76.2933 30.5278 2
    endloop
  endfacet
  facet normal -0.857493 -0.514496 0
    outer loop
      vertex 77.7496 31.4007 2
      vertex 77.7067 31.4722 8
      vertex 77.7067 31.4722 2
    endloop
  endfacet
  facet normal -0.857493 -0.514496 0
    outer loop
      vertex 77.7067 31.4722 8
      vertex 77.7496 31.4007 2
      vertex 77.7496 31.4007 8
    endloop
  endfacet
  facet normal 0.33664 -0.941633 0
    outer loop
      vertex 76.6747 31.7853 2
      vertex 76.7533 31.8134 8
      vertex 76.6747 31.7853 8
    endloop
  endfacet
  facet normal 0.33664 -0.941633 0
    outer loop
      vertex 76.7533 31.8134 8
      vertex 76.6747 31.7853 2
      vertex 76.7533 31.8134 2
    endloop
  endfacet
  facet normal 0.740428 0.672136 0
    outer loop
      vertex 76.399 30.399 8
      vertex 76.3429 30.4608 2
      vertex 76.3429 30.4608 8
    endloop
  endfacet
  facet normal 0.740428 0.672136 0
    outer loop
      vertex 76.3429 30.4608 2
      vertex 76.399 30.399 8
      vertex 76.399 30.399 2
    endloop
  endfacet
  facet normal 0.672136 -0.740428 0
    outer loop
      vertex 76.399 31.601 2
      vertex 76.4608 31.6571 8
      vertex 76.399 31.601 8
    endloop
  endfacet
  facet normal 0.672136 -0.740428 0
    outer loop
      vertex 76.4608 31.6571 8
      vertex 76.399 31.601 2
      vertex 76.4608 31.6571 2
    endloop
  endfacet
  facet normal 0.514496 0.857493 -0
    outer loop
      vertex 76.5993 30.2504 2
      vertex 76.5278 30.2933 8
      vertex 76.5993 30.2504 8
    endloop
  endfacet
  facet normal 0.514496 0.857493 0
    outer loop
      vertex 76.5278 30.2933 8
      vertex 76.5993 30.2504 2
      vertex 76.5278 30.2933 2
    endloop
  endfacet
  facet normal 0.969931 -0.243382 0
    outer loop
      vertex 76.1663 31.1658 8
      vertex 76.1866 31.2467 2
      vertex 76.1866 31.2467 8
    endloop
  endfacet
  facet normal 0.969931 -0.243382 0
    outer loop
      vertex 76.1866 31.2467 2
      vertex 76.1663 31.1658 8
      vertex 76.1663 31.1658 2
    endloop
  endfacet
  facet normal 0.803727 0.594998 0
    outer loop
      vertex 76.3429 30.4608 8
      vertex 76.2933 30.5278 2
      vertex 76.2933 30.5278 8
    endloop
  endfacet
  facet normal 0.803727 0.594998 0
    outer loop
      vertex 76.2933 30.5278 2
      vertex 76.3429 30.4608 8
      vertex 76.3429 30.4608 2
    endloop
  endfacet
  facet normal 0.989242 0.146288 0
    outer loop
      vertex 76.1663 30.8342 8
      vertex 76.1541 30.9167 2
      vertex 76.1541 30.9167 8
    endloop
  endfacet
  facet normal 0.989242 0.146288 0
    outer loop
      vertex 76.1541 30.9167 2
      vertex 76.1663 30.8342 8
      vertex 76.1663 30.8342 2
    endloop
  endfacet
  facet normal 0.672136 0.740428 -0
    outer loop
      vertex 76.4608 30.3429 2
      vertex 76.399 30.399 8
      vertex 76.4608 30.3429 8
    endloop
  endfacet
  facet normal 0.672136 0.740428 0
    outer loop
      vertex 76.399 30.399 8
      vertex 76.4608 30.3429 2
      vertex 76.399 30.399 2
    endloop
  endfacet
  facet normal 0.803727 -0.594998 0
    outer loop
      vertex 76.2933 31.4722 8
      vertex 76.3429 31.5392 2
      vertex 76.3429 31.5392 8
    endloop
  endfacet
  facet normal 0.803727 -0.594998 0
    outer loop
      vertex 76.3429 31.5392 2
      vertex 76.2933 31.4722 8
      vertex 76.2933 31.4722 2
    endloop
  endfacet
  facet normal 0.857493 -0.514496 0
    outer loop
      vertex 76.2504 31.4007 8
      vertex 76.2933 31.4722 2
      vertex 76.2933 31.4722 8
    endloop
  endfacet
  facet normal 0.857493 -0.514496 0
    outer loop
      vertex 76.2933 31.4722 2
      vertex 76.2504 31.4007 8
      vertex 76.2504 31.4007 2
    endloop
  endfacet
  facet normal 0.0491602 0.998791 -0
    outer loop
      vertex 77 30.15 2
      vertex 76.9167 30.1541 8
      vertex 77 30.15 8
    endloop
  endfacet
  facet normal 0.0491602 0.998791 0
    outer loop
      vertex 76.9167 30.1541 8
      vertex 77 30.15 2
      vertex 76.9167 30.1541 2
    endloop
  endfacet
  facet normal 0.998791 -0.0491602 0
    outer loop
      vertex 76.15 31 8
      vertex 76.1541 31.0833 2
      vertex 76.1541 31.0833 8
    endloop
  endfacet
  facet normal 0.998791 -0.0491602 0
    outer loop
      vertex 76.1541 31.0833 2
      vertex 76.15 31 8
      vertex 76.15 31 2
    endloop
  endfacet
  facet normal -0.740428 0.672136 0
    outer loop
      vertex 77.601 30.399 2
      vertex 77.6571 30.4608 8
      vertex 77.6571 30.4608 2
    endloop
  endfacet
  facet normal -0.740428 0.672136 0
    outer loop
      vertex 77.6571 30.4608 8
      vertex 77.601 30.399 2
      vertex 77.601 30.399 8
    endloop
  endfacet
  facet normal 0.671805 -0.740728 0
    outer loop
      vertex 78.7446 75.8742 2
      vertex 78.9445 76.0555 8
      vertex 78.7446 75.8742 8
    endloop
  endfacet
  facet normal 0.671805 -0.740728 0
    outer loop
      vertex 78.9445 76.0555 8
      vertex 78.7446 75.8742 2
      vertex 78.9445 76.0555 2
    endloop
  endfacet
  facet normal 0.98918 0.14671 0
    outer loop
      vertex 79.7368 78.2695 8
      vertex 79.6972 78.5365 2
      vertex 79.6972 78.5365 8
    endloop
  endfacet
  facet normal 0.98918 0.14671 0
    outer loop
      vertex 79.6972 78.5365 2
      vertex 79.7368 78.2695 8
      vertex 79.7368 78.2695 2
    endloop
  endfacet
  facet normal 0.998803 0.0489209 0
    outer loop
      vertex 79.75 78 8
      vertex 79.7368 78.2695 2
      vertex 79.7368 78.2695 8
    endloop
  endfacet
  facet normal 0.998803 0.0489209 0
    outer loop
      vertex 79.7368 78.2695 2
      vertex 79.75 78 8
      vertex 79.75 78 2
    endloop
  endfacet
  facet normal 0.970012 0.243059 0
    outer loop
      vertex 79.6972 78.5365 8
      vertex 79.6316 78.7983 2
      vertex 79.6316 78.7983 8
    endloop
  endfacet
  facet normal 0.970012 0.243059 0
    outer loop
      vertex 79.6316 78.7983 2
      vertex 79.6972 78.5365 8
      vertex 79.6972 78.5365 2
    endloop
  endfacet
  facet normal 0.427688 -0.903926 0
    outer loop
      vertex 78.0524 75.4593 2
      vertex 78.2963 75.5747 8
      vertex 78.0524 75.4593 8
    endloop
  endfacet
  facet normal 0.427688 -0.903926 0
    outer loop
      vertex 78.2963 75.5747 8
      vertex 78.0524 75.4593 2
      vertex 78.2963 75.5747 2
    endloop
  endfacet
  facet normal -0.0489209 0.998803 0
    outer loop
      vertex 77 80.75 2
      vertex 76.7305 80.7368 8
      vertex 77 80.75 8
    endloop
  endfacet
  facet normal -0.0489209 0.998803 0
    outer loop
      vertex 76.7305 80.7368 8
      vertex 77 80.75 2
      vertex 76.7305 80.7368 2
    endloop
  endfacet
  facet normal -0.427688 0.903926 0
    outer loop
      vertex 75.9476 80.5407 2
      vertex 75.7037 80.4253 8
      vertex 75.9476 80.5407 8
    endloop
  endfacet
  facet normal -0.427688 0.903926 0
    outer loop
      vertex 75.7037 80.4253 8
      vertex 75.9476 80.5407 2
      vertex 75.7037 80.4253 2
    endloop
  endfacet
  facet normal 0.740728 0.671805 0
    outer loop
      vertex 79.1258 79.7446 8
      vertex 78.9445 79.9445 2
      vertex 78.9445 79.9445 8
    endloop
  endfacet
  facet normal 0.740728 0.671805 0
    outer loop
      vertex 78.9445 79.9445 2
      vertex 79.1258 79.7446 8
      vertex 79.1258 79.7446 2
    endloop
  endfacet
  facet normal -0.14671 -0.98918 0
    outer loop
      vertex 76.4635 75.3028 2
      vertex 76.7305 75.2632 8
      vertex 76.4635 75.3028 8
    endloop
  endfacet
  facet normal -0.14671 -0.98918 -0
    outer loop
      vertex 76.7305 75.2632 8
      vertex 76.4635 75.3028 2
      vertex 76.7305 75.2632 2
    endloop
  endfacet
  facet normal 0.427688 0.903926 -0
    outer loop
      vertex 78.2963 80.4253 2
      vertex 78.0524 80.5407 8
      vertex 78.2963 80.4253 8
    endloop
  endfacet
  facet normal 0.427688 0.903926 0
    outer loop
      vertex 78.0524 80.5407 8
      vertex 78.2963 80.4253 2
      vertex 78.0524 80.5407 2
    endloop
  endfacet
  facet normal -0.14671 0.98918 0
    outer loop
      vertex 76.7305 80.7368 2
      vertex 76.4635 80.6972 8
      vertex 76.7305 80.7368 8
    endloop
  endfacet
  facet normal -0.14671 0.98918 0
    outer loop
      vertex 76.4635 80.6972 8
      vertex 76.7305 80.7368 2
      vertex 76.4635 80.6972 2
    endloop
  endfacet
  facet normal 0.243059 -0.970012 0
    outer loop
      vertex 77.5365 75.3028 2
      vertex 77.7983 75.3684 8
      vertex 77.5365 75.3028 8
    endloop
  endfacet
  facet normal 0.243059 -0.970012 0
    outer loop
      vertex 77.7983 75.3684 8
      vertex 77.5365 75.3028 2
      vertex 77.7983 75.3684 2
    endloop
  endfacet
  facet normal -0.595485 0.803367 0
    outer loop
      vertex 75.4722 80.2865 2
      vertex 75.2554 80.1258 8
      vertex 75.4722 80.2865 8
    endloop
  endfacet
  facet normal -0.595485 0.803367 0
    outer loop
      vertex 75.2554 80.1258 8
      vertex 75.4722 80.2865 2
      vertex 75.2554 80.1258 2
    endloop
  endfacet
  facet normal -0.903926 0.427688 0
    outer loop
      vertex 74.4593 79.0524 2
      vertex 74.5747 79.2963 8
      vertex 74.5747 79.2963 2
    endloop
  endfacet
  facet normal -0.903926 0.427688 0
    outer loop
      vertex 74.5747 79.2963 8
      vertex 74.4593 79.0524 2
      vertex 74.4593 79.0524 8
    endloop
  endfacet
  facet normal -0.427688 -0.903926 0
    outer loop
      vertex 75.7037 75.5747 2
      vertex 75.9476 75.4593 8
      vertex 75.7037 75.5747 8
    endloop
  endfacet
  facet normal -0.427688 -0.903926 -0
    outer loop
      vertex 75.9476 75.4593 8
      vertex 75.7037 75.5747 2
      vertex 75.9476 75.4593 2
    endloop
  endfacet
  facet normal -0.595485 -0.803367 0
    outer loop
      vertex 75.2554 75.8742 2
      vertex 75.4722 75.7135 8
      vertex 75.2554 75.8742 8
    endloop
  endfacet
  facet normal -0.595485 -0.803367 -0
    outer loop
      vertex 75.4722 75.7135 8
      vertex 75.2554 75.8742 2
      vertex 75.4722 75.7135 2
    endloop
  endfacet
  facet normal -0.903926 -0.427688 0
    outer loop
      vertex 74.5747 76.7037 2
      vertex 74.4593 76.9476 8
      vertex 74.4593 76.9476 2
    endloop
  endfacet
  facet normal -0.903926 -0.427688 0
    outer loop
      vertex 74.4593 76.9476 8
      vertex 74.5747 76.7037 2
      vertex 74.5747 76.7037 8
    endloop
  endfacet
  facet normal 0.514223 0.857656 -0
    outer loop
      vertex 78.5278 80.2865 2
      vertex 78.2963 80.4253 8
      vertex 78.5278 80.2865 8
    endloop
  endfacet
  facet normal 0.514223 0.857656 0
    outer loop
      vertex 78.2963 80.4253 8
      vertex 78.5278 80.2865 2
      vertex 78.2963 80.4253 2
    endloop
  endfacet
  facet normal 0.595485 -0.803367 0
    outer loop
      vertex 78.5278 75.7135 2
      vertex 78.7446 75.8742 8
      vertex 78.5278 75.7135 8
    endloop
  endfacet
  facet normal 0.595485 -0.803367 0
    outer loop
      vertex 78.7446 75.8742 8
      vertex 78.5278 75.7135 2
      vertex 78.7446 75.8742 2
    endloop
  endfacet
  facet normal -0.998803 -0.0489209 0
    outer loop
      vertex 74.2632 77.7305 2
      vertex 74.25 78 8
      vertex 74.25 78 2
    endloop
  endfacet
  facet normal -0.998803 -0.0489209 0
    outer loop
      vertex 74.25 78 8
      vertex 74.2632 77.7305 2
      vertex 74.2632 77.7305 8
    endloop
  endfacet
  facet normal 0.595485 0.803367 -0
    outer loop
      vertex 78.7446 80.1258 2
      vertex 78.5278 80.2865 8
      vertex 78.7446 80.1258 8
    endloop
  endfacet
  facet normal 0.595485 0.803367 0
    outer loop
      vertex 78.5278 80.2865 8
      vertex 78.7446 80.1258 2
      vertex 78.5278 80.2865 2
    endloop
  endfacet
  facet normal 0.970012 -0.243059 0
    outer loop
      vertex 79.6316 77.2017 8
      vertex 79.6972 77.4635 2
      vertex 79.6972 77.4635 8
    endloop
  endfacet
  facet normal 0.970012 -0.243059 0
    outer loop
      vertex 79.6972 77.4635 2
      vertex 79.6316 77.2017 8
      vertex 79.6316 77.2017 2
    endloop
  endfacet
  facet normal -0.941566 -0.336829 0
    outer loop
      vertex 74.4593 76.9476 2
      vertex 74.3684 77.2017 8
      vertex 74.3684 77.2017 2
    endloop
  endfacet
  facet normal -0.941566 -0.336829 0
    outer loop
      vertex 74.3684 77.2017 8
      vertex 74.4593 76.9476 2
      vertex 74.4593 76.9476 8
    endloop
  endfacet
  facet normal 0.243059 0.970012 -0
    outer loop
      vertex 77.7983 80.6316 2
      vertex 77.5365 80.6972 8
      vertex 77.7983 80.6316 8
    endloop
  endfacet
  facet normal 0.243059 0.970012 0
    outer loop
      vertex 77.5365 80.6972 8
      vertex 77.7983 80.6316 2
      vertex 77.5365 80.6972 2
    endloop
  endfacet
  facet normal -0.740728 0.671805 0
    outer loop
      vertex 74.8742 79.7446 2
      vertex 75.0555 79.9445 8
      vertex 75.0555 79.9445 2
    endloop
  endfacet
  facet normal -0.740728 0.671805 0
    outer loop
      vertex 75.0555 79.9445 8
      vertex 74.8742 79.7446 2
      vertex 74.8742 79.7446 8
    endloop
  endfacet
  facet normal 0.0489209 -0.998803 0
    outer loop
      vertex 77 75.25 2
      vertex 77.2695 75.2632 8
      vertex 77 75.25 8
    endloop
  endfacet
  facet normal 0.0489209 -0.998803 0
    outer loop
      vertex 77.2695 75.2632 8
      vertex 77 75.25 2
      vertex 77.2695 75.2632 2
    endloop
  endfacet
  facet normal 0.803367 0.595485 0
    outer loop
      vertex 79.2865 79.5278 8
      vertex 79.1258 79.7446 2
      vertex 79.1258 79.7446 8
    endloop
  endfacet
  facet normal 0.803367 0.595485 0
    outer loop
      vertex 79.1258 79.7446 2
      vertex 79.2865 79.5278 8
      vertex 79.2865 79.5278 2
    endloop
  endfacet
  facet normal -0.970012 -0.243059 0
    outer loop
      vertex 74.3684 77.2017 2
      vertex 74.3028 77.4635 8
      vertex 74.3028 77.4635 2
    endloop
  endfacet
  facet normal -0.970012 -0.243059 0
    outer loop
      vertex 74.3028 77.4635 8
      vertex 74.3684 77.2017 2
      vertex 74.3684 77.2017 8
    endloop
  endfacet
  facet normal 0.98918 -0.14671 0
    outer loop
      vertex 79.6972 77.4635 8
      vertex 79.7368 77.7305 2
      vertex 79.7368 77.7305 8
    endloop
  endfacet
  facet normal 0.98918 -0.14671 0
    outer loop
      vertex 79.7368 77.7305 2
      vertex 79.6972 77.4635 8
      vertex 79.6972 77.4635 2
    endloop
  endfacet
  facet normal 0.514223 -0.857656 0
    outer loop
      vertex 78.2963 75.5747 2
      vertex 78.5278 75.7135 8
      vertex 78.2963 75.5747 8
    endloop
  endfacet
  facet normal 0.514223 -0.857656 0
    outer loop
      vertex 78.5278 75.7135 8
      vertex 78.2963 75.5747 2
      vertex 78.5278 75.7135 2
    endloop
  endfacet
  facet normal -0.941566 0.336829 0
    outer loop
      vertex 74.3684 78.7983 2
      vertex 74.4593 79.0524 8
      vertex 74.4593 79.0524 2
    endloop
  endfacet
  facet normal -0.941566 0.336829 0
    outer loop
      vertex 74.4593 79.0524 8
      vertex 74.3684 78.7983 2
      vertex 74.3684 78.7983 8
    endloop
  endfacet
  facet normal 0.671805 0.740728 -0
    outer loop
      vertex 78.9445 79.9445 2
      vertex 78.7446 80.1258 8
      vertex 78.9445 79.9445 8
    endloop
  endfacet
  facet normal 0.671805 0.740728 0
    outer loop
      vertex 78.7446 80.1258 8
      vertex 78.9445 79.9445 2
      vertex 78.7446 80.1258 2
    endloop
  endfacet
  facet normal -0.98918 0.14671 0
    outer loop
      vertex 74.2632 78.2695 2
      vertex 74.3028 78.5365 8
      vertex 74.3028 78.5365 2
    endloop
  endfacet
  facet normal -0.98918 0.14671 0
    outer loop
      vertex 74.3028 78.5365 8
      vertex 74.2632 78.2695 2
      vertex 74.2632 78.2695 8
    endloop
  endfacet
  facet normal 0.903926 -0.427688 0
    outer loop
      vertex 79.4253 76.7037 8
      vertex 79.5407 76.9476 2
      vertex 79.5407 76.9476 8
    endloop
  endfacet
  facet normal 0.903926 -0.427688 0
    outer loop
      vertex 79.5407 76.9476 2
      vertex 79.4253 76.7037 8
      vertex 79.4253 76.7037 2
    endloop
  endfacet
  facet normal 0.998803 -0.0489209 0
    outer loop
      vertex 79.7368 77.7305 8
      vertex 79.75 78 2
      vertex 79.75 78 8
    endloop
  endfacet
  facet normal 0.998803 -0.0489209 0
    outer loop
      vertex 79.75 78 2
      vertex 79.7368 77.7305 8
      vertex 79.7368 77.7305 2
    endloop
  endfacet
  facet normal 0.14671 -0.98918 0
    outer loop
      vertex 77.2695 75.2632 2
      vertex 77.5365 75.3028 8
      vertex 77.2695 75.2632 8
    endloop
  endfacet
  facet normal 0.14671 -0.98918 0
    outer loop
      vertex 77.5365 75.3028 8
      vertex 77.2695 75.2632 2
      vertex 77.5365 75.3028 2
    endloop
  endfacet
  facet normal 0.941566 0.336829 0
    outer loop
      vertex 79.6316 78.7983 8
      vertex 79.5407 79.0524 2
      vertex 79.5407 79.0524 8
    endloop
  endfacet
  facet normal 0.941566 0.336829 0
    outer loop
      vertex 79.5407 79.0524 2
      vertex 79.6316 78.7983 8
      vertex 79.6316 78.7983 2
    endloop
  endfacet
  facet normal 0.803367 -0.595485 0
    outer loop
      vertex 79.1258 76.2554 8
      vertex 79.2865 76.4722 2
      vertex 79.2865 76.4722 8
    endloop
  endfacet
  facet normal 0.803367 -0.595485 0
    outer loop
      vertex 79.2865 76.4722 2
      vertex 79.1258 76.2554 8
      vertex 79.1258 76.2554 2
    endloop
  endfacet
  facet normal 0.857656 -0.514223 0
    outer loop
      vertex 79.2865 76.4722 8
      vertex 79.4253 76.7037 2
      vertex 79.4253 76.7037 8
    endloop
  endfacet
  facet normal 0.857656 -0.514223 0
    outer loop
      vertex 79.4253 76.7037 2
      vertex 79.2865 76.4722 8
      vertex 79.2865 76.4722 2
    endloop
  endfacet
  facet normal -0.243059 0.970012 0
    outer loop
      vertex 76.4635 80.6972 2
      vertex 76.2017 80.6316 8
      vertex 76.4635 80.6972 8
    endloop
  endfacet
  facet normal -0.243059 0.970012 0
    outer loop
      vertex 76.2017 80.6316 8
      vertex 76.4635 80.6972 2
      vertex 76.2017 80.6316 2
    endloop
  endfacet
  facet normal 0.941566 -0.336829 0
    outer loop
      vertex 79.5407 76.9476 8
      vertex 79.6316 77.2017 2
      vertex 79.6316 77.2017 8
    endloop
  endfacet
  facet normal 0.941566 -0.336829 0
    outer loop
      vertex 79.6316 77.2017 2
      vertex 79.5407 76.9476 8
      vertex 79.5407 76.9476 2
    endloop
  endfacet
  facet normal 0.0489209 0.998803 -0
    outer loop
      vertex 77.2695 80.7368 2
      vertex 77 80.75 8
      vertex 77.2695 80.7368 8
    endloop
  endfacet
  facet normal 0.0489209 0.998803 0
    outer loop
      vertex 77 80.75 8
      vertex 77.2695 80.7368 2
      vertex 77 80.75 2
    endloop
  endfacet
  facet normal -0.514223 0.857656 0
    outer loop
      vertex 75.7037 80.4253 2
      vertex 75.4722 80.2865 8
      vertex 75.7037 80.4253 8
    endloop
  endfacet
  facet normal -0.514223 0.857656 0
    outer loop
      vertex 75.4722 80.2865 8
      vertex 75.7037 80.4253 2
      vertex 75.4722 80.2865 2
    endloop
  endfacet
  facet normal 0.903926 0.427688 0
    outer loop
      vertex 79.5407 79.0524 8
      vertex 79.4253 79.2963 2
      vertex 79.4253 79.2963 8
    endloop
  endfacet
  facet normal 0.903926 0.427688 0
    outer loop
      vertex 79.4253 79.2963 2
      vertex 79.5407 79.0524 8
      vertex 79.5407 79.0524 2
    endloop
  endfacet
  facet normal 0.14671 0.98918 -0
    outer loop
      vertex 77.5365 80.6972 2
      vertex 77.2695 80.7368 8
      vertex 77.5365 80.6972 8
    endloop
  endfacet
  facet normal 0.14671 0.98918 0
    outer loop
      vertex 77.2695 80.7368 8
      vertex 77.5365 80.6972 2
      vertex 77.2695 80.7368 2
    endloop
  endfacet
  facet normal -0.243059 -0.970012 0
    outer loop
      vertex 76.2017 75.3684 2
      vertex 76.4635 75.3028 8
      vertex 76.2017 75.3684 8
    endloop
  endfacet
  facet normal -0.243059 -0.970012 -0
    outer loop
      vertex 76.4635 75.3028 8
      vertex 76.2017 75.3684 2
      vertex 76.4635 75.3028 2
    endloop
  endfacet
  facet normal -0.857656 -0.514223 0
    outer loop
      vertex 74.7135 76.4722 2
      vertex 74.5747 76.7037 8
      vertex 74.5747 76.7037 2
    endloop
  endfacet
  facet normal -0.857656 -0.514223 0
    outer loop
      vertex 74.5747 76.7037 8
      vertex 74.7135 76.4722 2
      vertex 74.7135 76.4722 8
    endloop
  endfacet
  facet normal 0.857656 0.514223 0
    outer loop
      vertex 79.4253 79.2963 8
      vertex 79.2865 79.5278 2
      vertex 79.2865 79.5278 8
    endloop
  endfacet
  facet normal 0.857656 0.514223 0
    outer loop
      vertex 79.2865 79.5278 2
      vertex 79.4253 79.2963 8
      vertex 79.4253 79.2963 2
    endloop
  endfacet
  facet normal -0.336829 0.941566 0
    outer loop
      vertex 76.2017 80.6316 2
      vertex 75.9476 80.5407 8
      vertex 76.2017 80.6316 8
    endloop
  endfacet
  facet normal -0.336829 0.941566 0
    outer loop
      vertex 75.9476 80.5407 8
      vertex 76.2017 80.6316 2
      vertex 75.9476 80.5407 2
    endloop
  endfacet
  facet normal -0.740728 -0.671805 0
    outer loop
      vertex 75.0555 76.0555 2
      vertex 74.8742 76.2554 8
      vertex 74.8742 76.2554 2
    endloop
  endfacet
  facet normal -0.740728 -0.671805 0
    outer loop
      vertex 74.8742 76.2554 8
      vertex 75.0555 76.0555 2
      vertex 75.0555 76.0555 8
    endloop
  endfacet
  facet normal -0.671805 0.740728 0
    outer loop
      vertex 75.2554 80.1258 2
      vertex 75.0555 79.9445 8
      vertex 75.2554 80.1258 8
    endloop
  endfacet
  facet normal -0.671805 0.740728 0
    outer loop
      vertex 75.0555 79.9445 8
      vertex 75.2554 80.1258 2
      vertex 75.0555 79.9445 2
    endloop
  endfacet
  facet normal 0.336829 0.941566 -0
    outer loop
      vertex 78.0524 80.5407 2
      vertex 77.7983 80.6316 8
      vertex 78.0524 80.5407 8
    endloop
  endfacet
  facet normal 0.336829 0.941566 0
    outer loop
      vertex 77.7983 80.6316 8
      vertex 78.0524 80.5407 2
      vertex 77.7983 80.6316 2
    endloop
  endfacet
  facet normal -0.514223 -0.857656 0
    outer loop
      vertex 75.4722 75.7135 2
      vertex 75.7037 75.5747 8
      vertex 75.4722 75.7135 8
    endloop
  endfacet
  facet normal -0.514223 -0.857656 -0
    outer loop
      vertex 75.7037 75.5747 8
      vertex 75.4722 75.7135 2
      vertex 75.7037 75.5747 2
    endloop
  endfacet
  facet normal -0.970012 0.243059 0
    outer loop
      vertex 74.3028 78.5365 2
      vertex 74.3684 78.7983 8
      vertex 74.3684 78.7983 2
    endloop
  endfacet
  facet normal -0.970012 0.243059 0
    outer loop
      vertex 74.3684 78.7983 8
      vertex 74.3028 78.5365 2
      vertex 74.3028 78.5365 8
    endloop
  endfacet
  facet normal 0.336829 -0.941566 0
    outer loop
      vertex 77.7983 75.3684 2
      vertex 78.0524 75.4593 8
      vertex 77.7983 75.3684 8
    endloop
  endfacet
  facet normal 0.336829 -0.941566 0
    outer loop
      vertex 78.0524 75.4593 8
      vertex 77.7983 75.3684 2
      vertex 78.0524 75.4593 2
    endloop
  endfacet
  facet normal -0.803367 -0.595485 0
    outer loop
      vertex 74.8742 76.2554 2
      vertex 74.7135 76.4722 8
      vertex 74.7135 76.4722 2
    endloop
  endfacet
  facet normal -0.803367 -0.595485 0
    outer loop
      vertex 74.7135 76.4722 8
      vertex 74.8742 76.2554 2
      vertex 74.8742 76.2554 8
    endloop
  endfacet
  facet normal -0.98918 -0.14671 0
    outer loop
      vertex 74.3028 77.4635 2
      vertex 74.2632 77.7305 8
      vertex 74.2632 77.7305 2
    endloop
  endfacet
  facet normal -0.98918 -0.14671 0
    outer loop
      vertex 74.2632 77.7305 8
      vertex 74.3028 77.4635 2
      vertex 74.3028 77.4635 8
    endloop
  endfacet
  facet normal -0.671805 -0.740728 0
    outer loop
      vertex 75.0555 76.0555 2
      vertex 75.2554 75.8742 8
      vertex 75.0555 76.0555 8
    endloop
  endfacet
  facet normal -0.671805 -0.740728 -0
    outer loop
      vertex 75.2554 75.8742 8
      vertex 75.0555 76.0555 2
      vertex 75.2554 75.8742 2
    endloop
  endfacet
  facet normal -0.803367 0.595485 0
    outer loop
      vertex 74.7135 79.5278 2
      vertex 74.8742 79.7446 8
      vertex 74.8742 79.7446 2
    endloop
  endfacet
  facet normal -0.803367 0.595485 0
    outer loop
      vertex 74.8742 79.7446 8
      vertex 74.7135 79.5278 2
      vertex 74.7135 79.5278 8
    endloop
  endfacet
  facet normal -0.857656 0.514223 0
    outer loop
      vertex 74.5747 79.2963 2
      vertex 74.7135 79.5278 8
      vertex 74.7135 79.5278 2
    endloop
  endfacet
  facet normal -0.857656 0.514223 0
    outer loop
      vertex 74.7135 79.5278 8
      vertex 74.5747 79.2963 2
      vertex 74.5747 79.2963 8
    endloop
  endfacet
  facet normal 0 0 1
    outer loop
      vertex 77.85 78 8
      vertex 79.75 78 8
      vertex 79.7368 78.2695 8
    endloop
  endfacet
  facet normal 0 0 1
    outer loop
      vertex 77.8459 78.0833 8
      vertex 79.7368 78.2695 8
      vertex 79.6972 78.5365 8
    endloop
  endfacet
  facet normal 0 0 1
    outer loop
      vertex 79.75 78 8
      vertex 77.85 78 8
      vertex 79.7368 77.7305 8
    endloop
  endfacet
  facet normal 0 0 1
    outer loop
      vertex 77.8337 78.1658 8
      vertex 79.6972 78.5365 8
      vertex 79.6316 78.7983 8
    endloop
  endfacet
  facet normal -0 0 1
    outer loop
      vertex 77.8459 77.9167 8
      vertex 79.7368 77.7305 8
      vertex 77.85 78 8
    endloop
  endfacet
  facet normal 0 0 1
    outer loop
      vertex 77.8134 78.2467 8
      vertex 79.6316 78.7983 8
      vertex 79.5407 79.0524 8
    endloop
  endfacet
  facet normal 0 0 1
    outer loop
      vertex 79.7368 77.7305 8
      vertex 77.8459 77.9167 8
      vertex 79.6972 77.4635 8
    endloop
  endfacet
  facet normal 0 0 1
    outer loop
      vertex 77.7853 78.3253 8
      vertex 79.5407 79.0524 8
      vertex 79.4253 79.2963 8
    endloop
  endfacet
  facet normal -0 0 1
    outer loop
      vertex 77.8337 77.8342 8
      vertex 79.6972 77.4635 8
      vertex 77.8459 77.9167 8
    endloop
  endfacet
  facet normal 0 0 1
    outer loop
      vertex 77.7496 78.4007 8
      vertex 79.4253 79.2963 8
      vertex 79.2865 79.5278 8
    endloop
  endfacet
  facet normal 0 0 1
    outer loop
      vertex 79.6972 77.4635 8
      vertex 77.8337 77.8342 8
      vertex 79.6316 77.2017 8
    endloop
  endfacet
  facet normal 0 0 1
    outer loop
      vertex 77.7067 78.4722 8
      vertex 79.2865 79.5278 8
      vertex 79.1258 79.7446 8
    endloop
  endfacet
  facet normal -0 0 1
    outer loop
      vertex 77.8134 77.7533 8
      vertex 79.6316 77.2017 8
      vertex 77.8337 77.8342 8
    endloop
  endfacet
  facet normal 0 0 1
    outer loop
      vertex 77.6571 78.5392 8
      vertex 79.1258 79.7446 8
      vertex 78.9445 79.9445 8
    endloop
  endfacet
  facet normal 0 0 1
    outer loop
      vertex 79.6316 77.2017 8
      vertex 77.8134 77.7533 8
      vertex 79.5407 76.9476 8
    endloop
  endfacet
  facet normal 0 0 1
    outer loop
      vertex 77.601 78.601 8
      vertex 78.9445 79.9445 8
      vertex 78.7446 80.1258 8
    endloop
  endfacet
  facet normal -0 0 1
    outer loop
      vertex 77.7853 77.6747 8
      vertex 79.5407 76.9476 8
      vertex 77.8134 77.7533 8
    endloop
  endfacet
  facet normal 0 0 1
    outer loop
      vertex 77.5392 78.6571 8
      vertex 78.7446 80.1258 8
      vertex 78.5278 80.2865 8
    endloop
  endfacet
  facet normal 0 0 1
    outer loop
      vertex 79.5407 76.9476 8
      vertex 77.7853 77.6747 8
      vertex 79.4253 76.7037 8
    endloop
  endfacet
  facet normal 0 0 1
    outer loop
      vertex 77.4722 78.7067 8
      vertex 78.5278 80.2865 8
      vertex 78.2963 80.4253 8
    endloop
  endfacet
  facet normal -0 0 1
    outer loop
      vertex 77.7496 77.5993 8
      vertex 79.4253 76.7037 8
      vertex 77.7853 77.6747 8
    endloop
  endfacet
  facet normal 0 0 1
    outer loop
      vertex 77.4007 78.7496 8
      vertex 78.2963 80.4253 8
      vertex 78.0524 80.5407 8
    endloop
  endfacet
  facet normal 0 0 1
    outer loop
      vertex 79.4253 76.7037 8
      vertex 77.7496 77.5993 8
      vertex 79.2865 76.4722 8
    endloop
  endfacet
  facet normal -0 0 1
    outer loop
      vertex 77.7067 77.5278 8
      vertex 79.2865 76.4722 8
      vertex 77.7496 77.5993 8
    endloop
  endfacet
  facet normal 0 0 1
    outer loop
      vertex 79.7368 78.2695 8
      vertex 77.8459 78.0833 8
      vertex 77.85 78 8
    endloop
  endfacet
  facet normal 0 0 1
    outer loop
      vertex 79.6972 78.5365 8
      vertex 77.8337 78.1658 8
      vertex 77.8459 78.0833 8
    endloop
  endfacet
  facet normal 0 0 1
    outer loop
      vertex 79.6316 78.7983 8
      vertex 77.8134 78.2467 8
      vertex 77.8337 78.1658 8
    endloop
  endfacet
  facet normal 0 0 1
    outer loop
      vertex 77.3253 78.7853 8
      vertex 78.0524 80.5407 8
      vertex 77.7983 80.6316 8
    endloop
  endfacet
  facet normal 0 0 1
    outer loop
      vertex 79.5407 79.0524 8
      vertex 77.7853 78.3253 8
      vertex 77.8134 78.2467 8
    endloop
  endfacet
  facet normal 0 0 1
    outer loop
      vertex 79.4253 79.2963 8
      vertex 77.7496 78.4007 8
      vertex 77.7853 78.3253 8
    endloop
  endfacet
  facet normal 0 0 1
    outer loop
      vertex 79.2865 79.5278 8
      vertex 77.7067 78.4722 8
      vertex 77.7496 78.4007 8
    endloop
  endfacet
  facet normal 0 0 1
    outer loop
      vertex 79.1258 79.7446 8
      vertex 77.6571 78.5392 8
      vertex 77.7067 78.4722 8
    endloop
  endfacet
  facet normal 0 0 1
    outer loop
      vertex 78.9445 79.9445 8
      vertex 77.601 78.601 8
      vertex 77.6571 78.5392 8
    endloop
  endfacet
  facet normal 0 0 1
    outer loop
      vertex 78.7446 80.1258 8
      vertex 77.5392 78.6571 8
      vertex 77.601 78.601 8
    endloop
  endfacet
  facet normal 0 0 1
    outer loop
      vertex 77.2467 78.8134 8
      vertex 77.7983 80.6316 8
      vertex 77.5365 80.6972 8
    endloop
  endfacet
  facet normal 0 0 1
    outer loop
      vertex 78.5278 80.2865 8
      vertex 77.4722 78.7067 8
      vertex 77.5392 78.6571 8
    endloop
  endfacet
  facet normal 0 0 1
    outer loop
      vertex 78.2963 80.4253 8
      vertex 77.4007 78.7496 8
      vertex 77.4722 78.7067 8
    endloop
  endfacet
  facet normal 0 0 1
    outer loop
      vertex 78.0524 80.5407 8
      vertex 77.3253 78.7853 8
      vertex 77.4007 78.7496 8
    endloop
  endfacet
  facet normal 0 0 1
    outer loop
      vertex 77.1658 78.8337 8
      vertex 77.5365 80.6972 8
      vertex 77.2695 80.7368 8
    endloop
  endfacet
  facet normal 0 0 1
    outer loop
      vertex 77.7983 80.6316 8
      vertex 77.2467 78.8134 8
      vertex 77.3253 78.7853 8
    endloop
  endfacet
  facet normal 0 0 1
    outer loop
      vertex 77.5365 80.6972 8
      vertex 77.1658 78.8337 8
      vertex 77.2467 78.8134 8
    endloop
  endfacet
  facet normal 0 0 1
    outer loop
      vertex 77.2695 80.7368 8
      vertex 77.0833 78.8459 8
      vertex 77.1658 78.8337 8
    endloop
  endfacet
  facet normal 0 0 1
    outer loop
      vertex 77 80.75 8
      vertex 77.0833 78.8459 8
      vertex 77.2695 80.7368 8
    endloop
  endfacet
  facet normal 0 0 1
    outer loop
      vertex 77 80.75 8
      vertex 77 78.85 8
      vertex 77.0833 78.8459 8
    endloop
  endfacet
  facet normal 0 0 1
    outer loop
      vertex 77 80.75 8
      vertex 76.9167 78.8459 8
      vertex 77 78.85 8
    endloop
  endfacet
  facet normal -0 0 1
    outer loop
      vertex 76.7305 80.7368 8
      vertex 76.9167 78.8459 8
      vertex 77 80.75 8
    endloop
  endfacet
  facet normal 0 0 1
    outer loop
      vertex 76.9167 78.8459 8
      vertex 76.7305 80.7368 8
      vertex 76.8342 78.8337 8
    endloop
  endfacet
  facet normal -0 0 1
    outer loop
      vertex 76.4635 80.6972 8
      vertex 76.8342 78.8337 8
      vertex 76.7305 80.7368 8
    endloop
  endfacet
  facet normal 0 0 1
    outer loop
      vertex 76.8342 78.8337 8
      vertex 76.4635 80.6972 8
      vertex 76.7533 78.8134 8
    endloop
  endfacet
  facet normal -0 0 1
    outer loop
      vertex 76.2017 80.6316 8
      vertex 76.7533 78.8134 8
      vertex 76.4635 80.6972 8
    endloop
  endfacet
  facet normal 0 0 1
    outer loop
      vertex 76.7533 78.8134 8
      vertex 76.2017 80.6316 8
      vertex 76.6747 78.7853 8
    endloop
  endfacet
  facet normal -0 0 1
    outer loop
      vertex 75.9476 80.5407 8
      vertex 76.6747 78.7853 8
      vertex 76.2017 80.6316 8
    endloop
  endfacet
  facet normal 0 0 1
    outer loop
      vertex 76.6747 78.7853 8
      vertex 75.9476 80.5407 8
      vertex 76.5993 78.7496 8
    endloop
  endfacet
  facet normal -0 0 1
    outer loop
      vertex 75.7037 80.4253 8
      vertex 76.5993 78.7496 8
      vertex 75.9476 80.5407 8
    endloop
  endfacet
  facet normal 0 0 1
    outer loop
      vertex 76.5993 78.7496 8
      vertex 75.7037 80.4253 8
      vertex 76.5278 78.7067 8
    endloop
  endfacet
  facet normal -0 0 1
    outer loop
      vertex 75.4722 80.2865 8
      vertex 76.5278 78.7067 8
      vertex 75.7037 80.4253 8
    endloop
  endfacet
  facet normal 0 0 1
    outer loop
      vertex 76.5278 78.7067 8
      vertex 75.4722 80.2865 8
      vertex 76.4608 78.6571 8
    endloop
  endfacet
  facet normal -0 0 1
    outer loop
      vertex 75.2554 80.1258 8
      vertex 76.4608 78.6571 8
      vertex 75.4722 80.2865 8
    endloop
  endfacet
  facet normal 0 0 1
    outer loop
      vertex 76.4608 78.6571 8
      vertex 75.2554 80.1258 8
      vertex 76.399 78.601 8
    endloop
  endfacet
  facet normal -0 0 1
    outer loop
      vertex 75.0555 79.9445 8
      vertex 76.399 78.601 8
      vertex 75.2554 80.1258 8
    endloop
  endfacet
  facet normal 0 0 1
    outer loop
      vertex 76.399 78.601 8
      vertex 75.0555 79.9445 8
      vertex 76.3429 78.5392 8
    endloop
  endfacet
  facet normal -0 0 1
    outer loop
      vertex 74.8742 79.7446 8
      vertex 76.3429 78.5392 8
      vertex 75.0555 79.9445 8
    endloop
  endfacet
  facet normal 0 0 1
    outer loop
      vertex 76.3429 78.5392 8
      vertex 74.8742 79.7446 8
      vertex 76.2933 78.4722 8
    endloop
  endfacet
  facet normal -0 0 1
    outer loop
      vertex 74.7135 79.5278 8
      vertex 76.2933 78.4722 8
      vertex 74.8742 79.7446 8
    endloop
  endfacet
  facet normal 0 0 1
    outer loop
      vertex 79.2865 76.4722 8
      vertex 77.7067 77.5278 8
      vertex 79.1258 76.2554 8
    endloop
  endfacet
  facet normal -0 0 1
    outer loop
      vertex 77.6571 77.4608 8
      vertex 79.1258 76.2554 8
      vertex 77.7067 77.5278 8
    endloop
  endfacet
  facet normal 0 0 1
    outer loop
      vertex 79.1258 76.2554 8
      vertex 77.6571 77.4608 8
      vertex 78.9445 76.0555 8
    endloop
  endfacet
  facet normal -0 0 1
    outer loop
      vertex 77.601 77.399 8
      vertex 78.9445 76.0555 8
      vertex 77.6571 77.4608 8
    endloop
  endfacet
  facet normal 0 0 1
    outer loop
      vertex 78.9445 76.0555 8
      vertex 77.601 77.399 8
      vertex 78.7446 75.8742 8
    endloop
  endfacet
  facet normal -0 0 1
    outer loop
      vertex 77.5392 77.3429 8
      vertex 78.7446 75.8742 8
      vertex 77.601 77.399 8
    endloop
  endfacet
  facet normal 0 0 1
    outer loop
      vertex 78.7446 75.8742 8
      vertex 77.5392 77.3429 8
      vertex 78.5278 75.7135 8
    endloop
  endfacet
  facet normal -0 0 1
    outer loop
      vertex 77.4722 77.2933 8
      vertex 78.5278 75.7135 8
      vertex 77.5392 77.3429 8
    endloop
  endfacet
  facet normal 0 0 1
    outer loop
      vertex 78.5278 75.7135 8
      vertex 77.4722 77.2933 8
      vertex 78.2963 75.5747 8
    endloop
  endfacet
  facet normal -0 0 1
    outer loop
      vertex 77.4007 77.2504 8
      vertex 78.2963 75.5747 8
      vertex 77.4722 77.2933 8
    endloop
  endfacet
  facet normal 0 0 1
    outer loop
      vertex 78.2963 75.5747 8
      vertex 77.4007 77.2504 8
      vertex 78.0524 75.4593 8
    endloop
  endfacet
  facet normal -0 0 1
    outer loop
      vertex 77.3253 77.2147 8
      vertex 78.0524 75.4593 8
      vertex 77.4007 77.2504 8
    endloop
  endfacet
  facet normal 0 0 1
    outer loop
      vertex 78.0524 75.4593 8
      vertex 77.3253 77.2147 8
      vertex 77.7983 75.3684 8
    endloop
  endfacet
  facet normal -0 0 1
    outer loop
      vertex 77.2467 77.1866 8
      vertex 77.7983 75.3684 8
      vertex 77.3253 77.2147 8
    endloop
  endfacet
  facet normal 0 0 1
    outer loop
      vertex 77.7983 75.3684 8
      vertex 77.2467 77.1866 8
      vertex 77.5365 75.3028 8
    endloop
  endfacet
  facet normal -0 0 1
    outer loop
      vertex 77.1658 77.1663 8
      vertex 77.5365 75.3028 8
      vertex 77.2467 77.1866 8
    endloop
  endfacet
  facet normal 0 0 1
    outer loop
      vertex 77.5365 75.3028 8
      vertex 77.1658 77.1663 8
      vertex 77.2695 75.2632 8
    endloop
  endfacet
  facet normal -0 0 1
    outer loop
      vertex 77.0833 77.1541 8
      vertex 77.2695 75.2632 8
      vertex 77.1658 77.1663 8
    endloop
  endfacet
  facet normal -0 0 1
    outer loop
      vertex 77 77.15 8
      vertex 77.2695 75.2632 8
      vertex 77.0833 77.1541 8
    endloop
  endfacet
  facet normal 0 0 1
    outer loop
      vertex 77 77.15 8
      vertex 77 75.25 8
      vertex 77.2695 75.2632 8
    endloop
  endfacet
  facet normal 0 0 1
    outer loop
      vertex 76.9167 77.1541 8
      vertex 77 75.25 8
      vertex 77 77.15 8
    endloop
  endfacet
  facet normal 0 0 1
    outer loop
      vertex 76.7305 75.2632 8
      vertex 76.9167 77.1541 8
      vertex 76.8342 77.1663 8
    endloop
  endfacet
  facet normal 0 0 1
    outer loop
      vertex 76.4635 75.3028 8
      vertex 76.8342 77.1663 8
      vertex 76.7533 77.1866 8
    endloop
  endfacet
  facet normal 0 0 1
    outer loop
      vertex 76.9167 77.1541 8
      vertex 76.7305 75.2632 8
      vertex 77 75.25 8
    endloop
  endfacet
  facet normal 0 0 1
    outer loop
      vertex 76.2017 75.3684 8
      vertex 76.7533 77.1866 8
      vertex 76.6747 77.2147 8
    endloop
  endfacet
  facet normal 0 0 1
    outer loop
      vertex 75.9476 75.4593 8
      vertex 76.6747 77.2147 8
      vertex 76.5993 77.2504 8
    endloop
  endfacet
  facet normal 0 0 1
    outer loop
      vertex 75.7037 75.5747 8
      vertex 76.5993 77.2504 8
      vertex 76.5278 77.2933 8
    endloop
  endfacet
  facet normal 0 0 1
    outer loop
      vertex 76.8342 77.1663 8
      vertex 76.4635 75.3028 8
      vertex 76.7305 75.2632 8
    endloop
  endfacet
  facet normal 0 0 1
    outer loop
      vertex 75.4722 75.7135 8
      vertex 76.5278 77.2933 8
      vertex 76.4608 77.3429 8
    endloop
  endfacet
  facet normal 0 0 1
    outer loop
      vertex 75.2554 75.8742 8
      vertex 76.4608 77.3429 8
      vertex 76.399 77.399 8
    endloop
  endfacet
  facet normal 0 0 1
    outer loop
      vertex 75.0555 76.0555 8
      vertex 76.399 77.399 8
      vertex 76.3429 77.4608 8
    endloop
  endfacet
  facet normal 0 0 1
    outer loop
      vertex 74.8742 76.2554 8
      vertex 76.3429 77.4608 8
      vertex 76.2933 77.5278 8
    endloop
  endfacet
  facet normal 0 0 1
    outer loop
      vertex 74.7135 76.4722 8
      vertex 76.2933 77.5278 8
      vertex 76.2504 77.5993 8
    endloop
  endfacet
  facet normal 0 0 1
    outer loop
      vertex 74.5747 76.7037 8
      vertex 76.2504 77.5993 8
      vertex 76.2147 77.6747 8
    endloop
  endfacet
  facet normal 0 0 1
    outer loop
      vertex 76.7533 77.1866 8
      vertex 76.2017 75.3684 8
      vertex 76.4635 75.3028 8
    endloop
  endfacet
  facet normal 0 0 1
    outer loop
      vertex 74.4593 76.9476 8
      vertex 76.2147 77.6747 8
      vertex 76.1866 77.7533 8
    endloop
  endfacet
  facet normal 0 0 1
    outer loop
      vertex 74.3684 77.2017 8
      vertex 76.1866 77.7533 8
      vertex 76.1663 77.8342 8
    endloop
  endfacet
  facet normal 0 0 1
    outer loop
      vertex 74.3028 77.4635 8
      vertex 76.1663 77.8342 8
      vertex 76.1541 77.9167 8
    endloop
  endfacet
  facet normal 0 0 1
    outer loop
      vertex 74.2632 77.7305 8
      vertex 76.1541 77.9167 8
      vertex 76.15 78 8
    endloop
  endfacet
  facet normal 0 0 1
    outer loop
      vertex 76.2933 78.4722 8
      vertex 74.7135 79.5278 8
      vertex 76.2504 78.4007 8
    endloop
  endfacet
  facet normal 0 0 1
    outer loop
      vertex 76.6747 77.2147 8
      vertex 75.9476 75.4593 8
      vertex 76.2017 75.3684 8
    endloop
  endfacet
  facet normal -0 0 1
    outer loop
      vertex 74.5747 79.2963 8
      vertex 76.2504 78.4007 8
      vertex 74.7135 79.5278 8
    endloop
  endfacet
  facet normal 0 0 1
    outer loop
      vertex 76.5993 77.2504 8
      vertex 75.7037 75.5747 8
      vertex 75.9476 75.4593 8
    endloop
  endfacet
  facet normal 0 0 1
    outer loop
      vertex 76.2504 78.4007 8
      vertex 74.5747 79.2963 8
      vertex 76.2147 78.3253 8
    endloop
  endfacet
  facet normal 0 0 1
    outer loop
      vertex 76.5278 77.2933 8
      vertex 75.4722 75.7135 8
      vertex 75.7037 75.5747 8
    endloop
  endfacet
  facet normal -0 0 1
    outer loop
      vertex 74.4593 79.0524 8
      vertex 76.2147 78.3253 8
      vertex 74.5747 79.2963 8
    endloop
  endfacet
  facet normal 0 0 1
    outer loop
      vertex 76.4608 77.3429 8
      vertex 75.2554 75.8742 8
      vertex 75.4722 75.7135 8
    endloop
  endfacet
  facet normal 0 0 1
    outer loop
      vertex 76.2147 78.3253 8
      vertex 74.4593 79.0524 8
      vertex 76.1866 78.2467 8
    endloop
  endfacet
  facet normal 0 0 1
    outer loop
      vertex 76.399 77.399 8
      vertex 75.0555 76.0555 8
      vertex 75.2554 75.8742 8
    endloop
  endfacet
  facet normal -0 0 1
    outer loop
      vertex 74.3684 78.7983 8
      vertex 76.1866 78.2467 8
      vertex 74.4593 79.0524 8
    endloop
  endfacet
  facet normal 0 0 1
    outer loop
      vertex 76.3429 77.4608 8
      vertex 74.8742 76.2554 8
      vertex 75.0555 76.0555 8
    endloop
  endfacet
  facet normal 0 0 1
    outer loop
      vertex 76.1866 78.2467 8
      vertex 74.3684 78.7983 8
      vertex 76.1663 78.1658 8
    endloop
  endfacet
  facet normal 0 0 1
    outer loop
      vertex 76.2933 77.5278 8
      vertex 74.7135 76.4722 8
      vertex 74.8742 76.2554 8
    endloop
  endfacet
  facet normal -0 0 1
    outer loop
      vertex 74.3028 78.5365 8
      vertex 76.1663 78.1658 8
      vertex 74.3684 78.7983 8
    endloop
  endfacet
  facet normal 0 0 1
    outer loop
      vertex 76.2504 77.5993 8
      vertex 74.5747 76.7037 8
      vertex 74.7135 76.4722 8
    endloop
  endfacet
  facet normal 0 0 1
    outer loop
      vertex 76.1663 78.1658 8
      vertex 74.3028 78.5365 8
      vertex 76.1541 78.0833 8
    endloop
  endfacet
  facet normal 0 0 1
    outer loop
      vertex 76.2147 77.6747 8
      vertex 74.4593 76.9476 8
      vertex 74.5747 76.7037 8
    endloop
  endfacet
  facet normal -0 0 1
    outer loop
      vertex 74.2632 78.2695 8
      vertex 76.1541 78.0833 8
      vertex 74.3028 78.5365 8
    endloop
  endfacet
  facet normal 0 0 1
    outer loop
      vertex 76.1866 77.7533 8
      vertex 74.3684 77.2017 8
      vertex 74.4593 76.9476 8
    endloop
  endfacet
  facet normal 0 0 1
    outer loop
      vertex 76.1541 78.0833 8
      vertex 74.2632 78.2695 8
      vertex 76.15 78 8
    endloop
  endfacet
  facet normal 0 0 1
    outer loop
      vertex 76.1663 77.8342 8
      vertex 74.3028 77.4635 8
      vertex 74.3684 77.2017 8
    endloop
  endfacet
  facet normal 0 0 1
    outer loop
      vertex 74.25 78 8
      vertex 76.15 78 8
      vertex 74.2632 78.2695 8
    endloop
  endfacet
  facet normal 0 0 1
    outer loop
      vertex 76.1541 77.9167 8
      vertex 74.2632 77.7305 8
      vertex 74.3028 77.4635 8
    endloop
  endfacet
  facet normal 0 0 1
    outer loop
      vertex 76.15 78 8
      vertex 74.25 78 8
      vertex 74.2632 77.7305 8
    endloop
  endfacet
  facet normal -0.0489209 -0.998803 0
    outer loop
      vertex 76.7305 75.2632 2
      vertex 77 75.25 8
      vertex 76.7305 75.2632 8
    endloop
  endfacet
  facet normal -0.0489209 -0.998803 -0
    outer loop
      vertex 77 75.25 8
      vertex 76.7305 75.2632 2
      vertex 77 75.25 2
    endloop
  endfacet
  facet normal -0.998803 0.0489209 0
    outer loop
      vertex 74.25 78 2
      vertex 74.2632 78.2695 8
      vertex 74.2632 78.2695 2
    endloop
  endfacet
  facet normal -0.998803 0.0489209 0
    outer loop
      vertex 74.2632 78.2695 8
      vertex 74.25 78 2
      vertex 74.25 78 8
    endloop
  endfacet
  facet normal -0.336829 -0.941566 0
    outer loop
      vertex 75.9476 75.4593 2
      vertex 76.2017 75.3684 8
      vertex 75.9476 75.4593 8
    endloop
  endfacet
  facet normal -0.336829 -0.941566 -0
    outer loop
      vertex 76.2017 75.3684 8
      vertex 75.9476 75.4593 2
      vertex 76.2017 75.3684 2
    endloop
  endfacet
  facet normal 0.740728 -0.671805 0
    outer loop
      vertex 78.9445 76.0555 8
      vertex 79.1258 76.2554 2
      vertex 79.1258 76.2554 8
    endloop
  endfacet
  facet normal 0.740728 -0.671805 0
    outer loop
      vertex 79.1258 76.2554 2
      vertex 78.9445 76.0555 8
      vertex 78.9445 76.0555 2
    endloop
  endfacet
  facet normal -0.672136 0.740428 0
    outer loop
      vertex 77.601 77.399 2
      vertex 77.5392 77.3429 8
      vertex 77.601 77.399 8
    endloop
  endfacet
  facet normal -0.672136 0.740428 0
    outer loop
      vertex 77.5392 77.3429 8
      vertex 77.601 77.399 2
      vertex 77.5392 77.3429 2
    endloop
  endfacet
  facet normal -0.989242 -0.146288 0
    outer loop
      vertex 77.8459 78.0833 2
      vertex 77.8337 78.1658 8
      vertex 77.8337 78.1658 2
    endloop
  endfacet
  facet normal -0.989242 -0.146288 0
    outer loop
      vertex 77.8337 78.1658 8
      vertex 77.8459 78.0833 2
      vertex 77.8459 78.0833 8
    endloop
  endfacet
  facet normal -0.998791 -0.0491602 0
    outer loop
      vertex 77.85 78 2
      vertex 77.8459 78.0833 8
      vertex 77.8459 78.0833 2
    endloop
  endfacet
  facet normal -0.998791 -0.0491602 0
    outer loop
      vertex 77.8459 78.0833 8
      vertex 77.85 78 2
      vertex 77.85 78 8
    endloop
  endfacet
  facet normal -0.969931 -0.243382 0
    outer loop
      vertex 77.8337 78.1658 2
      vertex 77.8134 78.2467 8
      vertex 77.8134 78.2467 2
    endloop
  endfacet
  facet normal -0.969931 -0.243382 0
    outer loop
      vertex 77.8134 78.2467 8
      vertex 77.8337 78.1658 2
      vertex 77.8337 78.1658 8
    endloop
  endfacet
  facet normal -0.427932 0.903811 0
    outer loop
      vertex 77.4007 77.2504 2
      vertex 77.3253 77.2147 8
      vertex 77.4007 77.2504 8
    endloop
  endfacet
  facet normal -0.427932 0.903811 0
    outer loop
      vertex 77.3253 77.2147 8
      vertex 77.4007 77.2504 2
      vertex 77.3253 77.2147 2
    endloop
  endfacet
  facet normal 0.0491602 -0.998791 0
    outer loop
      vertex 76.9167 78.8459 2
      vertex 77 78.85 8
      vertex 76.9167 78.8459 8
    endloop
  endfacet
  facet normal 0.0491602 -0.998791 0
    outer loop
      vertex 77 78.85 8
      vertex 76.9167 78.8459 2
      vertex 77 78.85 2
    endloop
  endfacet
  facet normal 0.427932 -0.903811 0
    outer loop
      vertex 76.5993 78.7496 2
      vertex 76.6747 78.7853 8
      vertex 76.5993 78.7496 8
    endloop
  endfacet
  facet normal 0.427932 -0.903811 0
    outer loop
      vertex 76.6747 78.7853 8
      vertex 76.5993 78.7496 2
      vertex 76.6747 78.7853 2
    endloop
  endfacet
  facet normal -0.740428 -0.672136 0
    outer loop
      vertex 77.6571 78.5392 2
      vertex 77.601 78.601 8
      vertex 77.601 78.601 2
    endloop
  endfacet
  facet normal -0.740428 -0.672136 0
    outer loop
      vertex 77.601 78.601 8
      vertex 77.6571 78.5392 2
      vertex 77.6571 78.5392 8
    endloop
  endfacet
  facet normal 0.146288 0.989242 -0
    outer loop
      vertex 76.9167 77.1541 2
      vertex 76.8342 77.1663 8
      vertex 76.9167 77.1541 8
    endloop
  endfacet
  facet normal 0.146288 0.989242 0
    outer loop
      vertex 76.8342 77.1663 8
      vertex 76.9167 77.1541 2
      vertex 76.8342 77.1663 2
    endloop
  endfacet
  facet normal -0.427932 -0.903811 0
    outer loop
      vertex 77.3253 78.7853 2
      vertex 77.4007 78.7496 8
      vertex 77.3253 78.7853 8
    endloop
  endfacet
  facet normal -0.427932 -0.903811 -0
    outer loop
      vertex 77.4007 78.7496 8
      vertex 77.3253 78.7853 2
      vertex 77.4007 78.7496 2
    endloop
  endfacet
  facet normal 0.146288 -0.989242 0
    outer loop
      vertex 76.8342 78.8337 2
      vertex 76.9167 78.8459 8
      vertex 76.8342 78.8337 8
    endloop
  endfacet
  facet normal 0.146288 -0.989242 0
    outer loop
      vertex 76.9167 78.8459 8
      vertex 76.8342 78.8337 2
      vertex 76.9167 78.8459 2
    endloop
  endfacet
  facet normal -0.243382 0.969931 0
    outer loop
      vertex 77.2467 77.1866 2
      vertex 77.1658 77.1663 8
      vertex 77.2467 77.1866 8
    endloop
  endfacet
  facet normal -0.243382 0.969931 0
    outer loop
      vertex 77.1658 77.1663 8
      vertex 77.2467 77.1866 2
      vertex 77.1658 77.1663 2
    endloop
  endfacet
  facet normal 0.594998 -0.803727 0
    outer loop
      vertex 76.4608 78.6571 2
      vertex 76.5278 78.7067 8
      vertex 76.4608 78.6571 8
    endloop
  endfacet
  facet normal 0.594998 -0.803727 0
    outer loop
      vertex 76.5278 78.7067 8
      vertex 76.4608 78.6571 2
      vertex 76.5278 78.7067 2
    endloop
  endfacet
  facet normal 0.903811 -0.427932 0
    outer loop
      vertex 76.2147 78.3253 8
      vertex 76.2504 78.4007 2
      vertex 76.2504 78.4007 8
    endloop
  endfacet
  facet normal 0.903811 -0.427932 0
    outer loop
      vertex 76.2504 78.4007 2
      vertex 76.2147 78.3253 8
      vertex 76.2147 78.3253 2
    endloop
  endfacet
  facet normal 0.427932 0.903811 -0
    outer loop
      vertex 76.6747 77.2147 2
      vertex 76.5993 77.2504 8
      vertex 76.6747 77.2147 8
    endloop
  endfacet
  facet normal 0.427932 0.903811 0
    outer loop
      vertex 76.5993 77.2504 8
      vertex 76.6747 77.2147 2
      vertex 76.5993 77.2504 2
    endloop
  endfacet
  facet normal -0.33664 0.941633 0
    outer loop
      vertex 77.3253 77.2147 2
      vertex 77.2467 77.1866 8
      vertex 77.3253 77.2147 8
    endloop
  endfacet
  facet normal -0.33664 0.941633 0
    outer loop
      vertex 77.2467 77.1866 8
      vertex 77.3253 77.2147 2
      vertex 77.2467 77.1866 2
    endloop
  endfacet
  facet normal 0.594998 0.803727 -0
    outer loop
      vertex 76.5278 77.2933 2
      vertex 76.4608 77.3429 8
      vertex 76.5278 77.2933 8
    endloop
  endfacet
  facet normal 0.594998 0.803727 0
    outer loop
      vertex 76.4608 77.3429 8
      vertex 76.5278 77.2933 2
      vertex 76.4608 77.3429 2
    endloop
  endfacet
  facet normal 0.903811 0.427932 0
    outer loop
      vertex 76.2504 77.5993 8
      vertex 76.2147 77.6747 2
      vertex 76.2147 77.6747 8
    endloop
  endfacet
  facet normal 0.903811 0.427932 0
    outer loop
      vertex 76.2147 77.6747 2
      vertex 76.2504 77.5993 8
      vertex 76.2504 77.5993 2
    endloop
  endfacet
  facet normal -0.514496 -0.857493 0
    outer loop
      vertex 77.4007 78.7496 2
      vertex 77.4722 78.7067 8
      vertex 77.4007 78.7496 8
    endloop
  endfacet
  facet normal -0.514496 -0.857493 -0
    outer loop
      vertex 77.4722 78.7067 8
      vertex 77.4007 78.7496 2
      vertex 77.4722 78.7067 2
    endloop
  endfacet
  facet normal -0.594998 0.803727 0
    outer loop
      vertex 77.5392 77.3429 2
      vertex 77.4722 77.2933 8
      vertex 77.5392 77.3429 8
    endloop
  endfacet
  facet normal -0.594998 0.803727 0
    outer loop
      vertex 77.4722 77.2933 8
      vertex 77.5392 77.3429 2
      vertex 77.4722 77.2933 2
    endloop
  endfacet
  facet normal 0.998791 0.0491602 0
    outer loop
      vertex 76.1541 77.9167 8
      vertex 76.15 78 2
      vertex 76.15 78 8
    endloop
  endfacet
  facet normal 0.998791 0.0491602 0
    outer loop
      vertex 76.15 78 2
      vertex 76.1541 77.9167 8
      vertex 76.1541 77.9167 2
    endloop
  endfacet
  facet normal 0.33664 0.941633 -0
    outer loop
      vertex 76.7533 77.1866 2
      vertex 76.6747 77.2147 8
      vertex 76.7533 77.1866 8
    endloop
  endfacet
  facet normal 0.33664 0.941633 0
    outer loop
      vertex 76.6747 77.2147 8
      vertex 76.7533 77.1866 2
      vertex 76.6747 77.2147 2
    endloop
  endfacet
  facet normal -0.594998 -0.803727 0
    outer loop
      vertex 77.4722 78.7067 2
      vertex 77.5392 78.6571 8
      vertex 77.4722 78.7067 8
    endloop
  endfacet
  facet normal -0.594998 -0.803727 -0
    outer loop
      vertex 77.5392 78.6571 8
      vertex 77.4722 78.7067 2
      vertex 77.5392 78.6571 2
    endloop
  endfacet
  facet normal -0.969931 0.243382 0
    outer loop
      vertex 77.8134 77.7533 2
      vertex 77.8337 77.8342 8
      vertex 77.8337 77.8342 2
    endloop
  endfacet
  facet normal -0.969931 0.243382 0
    outer loop
      vertex 77.8337 77.8342 8
      vertex 77.8134 77.7533 2
      vertex 77.8134 77.7533 8
    endloop
  endfacet
  facet normal 0.941633 0.33664 0
    outer loop
      vertex 76.2147 77.6747 8
      vertex 76.1866 77.7533 2
      vertex 76.1866 77.7533 8
    endloop
  endfacet
  facet normal 0.941633 0.33664 0
    outer loop
      vertex 76.1866 77.7533 2
      vertex 76.2147 77.6747 8
      vertex 76.2147 77.6747 2
    endloop
  endfacet
  facet normal -0.243382 -0.969931 0
    outer loop
      vertex 77.1658 78.8337 2
      vertex 77.2467 78.8134 8
      vertex 77.1658 78.8337 8
    endloop
  endfacet
  facet normal -0.243382 -0.969931 -0
    outer loop
      vertex 77.2467 78.8134 8
      vertex 77.1658 78.8337 2
      vertex 77.2467 78.8134 2
    endloop
  endfacet
  facet normal 0.740428 -0.672136 0
    outer loop
      vertex 76.3429 78.5392 8
      vertex 76.399 78.601 2
      vertex 76.399 78.601 8
    endloop
  endfacet
  facet normal 0.740428 -0.672136 0
    outer loop
      vertex 76.399 78.601 2
      vertex 76.3429 78.5392 8
      vertex 76.3429 78.5392 2
    endloop
  endfacet
  facet normal -0.0491602 0.998791 0
    outer loop
      vertex 77.0833 77.1541 2
      vertex 77 77.15 8
      vertex 77.0833 77.1541 8
    endloop
  endfacet
  facet normal -0.0491602 0.998791 0
    outer loop
      vertex 77 77.15 8
      vertex 77.0833 77.1541 2
      vertex 77 77.15 2
    endloop
  endfacet
  facet normal -0.803727 -0.594998 0
    outer loop
      vertex 77.7067 78.4722 2
      vertex 77.6571 78.5392 8
      vertex 77.6571 78.5392 2
    endloop
  endfacet
  facet normal -0.803727 -0.594998 0
    outer loop
      vertex 77.6571 78.5392 8
      vertex 77.7067 78.4722 2
      vertex 77.7067 78.4722 8
    endloop
  endfacet
  facet normal 0.969931 0.243382 0
    outer loop
      vertex 76.1866 77.7533 8
      vertex 76.1663 77.8342 2
      vertex 76.1663 77.8342 8
    endloop
  endfacet
  facet normal 0.969931 0.243382 0
    outer loop
      vertex 76.1663 77.8342 2
      vertex 76.1866 77.7533 8
      vertex 76.1866 77.7533 2
    endloop
  endfacet
  facet normal -0.989242 0.146288 0
    outer loop
      vertex 77.8337 77.8342 2
      vertex 77.8459 77.9167 8
      vertex 77.8459 77.9167 2
    endloop
  endfacet
  facet normal -0.989242 0.146288 0
    outer loop
      vertex 77.8459 77.9167 8
      vertex 77.8337 77.8342 2
      vertex 77.8337 77.8342 8
    endloop
  endfacet
  facet normal -0.514496 0.857493 0
    outer loop
      vertex 77.4722 77.2933 2
      vertex 77.4007 77.2504 8
      vertex 77.4722 77.2933 8
    endloop
  endfacet
  facet normal -0.514496 0.857493 0
    outer loop
      vertex 77.4007 77.2504 8
      vertex 77.4722 77.2933 2
      vertex 77.4007 77.2504 2
    endloop
  endfacet
  facet normal 0.941633 -0.33664 0
    outer loop
      vertex 76.1866 78.2467 8
      vertex 76.2147 78.3253 2
      vertex 76.2147 78.3253 8
    endloop
  endfacet
  facet normal 0.941633 -0.33664 0
    outer loop
      vertex 76.2147 78.3253 2
      vertex 76.1866 78.2467 8
      vertex 76.1866 78.2467 2
    endloop
  endfacet
  facet normal -0.672136 -0.740428 0
    outer loop
      vertex 77.5392 78.6571 2
      vertex 77.601 78.601 8
      vertex 77.5392 78.6571 8
    endloop
  endfacet
  facet normal -0.672136 -0.740428 -0
    outer loop
      vertex 77.601 78.601 8
      vertex 77.5392 78.6571 2
      vertex 77.601 78.601 2
    endloop
  endfacet
  facet normal 0.989242 -0.146288 0
    outer loop
      vertex 76.1541 78.0833 8
      vertex 76.1663 78.1658 2
      vertex 76.1663 78.1658 8
    endloop
  endfacet
  facet normal 0.989242 -0.146288 0
    outer loop
      vertex 76.1663 78.1658 2
      vertex 76.1541 78.0833 8
      vertex 76.1541 78.0833 2
    endloop
  endfacet
  facet normal -0.903811 0.427932 0
    outer loop
      vertex 77.7496 77.5993 2
      vertex 77.7853 77.6747 8
      vertex 77.7853 77.6747 2
    endloop
  endfacet
  facet normal -0.903811 0.427932 0
    outer loop
      vertex 77.7853 77.6747 8
      vertex 77.7496 77.5993 2
      vertex 77.7496 77.5993 8
    endloop
  endfacet
  facet normal -0.33664 -0.941633 0
    outer loop
      vertex 77.2467 78.8134 2
      vertex 77.3253 78.7853 8
      vertex 77.2467 78.8134 8
    endloop
  endfacet
  facet normal -0.33664 -0.941633 -0
    outer loop
      vertex 77.3253 78.7853 8
      vertex 77.2467 78.8134 2
      vertex 77.3253 78.7853 2
    endloop
  endfacet
  facet normal -0.998791 0.0491602 0
    outer loop
      vertex 77.8459 77.9167 2
      vertex 77.85 78 8
      vertex 77.85 78 2
    endloop
  endfacet
  facet normal -0.998791 0.0491602 0
    outer loop
      vertex 77.85 78 8
      vertex 77.8459 77.9167 2
      vertex 77.8459 77.9167 8
    endloop
  endfacet
  facet normal -0.146288 0.989242 0
    outer loop
      vertex 77.1658 77.1663 2
      vertex 77.0833 77.1541 8
      vertex 77.1658 77.1663 8
    endloop
  endfacet
  facet normal -0.146288 0.989242 0
    outer loop
      vertex 77.0833 77.1541 8
      vertex 77.1658 77.1663 2
      vertex 77.0833 77.1541 2
    endloop
  endfacet
  facet normal -0.941633 -0.33664 0
    outer loop
      vertex 77.8134 78.2467 2
      vertex 77.7853 78.3253 8
      vertex 77.7853 78.3253 2
    endloop
  endfacet
  facet normal -0.941633 -0.33664 0
    outer loop
      vertex 77.7853 78.3253 8
      vertex 77.8134 78.2467 2
      vertex 77.8134 78.2467 8
    endloop
  endfacet
  facet normal -0.803727 0.594998 0
    outer loop
      vertex 77.6571 77.4608 2
      vertex 77.7067 77.5278 8
      vertex 77.7067 77.5278 2
    endloop
  endfacet
  facet normal -0.803727 0.594998 0
    outer loop
      vertex 77.7067 77.5278 8
      vertex 77.6571 77.4608 2
      vertex 77.6571 77.4608 8
    endloop
  endfacet
  facet normal -0.857493 0.514496 0
    outer loop
      vertex 77.7067 77.5278 2
      vertex 77.7496 77.5993 8
      vertex 77.7496 77.5993 2
    endloop
  endfacet
  facet normal -0.857493 0.514496 0
    outer loop
      vertex 77.7496 77.5993 8
      vertex 77.7067 77.5278 2
      vertex 77.7067 77.5278 8
    endloop
  endfacet
  facet normal 0.243382 -0.969931 0
    outer loop
      vertex 76.7533 78.8134 2
      vertex 76.8342 78.8337 8
      vertex 76.7533 78.8134 8
    endloop
  endfacet
  facet normal 0.243382 -0.969931 0
    outer loop
      vertex 76.8342 78.8337 8
      vertex 76.7533 78.8134 2
      vertex 76.8342 78.8337 2
    endloop
  endfacet
  facet normal -0.941633 0.33664 0
    outer loop
      vertex 77.7853 77.6747 2
      vertex 77.8134 77.7533 8
      vertex 77.8134 77.7533 2
    endloop
  endfacet
  facet normal -0.941633 0.33664 0
    outer loop
      vertex 77.8134 77.7533 8
      vertex 77.7853 77.6747 2
      vertex 77.7853 77.6747 8
    endloop
  endfacet
  facet normal -0.0491602 -0.998791 0
    outer loop
      vertex 77 78.85 2
      vertex 77.0833 78.8459 8
      vertex 77 78.85 8
    endloop
  endfacet
  facet normal -0.0491602 -0.998791 -0
    outer loop
      vertex 77.0833 78.8459 8
      vertex 77 78.85 2
      vertex 77.0833 78.8459 2
    endloop
  endfacet
  facet normal 0.514496 -0.857493 0
    outer loop
      vertex 76.5278 78.7067 2
      vertex 76.5993 78.7496 8
      vertex 76.5278 78.7067 8
    endloop
  endfacet
  facet normal 0.514496 -0.857493 0
    outer loop
      vertex 76.5993 78.7496 8
      vertex 76.5278 78.7067 2
      vertex 76.5993 78.7496 2
    endloop
  endfacet
  facet normal -0.903811 -0.427932 0
    outer loop
      vertex 77.7853 78.3253 2
      vertex 77.7496 78.4007 8
      vertex 77.7496 78.4007 2
    endloop
  endfacet
  facet normal -0.903811 -0.427932 0
    outer loop
      vertex 77.7496 78.4007 8
      vertex 77.7853 78.3253 2
      vertex 77.7853 78.3253 8
    endloop
  endfacet
  facet normal -0.146288 -0.989242 0
    outer loop
      vertex 77.0833 78.8459 2
      vertex 77.1658 78.8337 8
      vertex 77.0833 78.8459 8
    endloop
  endfacet
  facet normal -0.146288 -0.989242 -0
    outer loop
      vertex 77.1658 78.8337 8
      vertex 77.0833 78.8459 2
      vertex 77.1658 78.8337 2
    endloop
  endfacet
  facet normal 0.243382 0.969931 -0
    outer loop
      vertex 76.8342 77.1663 2
      vertex 76.7533 77.1866 8
      vertex 76.8342 77.1663 8
    endloop
  endfacet
  facet normal 0.243382 0.969931 0
    outer loop
      vertex 76.7533 77.1866 8
      vertex 76.8342 77.1663 2
      vertex 76.7533 77.1866 2
    endloop
  endfacet
  facet normal 0.857493 0.514496 0
    outer loop
      vertex 76.2933 77.5278 8
      vertex 76.2504 77.5993 2
      vertex 76.2504 77.5993 8
    endloop
  endfacet
  facet normal 0.857493 0.514496 0
    outer loop
      vertex 76.2504 77.5993 2
      vertex 76.2933 77.5278 8
      vertex 76.2933 77.5278 2
    endloop
  endfacet
  facet normal -0.857493 -0.514496 0
    outer loop
      vertex 77.7496 78.4007 2
      vertex 77.7067 78.4722 8
      vertex 77.7067 78.4722 2
    endloop
  endfacet
  facet normal -0.857493 -0.514496 0
    outer loop
      vertex 77.7067 78.4722 8
      vertex 77.7496 78.4007 2
      vertex 77.7496 78.4007 8
    endloop
  endfacet
  facet normal 0.33664 -0.941633 0
    outer loop
      vertex 76.6747 78.7853 2
      vertex 76.7533 78.8134 8
      vertex 76.6747 78.7853 8
    endloop
  endfacet
  facet normal 0.33664 -0.941633 0
    outer loop
      vertex 76.7533 78.8134 8
      vertex 76.6747 78.7853 2
      vertex 76.7533 78.8134 2
    endloop
  endfacet
  facet normal 0.740428 0.672136 0
    outer loop
      vertex 76.399 77.399 8
      vertex 76.3429 77.4608 2
      vertex 76.3429 77.4608 8
    endloop
  endfacet
  facet normal 0.740428 0.672136 0
    outer loop
      vertex 76.3429 77.4608 2
      vertex 76.399 77.399 8
      vertex 76.399 77.399 2
    endloop
  endfacet
  facet normal 0.672136 -0.740428 0
    outer loop
      vertex 76.399 78.601 2
      vertex 76.4608 78.6571 8
      vertex 76.399 78.601 8
    endloop
  endfacet
  facet normal 0.672136 -0.740428 0
    outer loop
      vertex 76.4608 78.6571 8
      vertex 76.399 78.601 2
      vertex 76.4608 78.6571 2
    endloop
  endfacet
  facet normal 0.514496 0.857493 -0
    outer loop
      vertex 76.5993 77.2504 2
      vertex 76.5278 77.2933 8
      vertex 76.5993 77.2504 8
    endloop
  endfacet
  facet normal 0.514496 0.857493 0
    outer loop
      vertex 76.5278 77.2933 8
      vertex 76.5993 77.2504 2
      vertex 76.5278 77.2933 2
    endloop
  endfacet
  facet normal 0.969931 -0.243382 0
    outer loop
      vertex 76.1663 78.1658 8
      vertex 76.1866 78.2467 2
      vertex 76.1866 78.2467 8
    endloop
  endfacet
  facet normal 0.969931 -0.243382 0
    outer loop
      vertex 76.1866 78.2467 2
      vertex 76.1663 78.1658 8
      vertex 76.1663 78.1658 2
    endloop
  endfacet
  facet normal 0.803727 0.594998 0
    outer loop
      vertex 76.3429 77.4608 8
      vertex 76.2933 77.5278 2
      vertex 76.2933 77.5278 8
    endloop
  endfacet
  facet normal 0.803727 0.594998 0
    outer loop
      vertex 76.2933 77.5278 2
      vertex 76.3429 77.4608 8
      vertex 76.3429 77.4608 2
    endloop
  endfacet
  facet normal 0.989242 0.146288 0
    outer loop
      vertex 76.1663 77.8342 8
      vertex 76.1541 77.9167 2
      vertex 76.1541 77.9167 8
    endloop
  endfacet
  facet normal 0.989242 0.146288 0
    outer loop
      vertex 76.1541 77.9167 2
      vertex 76.1663 77.8342 8
      vertex 76.1663 77.8342 2
    endloop
  endfacet
  facet normal 0.672136 0.740428 -0
    outer loop
      vertex 76.4608 77.3429 2
      vertex 76.399 77.399 8
      vertex 76.4608 77.3429 8
    endloop
  endfacet
  facet normal 0.672136 0.740428 0
    outer loop
      vertex 76.399 77.399 8
      vertex 76.4608 77.3429 2
      vertex 76.399 77.399 2
    endloop
  endfacet
  facet normal 0.803727 -0.594998 0
    outer loop
      vertex 76.2933 78.4722 8
      vertex 76.3429 78.5392 2
      vertex 76.3429 78.5392 8
    endloop
  endfacet
  facet normal 0.803727 -0.594998 0
    outer loop
      vertex 76.3429 78.5392 2
      vertex 76.2933 78.4722 8
      vertex 76.2933 78.4722 2
    endloop
  endfacet
  facet normal 0.857493 -0.514496 0
    outer loop
      vertex 76.2504 78.4007 8
      vertex 76.2933 78.4722 2
      vertex 76.2933 78.4722 8
    endloop
  endfacet
  facet normal 0.857493 -0.514496 0
    outer loop
      vertex 76.2933 78.4722 2
      vertex 76.2504 78.4007 8
      vertex 76.2504 78.4007 2
    endloop
  endfacet
  facet normal 0.0491602 0.998791 -0
    outer loop
      vertex 77 77.15 2
      vertex 76.9167 77.1541 8
      vertex 77 77.15 8
    endloop
  endfacet
  facet normal 0.0491602 0.998791 0
    outer loop
      vertex 76.9167 77.1541 8
      vertex 77 77.15 2
      vertex 76.9167 77.1541 2
    endloop
  endfacet
  facet normal 0.998791 -0.0491602 0
    outer loop
      vertex 76.15 78 8
      vertex 76.1541 78.0833 2
      vertex 76.1541 78.0833 8
    endloop
  endfacet
  facet normal 0.998791 -0.0491602 0
    outer loop
      vertex 76.1541 78.0833 2
      vertex 76.15 78 8
      vertex 76.15 78 2
    endloop
  endfacet
  facet normal -0.740428 0.672136 0
    outer loop
      vertex 77.601 77.399 2
      vertex 77.6571 77.4608 8
      vertex 77.6571 77.4608 2
    endloop
  endfacet
  facet normal -0.740428 0.672136 0
    outer loop
      vertex 77.6571 77.4608 8
      vertex 77.601 77.399 2
      vertex 77.601 77.399 8
    endloop
  endfacet
  facet normal 0.671805 -0.740728 0
    outer loop
      vertex 31.7446 75.8742 2
      vertex 31.9445 76.0555 8
      vertex 31.7446 75.8742 8
    endloop
  endfacet
  facet normal 0.671805 -0.740728 0
    outer loop
      vertex 31.9445 76.0555 8
      vertex 31.7446 75.8742 2
      vertex 31.9445 76.0555 2
    endloop
  endfacet
  facet normal 0.98918 0.14671 0
    outer loop
      vertex 32.7368 78.2695 8
      vertex 32.6972 78.5365 2
      vertex 32.6972 78.5365 8
    endloop
  endfacet
  facet normal 0.98918 0.14671 0
    outer loop
      vertex 32.6972 78.5365 2
      vertex 32.7368 78.2695 8
      vertex 32.7368 78.2695 2
    endloop
  endfacet
  facet normal 0.998803 0.0489209 0
    outer loop
      vertex 32.75 78 8
      vertex 32.7368 78.2695 2
      vertex 32.7368 78.2695 8
    endloop
  endfacet
  facet normal 0.998803 0.0489209 0
    outer loop
      vertex 32.7368 78.2695 2
      vertex 32.75 78 8
      vertex 32.75 78 2
    endloop
  endfacet
  facet normal 0.970012 0.243059 0
    outer loop
      vertex 32.6972 78.5365 8
      vertex 32.6316 78.7983 2
      vertex 32.6316 78.7983 8
    endloop
  endfacet
  facet normal 0.970012 0.243059 0
    outer loop
      vertex 32.6316 78.7983 2
      vertex 32.6972 78.5365 8
      vertex 32.6972 78.5365 2
    endloop
  endfacet
  facet normal 0.427688 -0.903926 0
    outer loop
      vertex 31.0524 75.4593 2
      vertex 31.2963 75.5747 8
      vertex 31.0524 75.4593 8
    endloop
  endfacet
  facet normal 0.427688 -0.903926 0
    outer loop
      vertex 31.2963 75.5747 8
      vertex 31.0524 75.4593 2
      vertex 31.2963 75.5747 2
    endloop
  endfacet
  facet normal -0.0489209 0.998803 0
    outer loop
      vertex 30 80.75 2
      vertex 29.7305 80.7368 8
      vertex 30 80.75 8
    endloop
  endfacet
  facet normal -0.0489209 0.998803 0
    outer loop
      vertex 29.7305 80.7368 8
      vertex 30 80.75 2
      vertex 29.7305 80.7368 2
    endloop
  endfacet
  facet normal -0.427688 0.903926 0
    outer loop
      vertex 28.9476 80.5407 2
      vertex 28.7037 80.4253 8
      vertex 28.9476 80.5407 8
    endloop
  endfacet
  facet normal -0.427688 0.903926 0
    outer loop
      vertex 28.7037 80.4253 8
      vertex 28.9476 80.5407 2
      vertex 28.7037 80.4253 2
    endloop
  endfacet
  facet normal 0.740728 0.671805 0
    outer loop
      vertex 32.1258 79.7446 8
      vertex 31.9445 79.9445 2
      vertex 31.9445 79.9445 8
    endloop
  endfacet
  facet normal 0.740728 0.671805 0
    outer loop
      vertex 31.9445 79.9445 2
      vertex 32.1258 79.7446 8
      vertex 32.1258 79.7446 2
    endloop
  endfacet
  facet normal -0.14671 -0.98918 0
    outer loop
      vertex 29.4635 75.3028 2
      vertex 29.7305 75.2632 8
      vertex 29.4635 75.3028 8
    endloop
  endfacet
  facet normal -0.14671 -0.98918 -0
    outer loop
      vertex 29.7305 75.2632 8
      vertex 29.4635 75.3028 2
      vertex 29.7305 75.2632 2
    endloop
  endfacet
  facet normal 0.427688 0.903926 -0
    outer loop
      vertex 31.2963 80.4253 2
      vertex 31.0524 80.5407 8
      vertex 31.2963 80.4253 8
    endloop
  endfacet
  facet normal 0.427688 0.903926 0
    outer loop
      vertex 31.0524 80.5407 8
      vertex 31.2963 80.4253 2
      vertex 31.0524 80.5407 2
    endloop
  endfacet
  facet normal -0.14671 0.98918 0
    outer loop
      vertex 29.7305 80.7368 2
      vertex 29.4635 80.6972 8
      vertex 29.7305 80.7368 8
    endloop
  endfacet
  facet normal -0.14671 0.98918 0
    outer loop
      vertex 29.4635 80.6972 8
      vertex 29.7305 80.7368 2
      vertex 29.4635 80.6972 2
    endloop
  endfacet
  facet normal 0.243059 -0.970012 0
    outer loop
      vertex 30.5365 75.3028 2
      vertex 30.7983 75.3684 8
      vertex 30.5365 75.3028 8
    endloop
  endfacet
  facet normal 0.243059 -0.970012 0
    outer loop
      vertex 30.7983 75.3684 8
      vertex 30.5365 75.3028 2
      vertex 30.7983 75.3684 2
    endloop
  endfacet
  facet normal -0.595485 0.803367 0
    outer loop
      vertex 28.4722 80.2865 2
      vertex 28.2554 80.1258 8
      vertex 28.4722 80.2865 8
    endloop
  endfacet
  facet normal -0.595485 0.803367 0
    outer loop
      vertex 28.2554 80.1258 8
      vertex 28.4722 80.2865 2
      vertex 28.2554 80.1258 2
    endloop
  endfacet
  facet normal -0.903926 0.427688 0
    outer loop
      vertex 27.4593 79.0524 2
      vertex 27.5747 79.2963 8
      vertex 27.5747 79.2963 2
    endloop
  endfacet
  facet normal -0.903926 0.427688 0
    outer loop
      vertex 27.5747 79.2963 8
      vertex 27.4593 79.0524 2
      vertex 27.4593 79.0524 8
    endloop
  endfacet
  facet normal -0.427688 -0.903926 0
    outer loop
      vertex 28.7037 75.5747 2
      vertex 28.9476 75.4593 8
      vertex 28.7037 75.5747 8
    endloop
  endfacet
  facet normal -0.427688 -0.903926 -0
    outer loop
      vertex 28.9476 75.4593 8
      vertex 28.7037 75.5747 2
      vertex 28.9476 75.4593 2
    endloop
  endfacet
  facet normal -0.595485 -0.803367 0
    outer loop
      vertex 28.2554 75.8742 2
      vertex 28.4722 75.7135 8
      vertex 28.2554 75.8742 8
    endloop
  endfacet
  facet normal -0.595485 -0.803367 -0
    outer loop
      vertex 28.4722 75.7135 8
      vertex 28.2554 75.8742 2
      vertex 28.4722 75.7135 2
    endloop
  endfacet
  facet normal -0.903926 -0.427688 0
    outer loop
      vertex 27.5747 76.7037 2
      vertex 27.4593 76.9476 8
      vertex 27.4593 76.9476 2
    endloop
  endfacet
  facet normal -0.903926 -0.427688 0
    outer loop
      vertex 27.4593 76.9476 8
      vertex 27.5747 76.7037 2
      vertex 27.5747 76.7037 8
    endloop
  endfacet
  facet normal 0.514223 0.857656 -0
    outer loop
      vertex 31.5278 80.2865 2
      vertex 31.2963 80.4253 8
      vertex 31.5278 80.2865 8
    endloop
  endfacet
  facet normal 0.514223 0.857656 0
    outer loop
      vertex 31.2963 80.4253 8
      vertex 31.5278 80.2865 2
      vertex 31.2963 80.4253 2
    endloop
  endfacet
  facet normal 0.595485 -0.803367 0
    outer loop
      vertex 31.5278 75.7135 2
      vertex 31.7446 75.8742 8
      vertex 31.5278 75.7135 8
    endloop
  endfacet
  facet normal 0.595485 -0.803367 0
    outer loop
      vertex 31.7446 75.8742 8
      vertex 31.5278 75.7135 2
      vertex 31.7446 75.8742 2
    endloop
  endfacet
  facet normal -0.998803 -0.0489209 0
    outer loop
      vertex 27.2632 77.7305 2
      vertex 27.25 78 8
      vertex 27.25 78 2
    endloop
  endfacet
  facet normal -0.998803 -0.0489209 0
    outer loop
      vertex 27.25 78 8
      vertex 27.2632 77.7305 2
      vertex 27.2632 77.7305 8
    endloop
  endfacet
  facet normal 0.595485 0.803367 -0
    outer loop
      vertex 31.7446 80.1258 2
      vertex 31.5278 80.2865 8
      vertex 31.7446 80.1258 8
    endloop
  endfacet
  facet normal 0.595485 0.803367 0
    outer loop
      vertex 31.5278 80.2865 8
      vertex 31.7446 80.1258 2
      vertex 31.5278 80.2865 2
    endloop
  endfacet
  facet normal 0.970012 -0.243059 0
    outer loop
      vertex 32.6316 77.2017 8
      vertex 32.6972 77.4635 2
      vertex 32.6972 77.4635 8
    endloop
  endfacet
  facet normal 0.970012 -0.243059 0
    outer loop
      vertex 32.6972 77.4635 2
      vertex 32.6316 77.2017 8
      vertex 32.6316 77.2017 2
    endloop
  endfacet
  facet normal -0.941566 -0.336829 0
    outer loop
      vertex 27.4593 76.9476 2
      vertex 27.3684 77.2017 8
      vertex 27.3684 77.2017 2
    endloop
  endfacet
  facet normal -0.941566 -0.336829 0
    outer loop
      vertex 27.3684 77.2017 8
      vertex 27.4593 76.9476 2
      vertex 27.4593 76.9476 8
    endloop
  endfacet
  facet normal 0.243059 0.970012 -0
    outer loop
      vertex 30.7983 80.6316 2
      vertex 30.5365 80.6972 8
      vertex 30.7983 80.6316 8
    endloop
  endfacet
  facet normal 0.243059 0.970012 0
    outer loop
      vertex 30.5365 80.6972 8
      vertex 30.7983 80.6316 2
      vertex 30.5365 80.6972 2
    endloop
  endfacet
  facet normal -0.740728 0.671805 0
    outer loop
      vertex 27.8742 79.7446 2
      vertex 28.0555 79.9445 8
      vertex 28.0555 79.9445 2
    endloop
  endfacet
  facet normal -0.740728 0.671805 0
    outer loop
      vertex 28.0555 79.9445 8
      vertex 27.8742 79.7446 2
      vertex 27.8742 79.7446 8
    endloop
  endfacet
  facet normal 0.0489209 -0.998803 0
    outer loop
      vertex 30 75.25 2
      vertex 30.2695 75.2632 8
      vertex 30 75.25 8
    endloop
  endfacet
  facet normal 0.0489209 -0.998803 0
    outer loop
      vertex 30.2695 75.2632 8
      vertex 30 75.25 2
      vertex 30.2695 75.2632 2
    endloop
  endfacet
  facet normal 0.803367 0.595485 0
    outer loop
      vertex 32.2865 79.5278 8
      vertex 32.1258 79.7446 2
      vertex 32.1258 79.7446 8
    endloop
  endfacet
  facet normal 0.803367 0.595485 0
    outer loop
      vertex 32.1258 79.7446 2
      vertex 32.2865 79.5278 8
      vertex 32.2865 79.5278 2
    endloop
  endfacet
  facet normal -0.970012 -0.243059 0
    outer loop
      vertex 27.3684 77.2017 2
      vertex 27.3028 77.4635 8
      vertex 27.3028 77.4635 2
    endloop
  endfacet
  facet normal -0.970012 -0.243059 0
    outer loop
      vertex 27.3028 77.4635 8
      vertex 27.3684 77.2017 2
      vertex 27.3684 77.2017 8
    endloop
  endfacet
  facet normal 0.98918 -0.14671 0
    outer loop
      vertex 32.6972 77.4635 8
      vertex 32.7368 77.7305 2
      vertex 32.7368 77.7305 8
    endloop
  endfacet
  facet normal 0.98918 -0.14671 0
    outer loop
      vertex 32.7368 77.7305 2
      vertex 32.6972 77.4635 8
      vertex 32.6972 77.4635 2
    endloop
  endfacet
  facet normal 0.514223 -0.857656 0
    outer loop
      vertex 31.2963 75.5747 2
      vertex 31.5278 75.7135 8
      vertex 31.2963 75.5747 8
    endloop
  endfacet
  facet normal 0.514223 -0.857656 0
    outer loop
      vertex 31.5278 75.7135 8
      vertex 31.2963 75.5747 2
      vertex 31.5278 75.7135 2
    endloop
  endfacet
  facet normal -0.941566 0.336829 0
    outer loop
      vertex 27.3684 78.7983 2
      vertex 27.4593 79.0524 8
      vertex 27.4593 79.0524 2
    endloop
  endfacet
  facet normal -0.941566 0.336829 0
    outer loop
      vertex 27.4593 79.0524 8
      vertex 27.3684 78.7983 2
      vertex 27.3684 78.7983 8
    endloop
  endfacet
  facet normal 0.671805 0.740728 -0
    outer loop
      vertex 31.9445 79.9445 2
      vertex 31.7446 80.1258 8
      vertex 31.9445 79.9445 8
    endloop
  endfacet
  facet normal 0.671805 0.740728 0
    outer loop
      vertex 31.7446 80.1258 8
      vertex 31.9445 79.9445 2
      vertex 31.7446 80.1258 2
    endloop
  endfacet
  facet normal -0.98918 0.14671 0
    outer loop
      vertex 27.2632 78.2695 2
      vertex 27.3028 78.5365 8
      vertex 27.3028 78.5365 2
    endloop
  endfacet
  facet normal -0.98918 0.14671 0
    outer loop
      vertex 27.3028 78.5365 8
      vertex 27.2632 78.2695 2
      vertex 27.2632 78.2695 8
    endloop
  endfacet
  facet normal 0.903926 -0.427688 0
    outer loop
      vertex 32.4253 76.7037 8
      vertex 32.5407 76.9476 2
      vertex 32.5407 76.9476 8
    endloop
  endfacet
  facet normal 0.903926 -0.427688 0
    outer loop
      vertex 32.5407 76.9476 2
      vertex 32.4253 76.7037 8
      vertex 32.4253 76.7037 2
    endloop
  endfacet
  facet normal 0.998803 -0.0489209 0
    outer loop
      vertex 32.7368 77.7305 8
      vertex 32.75 78 2
      vertex 32.75 78 8
    endloop
  endfacet
  facet normal 0.998803 -0.0489209 0
    outer loop
      vertex 32.75 78 2
      vertex 32.7368 77.7305 8
      vertex 32.7368 77.7305 2
    endloop
  endfacet
  facet normal 0.14671 -0.98918 0
    outer loop
      vertex 30.2695 75.2632 2
      vertex 30.5365 75.3028 8
      vertex 30.2695 75.2632 8
    endloop
  endfacet
  facet normal 0.14671 -0.98918 0
    outer loop
      vertex 30.5365 75.3028 8
      vertex 30.2695 75.2632 2
      vertex 30.5365 75.3028 2
    endloop
  endfacet
  facet normal 0.941566 0.336829 0
    outer loop
      vertex 32.6316 78.7983 8
      vertex 32.5407 79.0524 2
      vertex 32.5407 79.0524 8
    endloop
  endfacet
  facet normal 0.941566 0.336829 0
    outer loop
      vertex 32.5407 79.0524 2
      vertex 32.6316 78.7983 8
      vertex 32.6316 78.7983 2
    endloop
  endfacet
  facet normal 0.803367 -0.595485 0
    outer loop
      vertex 32.1258 76.2554 8
      vertex 32.2865 76.4722 2
      vertex 32.2865 76.4722 8
    endloop
  endfacet
  facet normal 0.803367 -0.595485 0
    outer loop
      vertex 32.2865 76.4722 2
      vertex 32.1258 76.2554 8
      vertex 32.1258 76.2554 2
    endloop
  endfacet
  facet normal 0.857656 -0.514223 0
    outer loop
      vertex 32.2865 76.4722 8
      vertex 32.4253 76.7037 2
      vertex 32.4253 76.7037 8
    endloop
  endfacet
  facet normal 0.857656 -0.514223 0
    outer loop
      vertex 32.4253 76.7037 2
      vertex 32.2865 76.4722 8
      vertex 32.2865 76.4722 2
    endloop
  endfacet
  facet normal -0.243059 0.970012 0
    outer loop
      vertex 29.4635 80.6972 2
      vertex 29.2017 80.6316 8
      vertex 29.4635 80.6972 8
    endloop
  endfacet
  facet normal -0.243059 0.970012 0
    outer loop
      vertex 29.2017 80.6316 8
      vertex 29.4635 80.6972 2
      vertex 29.2017 80.6316 2
    endloop
  endfacet
  facet normal 0.941566 -0.336829 0
    outer loop
      vertex 32.5407 76.9476 8
      vertex 32.6316 77.2017 2
      vertex 32.6316 77.2017 8
    endloop
  endfacet
  facet normal 0.941566 -0.336829 0
    outer loop
      vertex 32.6316 77.2017 2
      vertex 32.5407 76.9476 8
      vertex 32.5407 76.9476 2
    endloop
  endfacet
  facet normal 0.0489209 0.998803 -0
    outer loop
      vertex 30.2695 80.7368 2
      vertex 30 80.75 8
      vertex 30.2695 80.7368 8
    endloop
  endfacet
  facet normal 0.0489209 0.998803 0
    outer loop
      vertex 30 80.75 8
      vertex 30.2695 80.7368 2
      vertex 30 80.75 2
    endloop
  endfacet
  facet normal -0.514223 0.857656 0
    outer loop
      vertex 28.7037 80.4253 2
      vertex 28.4722 80.2865 8
      vertex 28.7037 80.4253 8
    endloop
  endfacet
  facet normal -0.514223 0.857656 0
    outer loop
      vertex 28.4722 80.2865 8
      vertex 28.7037 80.4253 2
      vertex 28.4722 80.2865 2
    endloop
  endfacet
  facet normal 0.903926 0.427688 0
    outer loop
      vertex 32.5407 79.0524 8
      vertex 32.4253 79.2963 2
      vertex 32.4253 79.2963 8
    endloop
  endfacet
  facet normal 0.903926 0.427688 0
    outer loop
      vertex 32.4253 79.2963 2
      vertex 32.5407 79.0524 8
      vertex 32.5407 79.0524 2
    endloop
  endfacet
  facet normal 0.14671 0.98918 -0
    outer loop
      vertex 30.5365 80.6972 2
      vertex 30.2695 80.7368 8
      vertex 30.5365 80.6972 8
    endloop
  endfacet
  facet normal 0.14671 0.98918 0
    outer loop
      vertex 30.2695 80.7368 8
      vertex 30.5365 80.6972 2
      vertex 30.2695 80.7368 2
    endloop
  endfacet
  facet normal -0.243059 -0.970012 0
    outer loop
      vertex 29.2017 75.3684 2
      vertex 29.4635 75.3028 8
      vertex 29.2017 75.3684 8
    endloop
  endfacet
  facet normal -0.243059 -0.970012 -0
    outer loop
      vertex 29.4635 75.3028 8
      vertex 29.2017 75.3684 2
      vertex 29.4635 75.3028 2
    endloop
  endfacet
  facet normal -0.857656 -0.514223 0
    outer loop
      vertex 27.7135 76.4722 2
      vertex 27.5747 76.7037 8
      vertex 27.5747 76.7037 2
    endloop
  endfacet
  facet normal -0.857656 -0.514223 0
    outer loop
      vertex 27.5747 76.7037 8
      vertex 27.7135 76.4722 2
      vertex 27.7135 76.4722 8
    endloop
  endfacet
  facet normal 0.857656 0.514223 0
    outer loop
      vertex 32.4253 79.2963 8
      vertex 32.2865 79.5278 2
      vertex 32.2865 79.5278 8
    endloop
  endfacet
  facet normal 0.857656 0.514223 0
    outer loop
      vertex 32.2865 79.5278 2
      vertex 32.4253 79.2963 8
      vertex 32.4253 79.2963 2
    endloop
  endfacet
  facet normal -0.336829 0.941566 0
    outer loop
      vertex 29.2017 80.6316 2
      vertex 28.9476 80.5407 8
      vertex 29.2017 80.6316 8
    endloop
  endfacet
  facet normal -0.336829 0.941566 0
    outer loop
      vertex 28.9476 80.5407 8
      vertex 29.2017 80.6316 2
      vertex 28.9476 80.5407 2
    endloop
  endfacet
  facet normal -0.740728 -0.671805 0
    outer loop
      vertex 28.0555 76.0555 2
      vertex 27.8742 76.2554 8
      vertex 27.8742 76.2554 2
    endloop
  endfacet
  facet normal -0.740728 -0.671805 0
    outer loop
      vertex 27.8742 76.2554 8
      vertex 28.0555 76.0555 2
      vertex 28.0555 76.0555 8
    endloop
  endfacet
  facet normal -0.671805 0.740728 0
    outer loop
      vertex 28.2554 80.1258 2
      vertex 28.0555 79.9445 8
      vertex 28.2554 80.1258 8
    endloop
  endfacet
  facet normal -0.671805 0.740728 0
    outer loop
      vertex 28.0555 79.9445 8
      vertex 28.2554 80.1258 2
      vertex 28.0555 79.9445 2
    endloop
  endfacet
  facet normal 0.336829 0.941566 -0
    outer loop
      vertex 31.0524 80.5407 2
      vertex 30.7983 80.6316 8
      vertex 31.0524 80.5407 8
    endloop
  endfacet
  facet normal 0.336829 0.941566 0
    outer loop
      vertex 30.7983 80.6316 8
      vertex 31.0524 80.5407 2
      vertex 30.7983 80.6316 2
    endloop
  endfacet
  facet normal -0.514223 -0.857656 0
    outer loop
      vertex 28.4722 75.7135 2
      vertex 28.7037 75.5747 8
      vertex 28.4722 75.7135 8
    endloop
  endfacet
  facet normal -0.514223 -0.857656 -0
    outer loop
      vertex 28.7037 75.5747 8
      vertex 28.4722 75.7135 2
      vertex 28.7037 75.5747 2
    endloop
  endfacet
  facet normal -0.970012 0.243059 0
    outer loop
      vertex 27.3028 78.5365 2
      vertex 27.3684 78.7983 8
      vertex 27.3684 78.7983 2
    endloop
  endfacet
  facet normal -0.970012 0.243059 0
    outer loop
      vertex 27.3684 78.7983 8
      vertex 27.3028 78.5365 2
      vertex 27.3028 78.5365 8
    endloop
  endfacet
  facet normal 0.336829 -0.941566 0
    outer loop
      vertex 30.7983 75.3684 2
      vertex 31.0524 75.4593 8
      vertex 30.7983 75.3684 8
    endloop
  endfacet
  facet normal 0.336829 -0.941566 0
    outer loop
      vertex 31.0524 75.4593 8
      vertex 30.7983 75.3684 2
      vertex 31.0524 75.4593 2
    endloop
  endfacet
  facet normal -0.803367 -0.595485 0
    outer loop
      vertex 27.8742 76.2554 2
      vertex 27.7135 76.4722 8
      vertex 27.7135 76.4722 2
    endloop
  endfacet
  facet normal -0.803367 -0.595485 0
    outer loop
      vertex 27.7135 76.4722 8
      vertex 27.8742 76.2554 2
      vertex 27.8742 76.2554 8
    endloop
  endfacet
  facet normal -0.98918 -0.14671 0
    outer loop
      vertex 27.3028 77.4635 2
      vertex 27.2632 77.7305 8
      vertex 27.2632 77.7305 2
    endloop
  endfacet
  facet normal -0.98918 -0.14671 0
    outer loop
      vertex 27.2632 77.7305 8
      vertex 27.3028 77.4635 2
      vertex 27.3028 77.4635 8
    endloop
  endfacet
  facet normal -0.671805 -0.740728 0
    outer loop
      vertex 28.0555 76.0555 2
      vertex 28.2554 75.8742 8
      vertex 28.0555 76.0555 8
    endloop
  endfacet
  facet normal -0.671805 -0.740728 -0
    outer loop
      vertex 28.2554 75.8742 8
      vertex 28.0555 76.0555 2
      vertex 28.2554 75.8742 2
    endloop
  endfacet
  facet normal -0.803367 0.595485 0
    outer loop
      vertex 27.7135 79.5278 2
      vertex 27.8742 79.7446 8
      vertex 27.8742 79.7446 2
    endloop
  endfacet
  facet normal -0.803367 0.595485 0
    outer loop
      vertex 27.8742 79.7446 8
      vertex 27.7135 79.5278 2
      vertex 27.7135 79.5278 8
    endloop
  endfacet
  facet normal -0.857656 0.514223 0
    outer loop
      vertex 27.5747 79.2963 2
      vertex 27.7135 79.5278 8
      vertex 27.7135 79.5278 2
    endloop
  endfacet
  facet normal -0.857656 0.514223 0
    outer loop
      vertex 27.7135 79.5278 8
      vertex 27.5747 79.2963 2
      vertex 27.5747 79.2963 8
    endloop
  endfacet
  facet normal 0 0 1
    outer loop
      vertex 30.85 78 8
      vertex 32.75 78 8
      vertex 32.7368 78.2695 8
    endloop
  endfacet
  facet normal 0 0 1
    outer loop
      vertex 30.8459 78.0833 8
      vertex 32.7368 78.2695 8
      vertex 32.6972 78.5365 8
    endloop
  endfacet
  facet normal 0 0 1
    outer loop
      vertex 32.75 78 8
      vertex 30.85 78 8
      vertex 32.7368 77.7305 8
    endloop
  endfacet
  facet normal 0 0 1
    outer loop
      vertex 30.8337 78.1658 8
      vertex 32.6972 78.5365 8
      vertex 32.6316 78.7983 8
    endloop
  endfacet
  facet normal -0 0 1
    outer loop
      vertex 30.8459 77.9167 8
      vertex 32.7368 77.7305 8
      vertex 30.85 78 8
    endloop
  endfacet
  facet normal 0 0 1
    outer loop
      vertex 30.8134 78.2467 8
      vertex 32.6316 78.7983 8
      vertex 32.5407 79.0524 8
    endloop
  endfacet
  facet normal 0 0 1
    outer loop
      vertex 32.7368 77.7305 8
      vertex 30.8459 77.9167 8
      vertex 32.6972 77.4635 8
    endloop
  endfacet
  facet normal 0 0 1
    outer loop
      vertex 30.7853 78.3253 8
      vertex 32.5407 79.0524 8
      vertex 32.4253 79.2963 8
    endloop
  endfacet
  facet normal -0 0 1
    outer loop
      vertex 30.8337 77.8342 8
      vertex 32.6972 77.4635 8
      vertex 30.8459 77.9167 8
    endloop
  endfacet
  facet normal 0 0 1
    outer loop
      vertex 30.7496 78.4007 8
      vertex 32.4253 79.2963 8
      vertex 32.2865 79.5278 8
    endloop
  endfacet
  facet normal 0 0 1
    outer loop
      vertex 32.6972 77.4635 8
      vertex 30.8337 77.8342 8
      vertex 32.6316 77.2017 8
    endloop
  endfacet
  facet normal 0 0 1
    outer loop
      vertex 30.7067 78.4722 8
      vertex 32.2865 79.5278 8
      vertex 32.1258 79.7446 8
    endloop
  endfacet
  facet normal -0 0 1
    outer loop
      vertex 30.8134 77.7533 8
      vertex 32.6316 77.2017 8
      vertex 30.8337 77.8342 8
    endloop
  endfacet
  facet normal 0 0 1
    outer loop
      vertex 30.6571 78.5392 8
      vertex 32.1258 79.7446 8
      vertex 31.9445 79.9445 8
    endloop
  endfacet
  facet normal 0 0 1
    outer loop
      vertex 32.6316 77.2017 8
      vertex 30.8134 77.7533 8
      vertex 32.5407 76.9476 8
    endloop
  endfacet
  facet normal 0 0 1
    outer loop
      vertex 30.601 78.601 8
      vertex 31.9445 79.9445 8
      vertex 31.7446 80.1258 8
    endloop
  endfacet
  facet normal -0 0 1
    outer loop
      vertex 30.7853 77.6747 8
      vertex 32.5407 76.9476 8
      vertex 30.8134 77.7533 8
    endloop
  endfacet
  facet normal 0 0 1
    outer loop
      vertex 30.5392 78.6571 8
      vertex 31.7446 80.1258 8
      vertex 31.5278 80.2865 8
    endloop
  endfacet
  facet normal 0 0 1
    outer loop
      vertex 32.5407 76.9476 8
      vertex 30.7853 77.6747 8
      vertex 32.4253 76.7037 8
    endloop
  endfacet
  facet normal 0 0 1
    outer loop
      vertex 30.4722 78.7067 8
      vertex 31.5278 80.2865 8
      vertex 31.2963 80.4253 8
    endloop
  endfacet
  facet normal -0 0 1
    outer loop
      vertex 30.7496 77.5993 8
      vertex 32.4253 76.7037 8
      vertex 30.7853 77.6747 8
    endloop
  endfacet
  facet normal 0 0 1
    outer loop
      vertex 30.4007 78.7496 8
      vertex 31.2963 80.4253 8
      vertex 31.0524 80.5407 8
    endloop
  endfacet
  facet normal 0 0 1
    outer loop
      vertex 32.4253 76.7037 8
      vertex 30.7496 77.5993 8
      vertex 32.2865 76.4722 8
    endloop
  endfacet
  facet normal -0 0 1
    outer loop
      vertex 30.7067 77.5278 8
      vertex 32.2865 76.4722 8
      vertex 30.7496 77.5993 8
    endloop
  endfacet
  facet normal 0 0 1
    outer loop
      vertex 32.7368 78.2695 8
      vertex 30.8459 78.0833 8
      vertex 30.85 78 8
    endloop
  endfacet
  facet normal 0 0 1
    outer loop
      vertex 32.6972 78.5365 8
      vertex 30.8337 78.1658 8
      vertex 30.8459 78.0833 8
    endloop
  endfacet
  facet normal 0 0 1
    outer loop
      vertex 32.6316 78.7983 8
      vertex 30.8134 78.2467 8
      vertex 30.8337 78.1658 8
    endloop
  endfacet
  facet normal 0 0 1
    outer loop
      vertex 30.3253 78.7853 8
      vertex 31.0524 80.5407 8
      vertex 30.7983 80.6316 8
    endloop
  endfacet
  facet normal 0 0 1
    outer loop
      vertex 32.5407 79.0524 8
      vertex 30.7853 78.3253 8
      vertex 30.8134 78.2467 8
    endloop
  endfacet
  facet normal 0 0 1
    outer loop
      vertex 32.4253 79.2963 8
      vertex 30.7496 78.4007 8
      vertex 30.7853 78.3253 8
    endloop
  endfacet
  facet normal 0 0 1
    outer loop
      vertex 32.2865 79.5278 8
      vertex 30.7067 78.4722 8
      vertex 30.7496 78.4007 8
    endloop
  endfacet
  facet normal 0 0 1
    outer loop
      vertex 32.1258 79.7446 8
      vertex 30.6571 78.5392 8
      vertex 30.7067 78.4722 8
    endloop
  endfacet
  facet normal 0 0 1
    outer loop
      vertex 31.9445 79.9445 8
      vertex 30.601 78.601 8
      vertex 30.6571 78.5392 8
    endloop
  endfacet
  facet normal 0 0 1
    outer loop
      vertex 31.7446 80.1258 8
      vertex 30.5392 78.6571 8
      vertex 30.601 78.601 8
    endloop
  endfacet
  facet normal 0 0 1
    outer loop
      vertex 30.2467 78.8134 8
      vertex 30.7983 80.6316 8
      vertex 30.5365 80.6972 8
    endloop
  endfacet
  facet normal 0 0 1
    outer loop
      vertex 31.5278 80.2865 8
      vertex 30.4722 78.7067 8
      vertex 30.5392 78.6571 8
    endloop
  endfacet
  facet normal 0 0 1
    outer loop
      vertex 31.2963 80.4253 8
      vertex 30.4007 78.7496 8
      vertex 30.4722 78.7067 8
    endloop
  endfacet
  facet normal 0 0 1
    outer loop
      vertex 31.0524 80.5407 8
      vertex 30.3253 78.7853 8
      vertex 30.4007 78.7496 8
    endloop
  endfacet
  facet normal 0 0 1
    outer loop
      vertex 30.1658 78.8337 8
      vertex 30.5365 80.6972 8
      vertex 30.2695 80.7368 8
    endloop
  endfacet
  facet normal 0 0 1
    outer loop
      vertex 30.7983 80.6316 8
      vertex 30.2467 78.8134 8
      vertex 30.3253 78.7853 8
    endloop
  endfacet
  facet normal 0 0 1
    outer loop
      vertex 30.5365 80.6972 8
      vertex 30.1658 78.8337 8
      vertex 30.2467 78.8134 8
    endloop
  endfacet
  facet normal 0 0 1
    outer loop
      vertex 30.2695 80.7368 8
      vertex 30.0833 78.8459 8
      vertex 30.1658 78.8337 8
    endloop
  endfacet
  facet normal 0 0 1
    outer loop
      vertex 30 80.75 8
      vertex 30.0833 78.8459 8
      vertex 30.2695 80.7368 8
    endloop
  endfacet
  facet normal 0 0 1
    outer loop
      vertex 30 80.75 8
      vertex 30 78.85 8
      vertex 30.0833 78.8459 8
    endloop
  endfacet
  facet normal 0 0 1
    outer loop
      vertex 30 80.75 8
      vertex 29.9167 78.8459 8
      vertex 30 78.85 8
    endloop
  endfacet
  facet normal -0 0 1
    outer loop
      vertex 29.7305 80.7368 8
      vertex 29.9167 78.8459 8
      vertex 30 80.75 8
    endloop
  endfacet
  facet normal 0 0 1
    outer loop
      vertex 29.9167 78.8459 8
      vertex 29.7305 80.7368 8
      vertex 29.8342 78.8337 8
    endloop
  endfacet
  facet normal -0 0 1
    outer loop
      vertex 29.4635 80.6972 8
      vertex 29.8342 78.8337 8
      vertex 29.7305 80.7368 8
    endloop
  endfacet
  facet normal 0 0 1
    outer loop
      vertex 29.8342 78.8337 8
      vertex 29.4635 80.6972 8
      vertex 29.7533 78.8134 8
    endloop
  endfacet
  facet normal -0 0 1
    outer loop
      vertex 29.2017 80.6316 8
      vertex 29.7533 78.8134 8
      vertex 29.4635 80.6972 8
    endloop
  endfacet
  facet normal 0 0 1
    outer loop
      vertex 29.7533 78.8134 8
      vertex 29.2017 80.6316 8
      vertex 29.6747 78.7853 8
    endloop
  endfacet
  facet normal -0 0 1
    outer loop
      vertex 28.9476 80.5407 8
      vertex 29.6747 78.7853 8
      vertex 29.2017 80.6316 8
    endloop
  endfacet
  facet normal 0 0 1
    outer loop
      vertex 29.6747 78.7853 8
      vertex 28.9476 80.5407 8
      vertex 29.5993 78.7496 8
    endloop
  endfacet
  facet normal -0 0 1
    outer loop
      vertex 28.7037 80.4253 8
      vertex 29.5993 78.7496 8
      vertex 28.9476 80.5407 8
    endloop
  endfacet
  facet normal 0 0 1
    outer loop
      vertex 29.5993 78.7496 8
      vertex 28.7037 80.4253 8
      vertex 29.5278 78.7067 8
    endloop
  endfacet
  facet normal -0 0 1
    outer loop
      vertex 28.4722 80.2865 8
      vertex 29.5278 78.7067 8
      vertex 28.7037 80.4253 8
    endloop
  endfacet
  facet normal 0 0 1
    outer loop
      vertex 29.5278 78.7067 8
      vertex 28.4722 80.2865 8
      vertex 29.4608 78.6571 8
    endloop
  endfacet
  facet normal -0 0 1
    outer loop
      vertex 28.2554 80.1258 8
      vertex 29.4608 78.6571 8
      vertex 28.4722 80.2865 8
    endloop
  endfacet
  facet normal 0 0 1
    outer loop
      vertex 29.4608 78.6571 8
      vertex 28.2554 80.1258 8
      vertex 29.399 78.601 8
    endloop
  endfacet
  facet normal -0 0 1
    outer loop
      vertex 28.0555 79.9445 8
      vertex 29.399 78.601 8
      vertex 28.2554 80.1258 8
    endloop
  endfacet
  facet normal 0 0 1
    outer loop
      vertex 29.399 78.601 8
      vertex 28.0555 79.9445 8
      vertex 29.3429 78.5392 8
    endloop
  endfacet
  facet normal -0 0 1
    outer loop
      vertex 27.8742 79.7446 8
      vertex 29.3429 78.5392 8
      vertex 28.0555 79.9445 8
    endloop
  endfacet
  facet normal 0 0 1
    outer loop
      vertex 29.3429 78.5392 8
      vertex 27.8742 79.7446 8
      vertex 29.2933 78.4722 8
    endloop
  endfacet
  facet normal -0 0 1
    outer loop
      vertex 27.7135 79.5278 8
      vertex 29.2933 78.4722 8
      vertex 27.8742 79.7446 8
    endloop
  endfacet
  facet normal 0 0 1
    outer loop
      vertex 32.2865 76.4722 8
      vertex 30.7067 77.5278 8
      vertex 32.1258 76.2554 8
    endloop
  endfacet
  facet normal -0 0 1
    outer loop
      vertex 30.6571 77.4608 8
      vertex 32.1258 76.2554 8
      vertex 30.7067 77.5278 8
    endloop
  endfacet
  facet normal 0 0 1
    outer loop
      vertex 32.1258 76.2554 8
      vertex 30.6571 77.4608 8
      vertex 31.9445 76.0555 8
    endloop
  endfacet
  facet normal -0 0 1
    outer loop
      vertex 30.601 77.399 8
      vertex 31.9445 76.0555 8
      vertex 30.6571 77.4608 8
    endloop
  endfacet
  facet normal 0 0 1
    outer loop
      vertex 31.9445 76.0555 8
      vertex 30.601 77.399 8
      vertex 31.7446 75.8742 8
    endloop
  endfacet
  facet normal -0 0 1
    outer loop
      vertex 30.5392 77.3429 8
      vertex 31.7446 75.8742 8
      vertex 30.601 77.399 8
    endloop
  endfacet
  facet normal 0 0 1
    outer loop
      vertex 31.7446 75.8742 8
      vertex 30.5392 77.3429 8
      vertex 31.5278 75.7135 8
    endloop
  endfacet
  facet normal -0 0 1
    outer loop
      vertex 30.4722 77.2933 8
      vertex 31.5278 75.7135 8
      vertex 30.5392 77.3429 8
    endloop
  endfacet
  facet normal 0 0 1
    outer loop
      vertex 31.5278 75.7135 8
      vertex 30.4722 77.2933 8
      vertex 31.2963 75.5747 8
    endloop
  endfacet
  facet normal -0 0 1
    outer loop
      vertex 30.4007 77.2504 8
      vertex 31.2963 75.5747 8
      vertex 30.4722 77.2933 8
    endloop
  endfacet
  facet normal 0 0 1
    outer loop
      vertex 31.2963 75.5747 8
      vertex 30.4007 77.2504 8
      vertex 31.0524 75.4593 8
    endloop
  endfacet
  facet normal -0 0 1
    outer loop
      vertex 30.3253 77.2147 8
      vertex 31.0524 75.4593 8
      vertex 30.4007 77.2504 8
    endloop
  endfacet
  facet normal 0 0 1
    outer loop
      vertex 31.0524 75.4593 8
      vertex 30.3253 77.2147 8
      vertex 30.7983 75.3684 8
    endloop
  endfacet
  facet normal -0 0 1
    outer loop
      vertex 30.2467 77.1866 8
      vertex 30.7983 75.3684 8
      vertex 30.3253 77.2147 8
    endloop
  endfacet
  facet normal 0 0 1
    outer loop
      vertex 30.7983 75.3684 8
      vertex 30.2467 77.1866 8
      vertex 30.5365 75.3028 8
    endloop
  endfacet
  facet normal -0 0 1
    outer loop
      vertex 30.1658 77.1663 8
      vertex 30.5365 75.3028 8
      vertex 30.2467 77.1866 8
    endloop
  endfacet
  facet normal 0 0 1
    outer loop
      vertex 30.5365 75.3028 8
      vertex 30.1658 77.1663 8
      vertex 30.2695 75.2632 8
    endloop
  endfacet
  facet normal -0 0 1
    outer loop
      vertex 30.0833 77.1541 8
      vertex 30.2695 75.2632 8
      vertex 30.1658 77.1663 8
    endloop
  endfacet
  facet normal -0 0 1
    outer loop
      vertex 30 77.15 8
      vertex 30.2695 75.2632 8
      vertex 30.0833 77.1541 8
    endloop
  endfacet
  facet normal 0 0 1
    outer loop
      vertex 30 77.15 8
      vertex 30 75.25 8
      vertex 30.2695 75.2632 8
    endloop
  endfacet
  facet normal 0 0 1
    outer loop
      vertex 29.9167 77.1541 8
      vertex 30 75.25 8
      vertex 30 77.15 8
    endloop
  endfacet
  facet normal 0 0 1
    outer loop
      vertex 29.7305 75.2632 8
      vertex 29.9167 77.1541 8
      vertex 29.8342 77.1663 8
    endloop
  endfacet
  facet normal 0 0 1
    outer loop
      vertex 29.4635 75.3028 8
      vertex 29.8342 77.1663 8
      vertex 29.7533 77.1866 8
    endloop
  endfacet
  facet normal 0 0 1
    outer loop
      vertex 29.9167 77.1541 8
      vertex 29.7305 75.2632 8
      vertex 30 75.25 8
    endloop
  endfacet
  facet normal 0 0 1
    outer loop
      vertex 29.2017 75.3684 8
      vertex 29.7533 77.1866 8
      vertex 29.6747 77.2147 8
    endloop
  endfacet
  facet normal 0 0 1
    outer loop
      vertex 28.9476 75.4593 8
      vertex 29.6747 77.2147 8
      vertex 29.5993 77.2504 8
    endloop
  endfacet
  facet normal 0 0 1
    outer loop
      vertex 28.7037 75.5747 8
      vertex 29.5993 77.2504 8
      vertex 29.5278 77.2933 8
    endloop
  endfacet
  facet normal 0 0 1
    outer loop
      vertex 29.8342 77.1663 8
      vertex 29.4635 75.3028 8
      vertex 29.7305 75.2632 8
    endloop
  endfacet
  facet normal 0 0 1
    outer loop
      vertex 28.4722 75.7135 8
      vertex 29.5278 77.2933 8
      vertex 29.4608 77.3429 8
    endloop
  endfacet
  facet normal 0 0 1
    outer loop
      vertex 28.2554 75.8742 8
      vertex 29.4608 77.3429 8
      vertex 29.399 77.399 8
    endloop
  endfacet
  facet normal 0 0 1
    outer loop
      vertex 28.0555 76.0555 8
      vertex 29.399 77.399 8
      vertex 29.3429 77.4608 8
    endloop
  endfacet
  facet normal 0 0 1
    outer loop
      vertex 27.8742 76.2554 8
      vertex 29.3429 77.4608 8
      vertex 29.2933 77.5278 8
    endloop
  endfacet
  facet normal 0 0 1
    outer loop
      vertex 27.7135 76.4722 8
      vertex 29.2933 77.5278 8
      vertex 29.2504 77.5993 8
    endloop
  endfacet
  facet normal 0 0 1
    outer loop
      vertex 27.5747 76.7037 8
      vertex 29.2504 77.5993 8
      vertex 29.2147 77.6747 8
    endloop
  endfacet
  facet normal 0 0 1
    outer loop
      vertex 29.7533 77.1866 8
      vertex 29.2017 75.3684 8
      vertex 29.4635 75.3028 8
    endloop
  endfacet
  facet normal 0 0 1
    outer loop
      vertex 27.4593 76.9476 8
      vertex 29.2147 77.6747 8
      vertex 29.1866 77.7533 8
    endloop
  endfacet
  facet normal 0 0 1
    outer loop
      vertex 27.3684 77.2017 8
      vertex 29.1866 77.7533 8
      vertex 29.1663 77.8342 8
    endloop
  endfacet
  facet normal 0 0 1
    outer loop
      vertex 27.3028 77.4635 8
      vertex 29.1663 77.8342 8
      vertex 29.1541 77.9167 8
    endloop
  endfacet
  facet normal 0 0 1
    outer loop
      vertex 27.2632 77.7305 8
      vertex 29.1541 77.9167 8
      vertex 29.15 78 8
    endloop
  endfacet
  facet normal 0 0 1
    outer loop
      vertex 29.2933 78.4722 8
      vertex 27.7135 79.5278 8
      vertex 29.2504 78.4007 8
    endloop
  endfacet
  facet normal 0 0 1
    outer loop
      vertex 29.6747 77.2147 8
      vertex 28.9476 75.4593 8
      vertex 29.2017 75.3684 8
    endloop
  endfacet
  facet normal -0 0 1
    outer loop
      vertex 27.5747 79.2963 8
      vertex 29.2504 78.4007 8
      vertex 27.7135 79.5278 8
    endloop
  endfacet
  facet normal 0 0 1
    outer loop
      vertex 29.5993 77.2504 8
      vertex 28.7037 75.5747 8
      vertex 28.9476 75.4593 8
    endloop
  endfacet
  facet normal 0 0 1
    outer loop
      vertex 29.2504 78.4007 8
      vertex 27.5747 79.2963 8
      vertex 29.2147 78.3253 8
    endloop
  endfacet
  facet normal 0 0 1
    outer loop
      vertex 29.5278 77.2933 8
      vertex 28.4722 75.7135 8
      vertex 28.7037 75.5747 8
    endloop
  endfacet
  facet normal -0 0 1
    outer loop
      vertex 27.4593 79.0524 8
      vertex 29.2147 78.3253 8
      vertex 27.5747 79.2963 8
    endloop
  endfacet
  facet normal 0 0 1
    outer loop
      vertex 29.4608 77.3429 8
      vertex 28.2554 75.8742 8
      vertex 28.4722 75.7135 8
    endloop
  endfacet
  facet normal 0 0 1
    outer loop
      vertex 29.2147 78.3253 8
      vertex 27.4593 79.0524 8
      vertex 29.1866 78.2467 8
    endloop
  endfacet
  facet normal 0 0 1
    outer loop
      vertex 29.399 77.399 8
      vertex 28.0555 76.0555 8
      vertex 28.2554 75.8742 8
    endloop
  endfacet
  facet normal -0 0 1
    outer loop
      vertex 27.3684 78.7983 8
      vertex 29.1866 78.2467 8
      vertex 27.4593 79.0524 8
    endloop
  endfacet
  facet normal 0 0 1
    outer loop
      vertex 29.3429 77.4608 8
      vertex 27.8742 76.2554 8
      vertex 28.0555 76.0555 8
    endloop
  endfacet
  facet normal 0 0 1
    outer loop
      vertex 29.1866 78.2467 8
      vertex 27.3684 78.7983 8
      vertex 29.1663 78.1658 8
    endloop
  endfacet
  facet normal 0 0 1
    outer loop
      vertex 29.2933 77.5278 8
      vertex 27.7135 76.4722 8
      vertex 27.8742 76.2554 8
    endloop
  endfacet
  facet normal -0 0 1
    outer loop
      vertex 27.3028 78.5365 8
      vertex 29.1663 78.1658 8
      vertex 27.3684 78.7983 8
    endloop
  endfacet
  facet normal 0 0 1
    outer loop
      vertex 29.2504 77.5993 8
      vertex 27.5747 76.7037 8
      vertex 27.7135 76.4722 8
    endloop
  endfacet
  facet normal 0 0 1
    outer loop
      vertex 29.1663 78.1658 8
      vertex 27.3028 78.5365 8
      vertex 29.1541 78.0833 8
    endloop
  endfacet
  facet normal 0 0 1
    outer loop
      vertex 29.2147 77.6747 8
      vertex 27.4593 76.9476 8
      vertex 27.5747 76.7037 8
    endloop
  endfacet
  facet normal -0 0 1
    outer loop
      vertex 27.2632 78.2695 8
      vertex 29.1541 78.0833 8
      vertex 27.3028 78.5365 8
    endloop
  endfacet
  facet normal 0 0 1
    outer loop
      vertex 29.1866 77.7533 8
      vertex 27.3684 77.2017 8
      vertex 27.4593 76.9476 8
    endloop
  endfacet
  facet normal 0 0 1
    outer loop
      vertex 29.1541 78.0833 8
      vertex 27.2632 78.2695 8
      vertex 29.15 78 8
    endloop
  endfacet
  facet normal 0 0 1
    outer loop
      vertex 29.1663 77.8342 8
      vertex 27.3028 77.4635 8
      vertex 27.3684 77.2017 8
    endloop
  endfacet
  facet normal 0 0 1
    outer loop
      vertex 27.25 78 8
      vertex 29.15 78 8
      vertex 27.2632 78.2695 8
    endloop
  endfacet
  facet normal 0 0 1
    outer loop
      vertex 29.1541 77.9167 8
      vertex 27.2632 77.7305 8
      vertex 27.3028 77.4635 8
    endloop
  endfacet
  facet normal 0 0 1
    outer loop
      vertex 29.15 78 8
      vertex 27.25 78 8
      vertex 27.2632 77.7305 8
    endloop
  endfacet
  facet normal -0.0489209 -0.998803 0
    outer loop
      vertex 29.7305 75.2632 2
      vertex 30 75.25 8
      vertex 29.7305 75.2632 8
    endloop
  endfacet
  facet normal -0.0489209 -0.998803 -0
    outer loop
      vertex 30 75.25 8
      vertex 29.7305 75.2632 2
      vertex 30 75.25 2
    endloop
  endfacet
  facet normal -0.998803 0.0489209 0
    outer loop
      vertex 27.25 78 2
      vertex 27.2632 78.2695 8
      vertex 27.2632 78.2695 2
    endloop
  endfacet
  facet normal -0.998803 0.0489209 0
    outer loop
      vertex 27.2632 78.2695 8
      vertex 27.25 78 2
      vertex 27.25 78 8
    endloop
  endfacet
  facet normal -0.336829 -0.941566 0
    outer loop
      vertex 28.9476 75.4593 2
      vertex 29.2017 75.3684 8
      vertex 28.9476 75.4593 8
    endloop
  endfacet
  facet normal -0.336829 -0.941566 -0
    outer loop
      vertex 29.2017 75.3684 8
      vertex 28.9476 75.4593 2
      vertex 29.2017 75.3684 2
    endloop
  endfacet
  facet normal 0.740728 -0.671805 0
    outer loop
      vertex 31.9445 76.0555 8
      vertex 32.1258 76.2554 2
      vertex 32.1258 76.2554 8
    endloop
  endfacet
  facet normal 0.740728 -0.671805 0
    outer loop
      vertex 32.1258 76.2554 2
      vertex 31.9445 76.0555 8
      vertex 31.9445 76.0555 2
    endloop
  endfacet
  facet normal -0.672136 0.740428 0
    outer loop
      vertex 30.601 77.399 2
      vertex 30.5392 77.3429 8
      vertex 30.601 77.399 8
    endloop
  endfacet
  facet normal -0.672136 0.740428 0
    outer loop
      vertex 30.5392 77.3429 8
      vertex 30.601 77.399 2
      vertex 30.5392 77.3429 2
    endloop
  endfacet
  facet normal -0.989242 -0.146288 0
    outer loop
      vertex 30.8459 78.0833 2
      vertex 30.8337 78.1658 8
      vertex 30.8337 78.1658 2
    endloop
  endfacet
  facet normal -0.989242 -0.146288 0
    outer loop
      vertex 30.8337 78.1658 8
      vertex 30.8459 78.0833 2
      vertex 30.8459 78.0833 8
    endloop
  endfacet
  facet normal -0.998791 -0.0491602 0
    outer loop
      vertex 30.85 78 2
      vertex 30.8459 78.0833 8
      vertex 30.8459 78.0833 2
    endloop
  endfacet
  facet normal -0.998791 -0.0491602 0
    outer loop
      vertex 30.8459 78.0833 8
      vertex 30.85 78 2
      vertex 30.85 78 8
    endloop
  endfacet
  facet normal -0.969931 -0.243382 0
    outer loop
      vertex 30.8337 78.1658 2
      vertex 30.8134 78.2467 8
      vertex 30.8134 78.2467 2
    endloop
  endfacet
  facet normal -0.969931 -0.243382 0
    outer loop
      vertex 30.8134 78.2467 8
      vertex 30.8337 78.1658 2
      vertex 30.8337 78.1658 8
    endloop
  endfacet
  facet normal -0.427932 0.903811 0
    outer loop
      vertex 30.4007 77.2504 2
      vertex 30.3253 77.2147 8
      vertex 30.4007 77.2504 8
    endloop
  endfacet
  facet normal -0.427932 0.903811 0
    outer loop
      vertex 30.3253 77.2147 8
      vertex 30.4007 77.2504 2
      vertex 30.3253 77.2147 2
    endloop
  endfacet
  facet normal 0.0491602 -0.998791 0
    outer loop
      vertex 29.9167 78.8459 2
      vertex 30 78.85 8
      vertex 29.9167 78.8459 8
    endloop
  endfacet
  facet normal 0.0491602 -0.998791 0
    outer loop
      vertex 30 78.85 8
      vertex 29.9167 78.8459 2
      vertex 30 78.85 2
    endloop
  endfacet
  facet normal 0.427932 -0.903811 0
    outer loop
      vertex 29.5993 78.7496 2
      vertex 29.6747 78.7853 8
      vertex 29.5993 78.7496 8
    endloop
  endfacet
  facet normal 0.427932 -0.903811 0
    outer loop
      vertex 29.6747 78.7853 8
      vertex 29.5993 78.7496 2
      vertex 29.6747 78.7853 2
    endloop
  endfacet
  facet normal -0.740428 -0.672136 0
    outer loop
      vertex 30.6571 78.5392 2
      vertex 30.601 78.601 8
      vertex 30.601 78.601 2
    endloop
  endfacet
  facet normal -0.740428 -0.672136 0
    outer loop
      vertex 30.601 78.601 8
      vertex 30.6571 78.5392 2
      vertex 30.6571 78.5392 8
    endloop
  endfacet
  facet normal 0.146288 0.989242 -0
    outer loop
      vertex 29.9167 77.1541 2
      vertex 29.8342 77.1663 8
      vertex 29.9167 77.1541 8
    endloop
  endfacet
  facet normal 0.146288 0.989242 0
    outer loop
      vertex 29.8342 77.1663 8
      vertex 29.9167 77.1541 2
      vertex 29.8342 77.1663 2
    endloop
  endfacet
  facet normal -0.427932 -0.903811 0
    outer loop
      vertex 30.3253 78.7853 2
      vertex 30.4007 78.7496 8
      vertex 30.3253 78.7853 8
    endloop
  endfacet
  facet normal -0.427932 -0.903811 -0
    outer loop
      vertex 30.4007 78.7496 8
      vertex 30.3253 78.7853 2
      vertex 30.4007 78.7496 2
    endloop
  endfacet
  facet normal 0.146288 -0.989242 0
    outer loop
      vertex 29.8342 78.8337 2
      vertex 29.9167 78.8459 8
      vertex 29.8342 78.8337 8
    endloop
  endfacet
  facet normal 0.146288 -0.989242 0
    outer loop
      vertex 29.9167 78.8459 8
      vertex 29.8342 78.8337 2
      vertex 29.9167 78.8459 2
    endloop
  endfacet
  facet normal -0.243382 0.969931 0
    outer loop
      vertex 30.2467 77.1866 2
      vertex 30.1658 77.1663 8
      vertex 30.2467 77.1866 8
    endloop
  endfacet
  facet normal -0.243382 0.969931 0
    outer loop
      vertex 30.1658 77.1663 8
      vertex 30.2467 77.1866 2
      vertex 30.1658 77.1663 2
    endloop
  endfacet
  facet normal 0.594998 -0.803727 0
    outer loop
      vertex 29.4608 78.6571 2
      vertex 29.5278 78.7067 8
      vertex 29.4608 78.6571 8
    endloop
  endfacet
  facet normal 0.594998 -0.803727 0
    outer loop
      vertex 29.5278 78.7067 8
      vertex 29.4608 78.6571 2
      vertex 29.5278 78.7067 2
    endloop
  endfacet
  facet normal 0.903811 -0.427932 0
    outer loop
      vertex 29.2147 78.3253 8
      vertex 29.2504 78.4007 2
      vertex 29.2504 78.4007 8
    endloop
  endfacet
  facet normal 0.903811 -0.427932 0
    outer loop
      vertex 29.2504 78.4007 2
      vertex 29.2147 78.3253 8
      vertex 29.2147 78.3253 2
    endloop
  endfacet
  facet normal 0.427932 0.903811 -0
    outer loop
      vertex 29.6747 77.2147 2
      vertex 29.5993 77.2504 8
      vertex 29.6747 77.2147 8
    endloop
  endfacet
  facet normal 0.427932 0.903811 0
    outer loop
      vertex 29.5993 77.2504 8
      vertex 29.6747 77.2147 2
      vertex 29.5993 77.2504 2
    endloop
  endfacet
  facet normal -0.33664 0.941633 0
    outer loop
      vertex 30.3253 77.2147 2
      vertex 30.2467 77.1866 8
      vertex 30.3253 77.2147 8
    endloop
  endfacet
  facet normal -0.33664 0.941633 0
    outer loop
      vertex 30.2467 77.1866 8
      vertex 30.3253 77.2147 2
      vertex 30.2467 77.1866 2
    endloop
  endfacet
  facet normal 0.594998 0.803727 -0
    outer loop
      vertex 29.5278 77.2933 2
      vertex 29.4608 77.3429 8
      vertex 29.5278 77.2933 8
    endloop
  endfacet
  facet normal 0.594998 0.803727 0
    outer loop
      vertex 29.4608 77.3429 8
      vertex 29.5278 77.2933 2
      vertex 29.4608 77.3429 2
    endloop
  endfacet
  facet normal 0.903811 0.427932 0
    outer loop
      vertex 29.2504 77.5993 8
      vertex 29.2147 77.6747 2
      vertex 29.2147 77.6747 8
    endloop
  endfacet
  facet normal 0.903811 0.427932 0
    outer loop
      vertex 29.2147 77.6747 2
      vertex 29.2504 77.5993 8
      vertex 29.2504 77.5993 2
    endloop
  endfacet
  facet normal -0.514496 -0.857493 0
    outer loop
      vertex 30.4007 78.7496 2
      vertex 30.4722 78.7067 8
      vertex 30.4007 78.7496 8
    endloop
  endfacet
  facet normal -0.514496 -0.857493 -0
    outer loop
      vertex 30.4722 78.7067 8
      vertex 30.4007 78.7496 2
      vertex 30.4722 78.7067 2
    endloop
  endfacet
  facet normal -0.594998 0.803727 0
    outer loop
      vertex 30.5392 77.3429 2
      vertex 30.4722 77.2933 8
      vertex 30.5392 77.3429 8
    endloop
  endfacet
  facet normal -0.594998 0.803727 0
    outer loop
      vertex 30.4722 77.2933 8
      vertex 30.5392 77.3429 2
      vertex 30.4722 77.2933 2
    endloop
  endfacet
  facet normal 0.998791 0.0491602 0
    outer loop
      vertex 29.1541 77.9167 8
      vertex 29.15 78 2
      vertex 29.15 78 8
    endloop
  endfacet
  facet normal 0.998791 0.0491602 0
    outer loop
      vertex 29.15 78 2
      vertex 29.1541 77.9167 8
      vertex 29.1541 77.9167 2
    endloop
  endfacet
  facet normal 0.33664 0.941633 -0
    outer loop
      vertex 29.7533 77.1866 2
      vertex 29.6747 77.2147 8
      vertex 29.7533 77.1866 8
    endloop
  endfacet
  facet normal 0.33664 0.941633 0
    outer loop
      vertex 29.6747 77.2147 8
      vertex 29.7533 77.1866 2
      vertex 29.6747 77.2147 2
    endloop
  endfacet
  facet normal -0.594998 -0.803727 0
    outer loop
      vertex 30.4722 78.7067 2
      vertex 30.5392 78.6571 8
      vertex 30.4722 78.7067 8
    endloop
  endfacet
  facet normal -0.594998 -0.803727 -0
    outer loop
      vertex 30.5392 78.6571 8
      vertex 30.4722 78.7067 2
      vertex 30.5392 78.6571 2
    endloop
  endfacet
  facet normal -0.969931 0.243382 0
    outer loop
      vertex 30.8134 77.7533 2
      vertex 30.8337 77.8342 8
      vertex 30.8337 77.8342 2
    endloop
  endfacet
  facet normal -0.969931 0.243382 0
    outer loop
      vertex 30.8337 77.8342 8
      vertex 30.8134 77.7533 2
      vertex 30.8134 77.7533 8
    endloop
  endfacet
  facet normal 0.941633 0.33664 0
    outer loop
      vertex 29.2147 77.6747 8
      vertex 29.1866 77.7533 2
      vertex 29.1866 77.7533 8
    endloop
  endfacet
  facet normal 0.941633 0.33664 0
    outer loop
      vertex 29.1866 77.7533 2
      vertex 29.2147 77.6747 8
      vertex 29.2147 77.6747 2
    endloop
  endfacet
  facet normal -0.243382 -0.969931 0
    outer loop
      vertex 30.1658 78.8337 2
      vertex 30.2467 78.8134 8
      vertex 30.1658 78.8337 8
    endloop
  endfacet
  facet normal -0.243382 -0.969931 -0
    outer loop
      vertex 30.2467 78.8134 8
      vertex 30.1658 78.8337 2
      vertex 30.2467 78.8134 2
    endloop
  endfacet
  facet normal 0.740428 -0.672136 0
    outer loop
      vertex 29.3429 78.5392 8
      vertex 29.399 78.601 2
      vertex 29.399 78.601 8
    endloop
  endfacet
  facet normal 0.740428 -0.672136 0
    outer loop
      vertex 29.399 78.601 2
      vertex 29.3429 78.5392 8
      vertex 29.3429 78.5392 2
    endloop
  endfacet
  facet normal -0.0491602 0.998791 0
    outer loop
      vertex 30.0833 77.1541 2
      vertex 30 77.15 8
      vertex 30.0833 77.1541 8
    endloop
  endfacet
  facet normal -0.0491602 0.998791 0
    outer loop
      vertex 30 77.15 8
      vertex 30.0833 77.1541 2
      vertex 30 77.15 2
    endloop
  endfacet
  facet normal -0.803727 -0.594998 0
    outer loop
      vertex 30.7067 78.4722 2
      vertex 30.6571 78.5392 8
      vertex 30.6571 78.5392 2
    endloop
  endfacet
  facet normal -0.803727 -0.594998 0
    outer loop
      vertex 30.6571 78.5392 8
      vertex 30.7067 78.4722 2
      vertex 30.7067 78.4722 8
    endloop
  endfacet
  facet normal 0.969931 0.243382 0
    outer loop
      vertex 29.1866 77.7533 8
      vertex 29.1663 77.8342 2
      vertex 29.1663 77.8342 8
    endloop
  endfacet
  facet normal 0.969931 0.243382 0
    outer loop
      vertex 29.1663 77.8342 2
      vertex 29.1866 77.7533 8
      vertex 29.1866 77.7533 2
    endloop
  endfacet
  facet normal -0.989242 0.146288 0
    outer loop
      vertex 30.8337 77.8342 2
      vertex 30.8459 77.9167 8
      vertex 30.8459 77.9167 2
    endloop
  endfacet
  facet normal -0.989242 0.146288 0
    outer loop
      vertex 30.8459 77.9167 8
      vertex 30.8337 77.8342 2
      vertex 30.8337 77.8342 8
    endloop
  endfacet
  facet normal -0.514496 0.857493 0
    outer loop
      vertex 30.4722 77.2933 2
      vertex 30.4007 77.2504 8
      vertex 30.4722 77.2933 8
    endloop
  endfacet
  facet normal -0.514496 0.857493 0
    outer loop
      vertex 30.4007 77.2504 8
      vertex 30.4722 77.2933 2
      vertex 30.4007 77.2504 2
    endloop
  endfacet
  facet normal 0.941633 -0.33664 0
    outer loop
      vertex 29.1866 78.2467 8
      vertex 29.2147 78.3253 2
      vertex 29.2147 78.3253 8
    endloop
  endfacet
  facet normal 0.941633 -0.33664 0
    outer loop
      vertex 29.2147 78.3253 2
      vertex 29.1866 78.2467 8
      vertex 29.1866 78.2467 2
    endloop
  endfacet
  facet normal -0.672136 -0.740428 0
    outer loop
      vertex 30.5392 78.6571 2
      vertex 30.601 78.601 8
      vertex 30.5392 78.6571 8
    endloop
  endfacet
  facet normal -0.672136 -0.740428 -0
    outer loop
      vertex 30.601 78.601 8
      vertex 30.5392 78.6571 2
      vertex 30.601 78.601 2
    endloop
  endfacet
  facet normal 0.989242 -0.146288 0
    outer loop
      vertex 29.1541 78.0833 8
      vertex 29.1663 78.1658 2
      vertex 29.1663 78.1658 8
    endloop
  endfacet
  facet normal 0.989242 -0.146288 0
    outer loop
      vertex 29.1663 78.1658 2
      vertex 29.1541 78.0833 8
      vertex 29.1541 78.0833 2
    endloop
  endfacet
  facet normal -0.903811 0.427932 0
    outer loop
      vertex 30.7496 77.5993 2
      vertex 30.7853 77.6747 8
      vertex 30.7853 77.6747 2
    endloop
  endfacet
  facet normal -0.903811 0.427932 0
    outer loop
      vertex 30.7853 77.6747 8
      vertex 30.7496 77.5993 2
      vertex 30.7496 77.5993 8
    endloop
  endfacet
  facet normal -0.33664 -0.941633 0
    outer loop
      vertex 30.2467 78.8134 2
      vertex 30.3253 78.7853 8
      vertex 30.2467 78.8134 8
    endloop
  endfacet
  facet normal -0.33664 -0.941633 -0
    outer loop
      vertex 30.3253 78.7853 8
      vertex 30.2467 78.8134 2
      vertex 30.3253 78.7853 2
    endloop
  endfacet
  facet normal -0.998791 0.0491602 0
    outer loop
      vertex 30.8459 77.9167 2
      vertex 30.85 78 8
      vertex 30.85 78 2
    endloop
  endfacet
  facet normal -0.998791 0.0491602 0
    outer loop
      vertex 30.85 78 8
      vertex 30.8459 77.9167 2
      vertex 30.8459 77.9167 8
    endloop
  endfacet
  facet normal -0.146288 0.989242 0
    outer loop
      vertex 30.1658 77.1663 2
      vertex 30.0833 77.1541 8
      vertex 30.1658 77.1663 8
    endloop
  endfacet
  facet normal -0.146288 0.989242 0
    outer loop
      vertex 30.0833 77.1541 8
      vertex 30.1658 77.1663 2
      vertex 30.0833 77.1541 2
    endloop
  endfacet
  facet normal -0.941633 -0.33664 0
    outer loop
      vertex 30.8134 78.2467 2
      vertex 30.7853 78.3253 8
      vertex 30.7853 78.3253 2
    endloop
  endfacet
  facet normal -0.941633 -0.33664 0
    outer loop
      vertex 30.7853 78.3253 8
      vertex 30.8134 78.2467 2
      vertex 30.8134 78.2467 8
    endloop
  endfacet
  facet normal -0.803727 0.594998 0
    outer loop
      vertex 30.6571 77.4608 2
      vertex 30.7067 77.5278 8
      vertex 30.7067 77.5278 2
    endloop
  endfacet
  facet normal -0.803727 0.594998 0
    outer loop
      vertex 30.7067 77.5278 8
      vertex 30.6571 77.4608 2
      vertex 30.6571 77.4608 8
    endloop
  endfacet
  facet normal -0.857493 0.514496 0
    outer loop
      vertex 30.7067 77.5278 2
      vertex 30.7496 77.5993 8
      vertex 30.7496 77.5993 2
    endloop
  endfacet
  facet normal -0.857493 0.514496 0
    outer loop
      vertex 30.7496 77.5993 8
      vertex 30.7067 77.5278 2
      vertex 30.7067 77.5278 8
    endloop
  endfacet
  facet normal 0.243382 -0.969931 0
    outer loop
      vertex 29.7533 78.8134 2
      vertex 29.8342 78.8337 8
      vertex 29.7533 78.8134 8
    endloop
  endfacet
  facet normal 0.243382 -0.969931 0
    outer loop
      vertex 29.8342 78.8337 8
      vertex 29.7533 78.8134 2
      vertex 29.8342 78.8337 2
    endloop
  endfacet
  facet normal -0.941633 0.33664 0
    outer loop
      vertex 30.7853 77.6747 2
      vertex 30.8134 77.7533 8
      vertex 30.8134 77.7533 2
    endloop
  endfacet
  facet normal -0.941633 0.33664 0
    outer loop
      vertex 30.8134 77.7533 8
      vertex 30.7853 77.6747 2
      vertex 30.7853 77.6747 8
    endloop
  endfacet
  facet normal -0.0491602 -0.998791 0
    outer loop
      vertex 30 78.85 2
      vertex 30.0833 78.8459 8
      vertex 30 78.85 8
    endloop
  endfacet
  facet normal -0.0491602 -0.998791 -0
    outer loop
      vertex 30.0833 78.8459 8
      vertex 30 78.85 2
      vertex 30.0833 78.8459 2
    endloop
  endfacet
  facet normal 0.514496 -0.857493 0
    outer loop
      vertex 29.5278 78.7067 2
      vertex 29.5993 78.7496 8
      vertex 29.5278 78.7067 8
    endloop
  endfacet
  facet normal 0.514496 -0.857493 0
    outer loop
      vertex 29.5993 78.7496 8
      vertex 29.5278 78.7067 2
      vertex 29.5993 78.7496 2
    endloop
  endfacet
  facet normal -0.903811 -0.427932 0
    outer loop
      vertex 30.7853 78.3253 2
      vertex 30.7496 78.4007 8
      vertex 30.7496 78.4007 2
    endloop
  endfacet
  facet normal -0.903811 -0.427932 0
    outer loop
      vertex 30.7496 78.4007 8
      vertex 30.7853 78.3253 2
      vertex 30.7853 78.3253 8
    endloop
  endfacet
  facet normal -0.146288 -0.989242 0
    outer loop
      vertex 30.0833 78.8459 2
      vertex 30.1658 78.8337 8
      vertex 30.0833 78.8459 8
    endloop
  endfacet
  facet normal -0.146288 -0.989242 -0
    outer loop
      vertex 30.1658 78.8337 8
      vertex 30.0833 78.8459 2
      vertex 30.1658 78.8337 2
    endloop
  endfacet
  facet normal 0.243382 0.969931 -0
    outer loop
      vertex 29.8342 77.1663 2
      vertex 29.7533 77.1866 8
      vertex 29.8342 77.1663 8
    endloop
  endfacet
  facet normal 0.243382 0.969931 0
    outer loop
      vertex 29.7533 77.1866 8
      vertex 29.8342 77.1663 2
      vertex 29.7533 77.1866 2
    endloop
  endfacet
  facet normal 0.857493 0.514496 0
    outer loop
      vertex 29.2933 77.5278 8
      vertex 29.2504 77.5993 2
      vertex 29.2504 77.5993 8
    endloop
  endfacet
  facet normal 0.857493 0.514496 0
    outer loop
      vertex 29.2504 77.5993 2
      vertex 29.2933 77.5278 8
      vertex 29.2933 77.5278 2
    endloop
  endfacet
  facet normal -0.857493 -0.514496 0
    outer loop
      vertex 30.7496 78.4007 2
      vertex 30.7067 78.4722 8
      vertex 30.7067 78.4722 2
    endloop
  endfacet
  facet normal -0.857493 -0.514496 0
    outer loop
      vertex 30.7067 78.4722 8
      vertex 30.7496 78.4007 2
      vertex 30.7496 78.4007 8
    endloop
  endfacet
  facet normal 0.33664 -0.941633 0
    outer loop
      vertex 29.6747 78.7853 2
      vertex 29.7533 78.8134 8
      vertex 29.6747 78.7853 8
    endloop
  endfacet
  facet normal 0.33664 -0.941633 0
    outer loop
      vertex 29.7533 78.8134 8
      vertex 29.6747 78.7853 2
      vertex 29.7533 78.8134 2
    endloop
  endfacet
  facet normal 0.740428 0.672136 0
    outer loop
      vertex 29.399 77.399 8
      vertex 29.3429 77.4608 2
      vertex 29.3429 77.4608 8
    endloop
  endfacet
  facet normal 0.740428 0.672136 0
    outer loop
      vertex 29.3429 77.4608 2
      vertex 29.399 77.399 8
      vertex 29.399 77.399 2
    endloop
  endfacet
  facet normal 0.672136 -0.740428 0
    outer loop
      vertex 29.399 78.601 2
      vertex 29.4608 78.6571 8
      vertex 29.399 78.601 8
    endloop
  endfacet
  facet normal 0.672136 -0.740428 0
    outer loop
      vertex 29.4608 78.6571 8
      vertex 29.399 78.601 2
      vertex 29.4608 78.6571 2
    endloop
  endfacet
  facet normal 0.514496 0.857493 -0
    outer loop
      vertex 29.5993 77.2504 2
      vertex 29.5278 77.2933 8
      vertex 29.5993 77.2504 8
    endloop
  endfacet
  facet normal 0.514496 0.857493 0
    outer loop
      vertex 29.5278 77.2933 8
      vertex 29.5993 77.2504 2
      vertex 29.5278 77.2933 2
    endloop
  endfacet
  facet normal 0.969931 -0.243382 0
    outer loop
      vertex 29.1663 78.1658 8
      vertex 29.1866 78.2467 2
      vertex 29.1866 78.2467 8
    endloop
  endfacet
  facet normal 0.969931 -0.243382 0
    outer loop
      vertex 29.1866 78.2467 2
      vertex 29.1663 78.1658 8
      vertex 29.1663 78.1658 2
    endloop
  endfacet
  facet normal 0.803727 0.594998 0
    outer loop
      vertex 29.3429 77.4608 8
      vertex 29.2933 77.5278 2
      vertex 29.2933 77.5278 8
    endloop
  endfacet
  facet normal 0.803727 0.594998 0
    outer loop
      vertex 29.2933 77.5278 2
      vertex 29.3429 77.4608 8
      vertex 29.3429 77.4608 2
    endloop
  endfacet
  facet normal 0.989242 0.146288 0
    outer loop
      vertex 29.1663 77.8342 8
      vertex 29.1541 77.9167 2
      vertex 29.1541 77.9167 8
    endloop
  endfacet
  facet normal 0.989242 0.146288 0
    outer loop
      vertex 29.1541 77.9167 2
      vertex 29.1663 77.8342 8
      vertex 29.1663 77.8342 2
    endloop
  endfacet
  facet normal 0.672136 0.740428 -0
    outer loop
      vertex 29.4608 77.3429 2
      vertex 29.399 77.399 8
      vertex 29.4608 77.3429 8
    endloop
  endfacet
  facet normal 0.672136 0.740428 0
    outer loop
      vertex 29.399 77.399 8
      vertex 29.4608 77.3429 2
      vertex 29.399 77.399 2
    endloop
  endfacet
  facet normal 0.803727 -0.594998 0
    outer loop
      vertex 29.2933 78.4722 8
      vertex 29.3429 78.5392 2
      vertex 29.3429 78.5392 8
    endloop
  endfacet
  facet normal 0.803727 -0.594998 0
    outer loop
      vertex 29.3429 78.5392 2
      vertex 29.2933 78.4722 8
      vertex 29.2933 78.4722 2
    endloop
  endfacet
  facet normal 0.857493 -0.514496 0
    outer loop
      vertex 29.2504 78.4007 8
      vertex 29.2933 78.4722 2
      vertex 29.2933 78.4722 8
    endloop
  endfacet
  facet normal 0.857493 -0.514496 0
    outer loop
      vertex 29.2933 78.4722 2
      vertex 29.2504 78.4007 8
      vertex 29.2504 78.4007 2
    endloop
  endfacet
  facet normal 0.0491602 0.998791 -0
    outer loop
      vertex 30 77.15 2
      vertex 29.9167 77.1541 8
      vertex 30 77.15 8
    endloop
  endfacet
  facet normal 0.0491602 0.998791 0
    outer loop
      vertex 29.9167 77.1541 8
      vertex 30 77.15 2
      vertex 29.9167 77.1541 2
    endloop
  endfacet
  facet normal 0.998791 -0.0491602 0
    outer loop
      vertex 29.15 78 8
      vertex 29.1541 78.0833 2
      vertex 29.1541 78.0833 8
    endloop
  endfacet
  facet normal 0.998791 -0.0491602 0
    outer loop
      vertex 29.1541 78.0833 2
      vertex 29.15 78 8
      vertex 29.15 78 2
    endloop
  endfacet
  facet normal -0.740428 0.672136 0
    outer loop
      vertex 30.601 77.399 2
      vertex 30.6571 77.4608 8
      vertex 30.6571 77.4608 2
    endloop
  endfacet
  facet normal -0.740428 0.672136 0
    outer loop
      vertex 30.6571 77.4608 8
      vertex 30.601 77.399 2
      vertex 30.601 77.399 8
    endloop
  endfacet
endsolid OpenSCAD_Model
